episode,train_return,eval_return,epsilon,loss,llm1_full_response,llm2_full_response
1,-131.6111381288836,-137.63736779841173,0.9835,nan,N/A,N/A
2,-132.73391828136357,-137.63736779841173,0.967,nan,N/A,N/A
3,-136.51549685214178,-123.66292663361624,0.9505,0.0010284790769219398,N/A,N/A
4,-118.54874684338493,-136.96057849899765,0.9339999999999999,0.0011941364500671625,N/A,N/A
5,-124.66915341303674,-130.8578654272763,0.9175,0.0005304659134708345,"To help the DQN agent learn faster in the MountainCar-v0 environment, it's crucial to develop an effective exploration strategy. The goal is to ensure that the agent explores the state space sufficiently while also focusing on actions that can help build momentum to reach the goal. Let's analyze the provided data and suggest an exploration action distribution for the next 20 training episodes.

### Analysis of Current Action Sampling

1. **Action Distribution:**
   - Action 0 (Push Left): Appears 29 times
   - Action 1 (No Push): Appears 34 times
   - Action 2 (Push Right): Appears 39 times

2. **Current Strategy:**
   - The distribution is relatively balanced, with a slight preference for pushing right (action 2).
   - The total reward of -124.67 suggests that the agent is struggling to reach the goal efficiently.

3. **Challenges:**
   - The car needs to build momentum by oscillating between the left and right hills.
   - The agent might not be exploring the optimal sequences of actions to build the necessary momentum effectively.

### Recommendations for Exploration Strategy

Given the need to build momentum and the current action distribution, consider the following strategy for exploration:

1. **Increase Bias Towards Action 2 (Push Right):**
   - Since the goal is on the right hill, prioritizing action 2 can help the agent focus on reaching the flag.
   - Suggested distribution: Action 0 (30%), Action 1 (20%), Action 2 (50%).

2. **Encourage Oscillation:**
   - Ensure that the agent does not get stuck pushing in one direction. The oscillation is key to building momentum.
   - Consider implementing a simple heuristic that encourages switching between actions 0 and 2 if the velocity is low.

3. **Adaptive Exploration:**
   - Use an epsilon-greedy strategy where epsilon starts high and decays over time. This allows for broad exploration initially, narrowing focus as the agent learns.
   - Begin with a higher epsilon (e.g., 0.5) and decay it over the 20 episodes.

4. **Reward Shaping:**
   - Although not directly related to action distribution, consider implementing a small positive reward for increasing velocity or reaching higher positions. This can guide the agent towards the goal more effectively.

5. **Monitor and Adjust:**
   - After implementing this strategy, monitor the agent's performance. If the total reward improves, continue refining the action distribution based on observed behavior.

By focusing on these strategies, the agent should be able to learn more effectively and reach the goal faster in the MountainCar-v0 environment.","```json
{
  ""action_probs"": [0.3, 0.2, 0.5]
}
```"
6,-125.47130331047562,-117.63241494557215,0.901,0.00030741156660951674,N/A,N/A
7,-132.8176020908658,-115.51605899851256,0.8845,0.0003230424481444061,N/A,N/A
8,-131.9428070454758,-118.5963671713223,0.868,0.00033347104908898473,N/A,N/A
9,-127.33841767482674,-112.23539759477417,0.8515,0.0002603030879981816,N/A,N/A
10,-135.5280391526296,-112.23539759477417,0.835,0.00034459936432540417,"To help the DQN agent learn faster in the MountainCar-v0 environment, it's essential to analyze the current action distribution and provide a strategy that encourages more effective exploration. Let's break down the sampled actions and the current state of learning.

### Analysis of Sampled Actions:
- **Action Distribution**: 
  - Action 0 (Push Left): 30 times
  - Action 1 (No Push): 17 times
  - Action 2 (Push Right): 53 times

- **Current Strategy**: 
  - The agent is predominantly choosing Action 2 (Push Right), followed by Action 0 (Push Left), and less frequently Action 1 (No Push).

### Observations:
1. **Imbalance in Action Selection**: The agent is biased towards pushing right, which might not be optimal for building the necessary momentum to reach the goal.
2. **Underutilization of No Push**: Action 1 (No Push) is underutilized. This action can be crucial for maintaining momentum gained from previous pushes.

### Recommendations for Exploration Strategy:
To improve the learning speed of the DQN agent, consider adjusting the exploration strategy as follows:

1. **Balanced Action Distribution**:
   - Aim for a more balanced distribution among the three actions. This can be achieved by encouraging more frequent selection of Action 1 (No Push) and slightly reducing the frequency of Action 2 (Push Right).

2. **Exploration Policy**:
   - Implement an epsilon-greedy strategy with a higher epsilon value during the next 20 episodes to encourage more exploration. This will allow the agent to explore different actions and state transitions more thoroughly.

3. **Adaptive Exploration**:
   - Introduce a dynamic exploration strategy where the action probabilities are adjusted based on the car's current position and velocity. For example:
     - If the car is moving uphill with positive velocity, consider increasing the probability of Action 1 (No Push) to maintain momentum.
     - If the car is near the left boundary, increase the probability of Action 2 (Push Right) to help it move towards the goal.

4. **Reward Shaping**:
   - Consider implementing reward shaping to give small positive rewards for reaching higher positions on the slope. This can guide the agent to learn the importance of building momentum.

5. **Monitoring and Adjusting**:
   - Continuously monitor the agent's performance and adjust the exploration strategy based on the observed improvements in the total reward per episode.

By adopting a more balanced and adaptive exploration strategy, the DQN agent should be able to learn more efficiently and potentially achieve better performance in reaching the goal in the MountainCar-v0 environment.","```json
{
  ""action_probs"": [0.3, 0.3, 0.4]
}
```"
11,-124.39212021063884,-112.23539759477417,0.8185,0.0004006416129413992,N/A,N/A
12,-125.96811937332933,-114.82090564240389,0.802,0.00045960969873704016,N/A,N/A
13,-133.61985684518712,-114.82090564240389,0.7855,0.0004678357217926532,N/A,N/A
14,-131.2177643502946,-137.63736779841173,0.769,0.0006046149646863341,N/A,N/A
15,-132.19198008231302,-112.23539759477417,0.7525,0.0005615861737169325,"Based on the task description and the sampled actions, the goal is to help the agent learn more effectively by optimizing the exploration strategy. Let's analyze the current situation and make recommendations:

### Analysis of Current Exploration Strategy:

1. **Action Distribution:**
   - The sampled actions are: `[0, 2, 0, 1, 1, 2, 1, 1, 0, 2, 2, 2, 0, 0, 2, 2, 2, 2, 2, 0, 1, 0, 1, 0, 2, 0, 0, 1, 1, 0, 1, 2, 0, 2, 1, 0, 2, 0, 0, 0, 0, 0, 0, 0, 0, 0, 0, 1, 0, 1, 2, 1, 2, 2, 0, 0, 1, 2, 2, 0, 2, 2, 2, 1, 1, 0, 0, 0, 1, 2, 1, 0, 2, 2, 1, 1, 2, 2, 1, 1, 1, 0, 0, 1, 1, 1, 0, 2, 0, 0, 2, 1, 0, 2, 1, 2, 2, 2, 0, 2]`
   - Frequency of actions: 
     - `0 (Push Left)`: 33 times
     - `1 (No Push)`: 28 times
     - `2 (Push Right)`: 39 times

2. **Performance Metric:**
   - The total reward in the last episode is `-132.19198008231302`. This indicates that the agent is still struggling to reach the goal efficiently.

### Recommendations for Exploration Strategy:

1. **Balance Action Distribution:**
   - The current distribution shows a slight preference for `Push Right (2)`, followed by `Push Left (0)`, and then `No Push (1)`. 
   - To better balance exploration and potentially improve learning, consider equalizing the action distribution. Aim for a distribution where each action is chosen approximately one-third of the time. This can help the agent explore different strategies more evenly.

2. **Incorporate a Slight Bias Towards Momentum Building:**
   - Since the car needs to build momentum by moving back and forth, slightly favoring `Push Left (0)` and `Push Right (2)` over `No Push (1)` could be beneficial. 
   - A suggested distribution could be: 
     - `Push Left (0)`: 35%
     - `No Push (1)`: 30%
     - `Push Right (2)`: 35%

3. **Adaptive Exploration:**
   - Consider implementing an adaptive exploration strategy that gradually shifts from exploration to exploitation. Start with a higher exploration rate and slowly decrease it as the agent learns more about the environment.

4. **Monitor and Adjust:**
   - Continuously monitor the agent's performance and adjust the action distribution based on observed improvements or lack thereof. If the total reward improves, continue with the current strategy; if not, reassess and tweak the distribution.

By following these recommendations, the agent should be able to explore the state-action space more effectively, potentially leading to faster learning and improved performance in reaching the goal.","```json
{
  ""action_probs"": [0.35, 0.3, 0.35]
}
```"
16,-131.8042642754614,-112.23539759477417,0.736,0.000684805796481669,N/A,N/A
17,-132.23333039478626,-112.23539759477417,0.7195,0.0006971553666517138,N/A,N/A
18,-124.47214365512312,-112.23539759477417,0.7030000000000001,0.001005487167276442,N/A,N/A
19,-133.9588293582274,-112.23539759477417,0.6865,0.0010830784449353814,N/A,N/A
20,-134.51004010140173,-132.12390466878867,0.67,0.0011096415109932423,"To help the DQN agent learn faster in the MountainCar-v0 environment, let's analyze the provided data and recommend an exploration action distribution strategy.

### Analysis of Current Action Distribution:

1. **Action Frequencies:**
   - **Push Left (0):** Appears 44 times
   - **No Push (1):** Appears 20 times
   - **Push Right (2):** Appears 36 times

2. **Current Distribution:**
   - **Push Left (0):** 44%
   - **No Push (1):** 20%
   - **Push Right (2):** 36%

3. **Observations:**
   - The current distribution shows a higher frequency of ""Push Left"" actions, followed by ""Push Right"" and ""No Push"".
   - The total reward of -134.51 suggests that the agent is struggling to efficiently reach the goal, likely due to suboptimal momentum building.

### Strategy Recommendations:

To improve the agent's learning and exploration efficiency, consider the following strategy:

1. **Balanced Exploration:**
   - Encourage a more balanced exploration strategy. Since building momentum is critical in this environment, the agent should explore both ""Push Left"" and ""Push Right"" actions more evenly, while reducing the frequency of ""No Push"".

2. **Recommended Action Distribution:**
   - **Push Left (0):** 35%
   - **No Push (1):** 10%
   - **Push Right (2):** 55%

3. **Rationale:**
   - **Push Left (0) and Push Right (2):** Increasing the ""Push Right"" action slightly more than ""Push Left"" can help the car gain momentum to ascend the right hill, which is crucial for reaching the goal.
   - **No Push (1):** Reducing the ""No Push"" frequency encourages the agent to actively engage in momentum-building actions rather than remaining passive.

4. **Adaptive Exploration:**
   - Consider implementing an adaptive exploration strategy where the action distribution can be adjusted based on the agent's performance over time. For instance, if the agent begins to achieve higher rewards, the distribution can be shifted more towards the optimal policy derived from the learned Q-values.

5. **Monitor Progress:**
   - Continuously monitor the agent's performance and adjust the exploration strategy as needed. If the agent's total reward improves significantly, it may be beneficial to gradually decrease exploration and increase exploitation of the learned policy.

By adopting this exploration strategy, the agent should have a better chance of learning the optimal policy more efficiently, ultimately improving its performance in the MountainCar-v0 environment.","```json
{
  ""action_probs"": [0.35, 0.1, 0.55]
}
```"
21,-132.79348033569573,-127.37136454150252,0.6535,0.0008747010724619031,N/A,N/A
22,-130.26149808367313,-112.23539759477417,0.637,0.0013655415968969464,N/A,N/A
23,-120.6248274985211,-112.45378002899892,0.6205,0.0016229164320975542,N/A,N/A
24,-125.7688788943018,-112.23539759477417,0.604,0.0016134213656187057,N/A,N/A
25,-122.0289631079957,-112.23539759477417,0.5874999999999999,0.001929575577378273,"To help the DQN agent learn more effectively in the MountainCar-v0 environment, we need to analyze the provided data and suggest an exploration action distribution that encourages better learning. Here is a breakdown of the current situation and recommendations:

### Analysis of Current Data

1. **Current Action Distribution:**
   - Action 0 (Push Left): 31 times
   - Action 1 (No Push): 11 times
   - Action 2 (Push Right): 58 times

2. **Current Strategy:**
   - The agent seems to have a bias towards Action 2 (Push Right), which might indicate a tendency to attempt reaching the goal directly without adequately building momentum.
   - Action 1 (No Push) is used the least, which might be suboptimal because sometimes maintaining the current velocity could be beneficial for building momentum.

3. **Reward:**
   - The total reward of -122.03 indicates that the agent is not yet performing well, as the goal is to minimize the negative reward by reaching the flag more efficiently.

### Recommendations for Exploration Strategy

To improve the learning efficiency, consider the following action distribution:

1. **Balanced Exploration:**
   - Increase the use of Action 0 (Push Left) and Action 1 (No Push) to help the agent explore the state space more evenly and understand the dynamics of building momentum.

2. **Recommended Action Distribution:**
   - Action 0 (Push Left): 40%
   - Action 1 (No Push): 30%
   - Action 2 (Push Right): 30%

3. **Rationale:**
   - **Action 0 (Push Left):** Increasing the frequency of pushing left helps the agent to move away from the goal initially, which is crucial to gain the momentum needed to reach the goal efficiently.
   - **Action 1 (No Push):** Increasing the use of no push can help maintain velocity when the car is already moving in the desired direction, preventing unnecessary changes in velocity.
   - **Action 2 (Push Right):** Maintaining a balanced frequency of pushing right ensures that the agent still attempts to reach the goal after building sufficient momentum.

4. **Exploration Strategy:**
   - Use an epsilon-greedy approach where the agent explores using the recommended distribution with a certain probability (epsilon) and exploits the learned policy otherwise.
   - Gradually decrease epsilon over time to transition from exploration to exploitation as the agent learns the task.

By adopting this exploration strategy, the agent can better learn to build momentum and reach the goal more efficiently, ultimately improving its performance in the MountainCar-v0 environment.","```json
{
  ""action_probs"": [0.4, 0.3, 0.3]
}
```"
26,-112.4754321304765,-112.23539759477417,0.571,0.0016903241630643606,N/A,N/A
27,-125.26129328128444,-113.09650289514806,0.5545,0.002649666741490364,N/A,N/A
28,-111.62983435998402,-112.23539759477417,0.538,0.0033123590983450413,N/A,N/A
29,-128.46127145163823,-111.67946229023623,0.5215000000000001,0.002244405448436737,N/A,N/A
30,-128.47513656442268,-111.66078081404119,0.505,0.0034717998933047056,"Based on the data provided, let's analyze the situation and provide recommendations for an exploration strategy that could help the DQN agent learn more effectively in the MountainCar-v0 environment.

### Analysis:

1. **Action Distribution**:
   - The sampled actions show a heavy bias towards action `0` (Push Left). 
   - Action `0` was chosen 64 times, action `1` (No Push) 17 times, and action `2` (Push Right) 19 times.

2. **Current Performance**:
   - The total reward in the last episode was -128.475, which indicates that the agent is not performing optimally yet. A reward closer to 0 would indicate better performance, as the episode ends when the car reaches the flag.

3. **Environment Dynamics**:
   - In MountainCar-v0, the agent needs to oscillate between pushing left and right to build momentum to reach the flag on the right hill. A balanced exploration strategy is crucial for learning this behavior.

### Recommendations:

1. **Balanced Action Distribution**:
   - To encourage better exploration and learning, consider adjusting the exploration policy to sample actions more evenly. This can help the agent discover the importance of oscillating between actions to build momentum.
   - A suggested distribution could be approximately equal between the three actions. For instance, assign probabilities of 0.33 to each action initially.

2. **Exploration Strategy**:
   - **Epsilon-Greedy with Temperature**: Gradually decrease the exploration rate (epsilon) over episodes, but start with a higher epsilon to encourage exploration. You might start with epsilon = 0.5 or 0.6 and decrease it slowly.
   - **Boltzmann Exploration**: Use a temperature parameter to control the randomness of action selection. This can help in balancing exploration and exploitation.

3. **Adaptive Exploration**:
   - Consider implementing a mechanism that adapts the exploration strategy based on the agent's recent performance. If the agent's performance improves, reduce exploration; if performance stagnates or worsens, increase exploration.

4. **Reward Shaping**:
   - Although not directly related to action distribution, consider reward shaping to provide intermediate rewards for reaching higher positions on the hills. This can guide the agent to learn the importance of building momentum.

5. **Monitor Action Effectiveness**:
   - Keep track of how different actions affect the car's position and velocity. Use this information to adjust the exploration strategy dynamically, prioritizing actions that lead to beneficial state changes.

By implementing a more balanced and adaptive exploration strategy, the agent should be able to learn the necessary oscillatory behavior more effectively, ultimately improving its ability to solve the MountainCar-v0 task.","```json
{
  ""action_probs"": [0.33, 0.33, 0.34]
}
```"
31,-132.30730912068063,-111.47132418236552,0.48849999999999993,0.003091304562985897,N/A,N/A
32,-122.33231856900137,-111.25324454587599,0.472,0.00319736753590405,N/A,N/A
33,-127.5103595219814,-112.23539759477417,0.4555,0.003856443567201495,N/A,N/A
34,-126.95445170632951,-111.37562522640346,0.43900000000000006,0.004143449477851391,N/A,N/A
35,-122.97884300769321,-110.99818792959721,0.4225,0.00703738396987319,"To help the DQN agent learn faster in the MountainCar-v0 environment, we need to design an exploration action distribution that encourages effective exploration and helps the agent build the necessary momentum to reach the goal. Let's analyze the provided data and then recommend a strategy:

### Analysis of Sampled Actions:

- **Action Distribution:**
  - Action 0 (Push Left): 39 times
  - Action 1 (No Push): 14 times
  - Action 2 (Push Right): 47 times

- **Total Actions Sampled:** 100

- **Current Strategy:**
  - The agent is currently favoring ""Push Right"" slightly more than ""Push Left,"" while ""No Push"" is used the least.

### Observations:

1. **Imbalance in Action Usage:**
   - The agent uses ""Push Right"" more frequently than ""Push Left."" This might not be optimal because the car needs to build momentum by oscillating back and forth.

2. **Underutilization of ""No Push"":**
   - The ""No Push"" action is used the least. While it might not directly contribute to building momentum, it can be useful in maintaining velocity when the car is at the peak of a hill.

3. **Current Performance:**
   - The total reward of -122.9788 indicates that the agent is not yet effectively reaching the goal, which requires better momentum management.

### Recommendations for Exploration Strategy:

1. **Balanced Oscillation:**
   - Encourage a more balanced use of ""Push Left"" and ""Push Right"" to help the agent learn effective oscillation. Consider an equal probability for these actions to allow the agent to explore both directions adequately.

2. **Increased Use of ""No Push"":**
   - Slightly increase the probability of ""No Push"" to allow the agent to stabilize at peaks and potentially maintain momentum without over-committing to one direction.

3. **Proposed Action Distribution:**
   - Action 0 (Push Left): 40%
   - Action 1 (No Push): 20%
   - Action 2 (Push Right): 40%

4. **Adaptive Exploration:**
   - Monitor the agent's performance over the next 20 episodes. If there's no significant improvement, consider adjusting the exploration rate or further tweaking the distribution based on observed behavior.

By implementing this exploration strategy, the agent should have a better opportunity to learn the necessary dynamics to reach the goal efficiently.","```json
{
  ""action_probs"": [0.4, 0.2, 0.4]
}
```"
36,-85.31665565008308,-111.29246707254117,0.406,0.006836896762251854,N/A,N/A
37,-88.50145739382044,-112.23539759477417,0.38949999999999996,0.0059016989544034,N/A,N/A
38,-124.46698498408001,-110.70537033165317,0.373,0.005035635083913803,N/A,N/A
39,-127.10136820879788,-110.94746830907692,0.35650000000000004,0.005955164320766926,N/A,N/A
40,-99.03668168299897,-110.87672295103025,0.3400000000000001,0.0030965409241616726,"To help the DQN agent learn faster in the MountainCar-v0 environment, it's essential to ensure that the exploration strategy encourages the car to build the necessary momentum by effectively utilizing all available actions. Let's break down the current situation and provide recommendations based on the data:

### Analysis of Current Data:

1. **Total Reward**: The total reward of -99.04 suggests that the agent is not yet reaching the goal efficiently. In MountainCar-v0, the reward is -1 for each time step until the goal is reached, so a less negative reward would indicate faster goal achievement.

2. **Action Distribution**: The sampled actions show a heavy bias towards action 0 (Push Left), with a significant number of actions 2 (Push Right) towards the end of the episode. Action 1 (No Push) is underrepresented.

3. **Momentum Building**: The car needs to build momentum by oscillating between the left and right hills. The current action distribution indicates an initial lack of effective oscillation, which is crucial for building the momentum needed to reach the goal.

### Recommendations for Exploration Strategy:

1. **Balanced Action Distribution**:
   - Encourage a more balanced distribution among the actions to ensure the agent explores different strategies for building momentum.
   - Suggested Action Probabilities: 
     - Action 0 (Push Left): 40%
     - Action 1 (No Push): 20%
     - Action 2 (Push Right): 40%

2. **Oscillation Encouragement**:
   - The agent should be encouraged to alternate between pushing left and right more frequently, especially in the early stages of each episode, to build momentum effectively.
   - Consider implementing a mechanism that increases the probability of switching actions between left and right when the velocity is low, to help the agent escape local minima.

3. **Adaptive Exploration**:
   - Use an adaptive exploration strategy where the action probabilities can be adjusted based on the agent's velocity and position. For instance, if the car is moving towards the left hill, increase the probability of ""Push Right"" and vice versa.

4. **Increased Exploration of ""No Push""**:
   - While action 1 (No Push) is underrepresented, it can be useful in certain states to maintain or slightly adjust the car's momentum without actively pushing. Increasing its exploration slightly can help the agent learn when it might be beneficial not to push.

5. **Monitor and Adjust**:
   - Continuously monitor the performance (total reward) over the next 20 episodes and adjust the action distribution as needed. If the reward improves, it indicates the agent is learning effectively.

By implementing these recommendations, the agent should be better equipped to explore the state space effectively, build the necessary momentum, and ultimately learn a more efficient policy for solving the MountainCar-v0 task.","```json
{
  ""action_probs"": [0.4, 0.2, 0.4]
}
```"
41,-86.80602709861208,-110.42889149767623,0.3235,0.0036383052356541157,N/A,N/A
42,-87.75279566934088,-110.24443729020133,0.30700000000000005,0.008598275482654572,N/A,N/A
43,-125.02344364279375,-110.00430558142338,0.2905,0.0071938056498765945,N/A,N/A
44,-117.90731579046864,-109.61055560981086,0.274,0.008330750279128551,N/A,N/A
45,-83.52115559406981,-109.61055560981086,0.25873749999999995,0.007666627876460552,"Based on the data provided, the agent's recent episode ended with a total reward of approximately -83.52. This score indicates that the agent is struggling to efficiently reach the goal, as a higher (less negative) score would suggest better performance. The sampled actions from the last episode show a heavy inclination towards pushing right (action 2) and pushing left (action 0), with significantly fewer instances of no push (action 1).

### Analysis:
1. **Action Distribution:**
   - Action 0 (Push Left): 38 occurrences
   - Action 1 (No Push): 6 occurrences
   - Action 2 (Push Right): 54 occurrences

   The current distribution shows a preference for pushing right, which aligns with the goal to move towards the flag on the right. However, the agent must build momentum by oscillating between the left and right hills.

2. **Momentum Building:**
   - The key strategy for MountainCar-v0 is to build sufficient momentum by moving back and forth. The current action distribution indicates an imbalance, with fewer left pushes compared to right pushes. This might hinder the momentum-building process.

3. **Exploration Strategy:**
   - The low frequency of the ""No Push"" action suggests that the agent is not adequately exploring the potential benefits of maintaining current velocity, which might be useful in certain situations to optimize energy and momentum.

### Recommendations for Exploration Action Distribution:
To enhance the agent's learning and improve its ability to solve the task, consider adjusting the exploration action distribution as follows:

1. **Balanced Oscillation:**
   - Increase the frequency of Action 0 (Push Left) slightly to ensure the car has enough backward momentum to effectively climb the right hill.

2. **Incorporate No Push:**
   - Introduce a moderate increase in Action 1 (No Push) to allow the agent to explore maintaining velocity, which can help in fine-tuning the momentum without over-exerting the engine.

3. **Suggested Action Distribution:**
   - Action 0 (Push Left): 40%
   - Action 1 (No Push): 20%
   - Action 2 (Push Right): 40%

This distribution encourages a more balanced exploration of the state space, which can help the agent learn to build momentum more effectively. By allowing more instances of ""No Push,"" the agent can learn when it's beneficial to conserve energy and maintain speed, potentially leading to more efficient learning and better performance in subsequent episodes.

### Implementation:
- Adjust the epsilon-greedy strategy or equivalent exploration mechanism in the DQN to follow the suggested action distribution during the next 20 training episodes.
- Monitor the agent's performance and adjust the distribution further if needed based on the observed learning progress and reward improvements.","```json
{
  ""action_probs"": [0.4, 0.2, 0.4]
}
```"
46,-81.15043214955037,-109.55056395231443,0.24297999999999997,0.008486438542604446,N/A,N/A
47,-74.68143520619321,-109.36884271200242,0.22846,0.00682024983689189,N/A,N/A
48,-125.2215614296447,-109.23861460965686,0.21195999999999993,0.01591208390891552,N/A,N/A
49,-119.10739353353968,-109.16090542196905,0.19546000000000008,0.020488223060965538,N/A,N/A
50,-76.98552045089177,-106.85059108768705,0.18118750000000006,0.010281243361532688,"To help the DQN agent learn faster in the MountainCar-v0 environment, we need to analyze the current exploration strategy and suggest an improved action distribution. Here's a detailed analysis and recommendations based on the provided data:

### Analysis of Current Exploration Strategy

1. **Action Distribution**:
   - **Push Left (0)**: 33 times
   - **No Push (1)**: 9 times
   - **Push Right (2)**: 58 times

   The current sampled actions indicate a heavy bias towards ""Push Right"" (2), with ""Push Left"" (0) being the second most frequent, and ""No Push"" (1) being used the least.

2. **Reward**:
   - The total reward in the last episode is -76.985, which suggests that the agent is not yet reaching the goal efficiently.

3. **Momentum Building**:
   - The MountainCar problem requires the agent to build momentum by oscillating between the left and right sides of the valley. This means that a balanced approach to pushing left and right is crucial.

### Recommendations for Exploration Strategy

1. **Balanced Exploration**:
   - To build sufficient momentum, the agent needs to explore both ""Push Left"" (0) and ""Push Right"" (2) actions more evenly. This can help the agent learn the dynamics of gaining momentum more effectively.

2. **Increase ""No Push"" (1) Usage**:
   - While ""No Push"" (1) is less frequently used, it can be beneficial in certain states to maintain momentum without losing speed. Increasing its usage slightly can allow the agent to explore its effects and learn when it's advantageous.

3. **Recommended Action Distribution**:
   - **Push Left (0)**: 40%
   - **No Push (1)**: 20%
   - **Push Right (2)**: 40%

   This distribution aims to encourage more balanced exploration between pushing left and right while slightly increasing the use of ""No Push"" to allow for more nuanced learning of the environment dynamics.

4. **Exploration Strategy**:
   - Consider using an epsilon-greedy strategy where epsilon is initially high to encourage exploration, then gradually decrease it over the episodes to allow the agent to exploit learned strategies.

5. **Monitor and Adjust**:
   - After implementing the new distribution, monitor the agent's performance over the next 20 episodes. Adjust the distribution if necessary based on the observed learning progress and reward trends.

By following these recommendations, the agent should be able to explore the state-action space more effectively, potentially leading to faster learning and improved performance in the MountainCar-v0 environment.","```json
{
  ""action_probs"": [0.4, 0.2, 0.4]
}
```"
51,-93.76486163122874,-98.85152974339887,0.1651824999999999,0.018819492310285568,N/A,N/A
52,-74.47925674714742,-105.1431135943676,0.15041500000000008,0.00940578430891037,N/A,N/A
53,-121.50073229866764,-101.64826772498668,0.133915,0.025310711935162544,N/A,N/A
54,-75.93413767434458,-93.56688319001357,0.11956,0.029851166531443596,N/A,N/A
55,-116.01024267035699,-102.25723586676715,0.10305999999999993,0.02953142113983631,"Based on the provided data, the current exploration strategy seems to heavily favor the ""Push Left"" action (action 0), with very few instances of ""No Push"" (action 1) and ""Push Right"" (action 2). This skewed distribution could be limiting the agent's ability to effectively explore the state space and learn the optimal policy for the MountainCar-v0 environment, which requires building momentum by moving back and forth.

### Analysis:
1. **Action Distribution**: 
   - The overwhelming majority of actions are ""Push Left"" (action 0).
   - There are very few instances of ""No Push"" (action 1) and ""Push Right"" (action 2).

2. **Reward**: 
   - The total reward of -116.01 indicates that the agent is not yet achieving the goal efficiently. In MountainCar-v0, the closer the total reward is to -200, the less effective the agent's policy is.

3. **Momentum Building**: 
   - The agent needs to build momentum by moving back and forth between the hills. This requires a more balanced use of all three actions.

### Recommendations:
To enhance exploration and help the DQN agent learn more effectively, consider adjusting the action distribution to encourage more varied exploration:

1. **Balanced Exploration**:
   - Increase the frequency of ""Push Right"" (action 2) and ""No Push"" (action 1) actions. This can help the agent explore the state space more effectively and learn the dynamics of momentum building.
   - Suggested action distribution for exploration:
     - Push Left (action 0): 40%
     - No Push (action 1): 30%
     - Push Right (action 2): 30%

2. **Adaptive Exploration**:
   - Consider using an epsilon-greedy strategy where epsilon starts relatively high (e.g., 0.5) and gradually decays over episodes. This allows the agent to explore more in the beginning and exploit learned strategies as training progresses.

3. **Reward Shaping**:
   - If not already done, consider implementing reward shaping to provide intermediate rewards for reaching certain positions or velocities, encouraging the agent to build momentum effectively.

4. **Monitor and Adjust**:
   - Continuously monitor the agent's performance and adjust the exploration strategy as needed based on observed improvements or lack thereof.

By implementing a more balanced and adaptive exploration strategy, the agent should be able to better learn the dynamics required to solve the MountainCar-v0 environment.","```json
{
  ""action_probs"": [0.4, 0.3, 0.3]
}
```"
56,-72.21214103049797,-88.69150755425179,0.08903499999999998,0.017985086888074875,N/A,N/A
57,-66.6123265352599,-88.18032187140882,0.07517499999999999,0.012968920171260834,N/A,N/A
58,-62.33571927791718,-86.33754844585103,0.06189250000000002,0.021402981132268906,N/A,N/A
59,-62.707894789580486,-86.11914683997537,0.04827999999999999,0.013545379042625427,N/A,N/A
60,-76.18889561479025,-86.70839676791076,0.034254999999999924,0.04273436963558197,"To help the DQN agent learn faster in the MountainCar-v0 environment, let's analyze the given data and recommend an exploration strategy:

### Analysis:

1. **Total Reward**: The reward of -76.19 indicates that the agent is not yet reaching the goal efficiently. In MountainCar-v0, the episode ends when the car reaches the flag or after 200 time steps. A reward of -76.19 suggests that the agent is still far from optimal behavior.

2. **Action Distribution**: 
   - **Action 0 (Push Left)**: 40 times
   - **Action 1 (No Push)**: 6 times
   - **Action 2 (Push Right)**: 54 times

   The current distribution shows a bias towards ""Push Right"" (action 2), which might not be optimal for building the necessary momentum to reach the goal. The agent needs to swing back and forth to gain enough momentum to climb the hill.

3. **Momentum Building**: The environment requires the car to build momentum by oscillating between the left and right sides. This means that a balanced exploration of actions 0 and 2 is crucial.

### Recommendations:

1. **Balanced Exploration**:
   - Encourage a more balanced exploration between actions 0 (Push Left) and 2 (Push Right) to allow the agent to effectively build momentum. The current bias towards action 2 might be hindering this process.
   - Suggested action distribution: 
     - Action 0 (Push Left): 40%
     - Action 1 (No Push): 10%
     - Action 2 (Push Right): 50%

2. **Increased Exploration**:
   - Consider increasing the exploration rate (e.g., epsilon in an epsilon-greedy strategy) temporarily to allow the agent to explore more diverse state-action pairs. This can help in discovering effective strategies for momentum building.

3. **Monitor and Adjust**:
   - After implementing the new distribution for 20 episodes, monitor the agent's performance. If there is no improvement, consider further adjustments to the exploration strategy, such as dynamically adjusting the exploration rate or incorporating other exploration techniques like Boltzmann exploration or adding noise to the actions.

4. **Reward Shaping**:
   - If feasible, consider reward shaping to incentivize the agent to explore states that lead to higher momentum. This can be done by providing small positive rewards for increasing velocity or reaching higher positions on the hill.

By adopting these strategies, the DQN agent should be better equipped to explore the environment effectively and learn the optimal policy more efficiently.","```json
{
  ""action_probs"": [0.4, 0.1, 0.5]
}
```"
61,-65.88636370799381,-77.83534979198318,0.019982500000000014,0.024544797837734222,N/A,N/A
62,-63.15234435438845,-79.23866610992219,0.01,0.027986131608486176,N/A,N/A
63,-69.12649732997109,-75.63367563366816,0.01,0.06479737907648087,N/A,N/A
64,-71.85675677588448,-64.95554638684457,0.01,0.028529610484838486,N/A,N/A
65,-66.87797827516414,-63.99823678017191,0.01,0.021922241896390915,"To help the DQN agent learn faster in the MountainCar-v0 environment, we need to focus on an exploration strategy that encourages the agent to experience a diverse range of states and actions. This will help the agent learn the dynamics of the environment more effectively, especially given the challenge of building momentum to reach the goal.

### Analysis of the Current Situation:
1. **Total Reward**: The total reward in the last episode is -66.88, which indicates that the agent is not yet solving the task effectively. The reward is negative because the agent is penalized for each time step it takes before reaching the goal.

2. **Sampled Actions**: The distribution of actions in the last episode is heavily skewed:
   - Action 0 (Push Left): 24 occurrences
   - Action 1 (No Push): 1 occurrence
   - Action 2 (Push Right): 75 occurrences

   This distribution shows a significant bias towards Action 2 (Push Right), with very few instances of Action 1 (No Push). This imbalance suggests that the agent is not exploring the action space effectively, potentially missing out on learning how to build momentum properly.

### Recommendations for Exploration Action Distribution:
To improve the exploration strategy and facilitate faster learning for the DQN agent, consider the following action distribution for the next 20 training episodes:

1. **Balanced Exploration**: Aim for a more balanced exploration of actions to ensure that the agent experiences a wider variety of state transitions. A suggested distribution could be:
   - Action 0 (Push Left): 40%
   - Action 1 (No Push): 20%
   - Action 2 (Push Right): 40%

2. **Encourage Momentum Building**: Since building momentum is crucial in this task, ensure that the agent is encouraged to alternate between pushing left and right. This balanced distribution will help the agent learn the necessary oscillation to climb the hill.

3. **Incorporate Exploration Strategies**:
   - **Epsilon-Greedy**: Use an epsilon-greedy strategy where the agent explores with a probability of epsilon (e.g., 0.1 or 0.2) and exploits the learned policy otherwise. This will allow for some randomness while still leveraging the learned policy.
   - **Boltzmann Exploration**: Consider using Boltzmann exploration, where the probability of selecting an action is proportional to the estimated value of that action. This can help in exploring actions with higher potential rewards more frequently.

4. **Monitor and Adjust**: Continuously monitor the agent's performance and adjust the exploration strategy as needed. If the agent starts to show improvement, gradually shift towards more exploitation to refine the learned policy.

By implementing these recommendations, the agent should be able to explore the environment more effectively, leading to faster learning and improved performance in the MountainCar-v0 task.","```json
{
  ""action_probs"": [0.4, 0.2, 0.4]
}
```"
66,-65.70566462875745,-64.23946228874111,0.01,0.04374515265226364,N/A,N/A
67,-45.38446249359818,-62.599218956573296,0.01,0.027238253504037857,N/A,N/A
68,-61.56089417376953,-60.9073406968855,0.01,0.027375804260373116,N/A,N/A
69,-41.01868243141632,-59.09548727889404,0.01,0.028831414878368378,N/A,N/A
70,-61.19800490041798,-62.20527226997374,0.01,0.027150852605700493,"To help the DQN agent learn faster in the MountainCar-v0 environment, we need to ensure that the agent explores the state-action space effectively. The goal is to encourage exploration that balances between trying different actions and exploiting known strategies that seem promising. Let's analyze the given data and provide strategy recommendations:

### Analysis of Sampled Actions:
- **Action 0 (Push Left):** 22 times
- **Action 1 (No Push):** 10 times
- **Action 2 (Push Right):** 66 times

The current distribution is heavily skewed towards Action 2 (Push Right). This means the agent is mostly trying to push the car to the right, with less exploration of the other actions. While pushing right is necessary to reach the goal, the agent must also build momentum by moving left and right strategically.

### Recommendations for Exploration Strategy:
1. **Balanced Exploration:**
   - Encourage a more balanced exploration strategy by adjusting the action distribution. A possible distribution could be:
     - Action 0 (Push Left): 40%
     - Action 1 (No Push): 20%
     - Action 2 (Push Right): 40%
   - This distribution encourages the agent to explore the effects of pushing left and right equally, while also considering the ""No Push"" action to maintain momentum.

2. **Incorporate Stochastic Exploration:**
   - Use an exploration strategy like epsilon-greedy with a decaying epsilon. Start with a higher epsilon (e.g., 0.5) to encourage exploration and gradually decrease it over episodes to allow the agent to exploit learned strategies.

3. **Momentum Building:**
   - Emphasize the importance of building momentum by alternating between Actions 0 and 2. Encourage the agent to learn sequences of actions that help it gain enough speed to reach the goal.

4. **Reward Shaping:**
   - Consider providing additional intermediate rewards for reaching higher positions on the hills, which can guide the agent to learn the importance of momentum building.

5. **Episode Review:**
   - After each episode, review the state transitions and rewards to identify patterns or strategies that seem effective. This can help in refining the exploration strategy further.

By implementing these recommendations, the agent should be able to explore the environment more effectively, leading to faster learning and better performance in reaching the goal in the MountainCar-v0 environment.","```json
{
  ""action_probs"": [0.4, 0.2, 0.4]
}
```"
71,-68.96073470065767,-59.24462315903416,0.01,0.02089681848883629,N/A,N/A
72,-75.32473106923774,-58.958794498305636,0.01,0.02142101526260376,N/A,N/A
73,-57.6783337490234,-56.83450850400427,0.01,0.029720641672611237,N/A,N/A
74,-42.02666883275712,-58.958893839228594,0.01,0.033235277980566025,N/A,N/A
75,-62.34700381892868,-59.18509086610351,0.01,0.019707681611180305,"To help the DQN agent learn faster in the MountainCar-v0 environment, let's analyze the provided data and suggest an exploration action distribution strategy. The key points to consider are:

1. **Current Performance**: The total reward in the last episode is -62.35, which indicates that the agent is not yet reaching the goal efficiently. The maximum reward (or least negative) in MountainCar-v0 is -110, so the agent is performing better than random but still far from optimal.

2. **Sampled Actions Analysis**:
   - The sequence of sampled actions shows a significant number of '2' (Push Right) actions, especially after a few initial '0' (Push Left) actions. This indicates the agent is trying to build momentum by pushing right frequently.
   - There are very few '1' (No Push) actions, which suggests the agent is not exploring the option of maintaining its current velocity without applying force.
   - The initial actions are predominantly '0' (Push Left), which is necessary to move the car to the left hill and gain potential energy.

3. **Momentum Building**: The agent needs to build momentum by alternating between pushing left and right. The current strategy seems to be heavily skewed towards pushing right after an initial left push, which might not be optimal for momentum building.

### Recommended Exploration Strategy:

To improve the learning efficiency of the DQN agent, consider the following exploration action distribution for the next 20 training episodes:

1. **Balanced Exploration**: Encourage a more balanced exploration between pushing left and right. This can be achieved by slightly increasing the probability of choosing '0' (Push Left) and '1' (No Push) actions during exploration.

2. **Action Distribution**:
   - **Push Left (0)**: 35%
   - **No Push (1)**: 15%
   - **Push Right (2)**: 50%

This distribution aims to:
- Increase the likelihood of the agent exploring the benefits of maintaining velocity with 'No Push', which might help it find more efficient paths.
- Ensure the agent continues to push right frequently to build momentum but not overwhelmingly so.
- Encourage the agent to explore pushing left more often to help gain potential energy from the left hill.

3. **Adaptive Strategy**: Monitor the agent's performance over these episodes. If the agent starts to improve, consider adapting the distribution to focus more on exploitation of successful strategies.

4. **State-Dependent Exploration**: If possible, implement a state-dependent exploration strategy where actions are chosen based on the current state of the car (e.g., position and velocity). For example, if the car is moving left with high velocity, pushing right might be more beneficial, and vice versa.

By implementing this exploration strategy, the agent should be able to learn more effectively and potentially reach the goal faster in the MountainCar-v0 environment.","```json
{
  ""action_probs"": [0.35, 0.15, 0.5]
}
```"
76,-60.79731943343902,-57.070076029900896,0.01,0.03771715238690376,N/A,N/A
77,-41.85103123986295,-55.773380252702985,0.01,0.0193775687366724,N/A,N/A
78,-57.36600842193169,-57.89307248420092,0.01,0.06333526223897934,N/A,N/A
79,-61.77632451091488,-54.73234361817022,0.01,0.028008071705698967,N/A,N/A
80,-48.248471546778454,-55.40203824872392,0.01,0.030559446662664413,"To help the DQN agent learn more effectively in the MountainCar-v0 environment, we need to focus on an exploration strategy that encourages the agent to experience a variety of actions and state transitions. This will help it better understand the dynamics of the environment and improve its policy more quickly.

### Analysis of Current Exploration Strategy:

1. **Action Distribution**:
   - The sampled actions from the last episode show a heavy bias towards action `2` (Push Right), with some occurrences of action `0` (Push Left) and fewer instances of action `1` (No Push).
   - This indicates that the agent is predominantly trying to push the car to the right, which might not be optimal for building the required momentum to reach the goal.

2. **Reward**:
   - The total reward of `-48.25` suggests that the agent is not reaching the goal efficiently. In MountainCar-v0, rewards are typically negative until the goal is reached, so a higher (less negative) reward indicates better performance.

### Recommendations for Exploration Strategy:

1. **Balanced Action Distribution**:
   - To improve learning, it's important to ensure that the agent explores a balanced set of actions. This will allow it to learn the importance of building momentum by moving back and forth.
   - **Suggested Action Distribution**: 
     - Action `0` (Push Left): 40%
     - Action `1` (No Push): 20%
     - Action `2` (Push Right): 40%
   - This distribution encourages the agent to explore both pushing left and right equally, while still allowing some cases of no push to explore the effects of inertia.

2. **Exploration Strategy**:
   - Implement an epsilon-greedy strategy with a decaying epsilon value. Start with a higher epsilon (e.g., 0.9) for the next 20 episodes to encourage exploration, and gradually decrease it to promote exploitation of learned strategies.
   - Consider using alternative exploration strategies like Boltzmann exploration or adding noise to actions to diversify the agent's experiences.

3. **Monitoring and Adjustment**:
   - Continuously monitor the agent's performance and adjust the exploration strategy as needed. If the agent's performance does not improve, consider adjusting the action distribution or exploration strategy further.
   - Analyze the state transitions to ensure the agent is effectively learning the dynamics of building momentum.

By implementing a more balanced and strategic exploration approach, the agent should be able to learn the necessary momentum-building technique more efficiently, leading to improved performance in reaching the goal.","```json
{
  ""action_probs"": [0.4, 0.2, 0.4]
}
```"
81,-58.62662727624909,-50.95138351079134,0.01,0.10433980822563171,N/A,N/A
82,-61.107544215968105,-51.74835697628257,0.01,0.03552236780524254,N/A,N/A
83,-51.896679964555176,-55.24198538959799,0.01,0.01964123360812664,N/A,N/A
84,-62.91050264965076,-63.252885036061045,0.01,0.08586078882217407,N/A,N/A
85,-81.54664353666413,-109.79982407631303,0.01,0.023363754153251648,"Based on the information provided, the goal is to help the DQN agent learn more effectively by adjusting the exploration strategy in the MountainCar-v0 environment. The sampled actions from the last episode suggest the following distribution: 

- Action 0 (Push Left): 20 times
- Action 1 (No Push): 18 times
- Action 2 (Push Right): 62 times

From this distribution, it's clear that the agent is predominantly sampling the ""Push Right"" action, which might not be optimal for learning how to build momentum effectively. In MountainCar-v0, the car needs to build momentum by moving back and forth between the hills, which requires a more balanced approach between pushing left and right.

### Recommendations for Exploration Strategy:

1. **Balanced Action Distribution**: To help the agent learn the dynamics of momentum building, a more balanced exploration strategy should be adopted. Here's a suggested action distribution:
   - Action 0 (Push Left): 35%
   - Action 1 (No Push): 10%
   - Action 2 (Push Right): 55%

   This distribution encourages the agent to explore pushing left more frequently, which is crucial for building the necessary momentum to reach the goal.

2. **Incorporate Exploration Noise**: Introduce a small amount of randomness or noise to the action selection process. This can help the agent explore less frequent actions and potentially discover more efficient strategies for momentum building.

3. **Adaptive Exploration**: Consider using an adaptive exploration strategy where the exploration distribution changes based on the agent's performance over time. For example, if the agent's performance improves, gradually reduce the exploration rate to allow the agent to exploit learned policies.

4. **Use of Reward Shaping**: Although not directly related to action distribution, consider implementing reward shaping to give the agent intermediate rewards for achieving sub-goals, such as reaching a certain velocity or position on the left hill. This can encourage exploration of useful behaviors.

By implementing these recommendations, the agent should be better equipped to learn the necessary momentum-building strategies and improve its performance in the MountainCar-v0 environment.","```json
{
  ""action_probs"": [0.35, 0.1, 0.55]
}
```"
86,-80.2432141250032,-85.94157245623678,0.01,0.06196008250117302,N/A,N/A
87,-75.7381939200601,-51.963157832879475,0.01,0.018310006707906723,N/A,N/A
88,-67.2633868647598,-76.05164528298658,0.01,0.024592749774456024,N/A,N/A
89,-80.69497739490302,-49.68628195863533,0.01,0.02704429440200329,N/A,N/A
90,-77.6137689979456,-106.34010266367031,0.01,0.09899584203958511,"To help the DQN agent learn faster in the MountainCar-v0 environment, we need to focus on an exploration strategy that encourages the car to build momentum effectively. The sampled actions from the last episode and the total reward provide some insights into the current exploration behavior.

### Analysis of Current Exploration:

1. **Action Distribution:**
   - The actions sampled in the last episode show a significant bias towards action 2 (Push Right), especially in the second half of the episode.
   - There are fewer instances of action 0 (Push Left) compared to action 2, which might be limiting the car's ability to build momentum effectively.

2. **Total Reward:**
   - The total reward of approximately -77 indicates that the car is not reaching the goal efficiently. In MountainCar-v0, the reward is -1 for each time step until the goal is reached, so a less negative reward would indicate better performance.

3. **Momentum Building:**
   - The car needs to move back and forth to build sufficient momentum to reach the flag. A balanced exploration of actions 0 and 2 is crucial for achieving this.

### Recommendations for Exploration Strategy:

1. **Balanced Action Distribution:**
   - Encourage a more balanced distribution between actions 0 and 2 to facilitate better momentum building. Consider an exploration strategy where actions 0 and 2 are selected with equal probability, and action 1 (No Push) is less frequent. For example:
     - Action 0 (Push Left): 40%
     - Action 1 (No Push): 20%
     - Action 2 (Push Right): 40%

2. **Encourage Exploration at Key Positions:**
   - Implement a position-based exploration strategy. When the car is near the left edge (position < -0.5), increase the probability of action 2 (Push Right). Conversely, when the car is near the right edge (position > 0.5), increase the probability of action 0 (Push Left). This can help in better momentum building.

3. **Adaptive Exploration:**
   - Consider using an adaptive exploration strategy where the exploration distribution is adjusted based on the car's velocity. For example, if the velocity is positive, favor action 0 to maintain momentum, and if it's negative, favor action 2.

4. **Decay Exploration Over Time:**
   - Gradually reduce exploration as the agent learns. Start with a higher exploration rate and slowly decay it over the 20 episodes. This allows the agent to explore initially and exploit learned strategies later.

By implementing these recommendations, the agent should be able to explore the state space more effectively, build momentum more efficiently, and ultimately learn to reach the goal faster.","```json
{
  ""action_probs"": [0.4, 0.2, 0.4]
}
```"
91,-62.01822128870656,-95.93388768192965,0.01,0.026259399950504303,N/A,N/A
92,-65.58378594282549,-102.24882605365795,0.01,0.021727129817008972,N/A,N/A
93,-56.53849517943204,-89.04950987295933,0.01,0.1697600930929184,N/A,N/A
94,-67.55089292485252,-64.0453749519793,0.01,0.06507003307342529,N/A,N/A
95,-60.252340987763795,-101.15969287972135,0.01,0.02970421500504017,"To help the DQN agent learn more effectively in the MountainCar-v0 environment, we need to optimize the exploration strategy. The sampled actions and the total reward indicate how the agent is currently interacting with the environment. Let's break down the observations and provide recommendations:

### Observations:
1. **Action Distribution**:
   - The sampled actions show a predominance of action `0` (Push Left) and `2` (Push Right), with fewer occurrences of action `1` (No Push).
   - The sequence often involves repeated actions in clusters, suggesting that the agent might be getting stuck in certain patterns or oscillations.

2. **Reward**:
   - The total reward of approximately -60 indicates that the car is not reaching the goal efficiently. The reward structure in MountainCar-v0 typically penalizes the agent for each time step until the goal is reached, so a higher (less negative) reward would indicate better performance.

3. **Momentum Building**:
   - The task requires building momentum by moving back and forth. The current action distribution might not be effectively building this momentum, especially if the actions are not well-timed or balanced.

### Recommendations:
To improve exploration and help the agent learn more effectively, consider the following strategy adjustments:

1. **Balanced Exploration**:
   - Increase the probability of selecting action `1` (No Push) to allow the car to maintain its velocity when beneficial. This can help prevent unnecessary oscillations and allow the car to coast to a better position before pushing again.
   - Consider a distribution like: 40% Push Left (0), 20% No Push (1), 40% Push Right (2). This distribution encourages more balanced exploration and helps the agent learn the importance of timing and momentum.

2. **Temporal Exploration Strategy**:
   - Implement a strategy where the action distribution changes dynamically based on the car's position and velocity. For example:
     - If the car is moving uphill and slowing down, increase the probability of actions that push in the direction of the hill.
     - If the car is at a peak or moving downhill, increase the probability of No Push to conserve momentum.

3. **Exploration Noise**:
   - Introduce some stochastic noise to the action selection process to prevent the agent from falling into repetitive patterns. This could be achieved by adding a small random factor to the action probabilities.

4. **Reward Shaping**:
   - Although not directly related to action distribution, consider shaping the reward function to provide additional feedback for reaching certain velocity thresholds or positions. This can guide the agent towards more effective strategies.

5. **Monitor and Adjust**:
   - Continuously monitor the agent's performance over the next 20 episodes. If certain actions appear to be consistently ineffective, adjust their probabilities accordingly.

By implementing these recommendations, the agent should be able to explore the environment more effectively, learning the necessary strategies to build momentum and reach the goal more efficiently.","```json
{
  ""action_probs"": [0.4, 0.2, 0.4]
}
```"
96,-56.42853772155272,-60.50332287966254,0.01,0.013446979224681854,N/A,N/A
97,-57.41549935423038,-84.1621919977177,0.01,0.09176764637231827,N/A,N/A
98,-83.4453158657565,-69.32521148390472,0.01,0.04786328971385956,N/A,N/A
99,-108.6634161264886,-81.63264750444891,0.01,0.03307312726974487,N/A,N/A
100,-122.93910693514343,-95.04082121171584,0.01,0.11100351810455322,"In the MountainCar-v0 environment, the goal is to drive the car to the flag on the right hill. Given the weak engine, the car needs to build momentum by oscillating between the left and right hills. The action distribution and the total reward from the last episode suggest that the current exploration strategy may not be effectively helping the agent to learn this task.

### Analysis of Current Action Distribution:
- **Sampled Actions:** The majority of actions taken were ""Push Right"" (action 2), with very few instances of ""Push Left"" (action 0) and ""No Push"" (action 1).
- **Total Reward:** The total reward of -122.94 indicates that the car is not reaching the goal efficiently. The reward is negative, and closer to -200 would mean the car is struggling to reach the top of the hill.

### Recommendations for Exploration Strategy:
1. **Balanced Exploration:**
   - **Increase Action Diversity:** The current action distribution is heavily skewed towards ""Push Right."" To build momentum, the car needs to oscillate between the left and right hills. Introduce a more balanced exploration strategy to allow the agent to experience all actions more uniformly.
   - **Suggested Action Probabilities:**
     - Push Left (action 0): 40%
     - No Push (action 1): 20%
     - Push Right (action 2): 40%

2. **Encourage Oscillation:**
   - By increasing the probability of ""Push Left,"" the car will have more opportunities to reverse and gain momentum, which is crucial for reaching the goal. The ""No Push"" action should still be included to allow the car to coast and gain speed naturally.

3. **Adaptive Exploration:**
   - Consider using an epsilon-greedy strategy where epsilon is initially high to encourage exploration and gradually decreases as the agent learns, allowing it to exploit learned behaviors. Start with a higher epsilon (e.g., 0.5) and decay it over time.

4. **Monitor Learning Progress:**
   - Continuously monitor the agent's performance and adjust the exploration strategy based on learning progress. If the reward does not improve, consider further increasing the exploration of ""Push Left"" actions.

By implementing a more balanced action distribution and encouraging oscillation, the agent should be better equipped to learn the dynamics of the MountainCar-v0 environment and achieve higher rewards in subsequent episodes.","```json
{
  ""action_probs"": [0.4, 0.2, 0.4]
}
```"
101,-130.2095419929315,-86.2338251539928,0.01,0.023652391508221626,N/A,N/A
102,-116.22265824770106,-80.17321054160438,0.01,0.023797551169991493,N/A,N/A
103,-126.8757370995262,-66.86145970777572,0.01,0.023523718118667603,N/A,N/A
104,-89.44458394468192,-79.55415393748811,0.01,0.017596017569303513,N/A,N/A
105,-128.8999098203301,-77.52240660392215,0.01,0.01915910840034485,"Based on the provided data, it appears that the sampled actions were overwhelmingly biased towards action 2 (""Push Right""). This indicates that the agent is predominantly attempting to push the car to the right, which is likely leading to suboptimal learning and performance. The total reward of -128.9 suggests that the agent is not effectively building momentum to reach the goal.

To improve the agent's learning process, it is crucial to introduce a more balanced exploration strategy that encourages the agent to explore different actions. Here are some recommendations:

1. **Balanced Action Distribution**:
   - Instead of heavily favoring ""Push Right,"" distribute the exploration actions more evenly across all available actions. A more balanced initial distribution could be:
     - Action 0 (""Push Left""): 40%
     - Action 1 (""No Push""): 20%
     - Action 2 (""Push Right""): 40%

   This distribution encourages the agent to explore pushing both left and right, which is necessary to build the momentum required to reach the goal.

2. **Adaptive Exploration**:
   - Implement an adaptive exploration strategy where the action distribution can be adjusted based on the agent's performance and learning progress. For example, if the agent starts to show improvement, gradually reduce the exploration rate to allow more exploitation of learned policies.

3. **State-Dependent Exploration**:
   - Consider using a state-dependent exploration strategy where the choice of action is influenced by the current state of the environment (position and velocity). For example, if the car is moving left with high velocity, it might be more beneficial to push right to build momentum.

4. **Incorporate Curiosity-Driven Exploration**:
   - Introduce a curiosity-driven exploration mechanism where the agent is rewarded for visiting less frequently explored states. This can help the agent discover effective strategies that are not immediately obvious.

5. **Monitor and Adjust**:
   - Continuously monitor the agent's performance across episodes. If the agent's performance plateaus or declines, re-evaluate the exploration strategy and make necessary adjustments to the action distribution.

By implementing a more balanced and adaptive exploration strategy, the agent should be able to learn more effectively and improve its performance in the MountainCar-v0 environment.","```json
{
  ""action_probs"": [0.4, 0.2, 0.4]
}
```"
106,-56.69956335315822,-69.53076558134835,0.01,0.09828504920005798,N/A,N/A
107,-56.80392660304622,-64.82702382659963,0.01,0.03522101789712906,N/A,N/A
108,-58.21720820843476,-64.06769233133551,0.01,0.03440820425748825,N/A,N/A
109,-91.21602411356123,-70.12414457358864,0.01,0.01593872718513012,N/A,N/A
110,-74.26038529115692,-56.68612397823889,0.01,0.070547915995121,"To help the DQN agent learn faster in the MountainCar-v0 environment, we need to analyze the current exploration strategy and suggest improvements. Here are some insights and recommendations based on the provided data:

### Analysis of Current Exploration Strategy:
1. **Action Distribution**: The sampled actions from the last episode show a distribution where:
   - Action 1 (No Push) was selected 9 times.
   - Action 0 (Push Left) was selected 31 times.
   - Action 2 (Push Right) was selected 60 times.

2. **Reward**: The total reward in the last episode was -74.26, which indicates that the car likely did not reach the goal on the right hill.

3. **Momentum Building**: The MountainCar problem requires building momentum by oscillating between the left and right hills. The current distribution shows a bias towards pushing right (action 2), which might not be optimal for building the necessary momentum.

### Recommendations for Exploration Strategy:
1. **Balanced Exploration**: Aim for a more balanced action distribution to ensure the agent explores all possible strategies for momentum building. Consider a more uniform distribution, which could be:
   - Action 0 (Push Left): 40%
   - Action 1 (No Push): 20%
   - Action 2 (Push Right): 40%

2. **Encourage Oscillation**: Since the car needs to oscillate to build momentum, ensure that the agent frequently switches between pushing left and right. This can be achieved by slightly favoring actions 0 and 2 over action 1.

3. **Adaptive Exploration**: Implement an exploration strategy that adapts based on the agent's performance. If the agent is not improving, increase exploration by increasing the probability of less-frequent actions.

4. **Reward Shaping**: Consider implementing reward shaping to provide additional feedback when the agent successfully builds momentum or reaches higher positions on the hills. This can guide the exploration process more effectively.

5. **Monitor and Adjust**: Continuously monitor the action distribution and performance metrics. If the agent's performance does not improve, further adjust the exploration probabilities or consider more sophisticated exploration techniques like epsilon-greedy with decay or Boltzmann exploration.

By implementing these recommendations, the DQN agent should be able to explore more effectively and learn the optimal policy for solving the MountainCar-v0 environment faster.","```json
{
  ""action_probs"": [0.4, 0.2, 0.4]
}
```"
111,-53.58141375485078,-55.046701105627086,0.01,0.06332399696111679,N/A,N/A
112,-79.6104799428613,-51.96302661439304,0.01,0.08959062397480011,N/A,N/A
113,-40.23782369951515,-53.33379779840394,0.01,0.031265079975128174,N/A,N/A
114,-70.91259478732579,-64.57162443187273,0.01,0.02910347655415535,N/A,N/A
115,-72.73986463592655,-51.32827145232166,0.01,0.031059924513101578,"To help the DQN agent learn more effectively in the MountainCar-v0 environment, we need to analyze the current action distribution and suggest an exploration strategy that can improve learning. Let's break down the data and provide recommendations:

### Analysis of the Current Action Distribution

1. **Action Counts**:
   - **Action 0 (Push Left)**: Predominantly used at the beginning and some parts later.
   - **Action 1 (No Push)**: Used sparingly, mostly in the middle and towards the end.
   - **Action 2 (Push Right)**: Dominantly used after the initial sequence of Action 0.

2. **Current Strategy**:
   - The agent seems to start with a series of left pushes, followed by a series of right pushes, with occasional no pushes. This suggests a somewhat deterministic pattern in exploration.

3. **Total Reward**:
   - The total reward of -72.74 indicates that the agent is not yet efficiently reaching the goal. A reward closer to zero would indicate better performance.

### Recommendations for Exploration Strategy

1. **Increase Exploration Diversity**:
   - The current pattern shows a heavy reliance on pushing right after an initial push left sequence. To encourage better exploration, consider increasing the diversity of actions. This can be done by using a more balanced exploration strategy.

2. **Exploration Strategy**:
   - **Epsilon-Greedy with Decay**: Start with a higher epsilon (e.g., 0.5) to encourage more exploration and decay it over time to allow the agent to exploit what it has learned.
   - **Action Distribution**: Aim for a more balanced distribution initially:
     - 40% probability for Action 0 (Push Left)
     - 20% probability for Action 1 (No Push)
     - 40% probability for Action 2 (Push Right)
   - This distribution encourages the agent to explore different combinations of actions rather than getting stuck in a repetitive pattern.

3. **Adaptive Exploration**:
   - Implement an adaptive exploration strategy where the agent's action selection becomes more exploitation-focused as it starts achieving higher rewards. This can be done by dynamically adjusting the action probabilities based on recent performance metrics.

4. **Reward Shaping**:
   - Consider incorporating reward shaping to provide intermediate rewards for reaching higher positions on the hill, which can guide the agent towards the goal more effectively.

5. **Monitor and Adjust**:
   - Continuously monitor the agent's performance and adjust the exploration strategy as needed. If the agent starts achieving higher rewards consistently, reduce exploration to allow for more exploitation of learned policies.

By implementing these recommendations, the agent should be able to explore the state space more effectively and learn a policy that allows it to reach the goal more efficiently.","```json
{
  ""action_probs"": [0.4, 0.2, 0.4]
}
```"
116,-63.90507999257782,-50.87242020879933,0.01,0.07374560087919235,N/A,N/A
117,-72.17334545621084,-65.25011345690925,0.01,0.07658732682466507,N/A,N/A
118,-75.19877841994662,-76.34846795387566,0.01,0.06449119746685028,N/A,N/A
119,-69.10707195112026,-75.84682726038986,0.01,0.04255394637584686,N/A,N/A
120,-41.92436378431241,-58.348412638484135,0.01,0.017990397289395332,"Based on the provided data, it appears that the agent is heavily favoring the ""Push Right"" action (action 2) after an initial sequence of ""Push Left"" actions (action 0). This pattern suggests that the agent may be trying to build momentum by first moving left and then attempting to reach the flag by pushing right. However, the total reward of -41.92 indicates that the current strategy is not yet optimal for solving the MountainCar-v0 task.

### Analysis:
1. **Action Imbalance**: The sampled actions show a strong bias towards ""Push Right"" (action 2) after a series of ""Push Left"" (action 0) actions, with no instances of ""No Push"" (action 1). This suggests an imbalance in exploration, which might be limiting the agent's ability to fully explore the state-action space.

2. **Momentum Building**: The MountainCar-v0 task requires the agent to build momentum by oscillating between the left and right hills. A more balanced exploration strategy might help the agent discover more effective oscillation patterns.

3. **Potential Overfitting**: The agent may be overfitting to a suboptimal strategy, given the lack of diversity in action selection. Introducing more variability could prevent premature convergence to a suboptimal policy.

### Recommendations:
To improve exploration and potentially enhance learning speed, consider adjusting the action distribution as follows:

1. **Increase Exploration of ""No Push"" (Action 1)**: Introduce a moderate probability for the ""No Push"" action to encourage the agent to explore states where it might maintain or slightly adjust its velocity without actively pushing.

2. **Balanced Exploration Strategy**:
   - Allocate probabilities to actions to ensure a more balanced exploration. For example, you could use a distribution like:
     - 40% probability for ""Push Left"" (action 0)
     - 20% probability for ""No Push"" (action 1)
     - 40% probability for ""Push Right"" (action 2)

3. **Adaptive Exploration**: Consider using an adaptive exploration strategy where the action probabilities are adjusted based on the agent's performance and the observed state dynamics. For example, if the agent is not gaining sufficient momentum, increase the probability of ""Push Left"" to encourage more initial leftward movement.

4. **Monitor Learning Progress**: Regularly evaluate the agent's performance and adjust the exploration strategy as needed. If the agent's performance improves, consider gradually reducing exploration to allow the agent to exploit its learned policy.

By implementing these recommendations, the agent should be able to explore a wider range of state-action pairs, potentially leading to faster and more effective learning in the MountainCar-v0 environment.","```json
{
  ""action_probs"": [0.4, 0.2, 0.4]
}
```"
121,-45.54103182493707,-58.96853351715761,0.01,0.054491832852363586,N/A,N/A
122,-45.36067634361762,-60.495437540850126,0.01,0.021477121859788895,N/A,N/A
123,-49.77670425703481,-63.13630115900637,0.01,0.043752916157245636,N/A,N/A
124,-65.18627361716771,-56.41299178502667,0.01,0.03598204627633095,N/A,N/A
125,-67.52396217126271,-61.599120127009016,0.01,0.03983572870492935,"To help the DQN agent learn faster in the MountainCar-v0 environment, we need to consider the current exploration strategy and its effectiveness. Let's analyze the provided data and develop a strategy for the next 20 training episodes.

### Analysis:

1. **Current Action Distribution:**
   - Action 0 (Push Left): 33 times
   - Action 1 (No Push): 2 times
   - Action 2 (Push Right): 65 times

   The current action distribution is heavily skewed towards Action 2 (Push Right), with minimal usage of Action 1 (No Push).

2. **Total Reward:**
   - The total reward in the last episode is -67.52, which indicates that the agent is not yet reaching the goal efficiently.

3. **Movement Strategy:**
   - The MountainCar environment requires the agent to build momentum by oscillating between the left and right hills. This suggests that a more balanced exploration strategy that includes pushing both left and right is necessary to gather diverse experiences.

### Recommendations:

1. **Balanced Exploration:**
   - Encourage a more balanced exploration strategy. Since the agent is currently favoring pushing right, increase the probability of pushing left to help build necessary momentum.

2. **Action Distribution Recommendation:**
   - Action 0 (Push Left): 40%
   - Action 1 (No Push): 10%
   - Action 2 (Push Right): 50%

   This distribution encourages the agent to explore pushing left more often, which is crucial for building momentum. Keeping a small percentage for ""No Push"" can allow the car to coast and potentially gain speed naturally.

3. **Adaptive Exploration:**
   - Monitor the agent's performance over the next 20 episodes. If the reward improves, continue with the adjusted distribution. If not, consider further adjustments or incorporating state-dependent exploration strategies.

4. **State-Dependent Exploration:**
   - Consider incorporating a state-dependent exploration strategy where the agent selects actions based on its current position and velocity. For instance, if the car is moving left with high velocity, pushing left might be less beneficial than pushing right to maintain momentum.

By implementing these recommendations, the agent should gather more diverse experiences, potentially leading to faster learning and better performance in reaching the goal.","```json
{
  ""action_probs"": [0.4, 0.1, 0.5]
}
```"
126,-72.26478582872575,-61.1112615068645,0.01,0.03205146640539169,N/A,N/A
127,-62.00254374652701,-61.2869868794303,0.01,0.018843766301870346,N/A,N/A
128,-37.08344294112842,-61.18271309610314,0.01,0.01657915860414505,N/A,N/A
129,-37.124107061379696,-61.63874265121168,0.01,0.013886725530028343,N/A,N/A
130,-82.33765146669457,-61.46498914413682,0.01,0.06552936136722565,"Based on the provided data, it appears that the agent is currently struggling to efficiently explore the state space and build the necessary momentum to reach the goal in the MountainCar-v0 environment. The action distribution from the last episode shows a heavy bias towards certain actions, which may not be optimal for exploration. Here are some observations and recommendations:

### Observations:
1. **Action Bias**: The sampled actions are heavily skewed towards action `2` (Push Right), with a significant portion of the episode spent executing this action. Actions `0` (Push Left) and `1` (No Push) are underrepresented in comparison.
2. **Lack of Momentum Building**: The MountainCar environment requires the agent to build momentum by swinging back and forth. A more balanced exploration strategy might help the agent learn this behavior more effectively.
3. **Suboptimal Total Reward**: The total reward of -82.34 indicates that the agent is not reaching the goal efficiently, suggesting that the current exploration strategy might not be effective.

### Recommendations:
1. **Balanced Action Distribution**: For the next 20 training episodes, consider using a more balanced action distribution to encourage exploration of different strategies. A suggested exploration policy could be:
   - Action `0` (Push Left): 40%
   - Action `1` (No Push): 20%
   - Action `2` (Push Right): 40%

   This distribution encourages the agent to explore pushing left more frequently, which is crucial for building momentum.

2. **Incorporate Exploration Strategies**:
   - **Epsilon-Greedy Strategy**: Implement an epsilon-greedy strategy where the agent explores randomly with probability `epsilon` and exploits its current knowledge otherwise. Start with a higher epsilon (e.g., 0.3) and gradually decrease it over time.
   - **Entropy-Based Exploration**: Encourage exploration by adding an entropy term to the loss function, promoting a more diverse set of actions.

3. **Reward Shaping**: Consider shaping the reward function to provide intermediate rewards for reaching certain positions on the left hill, which can guide the agent in learning to build momentum more effectively.

4. **Monitor Learning Progress**: Continuously monitor the agent’s performance and adjust the exploration strategy based on observed improvements or stagnation in total rewards.

By implementing these recommendations, the agent should be able to explore the environment more effectively, build the necessary momentum, and ultimately learn to reach the goal more efficiently.","```json
{
  ""action_probs"": [0.4, 0.2, 0.4]
}
```"
131,-63.35550852623212,-60.904793706678404,0.01,0.037671446800231934,N/A,N/A
132,-43.087855637446054,-60.24748957711986,0.01,0.01738530583679676,N/A,N/A
133,-60.10357417703077,-61.04464930200434,0.01,0.014053048565983772,N/A,N/A
134,-64.16928033455544,-60.943758467807825,0.01,0.07118953764438629,N/A,N/A
135,-47.15879200895515,-60.7817993920891,0.01,0.04111254960298538,"Based on the provided data, it seems that the agent predominantly took action '2' (Push Right) in the last episode, with a smaller amount of action '0' (Push Left), and very few '1' (No Push) actions. This indicates a potential bias in the agent's exploration strategy, which could be limiting its ability to effectively learn how to build momentum to reach the goal.

To help the DQN agent learn faster, consider the following strategy recommendations for the exploration action distribution:

1. **Balanced Exploration**: Encourage a more balanced exploration strategy by adjusting the action distribution. Given the current bias towards action '2', it would be beneficial to increase the probability of selecting actions '0' and '1'. This can help the agent explore a wider range of state-action pairs and potentially discover more effective strategies for building momentum.

2. **Suggested Action Distribution**:
   - Action '0' (Push Left): 40%
   - Action '1' (No Push): 20%
   - Action '2' (Push Right): 40%

   This distribution encourages the agent to explore both pushing left and right equally, while still allowing for some exploration of the 'No Push' action, which might be useful in certain scenarios.

3. **Adaptive Exploration**: Consider using an adaptive exploration strategy, such as epsilon-greedy with a decaying epsilon, to gradually shift from exploration to exploitation as the agent learns. This can help the agent explore more effectively in the early stages and focus on refining its strategy as it gains more experience.

4. **Monitor and Adjust**: Continuously monitor the agent's performance and action distribution. If certain actions are still under-explored or if the agent's performance plateaus, further adjustments to the exploration strategy might be necessary.

Implementing these recommendations should help the agent build a better understanding of the environment dynamics and improve its ability to reach the goal more efficiently.","```json
{
  ""action_probs"": [0.4, 0.2, 0.4]
}
```"
136,-43.10629687737008,-60.64076406497047,0.01,0.017862942069768906,N/A,N/A
137,-63.162857698755296,-60.18553985951181,0.01,0.0179651640355587,N/A,N/A
138,-63.72491131108672,-60.06833510139084,0.01,0.03186566010117531,N/A,N/A
139,-43.88257477717542,-60.039326051683794,0.01,0.01710447669029236,N/A,N/A
140,-53.10252759844881,-59.5079414924576,0.01,0.01827150024473667,"Based on the task description and the provided data, the goal is to help the DQN agent learn faster by recommending an exploration action distribution for the MountainCar-v0 environment. The data provided includes the total reward from the last episode and the sampled actions taken during that episode.

### Analysis of the Provided Data:

1. **Total Reward**: The total reward in the last episode was -53.10. In MountainCar-v0, the reward is typically -1 for each time step until the car reaches the goal. A reward of -53.10 suggests that the car took approximately 53 time steps to reach the goal. This indicates that the agent is making some progress but can still be improved.

2. **Sampled Actions**: 
   - Actions taken were predominantly ""Push Right"" (2) towards the end of the episode, following a series of ""Push Left"" (0) actions.
   - There were very few ""No Push"" (1) actions, indicating that the agent is mostly choosing between pushing left or right, which is expected in this environment as building momentum is crucial.

### Recommendations for Exploration Strategy:

To improve the learning efficiency of the DQN agent, we should focus on an exploration strategy that encourages more balanced exploration of the action space, particularly in the early stages of learning.

1. **Action Distribution**:
   - **Push Left (0)**: 40%
   - **No Push (1)**: 20%
   - **Push Right (2)**: 40%

   This distribution encourages the agent to explore pushing both left and right more equally, while still allowing for some ""No Push"" actions. This can help the agent better understand the dynamics of building momentum by oscillating between the left and right hills.

2. **Exploration Strategy**:
   - Consider using an epsilon-greedy strategy with a relatively high epsilon value (e.g., 0.3 to 0.5) during these 20 episodes to ensure sufficient exploration.
   - Gradually decrease epsilon over time to allow the agent to exploit learned strategies as it becomes more proficient.

3. **Reward Shaping**:
   - While not directly related to action distribution, consider reward shaping by providing small positive rewards for increasing velocity or moving towards the goal. This can help guide the exploration towards more beneficial actions.

4. **Monitoring and Adjustment**:
   - Continuously monitor the agent's performance and adjust the action distribution if needed. If the agent starts to show improvement, consider shifting the distribution to favor the most effective actions.

By implementing these recommendations, the agent should be able to explore the environment more effectively, leading to faster learning and improved performance in reaching the goal in the MountainCar-v0 environment.","```json
{
  ""action_probs"": [0.4, 0.2, 0.4]
}
```"
141,-41.002518862020224,-59.373682024495714,0.01,0.04281780868768692,N/A,N/A
142,-36.79562678862628,-59.50448143780925,0.01,0.05326036736369133,N/A,N/A
143,-68.21861415813163,-59.31009879101225,0.01,0.043952181935310364,N/A,N/A
144,-61.95346724129321,-59.12902634880389,0.01,0.0101599907502532,N/A,N/A
145,-60.627135619471225,-58.32106415464309,0.01,0.019191287457942963,"To help the DQN agent learn faster in the MountainCar-v0 environment, it's important to encourage balanced exploration that allows the agent to experience a variety of states and actions. Let's analyze the provided data and propose an exploration strategy:

### Analysis:
1. **Total Reward**: The total reward in the last episode is -60.63, indicating that the car did not reach the goal efficiently. The reward suggests that the agent is still struggling to find an optimal policy.

2. **Action Distribution**: The sampled actions indicate a high frequency of action `2` (Push Right) in the latter part of the episode. Initially, the actions are dominated by `0` (Push Left), followed by a series of `2` actions.

3. **Current Exploration**: The current exploration strategy seems to be biased towards moving right after a brief period of moving left. This might not be sufficient to build the necessary momentum to reach the flag efficiently.

### Recommendations:
To improve exploration and help the DQN agent learn faster, consider the following strategy:

1. **Balanced Exploration**:
   - **Initial Exploration**: Start with a more balanced distribution among the three actions to ensure the agent explores all possible actions. For example, use a distribution like [0.4, 0.2, 0.4] for actions [0, 1, 2]. This encourages more exploration of the ""No Push"" action, which might be underexplored.
   
2. **Adaptive Exploration**:
   - Implement an epsilon-greedy strategy where epsilon starts high (e.g., 1.0) and decays over time (e.g., to 0.1). This allows for more random exploration initially and gradually shifts towards exploitation as the agent learns.

3. **Momentum Building**:
   - Encourage sequences of alternating actions (e.g., left-right-left-right) to build momentum. You can achieve this by implementing a simple heuristic that occasionally biases the action choice based on the current velocity. For instance, if the velocity is positive, slightly favor action `0` to push left, and if it's negative, favor action `2` to push right.

4. **Reward Shaping**:
   - Introduce a small shaping reward based on the velocity to encourage momentum. For example, provide a small positive reward for increasing velocity towards the goal direction.

5. **Monitor and Adjust**:
   - Continuously monitor the agent's performance and adjust the exploration strategy if the learning plateaus. Use performance metrics such as average reward and episode length to guide adjustments.

By implementing these strategies, the agent should be able to explore more effectively, build momentum more efficiently, and ultimately learn a better policy to solve the MountainCar-v0 task.","```json
{
  ""action_probs"": [0.4, 0.2, 0.4]
}
```"
146,-64.33206877557426,-57.81356288639463,0.01,0.02514001727104187,N/A,N/A
147,-59.59720624598142,-58.12649197822494,0.01,0.01983680948615074,N/A,N/A
148,-37.94485486326074,-58.2405066826379,0.01,0.0906040146946907,N/A,N/A
149,-59.18861146978783,-57.89274929283427,0.01,0.06474829465150833,N/A,N/A
150,-59.07151687866342,-57.69487823103221,0.01,0.09916189312934875,"Based on the provided data, it seems that the current exploration strategy is not effectively leveraging the action space to build the necessary momentum for the MountainCar-v0 task. The sampled actions show a heavy bias towards actions 0 (Push Left) and 2 (Push Right), with very few actions 1 (No Push). This distribution indicates that the agent is primarily alternating between pushing left and right, but not taking advantage of the ""No Push"" action, which can be crucial for fine-tuning the car's position and velocity to reach the goal efficiently.

### Analysis:

1. **Action Distribution:**
   - **Action 0 (Push Left):** 29 occurrences
   - **Action 1 (No Push):** 5 occurrences
   - **Action 2 (Push Right):** 66 occurrences

2. **Current Bias:**
   - The agent is predominantly using ""Push Right"" and ""Push Left"" actions, with a significant bias towards ""Push Right."" This might be leading to inefficient exploration and suboptimal learning of the environment dynamics.

3. **Total Reward:**
   - The total reward of -59.07 indicates that the agent is not yet performing optimally. A more balanced exploration strategy might help improve this.

### Recommendations:

1. **Balanced Action Distribution:**
   - To encourage more effective exploration, adjust the action distribution to be more balanced. This can help the agent learn the effects of each action more comprehensively.
   - Suggested Action Distribution for Exploration:
     - Action 0 (Push Left): 35%
     - Action 1 (No Push): 30%
     - Action 2 (Push Right): 35%

2. **Incorporate Stochastic Elements:**
   - Introduce some randomness to the action selection process to prevent the agent from getting stuck in local optima. This can be achieved by incorporating a small probability of selecting a completely random action.

3. **Adaptive Exploration Strategy:**
   - As the agent learns, adapt the exploration strategy based on performance. Initially, maintain a higher exploration rate, and gradually shift towards exploitation as the agent's performance improves.

4. **Monitor Performance:**
   - Continuously monitor the total reward and adjust the exploration strategy accordingly. If the performance plateaus or deteriorates, revisit and fine-tune the action distribution.

By implementing these recommendations, the agent should be able to explore the state-action space more effectively, leading to faster learning and improved performance in the MountainCar-v0 environment.","```json
{
  ""action_probs"": [0.35, 0.30, 0.35]
}
```"
151,-60.44174818616763,-57.41764760446692,0.01,0.019216075539588928,N/A,N/A
152,-58.965803817337,-57.48919245394062,0.01,0.016773950308561325,N/A,N/A
153,-37.77662595494185,-57.382757913718805,0.01,0.047886256128549576,N/A,N/A
154,-44.88220223319452,-57.861934750108205,0.01,0.026561036705970764,N/A,N/A
155,-61.467544429500656,-58.06992433002156,0.01,0.029166609048843384,"To help the DQN agent learn faster in the MountainCar-v0 environment, we need to ensure that the exploration strategy allows the agent to effectively explore the state space and learn the dynamics of building momentum. Let's analyze the provided data and derive an exploration strategy:

### Analysis:

1. **Action Distribution:**
   - The sampled actions are heavily skewed towards action `2` (Push Right), with a significant number of consecutive `2`s, especially in the middle and towards the end of the episode.
   - There are fewer instances of action `0` (Push Left) and even fewer of action `1` (No Push).

2. **Performance:**
   - The total reward in the last episode is `-61.467544429500656`, which indicates that the agent is not yet efficiently reaching the goal. In MountainCar-v0, the closer the reward is to `-200`, the less efficient the agent is.

3. **Momentum Building:**
   - To reach the goal, the car must oscillate between the left and right hills to build momentum. This requires a balanced exploration of pushing left and right actions.

### Recommendations:

To improve the exploration strategy and accelerate learning, consider the following action distribution for the next 20 training episodes:

1. **Balanced Exploration:**
   - **Action 0 (Push Left):** 40%
   - **Action 1 (No Push):** 10%
   - **Action 2 (Push Right):** 50%

2. **Rationale:**
   - **Increased Action 0 (Push Left):** Since the car needs to build momentum by moving left first, increasing the frequency of pushing left will help the car to climb the left hill and gain the necessary momentum.
   - **Action 1 (No Push):** This should be used sparingly as it doesn't contribute to momentum. A small percentage is maintained to ensure some level of exploration in states where no action might be beneficial.
   - **Action 2 (Push Right):** While pushing right is crucial for reaching the goal, it should be balanced with pushing left to ensure momentum is built effectively.

3. **Adaptive Exploration Strategy:**
   - Consider implementing an adaptive exploration strategy where the distribution can be adjusted based on the agent's performance and learning progress. For instance, if the agent starts showing improvement, gradually reduce exploration in favor of exploitation.

4. **Monitor and Adjust:**
   - Continuously monitor the agent's performance and adjust the action distribution strategy as needed. If the agent starts to converge to better policies, you might want to shift towards more exploitation.

By implementing this balanced action distribution, the agent should be able to explore the environment more effectively and learn the necessary policy to reach the goal faster.","```json
{
  ""action_probs"": [0.4, 0.1, 0.5]
}
```"
156,-59.55571218610607,-58.52077622749955,0.01,0.08880376070737839,N/A,N/A
157,-61.39674769164805,-58.59081659593386,0.01,0.06900426000356674,N/A,N/A
158,-41.236588604149546,-59.45950944741569,0.01,0.03267894312739372,N/A,N/A
159,-63.86560119055378,-59.30841061563194,0.01,0.04486541077494621,N/A,N/A
160,-59.99158058831067,-60.100793359331476,0.01,0.014304311946034431,"To help the DQN agent learn faster in the MountainCar-v0 environment, we need to focus on an exploration strategy that encourages the agent to effectively build momentum by oscillating between the hills. The data provided shows that the agent's actions are heavily biased towards pushing right (action 2), with some instances of pushing left (action 0) and very few instances of no push (action 1). This imbalance may hinder the agent's learning process, as it doesn't explore the state space thoroughly.

### Analysis of Current Action Distribution:
1. **Action 0 (Push Left):** Occurred frequently at the beginning and intermittently throughout the episode.
2. **Action 1 (No Push):** Rarely used.
3. **Action 2 (Push Right):** Dominant action, especially towards the end of the episode.

### Recommendations for Exploration Strategy:
To improve the agent's learning, we should adjust the exploration action distribution to better balance the actions, thus encouraging more diverse state exploration. Here's a suggested strategy:

1. **Balanced Exploration:**
   - **Action 0 (Push Left):** 40%
   - **Action 1 (No Push):** 20%
   - **Action 2 (Push Right):** 40%

   This distribution encourages the agent to explore both left and right movements equally, with a moderate amount of no push actions to allow the car to coast and gather momentum naturally.

2. **Incorporate Stochasticity:**
   - Introduce a small probability of selecting a random action (e.g., epsilon-greedy strategy with epsilon = 0.1) to ensure diverse exploration and prevent the agent from getting stuck in suboptimal oscillation patterns.

3. **Adaptive Exploration:**
   - Gradually adjust the action distribution based on the agent's performance. If the agent consistently fails to reach the goal, increase the exploration rate (e.g., more frequent random actions). Conversely, if the agent shows improvement, gradually decrease exploration to allow for more exploitation of learned strategies.

4. **Monitor and Adjust:**
   - Continuously monitor the agent's performance and adjust the exploration strategy as needed. If the total reward improves, it indicates that the exploration strategy is effective. Otherwise, further adjustments may be necessary.

By implementing these recommendations, the agent should be able to explore the state space more effectively, build the necessary momentum, and ultimately learn to solve the MountainCar-v0 task more efficiently.","```json
{
  ""action_probs"": [0.4, 0.2, 0.4]
}
```"
161,-43.72936936800832,-59.46047681837384,0.01,0.05773396044969559,N/A,N/A
162,-66.83746806364219,-59.708718007183016,0.01,0.01244334690272808,N/A,N/A
163,-59.88966184443726,-61.97974718667729,0.01,0.043499357998371124,N/A,N/A
164,-59.02283314792772,-64.80246909504976,0.01,0.027927346527576447,N/A,N/A
165,-41.51594689075969,-61.06208990356864,0.01,0.10516618937253952,"Based on the provided data, it appears that the current exploration strategy is heavily skewed towards taking the ""Push Right"" action (action 2). This is evident from the majority of actions being ""2"" in the sampled actions list. The agent also took a few ""No Push"" actions (action 1) and very few ""Push Left"" actions (action 0). This distribution likely indicates that the agent is trying to reach the goal by primarily pushing right, which might not be the most effective strategy given the dynamics of the MountainCar environment.

### Analysis

1. **Current Action Distribution**:
   - Push Left (0): Very few instances
   - No Push (1): A few instances
   - Push Right (2): Predominantly chosen

2. **Performance**: 
   - The total reward in the last episode is -41.52, which is relatively low. In MountainCar-v0, a higher (less negative) total reward indicates better performance, as the task is to reach the goal in as few steps as possible.

3. **Problem**:
   - The agent's current strategy seems to focus on pushing right without adequately building momentum by moving back and forth. This is crucial in MountainCar-v0 because the car needs to gain enough momentum to reach the top of the hill.

### Recommendations

To improve the exploration strategy and help the DQN agent learn more effectively, consider the following action distribution for the next 20 training episodes:

1. **Balanced Exploration**:
   - **Push Left (0)**: 40%
   - **No Push (1)**: 20%
   - **Push Right (2)**: 40%

2. **Rationale**:
   - **Push Left (0)**: Increasing the frequency of ""Push Left"" actions will help the car build momentum by moving left before attempting to move right. This is crucial for the agent to learn the importance of swinging back and forth to reach the goal.
   - **No Push (1)**: Keeping a moderate amount of ""No Push"" actions ensures that the agent can maintain its momentum without excessive acceleration, which can sometimes be beneficial in maintaining balance between left and right movements.
   - **Push Right (2)**: While still necessary, reducing the frequency of ""Push Right"" actions will prevent the agent from prematurely trying to reach the goal without adequate momentum.

3. **Adaptive Exploration**:
   - Monitor the agent's performance over the next 20 episodes. If the agent starts achieving higher rewards, consider gradually adjusting the distribution to favor the most successful actions. This adaptive approach allows the agent to fine-tune its strategy based on learned experiences.

By adopting this more balanced exploration strategy, the agent should better learn the dynamics of the MountainCar environment, leading to improved performance and faster convergence to an optimal policy.","```json
{
  ""action_probs"": [0.4, 0.2, 0.4]
}
```"
166,-71.1379176942848,-60.81618216768635,0.01,0.04742191359400749,N/A,N/A
167,-63.60400632562439,-62.12545027310317,0.01,0.11283544450998306,N/A,N/A
168,-66.25747045919107,-62.17000484577418,0.01,0.09577097743749619,N/A,N/A
169,-38.61091093992082,-60.7603647499458,0.01,0.01626710593700409,N/A,N/A
170,-63.366526972282934,-60.631369389869306,0.01,0.0120366420596838,"To help the DQN agent learn more effectively in the MountainCar-v0 environment, we need to ensure that the exploration strategy allows the agent to experience a diverse range of states and actions. This will enable the agent to better understand the dynamics of the environment and improve its policy.

### Analysis of Current Exploration Strategy:

1. **Action Distribution:**
   - The sampled actions show a heavy bias towards action 2 (""Push Right"") and action 0 (""Push Left""), with very few instances of action 1 (""No Push"").
   - This suggests that the agent is predominantly exploring the actions that involve pushing the car, potentially neglecting the ""No Push"" action, which might be necessary to fine-tune momentum and achieve better results.

2. **Total Reward:**
   - The total reward in the last episode is -63.37, which indicates that the agent is not yet reaching the goal efficiently. A reward closer to zero would indicate better performance.

3. **Momentum Building:**
   - The MountainCar-v0 task requires building momentum by moving back and forth. The current action distribution suggests the agent might be struggling to balance this momentum effectively.

### Recommendations for Exploration Strategy:

1. **Balanced Action Exploration:**
   - Encourage a more balanced exploration of all three actions. This can be achieved by adjusting the exploration policy to ensure that each action has a more equal probability of being chosen during exploration. A suggested distribution could be:
     - Action 0 (""Push Left""): 30%
     - Action 1 (""No Push""): 40%
     - Action 2 (""Push Right""): 30%

   This distribution places a slightly higher emphasis on the ""No Push"" action to allow the agent to explore the effects of not applying force, which can be crucial for managing momentum.

2. **Adaptive Exploration Strategy:**
   - Implement an epsilon-greedy strategy with a decaying epsilon. Start with a higher epsilon to encourage exploration and gradually reduce it to promote exploitation of learned strategies as the agent's performance improves.

3. **Use of Reward Shaping:**
   - Although not directly related to action distribution, consider implementing reward shaping to provide intermediate rewards for actions that successfully build momentum, even if the goal is not reached. This can help guide the agent towards more effective strategies.

4. **Monitor and Adjust:**
   - Continuously monitor the agent's performance and action distribution. If certain actions are still underrepresented or if performance does not improve, further adjustments to the exploration strategy may be necessary.

By implementing these recommendations, the agent should have a more balanced exploration experience, which can help it learn the optimal policy more efficiently in the MountainCar-v0 environment.","```json
{
  ""action_probs"": [0.3, 0.4, 0.3]
}
```"
171,-39.34986742012552,-61.8740994597339,0.01,0.03128625079989433,N/A,N/A
172,-58.89919124111932,-60.52738539178658,0.01,0.061013784259557724,N/A,N/A
173,-42.63457763206344,-60.03618069684529,0.01,0.09428198635578156,N/A,N/A
174,-42.23295532345905,-59.963951025148674,0.01,0.012696884572505951,N/A,N/A
175,-60.56169942763434,-59.88385276619141,0.01,0.015826145187020302,"Based on the provided data, it seems the agent is predominantly sampling actions ""0"" (Push Left) and ""2"" (Push Right), with very few instances of action ""1"" (No Push). This pattern suggests that the agent is attempting to build momentum by oscillating between pushing left and right, which is an essential strategy for solving the MountainCar-v0 task. However, the current strategy might not be effectively balancing exploration and exploitation, as indicated by the relatively low reward in the last episode.

### Analysis:
1. **Action Distribution**: The sampled actions show a heavy bias towards actions ""0"" and ""2"". This indicates that the agent might be over-relying on these actions and not adequately exploring the ""1"" (No Push) action, which can be crucial for fine-tuning the car's position and velocity.
2. **Reward**: The total reward of -60.56 suggests that the agent is not yet successfully reaching the goal consistently. The reward is indicative of episodes where the car doesn't reach the flag, as a successful episode would yield a reward closer to 0.

### Recommendations for Exploration Strategy:
1. **Balanced Action Sampling**: Introduce a more balanced action distribution to encourage exploration of all possible actions. For the next 20 training episodes, consider the following action distribution:
   - Action ""0"" (Push Left): 40%
   - Action ""1"" (No Push): 20%
   - Action ""2"" (Push Right): 40%

   This distribution encourages the agent to explore the ""No Push"" action more, which might help it learn when to conserve momentum or make finer adjustments in its trajectory.

2. **Adaptive Exploration**: Implement an adaptive exploration strategy like epsilon-greedy with a decaying epsilon. Start with a higher epsilon (e.g., 0.3) and gradually decrease it over episodes to shift from exploration to exploitation as the agent learns the environment dynamics.

3. **Momentum Understanding**: Ensure that the agent is learning the importance of building momentum. Monitor episodes to see if the agent is effectively using the hills to gain enough speed. Adjust the reward function, if possible, to provide intermediate rewards for achieving higher velocities or reaching certain positions.

4. **Reward Shaping**: Consider adding a small positive reward for reaching higher velocities or for spending time on the right side of the mountain. This might encourage more exploration of the state space that is closer to the goal.

5. **Monitor and Adjust**: Continuously monitor the agent's performance and adjust the action distribution and exploration parameters based on the observed learning improvements or stagnation.

By implementing these recommendations, you should help the DQN agent learn more effectively and potentially achieve better performance in the MountainCar-v0 environment.","```json
{
  ""action_probs"": [0.4, 0.2, 0.4]
}
```"
176,-41.8029714170785,-59.915480464836094,0.01,0.038479018956422806,N/A,N/A
177,-66.4557594141657,-59.996511302803995,0.01,0.08226180821657181,N/A,N/A
178,-37.889723523290435,-60.01838481922115,0.01,0.058786436915397644,N/A,N/A
179,-69.4117602093245,-58.9828228112396,0.01,0.1343744397163391,N/A,N/A
180,-60.5009932007574,-58.80198414272447,0.01,0.012598112225532532,"Based on the provided data, the agent seems to have a tendency to choose action 2 (Push Right) more frequently, especially towards the end of the episode. The total reward of -60.5009932007574 indicates that the agent is not yet able to consistently reach the goal, which is typical for the MountainCar-v0 environment at early stages of learning.

### Analysis:
1. **Action Distribution**: The current action distribution is heavily skewed towards action 2 (Push Right), with some instances of action 0 (Push Left) and very few instances of action 1 (No Push).
2. **Momentum Building**: To successfully solve the MountainCar-v0 environment, the agent needs to build momentum by oscillating between pushing left and right. The current distribution may not be effectively promoting this behavior, as it does not sufficiently encourage the agent to push left (action 0) to gain momentum.
3. **Exploration-Exploitation Balance**: The agent seems to be exploiting certain actions (pushing right) more than exploring other possibilities, which can hinder learning in this environment where momentum building is crucial.

### Recommendations:
To help the DQN agent learn faster, consider adjusting the exploration action distribution as follows:

1. **Balanced Action Distribution**: Encourage a more balanced exploration strategy to allow the agent to better discover the dynamics of the environment:
   - Action 0 (Push Left): 40%
   - Action 1 (No Push): 20%
   - Action 2 (Push Right): 40%

2. **Encourage Oscillation**: This distribution encourages the agent to oscillate between pushing left and right, which is essential for building the momentum necessary to reach the flag.

3. **Exploration Strategy**: 
   - Implement an epsilon-greedy strategy where epsilon is initially high to encourage exploration, then gradually decrease it over episodes to promote exploitation of learned strategies.
   - Consider using strategies like epsilon decay or adaptive exploration to dynamically adjust exploration based on the agent's performance.

4. **Monitor and Adjust**: Continuously monitor the agent's performance and adjust the exploration strategy as needed. If the agent starts to converge on a solution, you can reduce exploration to allow the agent to exploit its learned policy more.

By adopting a more balanced exploration strategy and encouraging the necessary oscillatory behavior, the agent is more likely to learn the optimal strategy for solving the MountainCar-v0 environment.","```json
{
  ""action_probs"": [0.4, 0.2, 0.4]
}
```"
181,-60.6962216772771,-58.85815689563235,0.01,0.040523551404476166,N/A,N/A
182,-60.72379796634694,-58.74073798733832,0.01,0.17423395812511444,N/A,N/A
183,-63.43271562336181,-58.53220986157461,0.01,0.0949542224407196,N/A,N/A
184,-57.78442055291962,-58.61302786269063,0.01,0.10868974775075912,N/A,N/A
185,-58.26124609119395,-58.60173210580363,0.01,0.09920492023229599,"To help the DQN agent learn faster in the MountainCar-v0 environment, it's important to ensure that the exploration strategy encourages diverse experiences. The goal is to enable the agent to effectively explore the state space and learn the dynamics of the environment more efficiently. Here are some observations and recommendations based on the provided data:

### Observations:
1. **Action Imbalance**: From the sampled actions, there is a clear imbalance. The agent predominantly chooses action `0` (Push Left) and action `2` (Push Right), with very few `1` (No Push) actions. This suggests that the agent is potentially over-relying on pushing actions to gain momentum, but it might not be exploring the benefits of the `No Push` action sufficiently.
   
2. **Reward Signal**: The total reward in the last episode is -58.26. In MountainCar-v0, higher (less negative) rewards indicate better performance. The goal is to reach the flag as quickly as possible, and a reward closer to zero would indicate success. The current reward suggests that the agent is not yet efficiently reaching the goal.

### Recommendations for Exploration Strategy:
1. **Balanced Exploration**:
   - **Increase Action Diversity**: Encourage a more balanced distribution of actions. This can be achieved by adjusting the exploration policy to sample actions more evenly. For example:
     - Action `0` (Push Left): 40%
     - Action `1` (No Push): 20%
     - Action `2` (Push Right): 40%

   This distribution ensures that the agent explores the effects of all actions, including the `No Push` action, which can be beneficial in certain states to maintain momentum.

2. **Adaptive Exploration**:
   - Consider using an exploration strategy that adapts over time, such as an epsilon-greedy approach with a decaying epsilon. Start with a higher epsilon (e.g., 0.9) to encourage more exploration and gradually decrease it to promote exploitation as the agent learns.

3. **State-Dependent Exploration**:
   - Implement a state-dependent exploration strategy where the action distribution is adjusted based on the car's position and velocity. For instance, when the car is at the peak of a hill, a `No Push` action might be more beneficial to allow gravity to assist in gaining momentum.

4. **Reward Shaping**:
   - Although not directly related to action distribution, consider implementing reward shaping to provide intermediate rewards for reaching certain positions or velocities. This can help guide the agent during exploration and encourage behaviors that lead to reaching the goal more efficiently.

By implementing these strategies, the agent should be able to explore the environment more effectively, leading to faster learning and better performance in reaching the goal in the MountainCar-v0 task.","```json
{
  ""action_probs"": [0.4, 0.2, 0.4]
}
```"
186,-38.46446670358999,-59.09985605229538,0.01,0.10818623751401901,N/A,N/A
187,-60.49568386630666,-59.36181548616484,0.01,0.10043591260910034,N/A,N/A
188,-60.07577687135031,-59.4050611614309,0.01,0.010647332295775414,N/A,N/A
189,-39.659116803073054,-59.93709951977328,0.01,0.09931015223264694,N/A,N/A
190,-64.78111309954464,-58.835252469890676,0.01,0.09608343243598938,"Based on the information provided, it seems that the current exploration strategy is heavily biased towards pushing the car to the right (action 2) and left (action 0), with very few instances of no push (action 1). This is evident from the sampled actions: a large number of actions are ""Push Right"" and ""Push Left,"" with very few ""No Push"" actions. The total reward in the last episode is quite low, indicating that the current strategy might not be efficient in helping the agent learn to solve the MountainCar-v0 task effectively.

### Analysis of Current Strategy:
1. **Bias Towards Extreme Actions**: The current action distribution is heavily skewed towards the extremes (pushing left or right), with very few ""No Push"" actions. This might cause the car to oscillate too much without effectively building the necessary momentum.
2. **Low Reward**: The total reward of -64.78 suggests that the agent is not effectively learning to reach the goal. This could be due to the lack of exploration of the ""No Push"" action, which might be necessary at certain states to maintain momentum.

### Recommendations for Exploration Strategy:
To improve the exploration and potentially accelerate learning, consider the following action distribution strategy:

1. **Balanced Exploration**:
   - **Action 0 (Push Left)**: 30%
   - **Action 1 (No Push)**: 20%
   - **Action 2 (Push Right)**: 50%

   This distribution increases the likelihood of ""No Push"" actions, allowing the agent to explore the effects of maintaining momentum without immediately reversing direction. It also maintains a higher probability of ""Push Right"" actions to encourage progress towards the goal.

2. **Adaptive Exploration**:
   - Implement an adaptive exploration strategy where the probabilities of actions change based on the car's position and velocity. For example, if the car is moving uphill but slowing down, increase the probability of ""Push Right"" to continue momentum.

3. **Exploration Noise**:
   - Introduce a small amount of randomness or noise to the action selection process to ensure that all actions are explored sufficiently over time, preventing the agent from getting stuck in suboptimal action patterns.

4. **Decaying Exploration Over Time**:
   - Gradually reduce the exploration rate as the agent learns more about the environment. Start with the recommended distribution and slowly decay the exploration towards a more deterministic policy as performance improves.

By implementing these strategies, the agent should be able to explore the state-action space more effectively, potentially leading to better learning and improved performance in reaching the goal in MountainCar-v0.","```json
{
  ""action_probs"": [0.3, 0.2, 0.5]
}
```"
191,-40.4468138537453,-60.602648334257744,0.01,0.0975295826792717,N/A,N/A
192,-64.60170894891533,-67.3293397290889,0.01,0.09174984693527222,N/A,N/A
193,-41.3739248207005,-63.5120288949433,0.01,0.2052823156118393,N/A,N/A
194,-60.85134995249764,-63.07742706036578,0.01,0.1177244484424591,N/A,N/A
195,-60.45678839559303,-62.50358668367382,0.01,0.015753522515296936,"To help the DQN agent learn faster in the MountainCar-v0 environment, it's important to ensure that the exploration strategy effectively covers the action space and facilitates the agent's ability to build momentum. Let's analyze the provided data and suggest an exploration strategy:

### Analysis of Current Action Distribution

1. **Current Action Distribution:**
   - Action 0 (Push Left): 47 times
   - Action 1 (No Push): 10 times
   - Action 2 (Push Right): 43 times

2. **Observation:**
   - The actions are not evenly distributed, with a slight preference for Action 0 (Push Left) and Action 2 (Push Right), which is a good sign as these actions are crucial for building momentum.
   - Action 1 (No Push) is significantly underrepresented, which might be limiting exploration in states where maintaining velocity without additional push could be beneficial.

3. **Total Reward:**
   - The total reward of -60.46 suggests that the agent is not reaching the goal efficiently or consistently, indicating room for improvement in exploration.

### Recommended Exploration Strategy

To enhance the agent's learning, we can adjust the exploration strategy as follows:

1. **Balanced Exploration:**
   - Aim for a more balanced distribution between the actions, with a slight emphasis on actions that help build momentum (Push Left and Push Right).
   - Suggested distribution for the next 20 episodes:
     - Action 0 (Push Left): 40%
     - Action 1 (No Push): 20%
     - Action 2 (Push Right): 40%

2. **Rationale:**
   - **Push Left and Push Right (40% each):** These actions are crucial for building the necessary momentum to reach the goal. A balanced emphasis on these actions helps the agent explore the dynamics of momentum building more effectively.
   - **No Push (20%):** Increasing the frequency of this action allows the agent to explore scenarios where maintaining current velocity might be beneficial, especially when the car is near the peak of a hill.

3. **Adaptive Exploration:**
   - Consider using an epsilon-greedy strategy with a decaying epsilon to balance exploration and exploitation. Start with a higher epsilon (e.g., 0.3) and gradually decrease it to encourage more exploitation as the agent learns.

4. **Monitor and Adjust:**
   - Continuously monitor the agent's performance and adjust the action distribution if necessary. If the agent shows improvement in reaching the goal, consider gradually shifting towards more exploitation-focused strategies.

By implementing these recommendations, the agent should be able to explore the state-action space more effectively, leading to faster learning and improved performance in the MountainCar-v0 environment.","```json
{
  ""action_probs"": [0.4, 0.2, 0.4]
}
```"
196,-37.7205950818324,-83.80915396927244,0.01,0.011746594682335854,N/A,N/A
197,-79.593542713235,-59.95880630486795,0.01,0.01291353814303875,N/A,N/A
198,-45.361290967131815,-59.27919746182762,0.01,0.11594345420598984,N/A,N/A
199,-60.36362937014452,-60.49894558520871,0.01,0.013831077143549919,N/A,N/A
200,-39.21846348687042,-60.75381642603172,0.01,0.011967066675424576,"Based on the provided data, it appears that the agent's action distribution is heavily skewed towards pushing in one direction, particularly towards the right (action 2). This is evident from the sampled actions, which show a long sequence of action 2 after an initial sequence of action 0. The lack of diversity in actions suggests that the agent may not be adequately exploring the environment, which can hinder learning in the MountainCar-v0 task.

### Analysis:
1. **Action Bias**: The agent seems to have a strong bias towards pushing right after an initial sequence of pushing left. This might be due to the agent attempting to reach the flag by pushing right without building sufficient momentum.

2. **Lack of Exploration**: The current exploration strategy does not appear to encourage sufficient back-and-forth movement, which is crucial for building the momentum needed to reach the goal in MountainCar-v0.

3. **Reward Feedback**: The total reward of -39.218 indicates that the agent is not efficiently reaching the goal, as the optimal reward would be closer to zero (or slightly negative due to time penalties).

### Recommendations for Exploration Strategy:
To enhance exploration and help the DQN agent learn more effectively, consider implementing the following exploration action distribution:

1. **Balanced Action Distribution**:
   - **Action 0 (Push Left)**: 40%
   - **Action 1 (No Push)**: 20%
   - **Action 2 (Push Right)**: 40%

   This balanced distribution encourages the agent to explore both left and right movements more equally, which is essential for building the necessary momentum to reach the goal.

2. **Incorporate Stochasticity**:
   - Introduce a degree of randomness in action selection to prevent the agent from getting stuck in local optima. This can be achieved by using an epsilon-greedy strategy where a small percentage of actions are chosen randomly, regardless of the current policy.

3. **Adaptive Exploration**:
   - Gradually decrease exploration (epsilon decay) as the agent becomes more proficient in the task. Start with a higher exploration rate and slowly reduce it over time as the agent's performance improves.

4. **Monitor Performance**:
   - Continuously monitor the agent's performance and adjust the exploration strategy if the learning does not improve. Look for trends in the total reward and adjust the action distribution if necessary.

By implementing these recommendations, the agent should be better equipped to explore the state space effectively, build the necessary momentum, and improve its performance in the MountainCar-v0 environment.","```json
{
  ""action_probs"": [0.4, 0.2, 0.4]
}
```"
201,-61.418692688175,-60.811389062607475,0.01,0.031729865819215775,N/A,N/A
202,-61.593152700520925,-59.20848303959933,0.01,0.051223866641521454,N/A,N/A
203,-38.741677246425695,-60.0856565503046,0.01,0.016869913786649704,N/A,N/A
204,-60.54191660966702,-58.58310616484736,0.01,0.012771619483828545,N/A,N/A
205,-43.42918012523692,-58.98992121024689,0.01,0.03962286189198494,"Based on the provided data, it appears that the agent is currently biased towards taking actions 0 (Push Left) and 2 (Push Right), with a significant imbalance in the distribution between these two actions. Specifically, the agent initially took a series of actions 0, followed by a longer series of actions 2, with no actions 1 (No Push) being taken at all. This suggests a lack of exploration and diversity in action selection, which can hinder the agent's ability to effectively learn and optimize its policy.

### Analysis:
1. **Imbalance in Action Distribution**: The agent heavily favors actions 0 and 2, with no actions 1 being taken. This could lead to suboptimal exploration and prevent the agent from understanding the full dynamics of the environment.
   
2. **Lack of Exploration**: The absence of action 1 indicates that the agent is not exploring the state space effectively. This could result in the agent missing out on potentially valuable state-action pairs that involve maintaining the current position (i.e., no push).

3. **Momentum Building**: Since the MountainCar environment requires building momentum by moving back and forth, an overly deterministic or biased action selection might prevent the agent from discovering the optimal strategy for reaching the goal.

### Recommendations for Exploration Strategy:
To improve the exploration strategy and facilitate faster learning for the DQN agent, consider the following action distribution:

1. **Balanced Exploration**: Introduce a more balanced action distribution that includes action 1. A possible distribution could be:
   - Action 0 (Push Left): 40%
   - Action 1 (No Push): 20%
   - Action 2 (Push Right): 40%

2. **Incorporate Randomness**: Use an epsilon-greedy strategy where a small percentage of actions are chosen randomly. This will help ensure that the agent occasionally explores less frequently chosen actions (like action 1) and avoids getting stuck in local optima.

3. **Adaptive Exploration**: Gradually adjust the exploration distribution based on the agent's performance. If the agent starts achieving better rewards, slightly reduce exploration to allow for more exploitation of learned strategies.

4. **Monitor and Adjust**: After implementing the new exploration strategy, monitor the agent's performance over the next 20 episodes. Look for improvements in total rewards and adjust the exploration distribution if necessary to further optimize learning.

By implementing a more balanced and adaptive exploration strategy, the agent should be able to explore the state-action space more effectively, leading to faster learning and improved performance in the MountainCar environment.","```json
{
  ""action_probs"": [0.4, 0.2, 0.4]
}
```"
206,-60.56423363340352,-59.052384328546296,0.01,0.11418437212705612,N/A,N/A
207,-59.146936870881866,-58.217741103421325,0.01,0.007442742120474577,N/A,N/A
208,-47.618277651277744,-58.31682055356559,0.01,0.03161407634615898,N/A,N/A
209,-61.41044391409626,-58.08935691215517,0.01,0.013099146075546741,N/A,N/A
210,-39.00965749399203,-57.73276623023877,0.01,0.011642688885331154,"Based on the data provided, it seems like the agent is predominantly taking actions 0 (Push Left) and 2 (Push Right), with a very limited number of actions 1 (No Push). This action distribution indicates that the agent is trying to build momentum by moving back and forth, which is a necessary strategy for the MountainCar-v0 environment. However, the total reward of -39.00965749399203 suggests that the agent is not yet performing optimally.

### Analysis:

1. **Action Distribution:**
   - The agent heavily favors actions 0 and 2, which is good for building momentum, but the lack of action 1 suggests that the agent might not be exploring the full action space effectively.
   - The sampled actions show a sequence of actions 0 followed by a longer sequence of actions 2, which might indicate that the agent is not effectively balancing its left and right pushes to maximize momentum.

2. **Performance:**
   - A total reward of -39 is relatively close to the optimal, but there is still room for improvement. The agent might be getting stuck or not managing to consistently reach the goal.

### Recommendations for Exploration Strategy:

1. **Balanced Exploration:**
   - Encourage a more balanced exploration of the action space. A distribution that allows for more frequent sampling of action 1 could help the agent better evaluate when to stop pushing and let the car roll, which can be crucial for timing momentum correctly.

2. **Exploration Action Distribution:**
   - Consider using a softmax or epsilon-greedy strategy with a bias towards actions 0 and 2 but ensuring that action 1 is selected more frequently than it currently is. A possible distribution could be:
     - Action 0 (Push Left): 40%
     - Action 1 (No Push): 20%
     - Action 2 (Push Right): 40%
   - This distribution maintains the focus on building momentum but allows for more exploration of the action 1 space.

3. **Adaptive Exploration:**
   - Implement an adaptive exploration strategy where the action distribution can dynamically adjust based on the agent's recent performance. If the agent is not improving, increase exploration (e.g., more action 1) to help escape local optima.

4. **Monitoring and Adjustment:**
   - Continuously monitor the agent's performance and adjust the exploration strategy as needed. If the total reward plateaus, consider increasing exploration again to search for better policies.

By adopting a more balanced exploration strategy, the agent should be able to learn more effectively and improve its performance in reaching the goal in the MountainCar-v0 environment.","```json
{
  ""action_probs"": [0.4, 0.2, 0.4]
}
```"
211,-38.46035950802325,-58.13171884382392,0.01,0.02333236299455166,N/A,N/A
212,-39.63296408747722,-57.9246074444073,0.01,0.12516604363918304,N/A,N/A
213,-36.8511235466044,-57.961447319683415,0.01,0.3594810366630554,N/A,N/A
214,-45.630068740534725,-57.707473299138144,0.01,0.12509946525096893,N/A,N/A
215,-38.63104574126191,-57.96677221815139,0.01,0.257129430770874,"Based on the information provided, it seems that the current exploration strategy is heavily biased towards taking action 0 (Push Left) initially, followed by a strong preference for action 2 (Push Right) later in the episode. This kind of action distribution is not balanced and might not be optimal for learning an effective policy in the MountainCar-v0 environment.

### Analysis:
1. **Action Imbalance**: The sampled actions show a significant imbalance, with a long sequence of action 0 followed by a long sequence of action 2. This indicates that the agent is not exploring the action space effectively. The absence of action 1 (No Push) suggests that the agent is not exploring all possible actions, which could hinder learning.

2. **Reward Signal**: The total reward of -38.63 indicates that the agent is not performing well. In MountainCar-v0, the reward is typically -1 for each time step until the car reaches the goal, so a less negative reward would indicate better performance.

### Recommendations for Exploration Strategy:

1. **Balanced Exploration**: Introduce a more balanced action distribution during exploration to ensure that the agent learns the effects of all actions. A simple strategy could be to use an epsilon-greedy approach where:
   - With probability `epsilon`, choose a random action (0, 1, or 2).
   - With probability `1-epsilon`, choose the action suggested by the current policy.
   - Start with a higher `epsilon` (e.g., 0.2 or 0.3) and decay it over time as the agent learns.

2. **Encourage Action 1 Usage**: Since action 1 (No Push) is underrepresented, consider increasing its probability during exploration to ensure the agent learns when it might be beneficial to maintain the current momentum without additional force.

3. **Adaptive Exploration**: Consider using an adaptive exploration strategy that adjusts the action probabilities based on the car's position and velocity. For example:
   - If the car is moving uphill, prioritize actions that maintain or increase momentum (e.g., action 2 when moving right, action 0 when moving left).
   - If the car is near the peak, consider using action 1 to let gravity assist in reversing direction.

4. **Exploration Schedule**: Implement a schedule for exploration that gradually shifts from exploration to exploitation. This can be done by decaying `epsilon` over the 20 episodes to focus more on exploiting learned policies as the agent improves.

By adopting a more balanced and adaptive exploration strategy, the agent is likely to gather more diverse experiences, which can help in learning a more effective policy for solving the MountainCar-v0 task.","```json
{
  ""action_probs"": [0.3, 0.4, 0.3]
}
```"
216,-60.218483641041864,-57.9811733288541,0.01,0.01404156256467104,N/A,N/A
217,-59.6611508248906,-58.018438742407376,0.01,0.29799312353134155,N/A,N/A
218,-38.65306801354246,-58.12557799528582,0.01,0.012985586188733578,N/A,N/A
219,-58.809331916533715,-58.273168231507796,0.01,0.0120678236708045,N/A,N/A
220,-58.388080708903736,-57.7937750052429,0.01,0.01278163306415081,"To help the DQN agent learn faster in the MountainCar-v0 environment, we need to focus on an exploration strategy that encourages the agent to effectively build momentum by alternating between pushing left and right. The sampled actions from the last episode show a heavy bias towards a specific pattern, which may not be optimal for exploration. Here's a breakdown of the current situation and recommendations:

### Analysis of Current Action Distribution

1. **Action Bias**: 
   - There is a noticeable bias towards action `2` (Push Right), especially in the latter half of the episode.
   - Action `0` (Push Left) is used predominantly in the first half but is less frequent in the latter stages.
   - Action `1` (No Push) is infrequent and appears sporadically.

2. **Reward**:
   - The total reward of -58.39 suggests that the agent is not effectively reaching the goal, which requires better momentum management.

### Recommendations for Exploration Strategy

1. **Balanced Exploration**:
   - To help the agent learn the dynamics of building momentum, we should encourage a more balanced exploration strategy. This can be achieved by adjusting the action distribution to ensure the agent explores different states effectively.

2. **Proposed Action Distribution**:
   - **Action 0 (Push Left)**: 40%
   - **Action 1 (No Push)**: 20%
   - **Action 2 (Push Right)**: 40%

   This distribution encourages the agent to explore pushing left and right equally, while still allowing for some instances of no push to explore the effect of maintaining velocity.

3. **Adaptive Exploration**:
   - Consider using an adaptive exploration strategy such as epsilon-greedy with a decaying epsilon. Start with a higher epsilon to promote exploration and gradually decrease it to favor exploitation as the agent learns.

4. **Momentum Building**:
   - Encourage exploration strategies that focus on building momentum. For example, sequences of actions like [0, 2, 0, 2] can be beneficial for learning how to climb the hill effectively.

5. **Reward Shaping**:
   - If possible, provide intermediate rewards for reaching higher positions on the hill. This can help guide the agent towards strategies that build momentum.

By implementing these recommendations, the agent should be able to explore the state space more effectively, leading to improved learning and performance in reaching the goal.","```json
{
  ""action_probs"": [0.4, 0.2, 0.4]
}
```"
221,-51.496593893665306,-57.60861652771905,0.01,0.011540232226252556,N/A,N/A
222,-58.93265666444785,-57.855580455385756,0.01,0.011977504007518291,N/A,N/A
223,-49.895095880329606,-57.61327968560314,0.01,0.12364174425601959,N/A,N/A
224,-43.45695807871275,-57.63167270040132,0.01,0.23339204490184784,N/A,N/A
225,-61.59098271909169,-58.1289996770427,0.01,0.012903671711683273,"Based on the provided data, the sampled actions from the last episode indicate a skewed distribution where the agent predominantly took action ""2"" (Push Right), followed by action ""0"" (Push Left), and rarely took action ""1"" (No Push). This unbalanced action distribution may not be optimal for learning an effective policy in the MountainCar-v0 environment, as the car needs to oscillate between left and right to build up enough momentum to reach the goal.

### Analysis:
1. **Action Distribution**:
   - **Push Left (0)**: 27 occurrences
   - **No Push (1)**: 1 occurrence
   - **Push Right (2)**: 74 occurrences

2. **Total Reward**: The total reward of approximately -61.59 suggests that the agent is not performing optimally since the episode likely ended before reaching the goal.

### Recommendations for Exploration Strategy:

1. **Balance Action Distribution**:
   - Encourage a more balanced exploration strategy by increasing the probability of taking the ""Push Left"" (0) and ""No Push"" (1) actions. This will help the agent to explore different state spaces and learn the necessary oscillation behavior.
   
2. **Proposed Action Probabilities**:
   - **Push Left (0)**: 40%
   - **No Push (1)**: 20%
   - **Push Right (2)**: 40%

   This distribution encourages exploration of all actions, with a slight preference to ""Push Left"" and ""Push Right"" to facilitate momentum building.

3. **Adaptive Exploration**:
   - Consider using an exploration strategy that adapts based on the agent's performance. For instance, reduce the exploration rate as the agent's performance improves, allowing it to exploit learned behaviors more effectively.

4. **Monitor Learning Progress**:
   - Continuously monitor the agent's performance and adjust the exploration strategy accordingly. If the agent shows improvement, gradually shift towards a more exploitative strategy.

5. **Consider Reward Shaping**:
   - If the learning process remains slow, consider shaping the reward function to provide intermediate rewards for reaching certain positions or velocities, encouraging the agent to explore beneficial behaviors.

By adjusting the exploration strategy to be more balanced, the agent can better learn the necessary dynamics to achieve the goal in the MountainCar-v0 environment.","```json
{
  ""action_probs"": [0.4, 0.2, 0.4]
}
```"
226,-61.3109320781593,-57.730237667143754,0.01,0.14994537830352783,N/A,N/A
227,-62.44010792956687,-57.83731579382642,0.01,0.05031346157193184,N/A,N/A
228,-60.47908607290757,-57.940390239885836,0.01,0.13161008059978485,N/A,N/A
229,-41.0029224148885,-57.93831726862224,0.01,0.009441114962100983,N/A,N/A
230,-58.81562246412254,-58.1124617142505,0.01,0.17071868479251862,"Based on the provided information, it appears that the agent's current exploration strategy is not effectively balancing the actions, which may be hindering its ability to learn an optimal policy for solving the MountainCar-v0 task. Let's analyze the situation and provide recommendations:

### Analysis:

1. **Current Action Distribution:**
   - The sampled actions show a heavy bias towards action 2 (Push Right), especially in the latter part of the episode. This might lead to insufficient exploration of the state space, particularly the states that can be reached by pushing left or not pushing at all.

2. **Total Reward:**
   - The total reward of -58.8156 indicates that the agent is not efficiently reaching the goal. In MountainCar-v0, a higher (less negative) reward implies better performance, as the reward is the negative of the number of time steps taken to reach the goal.

3. **Momentum Building:**
   - The task requires the agent to build momentum by oscillating between the left and right hills. A heavy bias towards pushing right might prevent the agent from building the necessary momentum.

### Recommendations:

To help the DQN agent learn faster, we should encourage a more balanced exploration strategy. Here are the recommendations for the next 20 training episodes:

1. **Balanced Action Distribution:**
   - Aim for a more balanced distribution of actions to ensure the agent explores different strategies. A suggested distribution could be:
     - Action 0 (Push Left): 40%
     - Action 1 (No Push): 20%
     - Action 2 (Push Right): 40%

2. **Incorporate Stochastic Exploration:**
   - Use a stochastic exploration strategy like epsilon-greedy with a higher epsilon (e.g., 0.2 to 0.3) during these episodes to allow for more random actions, which can help the agent discover effective momentum-building strategies.

3. **Monitor and Adjust:**
   - Continuously monitor the reward trends and adjust the action distribution based on observed performance. If the agent shows improvement, gradually shift towards a more greedy policy.

4. **Encourage Oscillation:**
   - Encourage oscillation by initially favoring actions that push the car in both directions. This can help the agent better understand the dynamics needed to build momentum.

5. **Reward Shaping:**
   - Consider implementing reward shaping techniques that provide additional feedback for reaching higher positions on the hills, which can encourage the agent to explore more effectively.

By adopting these strategies, the agent should be able to explore the state space more effectively, leading to better learning and faster convergence towards an optimal policy.","```json
{
  ""action_probs"": [0.4, 0.2, 0.4]
}
```"
231,-48.025049011043386,-58.004933599632714,0.01,0.12136971205472946,N/A,N/A
232,-61.38583592851975,-57.69944027790979,0.01,0.02992812544107437,N/A,N/A
233,-58.71327042773897,-59.97904197427488,0.01,0.04439352825284004,N/A,N/A
234,-63.45228606574905,-60.10623083818449,0.01,0.1490696668624878,N/A,N/A
235,-55.969474403345174,-60.085196819725255,0.01,0.0298144668340683,"Based on the provided data, we can observe the following:

1. **Action Distribution**: The sampled actions show a heavy bias towards action 2 (Push Right), with occasional action 0 (Push Left) and very few instances of action 1 (No Push). This indicates that the exploration strategy is currently skewed towards pushing the car to the right.

2. **Total Reward**: The total reward in the last episode is -55.969, which suggests that the agent is not efficiently reaching the goal, as the reward is significantly negative. In MountainCar-v0, the reward is -1 for each time step until the car reaches the flag, so a high negative reward indicates that the car is spending a lot of time without reaching the goal.

### Recommendations:

1. **Balanced Exploration**:
   - **Increase Diversity**: To help the agent learn more effectively, it is important to have a more balanced action distribution during exploration. The current distribution is too focused on pushing right. We should encourage exploration of all actions more evenly to discover effective strategies.
   - **Suggested Action Probabilities**: Consider using an action distribution that gives more weight to underrepresented actions. For example, a distribution like [0.3, 0.2, 0.5] for actions [Push Left, No Push, Push Right] could be beneficial. This would increase the likelihood of exploring the left push and no push actions, which might help the agent learn to build momentum more effectively.

2. **Momentum Building**:
   - **Encourage Oscillation**: Since the MountainCar problem requires building momentum by oscillating between the hills, ensure that the agent explores sequences of left and right pushes to gain speed. The current bias towards pushing right may not allow the car to gain sufficient momentum to reach the goal.

3. **Adaptive Exploration**:
   - **Exploration Strategy**: Implement an adaptive exploration strategy where the action probabilities can change based on the agent's performance. For example, if the agent is not improving, increase the exploration rate to allow more diverse action sampling. Conversely, if performance improves, gradually reduce exploration to exploit learned strategies.

4. **Monitor and Adjust**:
   - **Continuous Monitoring**: Keep track of the agent's performance over the next 20 episodes using the new action distribution. Adjust the exploration strategy based on observed improvements or lack thereof. If the agent's performance plateaus, consider further adjusting the action probabilities.

By implementing a more balanced exploration strategy and encouraging the agent to explore different actions, the agent should be able to learn more effective strategies for building momentum and reaching the goal more efficiently.","```json
{
  ""action_probs"": [0.3, 0.2, 0.5]
}
```"
236,-61.25383289479153,-60.13275548948984,0.01,0.1299576759338379,N/A,N/A
237,-60.75884776888414,-60.3622247273291,0.01,0.014699055813252926,N/A,N/A
238,-59.315877004154,-61.08002281213106,0.01,0.11366132646799088,N/A,N/A
239,-59.857244160307374,-60.71913836467057,0.01,0.11178329586982727,N/A,N/A
240,-57.78934877170583,-60.73484193086382,0.01,0.009609803557395935,"Based on the data provided, the sampled actions and the total reward indicate that the current exploration strategy might not be effectively helping the agent to learn the optimal policy in the MountainCar-v0 environment. Here's a breakdown of the situation and recommendations for improving exploration:

### Analysis:
1. **Action Distribution:**
   - The sampled actions show a heavy bias towards actions `0` (Push Left) and `2` (Push Right), with a significant lack of action `1` (No Push).
   - This distribution suggests the agent is primarily oscillating between pushing left and right without adequately exploring the impact of not pushing.

2. **Total Reward:**
   - The total reward of approximately -57.79 indicates that the agent is not yet able to solve the task effectively. In MountainCar-v0, the reward is -1 for each time step until the goal is reached, so a higher negative reward suggests the agent is taking many steps without reaching the goal.

### Recommendations for Exploration Strategy:

1. **Balanced Exploration:**
   - Introduce a more balanced exploration strategy that includes more frequent sampling of action `1` (No Push). This can help the agent understand the effect of maintaining velocity without additional input.
   - Suggested Action Distribution: 
     - Action `0` (Push Left): 35%
     - Action `1` (No Push): 30%
     - Action `2` (Push Right): 35%

2. **Exploration Techniques:**
   - **Epsilon-Greedy with Annealing:** Start with a higher epsilon (e.g., 0.5) to encourage exploration and gradually decrease it over the 20 episodes to allow the agent to exploit learned policies.
   - **Boltzmann Exploration:** Use a temperature parameter to control the randomness of action selection, encouraging exploration of less frequent actions like `1`.

3. **State-Dependent Exploration:**
   - Consider using a state-dependent exploration strategy where the choice of action is influenced by the current state (position and velocity). For instance, if the car is moving uphill with sufficient velocity, action `1` might be more beneficial.

4. **Reward Shaping:**
   - Although not directly related to exploration, consider implementing reward shaping to provide intermediate rewards for achieving sub-goals, like reaching the opposite hill's peak, to encourage momentum building.

5. **Monitoring and Adjustments:**
   - Continuously monitor the performance over the next 20 episodes and adjust the action distribution based on observed improvements or lack thereof. If necessary, tweak the distribution percentages to favor actions that seem to contribute more positively to momentum building.

By implementing these recommendations, the exploration strategy should become more effective in aiding the DQN agent to learn the optimal policy for the MountainCar-v0 environment.","```json
{
  ""action_probs"": [0.35, 0.3, 0.35]
}
```"
241,-60.90471640058922,-60.07488573558088,0.01,0.021296747028827667,N/A,N/A
242,-113.18170458920228,-57.83802241986898,0.01,0.028513576835393906,N/A,N/A
243,-64.90706238219117,-57.51450183728243,0.01,0.014806088991463184,N/A,N/A
244,-37.81866418099296,-57.386793817683476,0.01,0.10424084961414337,N/A,N/A
245,-59.32947476470645,-57.618141346694514,0.01,0.09819276630878448,"To help the DQN agent learn faster in the MountainCar-v0 environment, we need to improve the exploration strategy based on the provided data. Let's break down the current situation and suggest a strategy:

### Analysis of Current Exploration Behavior:

1. **Action Distribution**:
   - The sampled actions indicate a heavy bias towards actions `0` (Push Left) and `2` (Push Right).
   - There is a complete absence of action `1` (No Push), which suggests that the agent isn't exploring this action at all.

2. **Reward**:
   - The total reward in the last episode is `-59.33`. In MountainCar-v0, the reward is `-1` for each time step until the goal is reached. A reward closer to `-200` indicates that the agent is not reaching the goal, and a reward closer to `0` indicates better performance.

3. **Momentum Building**:
   - The task requires the car to build momentum by oscillating between the left and right hills. A lack of exploration of the `No Push` action might be hindering the agent's ability to effectively manage momentum.

### Recommendations for Exploration Strategy:

1. **Balanced Action Distribution**:
   - Introduce a more balanced exploration strategy that includes all three actions. This can be achieved by adjusting the exploration policy to ensure that all actions have a non-zero probability of being selected.
   - Proposed action probabilities: 
     - Action `0` (Push Left): 40%
     - Action `1` (No Push): 20%
     - Action `2` (Push Right): 40%

2. **Incorporate Stochastic Exploration**:
   - Use an epsilon-greedy strategy where the agent occasionally selects a random action with probability `epsilon` (e.g., 10-20%) to encourage exploration of less frequently chosen actions.
   - Gradually decrease `epsilon` over episodes to shift from exploration to exploitation as the agent learns.

3. **Encourage Momentum Building**:
   - Ensure that the agent explores sequences of actions that allow it to build momentum effectively. This could involve increasing the exploration of action `1` (No Push) in specific states where the car is at the peak of the hill, allowing gravity to aid momentum.

4. **Monitor and Adjust**:
   - Continuously monitor the agent's performance and adjust the exploration strategy based on the observed state-action values. If certain actions are under-explored or over-explored, adjust their probabilities accordingly.

By implementing these recommendations, the agent should be better equipped to explore the action space effectively, leading to improved learning and faster convergence towards optimal strategies in the MountainCar-v0 environment.","```json
{
  ""action_probs"": [0.4, 0.2, 0.4]
}
```"
246,-59.5096634264528,-57.525470600238506,0.01,0.13720281422138214,N/A,N/A
247,-63.511711178182416,-57.34022583828181,0.01,0.1027192696928978,N/A,N/A
248,-61.32865139642961,-57.54983336817985,0.01,0.1328021138906479,N/A,N/A
249,-60.132149386020096,-57.51897375696301,0.01,0.09115001559257507,N/A,N/A
250,-40.52009873234401,-57.73372966897271,0.01,0.013448629528284073,"Based on the provided data, it seems that the agent predominantly sampled actions 0 (Push Left) and 2 (Push Right), with a transition from a series of action 0 to a series of action 2. This pattern suggests that the agent might be attempting to build momentum by first moving left and then right, which is a typical strategy for the MountainCar-v0 environment. However, the absence of action 1 (No Push) and the total reward of -40.52 indicate that the agent might not be effectively balancing its actions to maximize momentum and reach the goal efficiently.

Here are some strategy recommendations for an improved exploration action distribution:

1. **Incorporate Action 1 (No Push):**
   - Introduce a small probability for action 1 during exploration. This can help the agent learn the effect of maintaining momentum without applying force, which can be beneficial when the car is at the peak of a hill or when minimal force is needed to continue moving in the desired direction.
   - Suggested distribution: 0.4 for action 0, 0.1 for action 1, and 0.5 for action 2.

2. **Encourage Diverse Exploration:**
   - While the agent seems to understand the need to switch between actions 0 and 2, ensuring a more varied action selection can prevent it from getting stuck in suboptimal action loops.
   - Consider using a decaying epsilon-greedy strategy where the exploration probability gradually decreases, but ensure that action 1 is sufficiently explored, especially in the early episodes.

3. **Adaptive Exploration:**
   - Implement an adaptive exploration strategy that adjusts the action probabilities based on the current state of the car. For example, if the car is moving up a hill and slowing down, increase the probability of pushing in the direction of the slope, but also consider the no-push action to maintain momentum at certain points.

4. **State-Dependent Exploration:**
   - Encourage exploration strategies that are dependent on the car's position and velocity. For instance, if the car is near the bottom of a valley, emphasize pushing left or right to build momentum. Conversely, if the car is near the top of a hill, consider more no-push actions to allow the car to glide over the peak.

By incorporating these strategies, the agent can potentially learn to balance its actions more effectively, leading to improved performance and faster learning in the MountainCar-v0 environment.","```json
{
  ""action_probs"": [0.3, 0.2, 0.5]
}
```"
