episode,train_return,eval_return,epsilon,loss,llm1_full_response,llm2_full_response
1,-138.3642266272691,-110.63631801000652,0.9835,nan,N/A,N/A
2,-132.46604581418563,-110.63631801000652,0.967,nan,N/A,N/A
3,-107.80397308817525,-137.07455354663574,0.9505,0.004242231138050556,N/A,N/A
4,-124.51912483837467,-116.2603882643945,0.9339999999999999,0.0006525044445879757,N/A,N/A
5,-129.48689297109084,-134.000190892078,0.9175,0.00047284565516747534,"To help the DQN agent learn faster in the MountainCar-v0 environment, we need to optimize the exploration strategy. The goal is to encourage the agent to explore the state space effectively, which can lead to better learning outcomes.

### Analysis of the Current Action Distribution:

From the sampled actions, we have:
- **Action 0 (Push Left)**: 35 occurrences
- **Action 1 (No Push)**: 24 occurrences
- **Action 2 (Push Right)**: 41 occurrences

This distribution suggests that the agent is exploring all actions, but there is a slight bias towards ""Push Right"" (Action 2).

### Recommendations for Exploration Strategy:

1. **Balanced Exploration**:
   - Given the nature of the MountainCar-v0 environment, where building momentum is crucial, ensuring a more balanced exploration across actions can be beneficial. This helps the agent to experience the effects of all actions in various states.
   - **Suggested Action Distribution**: 
     - Action 0 (Push Left): 33%
     - Action 1 (No Push): 33%
     - Action 2 (Push Right): 34%

2. **Incorporate Decaying Exploration**:
   - Use an epsilon-greedy strategy where epsilon starts high (e.g., 1.0) and decays over time. This encourages exploration in the early stages of training and gradually shifts towards exploitation as the agent learns.

3. **Prioritize Momentum Building**:
   - Since reaching the goal requires building momentum, ensure the agent experiences sequences of alternating ""Push Left"" and ""Push Right"" actions. This can be done by slightly increasing the exploration of these actions relative to ""No Push"" in the initial episodes.

4. **Adaptive Exploration**:
   - Monitor the agent's learning progress and adjust the action distribution dynamically based on performance. If the agent is stuck or not improving, increase exploration temporarily.

5. **Reward Shaping**:
   - Consider implementing reward shaping to provide additional feedback for reaching higher positions on the hill, which can encourage the agent to explore actions that build momentum effectively.

By implementing these strategies, the agent should be able to explore the state space more effectively, leading to improved learning efficiency and performance in the MountainCar-v0 environment.","```json
{
  ""action_probs"": [0.33, 0.33, 0.34]
}
```"
6,-134.28767860696706,-126.62034867478751,0.901,0.00035364372888579965,N/A,N/A
7,-118.5978761074366,-110.63631801000652,0.8845,0.0002759777707979083,N/A,N/A
8,-136.1960402722051,-110.63631801000652,0.868,0.00042772191227413714,N/A,N/A
9,-131.54278454125262,-121.82356833734563,0.8515,0.0005128007032908499,N/A,N/A
10,-116.07803359042222,-113.5193763952919,0.835,0.0006175137241370976,"To help the DQN agent learn more effectively in the MountainCar-v0 environment, let's analyze the sampled actions and the total reward from the last episode:

### Current Situation:
- **Total Reward:** -116.07803359042222 (indicates the car is not reaching the goal efficiently)
- **Sampled Actions Distribution:**
  - Push Left (0): 35 times
  - No Push (1): 30 times
  - Push Right (2): 35 times

The distribution of actions is relatively balanced, but the total reward suggests that the agent is still struggling to reach the goal efficiently. The MountainCar-v0 task requires the agent to build momentum by moving back and forth strategically.

### Recommendations for Exploration Strategy:

1. **Biased Exploration Towards Momentum Building:**
   - **Increase ""Push Right"" (2) and ""Push Left"" (0):** To build momentum, the agent should explore more with actions that push the car left and right. This can help the car gain enough speed to reach the flag.
   - **Reduce ""No Push"" (1):** Since the ""No Push"" action doesn't contribute to momentum, it might be beneficial to reduce its frequency during exploration.

2. **Suggested Action Distribution:**
   - Push Left (0): 40%
   - No Push (1): 20%
   - Push Right (2): 40%

3. **Adaptive Exploration:**
   - Consider using an adaptive exploration strategy where the distribution is adjusted based on the agent's performance over episodes. If the agent shows improvement, gradually shift towards a more balanced distribution to allow fine-tuning of actions.

4. **Encourage Exploration of State Space:**
   - Ensure that the exploration strategy allows the agent to visit a diverse set of states, especially those that are crucial for building momentum. This can be achieved by ensuring that the agent explores both ends of the position space.

5. **Monitor Performance:**
   - Continuously monitor the agent's performance and adjust the exploration strategy if the total reward does not improve after the 20 episodes. Consider increasing exploration or trying different exploration strategies like epsilon-greedy with decaying epsilon.

By adjusting the action distribution to favor momentum-building actions, the agent should be able to learn the dynamics of the environment more effectively, potentially leading to faster convergence to an optimal policy.","```json
{
  ""action_probs"": [0.4, 0.2, 0.4]
}
```"
11,-136.03823523734508,-110.63631801000652,0.8185,0.0006474253605119884,N/A,N/A
12,-134.67550387034126,-125.15007863283309,0.802,0.00080742163117975,N/A,N/A
13,-131.06624370635421,-113.09160547946117,0.7855,0.0008113656658679247,N/A,N/A
14,-124.8911332933332,-114.60149071108685,0.769,0.0007360102026723325,N/A,N/A
15,-128.58492459825868,-116.2603882643945,0.7525,0.001094588777050376,"To help the DQN agent learn faster in the MountainCar-v0 environment, we need to analyze the current exploration strategy and adjust the action distribution to better facilitate learning. Here are some observations and recommendations based on the provided data:

### Observations:
1. **Action Distribution**:
   - Action 0 (Push Left): 40 times
   - Action 1 (No Push): 22 times
   - Action 2 (Push Right): 38 times

2. **Current Total Reward**: The total reward of -128.58 suggests that the agent is still struggling to efficiently reach the goal, which is typical in the early stages of learning in MountainCar-v0.

3. **Sampled Actions Pattern**: The sampled actions show a relatively balanced distribution between pushing left (0) and pushing right (2), with a slightly less frequent use of no push (1). This pattern indicates some level of exploration but might not be optimal for building momentum.

### Recommendations:
To improve the agent's learning efficiency, we can adjust the exploration strategy to encourage more effective momentum building:

1. **Increase Push Left and Push Right**:
   - Given that the car needs to build momentum by swinging back and forth, increasing the frequency of actions 0 and 2 could help the agent explore more effective momentum-building strategies.
   - Suggested Distribution: 
     - Action 0 (Push Left): 40%
     - Action 1 (No Push): 10%
     - Action 2 (Push Right): 50%

2. **Reduce No Push**:
   - The ""No Push"" action (1) is less useful for building momentum and can be reduced to encourage more active exploration between pushing left and right.

3. **Encourage Exploration**:
   - Ensure that the exploration strategy allows for sufficient randomness to discover effective sequences of actions. A higher exploration rate (epsilon) can be maintained during these exploration episodes.

4. **Monitor Learning Progress**:
   - After implementing the new action distribution, monitor the total reward and action patterns over the next 20 episodes. Adjust the distribution as needed based on the agent's performance improvements.

By focusing on actions that help build momentum, the agent is more likely to discover effective strategies for reaching the goal faster. Adjusting the exploration strategy in this way should help the agent learn more efficiently.","```json
{
  ""action_probs"": [0.4, 0.1, 0.5]
}
```"
16,-133.73297291578436,-120.99492427435557,0.736,0.0011886836728081107,N/A,N/A
17,-124.05854886307046,-116.2603882643945,0.7195,0.001410393975675106,N/A,N/A
18,-121.57102470759753,-116.2603882643945,0.7030000000000001,0.001892494736239314,N/A,N/A
19,-132.28916157272917,-116.2603882643945,0.6865,0.0013958752388134599,N/A,N/A
20,-122.10610165698452,-116.2603882643945,0.67,0.00196028221398592,"To help the DQN agent learn faster in the MountainCar-v0 environment, we need to focus on an exploration strategy that encourages the agent to effectively build momentum by moving back and forth between the hills. Let's analyze the provided data and make recommendations:

### Analysis of the Sampled Actions:
1. **Action Distribution:**
   - Push Left (0): 54 times
   - No Push (1): 7 times
   - Push Right (2): 39 times

2. **Current Strategy:**
   - The agent predominantly uses ""Push Left"" (0) and ""Push Right"" (2) actions, with a heavy bias towards ""Push Left.""
   - The ""No Push"" (1) action is used infrequently.

3. **Performance Insight:**
   - The total reward of -122.106 suggests that the agent is struggling to reach the goal efficiently. The agent might not be building enough momentum or is getting stuck in local minima.

### Recommendations for Exploration Strategy:
To improve the exploration strategy and help the agent learn faster, consider the following adjustments:

1. **Balanced Exploration:**
   - Encourage a more balanced exploration between ""Push Left"" and ""Push Right"" actions. This can help the agent build the necessary momentum to reach the flag.
   - Suggested Action Distribution: 
     - Push Left (0): 40%
     - No Push (1): 20%
     - Push Right (2): 40%

2. **Increased Use of ""No Push"" (1):**
   - Although the ""No Push"" action seems less effective initially, using it strategically can help the agent maintain momentum when it's already moving in the desired direction.
   - Increasing the ""No Push"" action will allow the agent to naturally decelerate and accelerate using the hills, which can be crucial for building momentum.

3. **Adaptive Exploration:**
   - Implement an adaptive exploration strategy where the action distribution is adjusted based on the agent's position and velocity.
   - For example, if the car is moving right and is near the peak, favor ""No Push"" or ""Push Left"" to gain more momentum when descending.

4. **Exploration Decay:**
   - Gradually decay the exploration rate over the 20 episodes to shift from exploration to exploitation as the agent learns the environment dynamics.

By implementing these recommendations, the agent should be better equipped to explore the state space effectively, build the necessary momentum, and reach the goal more efficiently.","```json
{
  ""action_probs"": [0.4, 0.2, 0.4]
}
```"
21,-130.87756771557872,-112.69272716786661,0.6535,0.0021680828649550676,N/A,N/A
22,-124.63260407816632,-116.2603882643945,0.637,0.001899263239465654,N/A,N/A
23,-131.7926304324747,-116.2603882643945,0.6205,0.0020860880613327026,N/A,N/A
24,-102.26764363318884,-116.2603882643945,0.604,0.003247024491429329,N/A,N/A
25,-129.43244494735004,-113.61609425332281,0.5874999999999999,0.003435445949435234,"To help the DQN agent learn faster in the MountainCar-v0 environment, we can analyze the sampled actions and suggest an exploration action distribution that might improve learning efficiency.

### Analysis of Sampled Actions:
- **Total Actions Sampled:** 100
- **Distribution:**
  - Action 0 (Push Left): 51 times
  - Action 1 (No Push): 13 times
  - Action 2 (Push Right): 36 times

### Observations:
1. **Imbalance in Action Distribution:** Action 0 (Push Left) is used more frequently compared to Action 1 (No Push) and Action 2 (Push Right). This could be due to the agent trying to build momentum by moving left, but it might not be effectively balancing the push to the right.

2. **Low Use of Action 1 (No Push):** The least used action is No Push, which might be underutilized in exploring the state space effectively, especially in states where maintaining velocity without pushing might be beneficial.

### Recommendations for Exploration Strategy:
1. **Balanced Exploration:**
   - Encourage a more balanced exploration strategy to allow the agent to experience a wider range of state-action pairs. Consider a more uniform distribution to ensure all actions are explored adequately.
   - Suggested Distribution:
     - Action 0 (Push Left): 40%
     - Action 1 (No Push): 20%
     - Action 2 (Push Right): 40%

2. **Increased Exploration of Action 1:**
   - Increase the exploration of Action 1 (No Push) to allow the agent to learn when it might be beneficial to maintain momentum without additional force, potentially leading to more efficient momentum building.

3. **Adaptive Exploration:**
   - As the agent learns, consider implementing an adaptive exploration strategy where the distribution shifts based on the agent's performance and the states it encounters. This can be done using techniques like epsilon-greedy with decaying epsilon or using a more sophisticated strategy like Upper Confidence Bound (UCB).

4. **Monitor Progress:**
   - Continuously monitor the agent's performance in terms of total reward and adjust the exploration strategy based on the observed learning curve. If the agent's performance improves, it may be beneficial to gradually shift towards exploiting the learned policy.

By implementing these recommendations, the agent should be able to explore more effectively, potentially leading to faster learning and improved performance in the MountainCar-v0 environment.","```json
{
  ""action_probs"": [0.35, 0.25, 0.4]
}
```"
26,-113.38076171021719,-116.2603882643945,0.571,0.0027324131224304438,N/A,N/A
27,-120.72608755321193,-113.66788779697052,0.5545,0.003163500688970089,N/A,N/A
28,-119.36828565530682,-113.25975005618238,0.538,0.002780189272016287,N/A,N/A
29,-130.6958281797829,-108.41144263672513,0.5215000000000001,0.003946022130548954,N/A,N/A
30,-91.75625450868553,-112.85068625291944,0.505,0.004672893788665533,"Based on the provided data and the context of the MountainCar-v0 environment, we can make some observations and recommendations for adjusting the exploration strategy to help the DQN agent learn more effectively.

### Observations:

1. **Action Distribution**: The sampled actions show a significant imbalance. The action ""0"" (Push Left) is used most frequently, followed by ""2"" (Push Right), while ""1"" (No Push) is used the least. This distribution indicates a potential bias towards pushing left, which might not be optimal for building momentum.

2. **Total Reward**: The total reward of -91.76 suggests that the car is not reaching the goal efficiently, as a higher reward (closer to 0) would indicate better performance.

3. **Momentum Building**: The key to solving MountainCar-v0 is effectively building momentum by oscillating between the left and right hills. The current action distribution might not be facilitating this effectively.

### Recommendations for Exploration Strategy:

1. **Balanced Action Distribution**: Aim for a more balanced action distribution during exploration. This means increasing the frequency of ""2"" (Push Right) and ""1"" (No Push) actions to allow the car to build momentum more effectively. A suggested distribution could be approximately:
   - Action 0 (Push Left): 35%
   - Action 1 (No Push): 30%
   - Action 2 (Push Right): 35%

2. **Encourage Oscillation**: Encourage the agent to oscillate between pushing left and right to build momentum. This can be achieved by promoting sequences of alternating actions (e.g., a pattern like 0, 2, 0, 2, etc.).

3. **Adaptive Exploration**: Consider using an exploration strategy that adapts over time, such as epsilon-greedy with a decaying epsilon. This would allow the agent to explore more randomly at the start and gradually exploit learned strategies as it becomes more confident.

4. **Reward Shaping**: If possible, introduce reward shaping to provide intermediate rewards for reaching higher positions on the hills, encouraging the car to build momentum effectively.

5. **Monitor and Adjust**: Continuously monitor the agent's performance and adjust the action distribution as needed. If the agent starts to show improvement, you may want to gradually shift towards more exploitation by reducing exploration.

By implementing these recommendations, the agent should be able to explore the state space more effectively, build momentum efficiently, and potentially improve its learning rate in the MountainCar-v0 environment.","```json
{
  ""action_probs"": [0.35, 0.3, 0.35]
}
```"
31,-125.62906551478493,-106.8688619812541,0.48849999999999993,0.003660377347841859,N/A,N/A
32,-116.16211678594618,-105.79446293775004,0.472,0.003956996835768223,N/A,N/A
33,-125.9183532819725,-108.05663045396678,0.4555,0.0028594103641808033,N/A,N/A
34,-95.14469093800919,-98.45590538415892,0.43900000000000006,0.0039776964113116264,N/A,N/A
35,-129.85887668185418,-97.81891157941452,0.4225,0.0036911265924572945,"To help the DQN agent learn more effectively in the MountainCar-v0 environment, we should consider the nature of the task and the action distribution from the last episode. Here’s an analysis and some recommendations:

### Analysis of the Current Exploration Strategy:

1. **Action Distribution:**
   - The sampled actions from the last episode are heavily skewed towards action `0` (Push Left), which is used 57 times out of 100 actions.
   - Action `1` (No Push) is used 20 times.
   - Action `2` (Push Right) is used 23 times.

2. **Total Reward:**
   - The total reward of -129.86 indicates that the car did not reach the flag, as reaching the goal typically results in a reward closer to 0 (since the reward is -1 per timestep and the goal is to minimize the number of steps).

3. **Momentum Building:**
   - The task requires building momentum by swinging back and forth. A balanced exploration strategy is crucial to allow the agent to explore the effects of different actions in various states.

### Recommendations for Exploration Action Distribution:

1. **Balanced Exploration:**
   - To facilitate momentum building, consider a more balanced action distribution. This can prevent the agent from getting stuck in suboptimal strategies that overly favor one direction.
   - Suggested distribution for exploration:
     - Action `0` (Push Left): 35%
     - Action `1` (No Push): 30%
     - Action `2` (Push Right): 35%

2. **Increased Exploration of No Push:**
   - Increase the exploration of action `1` (No Push) slightly. This can help the agent learn when to maintain its current momentum rather than always pushing left or right.

3. **Adaptive Exploration:**
   - Consider using an adaptive exploration strategy where the distribution can be adjusted based on the agent's performance over episodes. For example, if the agent starts reaching the flag more consistently, you might reduce exploration in favor of exploitation of learned policies.

4. **Exploration Decay:**
   - Implement a decay strategy for exploration such as epsilon decay in ε-greedy strategies, which starts with a high exploration rate and gradually reduces it as the agent learns more about the environment.

5. **State-Dependent Exploration:**
   - If possible, use a state-dependent exploration strategy where the choice of action depends on the car's position and velocity. For example, if the car is moving left with high velocity, pushing right might be prioritized to build momentum.

By implementing a more balanced and adaptive exploration strategy, the agent should be able to learn more effectively, leading to improved performance in reaching the goal.","```json
{
  ""action_probs"": [0.35, 0.3, 0.35]
}
```"
36,-83.74553204238352,-93.49786602263644,0.4074025,0.0059007275849580765,N/A,N/A
37,-126.00097034857527,-92.488721579646,0.39090250000000004,0.005607423838227987,N/A,N/A
38,-87.03320655326907,-88.4387205986163,0.3753925,0.0072397650219500065,N/A,N/A
39,-72.77142159627154,-86.78467297913173,0.3612025,0.006131738889962435,N/A,N/A
40,-123.79208527025347,-84.96441900058116,0.3447024999999999,0.006068171001970768,"To help the DQN agent learn faster in the MountainCar-v0 environment, we need to consider the current exploration strategy and adjust the action distribution to encourage more effective exploration. Let's analyze the data provided:

1. **Total Reward**: The last episode's total reward is -123.79. In MountainCar-v0, the episode ends when the car reaches the flag or after 200 time steps. A reward of -123.79 suggests that the car is not reaching the goal and the episode is ending due to time limits, indicating insufficient exploration or suboptimal action selection.

2. **Sampled Actions**: The distribution of actions in the last episode is heavily skewed towards action 0 (Push Left). Here's a rough breakdown:
   - Action 0 (Push Left): 81 times
   - Action 1 (No Push): 9 times
   - Action 2 (Push Right): 10 times

   This shows a strong bias towards pushing left, which might not be optimal for building momentum to reach the goal.

### Recommendations for Exploration Strategy:

1. **Balanced Exploration**: The current action distribution is heavily biased towards pushing left. To improve exploration, consider a more balanced action distribution. A good starting point could be:
   - Action 0 (Push Left): 40%
   - Action 1 (No Push): 30%
   - Action 2 (Push Right): 30%

   This distribution encourages more exploration of different actions, particularly pushing right, which is crucial for building momentum to climb the right hill.

2. **Encourage Momentum Building**: The key to solving MountainCar-v0 is to build sufficient momentum by swinging back and forth. Encourage the agent to explore sequences of actions that alternate between pushing left and right. This can be achieved by slightly increasing the probability of Action 2 (Push Right).

3. **Adaptive Exploration**: Consider using an adaptive exploration strategy where the action distribution changes based on the agent's performance. For example, if the agent's performance improves, gradually shift towards a more exploitation-focused distribution that favors the actions leading to higher rewards.

4. **Decay Exploration Rate**: Implement an exploration rate decay over the 20 episodes. Start with a higher exploration rate and decrease it gradually to allow the agent to exploit learned strategies as it gains more experience.

5. **Monitor Performance**: Continuously monitor the agent's performance and adjust the exploration strategy as needed. If the total reward does not improve, further adjustments might be necessary, such as increasing the exploration rate or trying different action distributions.

By implementing these recommendations, the agent should be able to explore the state-action space more effectively, leading to faster learning and improved performance in the MountainCar-v0 environment.","```json
{
  ""action_probs"": [0.4, 0.3, 0.3]
}
```"
41,-83.52453771672944,-79.5653781546607,0.32952249999999994,0.005761574953794479,N/A,N/A
42,-125.88583075651874,-74.87654856831078,0.3130225000000001,0.007466902025043964,N/A,N/A
43,-73.30410723835564,-75.89526091300397,0.2989975,0.00615943456068635,N/A,N/A
44,-68.47175903706145,-67.7935577356189,0.2854675,0.00673042144626379,N/A,N/A
45,-72.96374922994454,-68.74639975699517,0.2721025,0.018573377281427383,"To help the DQN agent learn faster in the MountainCar-v0 environment, it's important to consider the current action distribution and the nature of the task. The MountainCar-v0 task requires the agent to build momentum by oscillating between moving left and right before it can reach the goal at the top of the right hill. Let's analyze the provided data and recommend an exploration strategy:

### Analysis of Current Action Distribution:
- **Sampled Actions**: [0, 0, 0, 2, 0, 0, 0, 0, 2, 0, 0, 2, 0, 0, 0, 0, 1, 0, 0, 0, 0, 0, 0, 1, 2, 0, 0, 0, 0, 2, 1, 2, 2, 2, 2, 2, 2, 2, 2, 2, 2, 2, 2, 2, 2, 0, 2, 0, 0, 0, 0, 0, 0, 0, 0, 0, 0, 0, 0, 0, 0, 0, 0, 0, 0, 0, 0, 0, 0, 0, 0, 0, 0, 0, 0, 0, 1, 2, 2, 2, 2, 2, 2, 2, 2, 2, 2, 2, 2, 2, 2, 2, 1, 2, 0, 2, 2, 2, 2, 0]

- **Action Frequencies**:
  - Push Left (0): 39 times
  - No Push (1): 5 times
  - Push Right (2): 56 times

### Observations:
1. **Imbalance in Actions**: There is a noticeable imbalance in the action distribution, with a higher frequency of 'Push Right' (action 2) compared to 'Push Left' (action 0) and 'No Push' (action 1). This might lead to insufficient exploration of the left side of the state space.
   
2. **Low Usage of No Push**: The 'No Push' action (1) is used very infrequently. While this action might not contribute directly to building momentum, it can be useful in certain states to maintain velocity.

3. **Total Reward**: The total reward in the last episode is -72.96, indicating that the agent is not yet reaching the goal efficiently.

### Recommendations for Exploration Strategy:
To improve the learning process, we should aim for a more balanced exploration strategy that encourages the agent to effectively build momentum and explore different parts of the state space. Here's a recommended action distribution for the next 20 training episodes:

1. **Push Left (0)**: 40% - Increase the frequency slightly to encourage the agent to explore the left side more and build momentum.

2. **No Push (1)**: 10% - Increase the frequency to allow the agent to stabilize its position and velocity when necessary.

3. **Push Right (2)**: 50% - Maintain a high frequency since reaching the goal requires moving to the right, but reduce it slightly to encourage more exploration of other actions.

### Implementation:
- Implement an epsilon-greedy strategy with the recommended action distribution during exploration. This means that during the exploration phase, the agent should choose actions based on the specified probabilities rather than purely random or greedy choices.

- Adjust the exploration rate (epsilon) to ensure that the agent explores sufficiently but gradually shifts towards exploitation as it learns the optimal policy.

By following this exploration strategy, the agent should be able to learn more effectively how to build the necessary momentum to reach the goal in the MountainCar-v0 environment.","```json
{
  ""action_probs"": [0.4, 0.1, 0.5]
}
```"
46,-102.01598422728817,-66.98046770517425,0.25560249999999995,0.08361905813217163,N/A,N/A
47,-75.2467217064853,-62.82182487519391,0.242155,0.10484929382801056,N/A,N/A
48,-65.89769580281074,-66.83311375122506,0.2291200000000001,0.008878175169229507,N/A,N/A
49,-63.24385490402178,-61.38086351488671,0.21567250000000004,0.010831190273165703,N/A,N/A
50,-64.94912231524525,-57.49296532083802,0.20304999999999995,0.008248977363109589,"To help the DQN agent learn faster in the MountainCar-v0 environment, we need to consider the current action distribution and how it can be adjusted to encourage more effective exploration. Here's a breakdown of the current situation and my recommendations:

### Current Analysis:
1. **Action Distribution**:
   - Push Left (0): Used frequently at the beginning and intermittently throughout.
   - No Push (1): Used sparingly.
   - Push Right (2): Used heavily, especially in the latter part of the episode.

2. **Performance**:
   - The total reward of approximately -64.95 suggests that the agent is not yet consistently reaching the goal, as a reward closer to -200 is typical for a random policy, and higher (closer to 0) is better.

### Recommendations:
1. **Balanced Exploration**:
   - **Increase Exploration of 'No Push' (1)**: This action is underrepresented. Increasing its use can help the agent learn when maintaining velocity is beneficial, especially when at the peak of a hill.
   - **Balanced Use of 'Push Left' (0) and 'Push Right' (2)**: While 'Push Right' is important for reaching the goal, 'Push Left' is crucial for building momentum. A more balanced approach could help the agent learn the importance of swinging back and forth to gain speed.

2. **Suggested Action Distribution**:
   - Push Left (0): 40%
   - No Push (1): 20%
   - Push Right (2): 40%

   This distribution encourages the agent to explore the effects of maintaining momentum with 'No Push' while still focusing on building momentum with 'Push Left' and 'Push Right'.

3. **Adaptive Exploration Strategy**:
   - Consider implementing an epsilon-greedy strategy where the epsilon value (probability of taking a random action) is initially high to encourage exploration and gradually decreases as the agent becomes more proficient. This allows the agent to explore a variety of strategies early on and then exploit the most successful ones.

4. **Monitor and Adjust**:
   - After implementing the new action distribution, monitor the agent's performance over the next 20 episodes. Look for improvements in total rewards and adjust the exploration strategy if necessary. If the agent shows signs of learning (e.g., higher rewards), consider further reducing the emphasis on exploration.

By adopting these strategies, the agent should be able to explore the environment more effectively, leading to faster learning and improved performance in the MountainCar-v0 task.","```json
{
  ""action_probs"": [0.4, 0.2, 0.4]
}
```"
51,-71.026181115004,-58.28333426005328,0.19001499999999993,0.07399529963731766,N/A,N/A
52,-60.033503745951116,-56.29317987272882,0.17755750000000003,0.045489754527807236,N/A,N/A
53,-65.48974516575356,-55.904166479059406,0.16485249999999996,0.06711617112159729,N/A,N/A
54,-62.39560660442473,-55.59627979605083,0.152725,0.1660090684890747,N/A,N/A
55,-59.94397761844367,-55.18830942563263,0.14043250000000007,0.03257802128791809,"To help the DQN agent learn faster in the MountainCar-v0 environment, we need to analyze the current action distribution and suggest a more effective exploration strategy. Here's a breakdown of the situation and recommendations for improvement:

### Analysis of Current Action Distribution

1. **Current Distribution**:
   - Action 0 (Push Left): 33 occurrences
   - Action 1 (No Push): 3 occurrences
   - Action 2 (Push Right): 64 occurrences

2. **Observations**:
   - There is a noticeable imbalance in the action distribution, with a heavy bias towards Action 2 (Push Right).
   - Action 1 (No Push) is significantly underrepresented, which might limit the exploration of states where the car could benefit from maintaining its current velocity.
   - The current strategy seems to favor pushing right more often, potentially leading to suboptimal exploration of the state space, especially when the car needs to build momentum by moving left and right alternately.

### Recommendations for Exploration Strategy

1. **Balanced Exploration**:
   - Aim for a more balanced distribution of actions to ensure comprehensive exploration of the state space. This helps the agent learn the dynamics of the environment more effectively.

2. **Suggested Action Distribution**:
   - Action 0 (Push Left): 40%
   - Action 1 (No Push): 20%
   - Action 2 (Push Right): 40%

   This distribution provides more opportunities for the agent to explore the effects of not pushing (Action 1) while maintaining a balance between pushing left and right. This balance is crucial for building the necessary momentum to reach the goal.

3. **Adaptive Exploration**:
   - Consider using an adaptive exploration strategy, such as epsilon-greedy with a decaying epsilon. Start with a higher epsilon (e.g., 0.3) to encourage exploration and gradually reduce it over time as the agent learns the environment dynamics.

4. **Reward Shaping**:
   - Implement reward shaping to encourage behaviors that lead to better exploration. For example, provide small positive rewards for increasing velocity or reaching new positions closer to the goal.

5. **Monitor Learning Progress**:
   - Continuously monitor the agent's performance and adjust the exploration strategy if necessary. If the agent's performance plateaus, consider revisiting the action distribution or exploration parameters.

By implementing these recommendations, the agent should be able to explore the environment more effectively, leading to faster learning and improved performance in the MountainCar-v0 task.","```json
{
  ""action_probs"": [0.4, 0.2, 0.4]
}
```"
56,-62.79366304804903,-55.30889252543782,0.12756250000000002,0.021303901448845863,N/A,N/A
57,-58.612316344977756,-54.71142336669262,0.11469249999999998,0.025406626984477043,N/A,N/A
58,-63.30076814377017,-54.44591869721056,0.10289499999999996,0.011236799880862236,N/A,N/A
59,-46.26760030295037,-54.24964865358396,0.09481000000000006,0.013741789385676384,N/A,N/A
60,-58.894392761247516,-53.53953150601956,0.08359000000000005,0.02393338643014431,"To help the DQN agent learn more efficiently in the MountainCar-v0 environment, we need to analyze the current exploration strategy and suggest improvements based on the sampled actions and the total reward.

### Analysis of Current Strategy:

1. **Action Distribution:**
   - The sampled actions show a heavy bias towards action 2 (Push Right).
   - Actions 0 (Push Left) and 1 (No Push) are significantly underrepresented.

2. **Performance:**
   - The total reward of -58.89 suggests that the agent is not efficiently reaching the goal, as a higher reward (closer to 0) would indicate better performance.

3. **Momentum Building:**
   - The MountainCar-v0 environment requires the agent to build momentum by oscillating between pushing left and right. A bias towards pushing right may prevent effective momentum building.

### Recommendations for Exploration Strategy:

1. **Balanced Action Distribution:**
   - Encourage a more balanced distribution of actions to ensure the agent explores the state space more effectively. A suggested distribution could be:
     - Action 0 (Push Left): 40%
     - Action 1 (No Push): 20%
     - Action 2 (Push Right): 40%

2. **Incorporate Stochasticity:**
   - Introduce some randomness to the action selection process to prevent the agent from getting stuck in suboptimal policies. This can be achieved by using an epsilon-greedy policy with a higher epsilon value during exploration.

3. **Adaptive Exploration:**
   - Adjust the exploration strategy based on the agent's performance over episodes. If the agent's performance improves, gradually reduce exploration (lower epsilon) to allow the agent to exploit learned policies.

4. **Monitor and Adjust:**
   - Continuously monitor the agent's performance and adjust the exploration strategy if necessary. If the reward does not improve, consider further increasing the exploration of underrepresented actions.

By implementing these recommendations, the agent should be able to explore the environment more effectively, leading to faster learning and potentially better performance in future episodes.","```json
{
  ""action_probs"": [0.4, 0.2, 0.4]
}
```"
61,-55.98850161711954,-53.34604072167836,0.07203999999999999,0.008648279123008251,N/A,N/A
62,-56.62876063454896,-52.222621919675724,0.05999500000000002,0.008446154184639454,N/A,N/A
63,-56.14148981253883,-52.486421433711484,0.04852750000000006,0.010054967366158962,N/A,N/A
64,-56.22440329870775,-52.08299640621459,0.03738999999999992,0.014231490902602673,N/A,N/A
65,-55.79449618757604,-52.36335347677082,0.025592500000000018,0.03357521444559097,"To help the DQN agent learn faster in the MountainCar-v0 environment, we need to analyze the current exploration strategy and adjust the action distribution to improve learning efficiency. Here's a breakdown of the current situation and recommendations for exploration:

### Analysis of Current Exploration:

1. **Action Distribution**:
   - **Action 0 (Push Left)**: 27 occurrences
   - **Action 1 (No Push)**: 3 occurrences
   - **Action 2 (Push Right)**: 70 occurrences

2. **Current Strategy**:
   - The agent predominantly uses ""Push Right"" (Action 2), with significantly fewer ""Push Left"" (Action 0) and almost negligible ""No Push"" (Action 1).
   - The total reward of approximately -55 indicates that the agent is not effectively reaching the goal.

3. **Observations**:
   - The car needs to build momentum by oscillating between the left and right hills. This requires a balanced use of ""Push Left"" and ""Push Right"" actions.
   - Over-reliance on ""Push Right"" suggests the agent might be trying to reach the goal directly without sufficient momentum.

### Recommendations for Exploration Strategy:

1. **Balanced Action Distribution**:
   - Adjust the exploration policy to encourage more balanced action sampling. A suggested distribution could be:
     - **Action 0 (Push Left)**: 40%
     - **Action 1 (No Push)**: 10%
     - **Action 2 (Push Right)**: 50%

2. **Increased Exploration**:
   - Introduce a higher exploration rate (epsilon) temporarily to allow the agent to explore more states and actions. This could be achieved by using an epsilon-greedy strategy with a higher initial epsilon (e.g., 0.2) that decays over time.

3. **Momentum Building**:
   - Encourage the agent to focus on building momentum by alternating between ""Push Left"" and ""Push Right."" This can be achieved by slightly favoring these actions over ""No Push.""

4. **Monitoring and Adjustment**:
   - Continuously monitor the agent's performance and adjust the action distribution based on observed behavior and rewards. If the agent starts to achieve better rewards, gradually decrease exploration to focus on exploitation.

By implementing these recommendations, the agent should be able to explore the state space more effectively, build the necessary momentum, and improve its learning efficiency in the MountainCar-v0 environment.","```json
{
  ""action_probs"": [0.4, 0.1, 0.5]
}
```"
66,-55.41181886303239,-53.980199396414925,0.014290000000000025,0.007444755174219608,N/A,N/A
67,-54.94829394703432,-53.60585116618595,0.01,0.007870759814977646,N/A,N/A
68,-56.055185878367695,-52.74740459905422,0.01,0.009074725210666656,N/A,N/A
69,-53.74419994284481,-52.8682445897897,0.01,0.09286591410636902,N/A,N/A
70,-53.750436203121886,-52.98092701952712,0.01,0.009666575118899345,"To help the DQN agent learn faster in the MountainCar-v0 environment, it's crucial to ensure that the exploration strategy encourages the agent to experience a diverse range of states and actions. The analysis of the sampled actions and the total reward suggests that the current exploration strategy might be suboptimal. Let's break down the observations and provide recommendations:

### Observations:

1. **Action Distribution:**
   - The sampled actions show a heavy bias towards actions 0 (Push Left) and 2 (Push Right), with very few instances of action 1 (No Push).
   - The sequence of actions indicates a pattern where the agent tends to alternate between pushing left and right, which is expected as the car needs to build momentum. However, the lack of ""No Push"" actions might indicate that the agent is not exploring all potential strategies effectively.

2. **Total Reward:**
   - The total reward of -53.75 indicates that the agent is not yet consistently reaching the goal, as the optimal reward for reaching the flag is around -110 to -130, depending on the number of steps taken.

### Recommendations:

1. **Balanced Exploration:**
   - Encourage a more balanced action distribution during exploration. Given the current bias, consider increasing the probability of selecting action 1 (No Push). This could help the agent learn the value of maintaining velocity without unnecessary energy expenditure.

2. **Exploration Strategy:**
   - Implement a more systematic exploration strategy, such as an epsilon-greedy approach with a decaying epsilon. Start with a higher epsilon value (e.g., 0.3) to allow more exploration and gradually decrease it over the episodes to promote exploitation of learned strategies.
   - Alternatively, consider using an exploration strategy like Boltzmann exploration, which would allow the agent to explore less frequently taken actions based on their expected values.

3. **Diverse State Coverage:**
   - Ensure that the exploration encourages diverse state coverage. This can be achieved by occasionally using a random action selection strategy or by augmenting the state representation with additional noise during exploration to encourage the agent to visit less frequently encountered states.

4. **Reward Shaping:**
   - Consider implementing reward shaping to provide intermediate rewards that guide the agent towards the goal. For example, providing small positive rewards for increasing velocity or moving towards the goal can help the agent learn more effective strategies.

5. **Monitor and Adjust:**
   - Continuously monitor the action distribution and reward trends over the episodes. If the agent's performance plateaus, adjust the exploration parameters to introduce more variability.

By incorporating these recommendations, the agent should be able to explore more efficiently, leading to faster learning and improved performance in reaching the goal in the MountainCar-v0 environment.","```json
{
  ""action_probs"": [0.3, 0.4, 0.3]
}
```"
71,-55.424064339165184,-53.12272879529367,0.01,0.007874170318245888,N/A,N/A
72,-53.15537340802009,-55.080969819947484,0.01,0.05139847844839096,N/A,N/A
73,-54.251837394527904,-54.41099106844074,0.01,0.008156380616128445,N/A,N/A
74,-58.06158133516021,-56.60280172500461,0.01,0.009418807923793793,N/A,N/A
75,-55.86292958042051,-58.76542212925723,0.01,0.010072007775306702,"To help the DQN agent learn more effectively in the MountainCar-v0 environment, we need to adjust the exploration strategy based on the sampled actions and the total reward from the last episode. Here are some observations and recommendations:

### Observations:

1. **Action Distribution:**
   - The sampled actions show a heavy bias towards action `2` (Push Right) with a significant portion of the actions being `0` (Push Left).
   - Action `1` (No Push) is underrepresented in the sampled actions.

2. **Performance:**
   - The total reward of -55.86 suggests that the agent is not yet able to reach the goal efficiently, as the optimal reward is closer to zero.

3. **Momentum Building:**
   - The MountainCar task requires the agent to move back and forth to build enough momentum to reach the flag. A strategy overly biased towards pushing right might not effectively build this momentum.

### Recommendations:

1. **Balanced Exploration:**
   - Encourage a more balanced exploration strategy that allows the agent to experience a wider range of states. This can be achieved by adjusting the action distribution during exploration.

2. **Suggested Action Distribution:**
   - **Action 0 (Push Left):** 40%
   - **Action 1 (No Push):** 20%
   - **Action 2 (Push Right):** 40%

   This distribution encourages the agent to explore pushing left and right equally while still allowing for some instances of no push. This should help the agent learn the importance of momentum building.

3. **Incorporate Exploration Noise:**
   - Introduce some stochasticity or noise in the action selection process to prevent the agent from getting stuck in suboptimal strategies.

4. **Monitor and Adjust:**
   - After implementing the new distribution, monitor the agent's performance over the next 20 episodes. Look for improvements in the total reward and adjust the distribution as needed based on performance changes.

By following these recommendations, the agent should be better equipped to explore the state space effectively, leading to faster learning and improved performance in the MountainCar-v0 environment.","```json
{
  ""action_probs"": [0.4, 0.2, 0.4]
}
```"
76,-60.33861693529678,-61.45113386786424,0.01,0.00611658301204443,N/A,N/A
77,-55.6232869554843,-63.4198566541733,0.01,0.009082736447453499,N/A,N/A
78,-49.781364754350435,-67.85767569816679,0.01,0.0725141316652298,N/A,N/A
79,-55.48876693477589,-65.14390671766763,0.01,0.03688438609242439,N/A,N/A
80,-55.677972240815876,-62.38154680757341,0.01,0.026626823469996452,"To help the DQN agent learn faster in the MountainCar-v0 environment, it's important to ensure that the exploration strategy allows the agent to effectively experience the environment and learn the optimal policy. Here’s an analysis of the provided data and some strategy recommendations:

### Analysis of Current Exploration

1. **Action Distribution**:
   - The sampled actions show a significant imbalance: a large number of actions are either `0` (Push Left) or `2` (Push Right), while `1` (No Push) is underrepresented.
   - The sequence of actions suggests that the agent might be overly favoring certain actions, potentially due to the current exploration strategy, such as epsilon-greedy with a low epsilon value.

2. **Performance**:
   - The total reward in the last episode is -55.67, indicating that the car is not reaching the flag efficiently. The optimal reward for reaching the goal is -110, so a higher negative reward indicates quicker completion.

3. **Momentum Building**:
   - The MountainCar task requires building momentum by swinging back and forth. The imbalanced action distribution might be preventing effective momentum building.

### Recommendations for Exploration Strategy

1. **Balanced Action Exploration**:
   - Implement a more balanced action distribution during exploration. Consider using a softmax policy or a more adaptive epsilon-greedy strategy that dynamically adjusts epsilon to encourage more diverse action selection.
   - For the next 20 training episodes, aim for an exploration distribution such as:
     - 40% for `Push Left` (Action 0)
     - 40% for `Push Right` (Action 2)
     - 20% for `No Push` (Action 1)
   - This distribution can help ensure the agent explores all possible actions, especially the underrepresented `No Push`.

2. **Adaptive Exploration**:
   - Gradually reduce exploration (e.g., epsilon decay) as the agent begins to learn a more effective policy. Start with a higher exploration rate and slowly decrease it over episodes.
   - Consider using exploration strategies like Boltzmann exploration or Upper Confidence Bound (UCB) to better balance exploration and exploitation.

3. **Reward Shaping**:
   - If possible, provide additional feedback to the agent by shaping the reward function to encourage momentum building. For instance, provide small positive rewards for achieving higher velocities.

4. **Monitor Learning Progress**:
   - Continuously monitor the agent's performance and adjust the exploration strategy based on observed improvements or stagnation in learning.
   - Track the average reward over episodes to ensure the agent is making progress towards reaching the goal efficiently.

By implementing these recommendations, the agent should be better equipped to explore the environment effectively, build the necessary momentum, and ultimately learn the optimal policy more efficiently.","```json
{
  ""action_probs"": [0.4, 0.2, 0.4]
}
```"
81,-84.86528569714942,-59.11096045057163,0.01,0.018334675580263138,N/A,N/A
82,-61.00897278877509,-52.08747663418417,0.01,0.021247608587145805,N/A,N/A
83,-89.35330606869623,-56.40060533595057,0.01,0.02894628793001175,N/A,N/A
84,-53.868173221798095,-64.06007521813618,0.01,0.013646182604134083,N/A,N/A
85,-93.32861034906568,-96.33520979511127,0.01,0.02103487402200699,"To help the DQN agent learn more efficiently in the MountainCar-v0 environment, we need to optimize the exploration strategy. The provided data indicates that the agent predominantly sampled action 2 (Push Right) and action 0 (Push Left), with very few instances of action 1 (No Push). This suggests a lack of balance in exploration, which might hinder the agent's ability to fully understand the dynamics of the environment and achieve the goal effectively.

### Analysis:
1. **Action Distribution Imbalance**: The sampled actions show a heavy bias towards actions 2 and 0, with a very limited exploration of action 1. This could result in the agent not learning the potential benefits of maintaining momentum by not pushing at certain times.

2. **Total Reward**: The total reward of -93.33 indicates that the agent is still far from optimal performance. Given that the MountainCar-v0 environment rewards reaching the flag with a higher score, the current strategy is not effective enough.

### Recommendations:
To improve the agent's learning process, consider the following exploration strategy adjustments:

1. **Balanced Exploration**: Adjust the exploration policy to ensure a more balanced distribution of actions. This can be achieved by using a softmax or epsilon-greedy strategy with a temperature or epsilon value that encourages exploration of all actions.

2. **Increased Exploration of Action 1 (No Push)**:
   - **Action Distribution**: Aim for an initial action distribution where each action has a more equal chance of being selected. For example, a distribution like [0.4, 0.2, 0.4] for actions [0, 1, 2] could be beneficial. This ensures that the agent explores the effects of not pushing more frequently, which could help in maintaining momentum.
   - **Adaptive Exploration**: Consider dynamically adjusting the exploration strategy based on the agent's performance. If the agent is not improving, increase the exploration rate to encourage more diverse action sampling.

3. **Momentum Building**: Encourage strategies that help the agent learn the importance of building momentum. This might involve initially favoring actions that push the car back (action 0) to gain enough speed to eventually reach the flag.

4. **Reward Shaping**: If possible, modify the reward function to provide intermediate rewards for reaching certain positions or velocities. This can guide the agent towards effective strategies by reinforcing beneficial behaviors.

5. **Episode Analysis**: After implementing the new exploration strategy, analyze the episodes to ensure that the agent is exploring the state space more effectively and gradually improving its total reward.

By implementing these recommendations, the agent should gain a better understanding of the environment dynamics and improve its performance over the next 20 training episodes.","```json
{
  ""action_probs"": [0.4, 0.2, 0.4]
}
```"
86,-129.90360377633695,-90.34131275650603,0.01,0.017447365447878838,N/A,N/A
87,-88.5000402731771,-89.2984137263905,0.01,0.017733242362737656,N/A,N/A
88,-92.27084763483302,-79.70689944895105,0.01,0.03475954756140709,N/A,N/A
89,-95.76433850850577,-59.97190033020236,0.01,0.0505024790763855,N/A,N/A
90,-63.47826932721242,-61.127048464481334,0.01,0.02394857630133629,"Based on the data provided, the agent seems to be heavily favoring the ""Push Right"" action (action 2), with occasional ""Push Left"" (action 0) and very few ""No Push"" (action 1) actions. This skewed action distribution suggests that the agent is not exploring the action space effectively, which might be hindering its ability to learn an optimal policy for the MountainCar-v0 environment.

### Analysis:
1. **Action Distribution**: The sampled actions show a strong bias towards ""Push Right"" (action 2), with some instances of ""Push Left"" (action 0), and very few ""No Push"" (action 1). This indicates an imbalance in exploration, where the agent is not adequately exploring all possible actions.

2. **Reward Signal**: The total reward of approximately -63.48 suggests that the agent is not performing well. In MountainCar-v0, a higher (less negative) reward indicates better performance, as the episode ends when the car reaches the flag.

3. **Momentum Building**: The key to solving MountainCar-v0 is to build sufficient momentum by oscillating between the left and right hills. The current action distribution may not be facilitating effective momentum building.

### Recommendations for Exploration Strategy:
To improve the agent's learning efficiency, consider the following exploration strategy:

1. **Balanced Action Distribution**: Encourage a more balanced exploration of actions. For the next 20 episodes, aim for a distribution such as:
   - **Push Left (action 0)**: 30%
   - **No Push (action 1)**: 20%
   - **Push Right (action 2)**: 50%

   This distribution encourages more exploration of the ""No Push"" action, which is currently underrepresented. It also maintains a slight preference for ""Push Right"" to ensure the agent continues to attempt reaching the goal.

2. **Exploration Policy**: Implement an epsilon-greedy strategy with a higher exploration rate (epsilon) to encourage more random actions. Start with a higher epsilon (e.g., 0.3) and gradually decay it over time.

3. **Adaptive Exploration**: Monitor the agent's performance and adjust the action distribution dynamically based on observed improvements or stagnation. If the agent starts to perform better, consider shifting the distribution towards the actions that contribute most to successful episodes.

4. **Reward Shaping**: If possible, provide additional rewards for reaching certain positions or velocities that indicate good momentum building. This can guide the agent towards more effective exploration patterns.

By implementing these recommendations, the agent should be able to explore the state-action space more effectively, leading to faster learning and improved performance in the MountainCar-v0 environment.","```json
{
  ""action_probs"": [0.3, 0.2, 0.5]
}
```"
91,-108.4709366143282,-68.00651063465841,0.01,0.0244007408618927,N/A,N/A
92,-61.09275532153302,-67.44428056336741,0.01,0.039939068257808685,N/A,N/A
93,-60.468135206027526,-73.8229020290056,0.01,0.026969783008098602,N/A,N/A
94,-129.05097005108124,-73.97433457715938,0.01,0.018297243863344193,N/A,N/A
95,-60.759562610192916,-70.49816002114395,0.01,0.019534152001142502,"Based on the information provided, it seems that the agent's action selection is heavily skewed towards action 2 (Push Right), with occasional switches to action 0 (Push Left) and very few instances of action 1 (No Push). This skewed action distribution may not be optimal for learning the MountainCar-v0 task effectively, as it requires building momentum by oscillating between the left and right sides of the valley.

### Analysis:
1. **Action Distribution**: The current distribution is heavily biased towards action 2, which may cause the agent to spend too much time trying to push right without sufficient momentum. This can lead to suboptimal exploration and learning.

2. **Momentum Building**: The MountainCar-v0 task requires the car to build momentum by moving back and forth between the hills. A more balanced exploration strategy that includes more frequent switches between pushing left and right would likely facilitate better learning.

3. **Total Reward**: The total reward of -60.76 suggests that the agent is not performing optimally. A more balanced exploration strategy could help improve this performance by encouraging more effective momentum-building strategies.

### Recommendations:
1. **Balanced Action Distribution**: Adjust the exploration strategy to encourage a more balanced distribution of actions. A suggested distribution could be:
   - Action 0 (Push Left): 40%
   - Action 1 (No Push): 20%
   - Action 2 (Push Right): 40%

   This distribution encourages the agent to spend equal time pushing left and right, with some time allocated to no push, allowing the car to coast and gain momentum naturally.

2. **Adaptive Exploration**: Consider implementing an adaptive exploration strategy that adjusts the action probabilities based on the agent's current position and velocity. For example, if the agent's velocity is positive and it's moving up the right hill, increase the probability of taking action 0 to help it swing back.

3. **State-Dependent Exploration**: Encourage exploration strategies that take into account the state of the agent. For instance, when the car is near the left hill, increase the probability of pushing right and vice versa.

4. **Monitor Learning Progress**: Continuously monitor the agent's performance and adjust the exploration strategy as needed. If the total reward begins to improve, it may be beneficial to gradually reduce exploration and allow the agent to exploit learned strategies.

By implementing a more balanced and adaptive exploration strategy, the agent should be able to learn more effectively and improve its performance on the MountainCar-v0 task.","```json
{
  ""action_probs"": [0.4, 0.2, 0.4]
}
```"
96,-56.09536948987685,-61.713197411857166,0.01,0.025623496621847153,N/A,N/A
97,-128.50202785958683,-66.99333651357605,0.01,0.029056113213300705,N/A,N/A
98,-56.23200337223075,-67.72070414941842,0.01,0.056931786239147186,N/A,N/A
99,-129.7369814804445,-68.09293800169112,0.01,0.04150236397981644,N/A,N/A
100,-57.77861955926555,-67.23947811088416,0.01,0.0692978948354721,"Based on the sampled actions and the total reward, it appears that the current exploration strategy is heavily skewed towards pushing right (action 2). This might not be optimal for learning in the MountainCar-v0 environment, where building momentum is crucial. Here are some observations and recommendations to improve the exploration strategy:

### Observations:
1. **Action Distribution**: The sampled actions show a strong preference for action 2 (Push Right), with a significant number of consecutive right pushes. There are fewer instances of action 0 (Push Left) and action 1 (No Push).
2. **Momentum Building**: In the MountainCar-v0 environment, the car needs to build up momentum by swinging back and forth between the hills. This requires a balanced use of all actions to effectively increase the velocity and eventually reach the flag.
3. **Reward Indication**: The total reward of -57.78 suggests that the car is not reaching the goal efficiently, indicating suboptimal exploration.

### Recommendations:
1. **Balanced Action Distribution**:
   - Aim for a more balanced action distribution to encourage better exploration of the state space. For example, consider an exploration distribution like:
     - Action 0 (Push Left): 40%
     - Action 1 (No Push): 20%
     - Action 2 (Push Right): 40%
   - This distribution encourages the agent to explore both directions equally while still allowing for some neutral actions.

2. **Adaptive Exploration**:
   - Implement an adaptive exploration strategy that adjusts the action probabilities based on the car's position and velocity. For example:
     - If the car is moving left and has negative velocity, increase the probability of action 2 (Push Right) to help build momentum.
     - If the car is moving right and has positive velocity, increase the probability of action 0 (Push Left) to maintain momentum.

3. **Use of Exploration Noise**:
   - Introduce exploration noise to the action selection process. This can be achieved by adding a small random factor to the action probabilities, encouraging the agent to occasionally try less frequent actions.

4. **Prioritize Momentum Building**:
   - Design an exploration strategy that specifically focuses on building momentum. This might involve sequences of alternating actions (e.g., 0, 2, 0, 2) to help the car swing back and forth more effectively.

5. **Monitor and Adjust**:
   - Continuously monitor the agent's performance and adjust the exploration strategy based on the observed rewards and action effectiveness. If the reward improves, continue with the current strategy; if not, further tweak the action probabilities.

By implementing these recommendations, the agent should be able to explore the environment more effectively, leading to faster learning and improved performance in the MountainCar-v0 task.","```json
{
  ""action_probs"": [0.4, 0.2, 0.4]
}
```"
101,-69.41525559973005,-65.69530983715501,0.01,0.05723053589463234,N/A,N/A
102,-59.217817735720224,-60.02752569881518,0.01,0.030765537172555923,N/A,N/A
103,-129.31256634728712,-59.43704128873378,0.01,0.045434072613716125,N/A,N/A
104,-48.33071150947695,-50.83577618221095,0.01,0.043256860226392746,N/A,N/A
105,-45.95345245700697,-50.73890633777014,0.01,0.03347155451774597,"To help the DQN agent learn faster in the MountainCar-v0 environment, we need to focus on improving the exploration strategy. Here's an analysis of the current situation and recommendations for exploration action distribution:

### Analysis:
1. **Action Distribution**: The sampled actions indicate a heavy bias towards action `2` (Push Right). The distribution seems to be approximately:
   - Action `2` (Push Right): ~80%
   - Action `0` (Push Left): ~15%
   - Action `1` (No Push): ~5%

2. **Total Reward**: The total reward in the last episode is -45.95, which suggests that the agent is not yet reaching the goal efficiently. In MountainCar-v0, a reward closer to 0 indicates better performance, as the task is to reach the flag as quickly as possible.

3. **Momentum Building**: The nature of the MountainCar-v0 environment requires the agent to build momentum by oscillating between pushing left and right. A heavy bias towards pushing right could hinder this momentum-building process.

### Recommendations:
1. **Balanced Exploration**:
   - Encourage a more balanced exploration strategy to help the agent learn the dynamics of momentum building. A suggested action distribution could be:
     - Action `0` (Push Left): 40%
     - Action `1` (No Push): 20%
     - Action `2` (Push Right): 40%

2. **Increased Exploration of 'No Push'**:
   - Increasing the frequency of action `1` (No Push) can help the agent learn when to conserve momentum. Although this action should still be the least frequent, increasing its usage slightly can provide valuable learning experiences.

3. **Adaptive Exploration**:
   - Implement an adaptive exploration strategy where the action distribution adjusts based on the agent's performance. For instance, if the agent starts improving, gradually shift towards a more exploitation-focused strategy.

4. **Monitor and Adjust**:
   - Continuously monitor the agent's performance and adjust the exploration distribution as needed. If the agent's performance plateaus, consider introducing small perturbations to the exploration strategy to encourage further learning.

By implementing a more balanced exploration strategy and monitoring the agent's progress, you should be able to help the DQN agent learn the necessary momentum-building strategy more effectively in the MountainCar-v0 environment.","```json
{
  ""action_probs"": [0.4, 0.2, 0.4]
}
```"
106,-45.82226897908511,-49.843115646383005,0.01,0.021499276161193848,N/A,N/A
107,-55.357910443180515,-49.05840363810326,0.01,0.0742807686328888,N/A,N/A
108,-52.91103530135005,-47.247260528450504,0.01,0.03531941771507263,N/A,N/A
109,-47.226734176451075,-49.25330652618341,0.01,0.04877476021647453,N/A,N/A
110,-49.51091437820411,-47.534053173475755,0.01,0.03842771798372269,"To help the DQN agent learn faster in the MountainCar-v0 environment, we need to ensure that the exploration strategy encourages a more balanced exploration of actions. The current sampled actions indicate a strong bias towards action 2 (Push Right), which may not be optimal for building the necessary momentum to reach the goal. Here's a detailed analysis and recommendation:

### Analysis:

1. **Action Distribution**: 
   - Action 2 (Push Right): Dominant with 61 occurrences.
   - Action 1 (No Push): Rare with only 4 occurrences.
   - Action 0 (Push Left): Moderately used with 15 occurrences.

2. **Current Strategy**:
   - The agent is predominantly pushing right, which might not be effective in building the necessary momentum to reach the goal. The car needs to oscillate back and forth to gain enough speed to climb the right hill.

3. **Total Reward**:
   - The total reward of -49.51 indicates that the agent is not reaching the goal efficiently. The reward is negative because the task penalizes each time step until the goal is reached.

### Recommendations:

1. **Balanced Exploration**:
   - Encourage a more balanced action distribution to allow the agent to explore different strategies. This can be achieved by adjusting the exploration policy to sample actions more evenly.

2. **Suggested Action Distribution**:
   - Action 0 (Push Left): 40%
   - Action 1 (No Push): 20%
   - Action 2 (Push Right): 40%

3. **Rationale**:
   - **Push Left (40%)**: Increasing the frequency of pushing left can help the car gain backward momentum, which is crucial for building the speed needed to climb the right hill.
   - **No Push (20%)**: Keeping a moderate frequency for no push allows the car to maintain its current velocity, which can be beneficial when the car is at the peak of the hill.
   - **Push Right (40%)**: Maintaining a high frequency for pushing right ensures that the car can utilize the gained momentum to push forward effectively.

4. **Adaptive Exploration**:
   - Consider using an epsilon-greedy strategy where the exploration rate (epsilon) decreases over time. This allows the agent to explore more initially and exploit learned policies as training progresses.

5. **Monitor and Adjust**:
   - Continuously monitor the agent's performance and adjust the action distribution if necessary. If the agent starts to show improvement, gradually shift towards more exploitation of the learned policy.

By implementing these recommendations, the agent should be able to explore the environment more effectively, leading to improved learning and better performance in reaching the goal.","```json
{
  ""action_probs"": [0.4, 0.2, 0.4]
}
```"
111,-39.42822987364799,-46.371532955307714,0.01,0.039882540702819824,N/A,N/A
112,-39.27777211410826,-47.14303688408901,0.01,0.04024660587310791,N/A,N/A
113,-42.03654715772386,-46.59370988356619,0.01,0.03163229674100876,N/A,N/A
114,-75.3474046438766,-54.169582553166585,0.01,0.075719453394413,N/A,N/A
115,-45.56562071492497,-53.224752769474165,0.01,0.021001644432544708,"To help the DQN agent learn faster in the MountainCar-v0 environment, it's important to ensure that the agent explores the environment effectively. The current sampled actions show a heavy bias towards action 2 (""Push Right""), with very few instances of action 0 (""Push Left"") and action 1 (""No Push""). This imbalance can lead to suboptimal exploration and learning.

### Analysis of Current Action Distribution:
- **Action 0 (Push Left):** Used infrequently.
- **Action 1 (No Push):** Almost never used.
- **Action 2 (Push Right):** Dominantly used.

### Recommendations for Exploration Strategy:

1. **Balanced Action Exploration:**
   - To encourage better exploration, adjust the action distribution to give more weight to underrepresented actions. A more balanced distribution can be:
     - Action 0 (Push Left): 40%
     - Action 1 (No Push): 20%
     - Action 2 (Push Right): 40%

2. **Incorporate Stochasticity:**
   - Use a stochastic policy like ε-greedy, where ε (epsilon) starts at a higher value (e.g., 0.3) and gradually decreases over episodes. This ensures that the agent explores more in the early stages.

3. **Adaptive Exploration:**
   - As the agent starts to learn, gradually shift the exploration strategy to favor actions that have been historically more rewarding. This can be done by adjusting the action probabilities based on accumulated rewards for each action.

4. **Encourage Momentum Building:**
   - Since the goal is to build momentum, ensure that the agent learns to alternate between actions 0 and 2 effectively. This can be facilitated by setting up a reward structure that incentivizes reaching higher velocities.

5. **Monitor and Adjust:**
   - Continuously monitor the agent's performance and adjust the action distribution as needed. If the agent starts to perform better, consider reducing exploration and shifting towards exploitation.

By implementing these recommendations, the DQN agent should be able to explore the environment more effectively, thus learning the optimal policy faster.","```json
{
  ""action_probs"": [0.4, 0.2, 0.4]
}
```"
116,-50.30318372713435,-63.81408862809631,0.01,0.03622274845838547,N/A,N/A
117,-46.318352484318886,-46.371260380663855,0.01,0.022724706679582596,N/A,N/A
118,-41.531546282375764,-63.06426903634322,0.01,0.05759968236088753,N/A,N/A
119,-70.13923369147619,-61.81345436463464,0.01,0.052480604499578476,N/A,N/A
120,-66.32187022349268,-61.58314734798961,0.01,0.039864279329776764,"Based on the provided data, the sampled actions and the total reward from the last episode indicate that the current exploration strategy might be suboptimal. Let's analyze the situation and provide recommendations for a better exploration action distribution:

### Analysis:
1. **Action Distribution:**
   - The sampled actions are heavily skewed towards action `0` (Push Left) and `2` (Push Right), with very few instances of action `1` (No Push).
   - This distribution suggests that the agent is predominantly alternating between pushing left and right, with minimal exploration of the ""No Push"" action.

2. **Total Reward:**
   - A total reward of `-66.32` indicates the agent is not yet performing optimally, as a lower (less negative) reward would suggest better performance in MountainCar-v0.

3. **Momentum Building:**
   - The MountainCar-v0 environment requires the agent to build momentum by swinging back and forth. The current action distribution may not be adequately supporting this requirement, particularly if the agent is not exploring all actions effectively.

### Recommendations:
To improve the learning process of the DQN agent, consider the following exploration strategy:

1. **Balanced Exploration:**
   - Adjust the exploration action distribution to ensure a more balanced sampling of each action. A suggested distribution could be:
     - Action `0` (Push Left): 40%
     - Action `1` (No Push): 20%
     - Action `2` (Push Right): 40%

2. **Increased ""No Push"" Exploration:**
   - Increase the frequency of the ""No Push"" action to encourage the agent to explore state transitions without immediate acceleration. This can help the agent better understand the dynamics of the environment when not actively pushing.

3. **Adaptive Exploration:**
   - Consider implementing an adaptive exploration strategy where the action probabilities can be adjusted based on the agent's recent performance. For instance, if the agent is consistently failing to build enough momentum, increase the probability of alternating between actions `0` and `2`.

4. **Exploration Decay:**
   - Gradually reduce exploration over time as the agent becomes more confident in its learned policy. This can be achieved by decaying the exploration rate or adjusting the action probabilities based on episode count.

5. **Monitor Performance:**
   - Continuously monitor the agent's performance metrics, such as total reward and episode length. Use these metrics to fine-tune the exploration strategy iteratively.

By implementing these recommendations, the agent should be able to explore the state-action space more effectively, leading to faster learning and improved performance in the MountainCar-v0 environment.","```json
{
  ""action_probs"": [0.4, 0.2, 0.4]
}
```"
121,-51.23384193422055,-61.71392266475931,0.01,0.06487265229225159,N/A,N/A
122,-64.88379696775228,-61.20058259956278,0.01,0.0483454167842865,N/A,N/A
123,-65.61610820409507,-61.34439112034532,0.01,0.012885389849543571,N/A,N/A
124,-50.83715725401831,-59.935782249700274,0.01,0.037518829107284546,N/A,N/A
125,-64.78419490866864,-59.90163151471806,0.01,0.1026686429977417,"Based on the provided information, the agent is currently struggling to effectively explore the state space in the MountainCar-v0 environment. The total reward of -64.78 indicates that the agent is not yet reaching the goal consistently, and the sampled actions suggest a skewed exploration strategy. Here are some observations and recommendations for improving exploration:

### Observations:
1. **Action Distribution**: The current action distribution is heavily skewed towards actions 0 (Push Left) and 2 (Push Right), with very few instances of action 1 (No Push). This imbalance suggests that the agent might be overly relying on pushing actions and not exploring the effect of not pushing enough.

2. **Momentum Building**: The MountainCar-v0 task requires the agent to build momentum by moving back and forth. A balanced exploration strategy is crucial to allow the agent to experience the dynamics of both accelerating and decelerating.

3. **Exploration Strategy**: The current exploration strategy could be improved by diversifying the actions to allow the agent to better understand the effects of each action in different states.

### Recommendations for Exploration Strategy:
1. **Balanced Action Distribution**: For the next 20 training episodes, aim to balance the action distribution more evenly. Consider using a distribution such as:
   - Action 0 (Push Left): 40%
   - Action 1 (No Push): 20%
   - Action 2 (Push Right): 40%

   This distribution maintains the focus on building momentum (actions 0 and 2) while ensuring that the agent also explores the impact of not pushing (action 1).

2. **Epsilon-Greedy Strategy**: Implement an epsilon-greedy strategy where the agent selects random actions with a certain probability (epsilon) to encourage exploration. Start with a higher epsilon value (e.g., 0.3) and gradually reduce it as the agent learns, allowing it to exploit learned policies.

3. **Reward Shaping**: If possible, introduce slight reward shaping to encourage exploration of underutilized actions. For example, provide a small bonus for using action 1 occasionally to ensure it is explored adequately.

4. **State-Dependent Exploration**: Consider implementing a state-dependent exploration strategy where the agent varies its exploration based on its current position and velocity. For instance, when the car is near the bottom of the valley, it might benefit more from exploring push actions, while near the peaks, exploring no push might be more insightful.

5. **Monitor and Adjust**: Continuously monitor the agent's performance and action distribution over the 20 episodes. Adjust the exploration strategy based on observed improvements or persistent issues.

By implementing these recommendations, the agent should be able to explore the environment more effectively, leading to faster learning and improved performance in reaching the goal in MountainCar-v0.","```json
{
  ""action_probs"": [0.4, 0.2, 0.4]
}
```"
126,-37.08344294112842,-60.06944282332565,0.01,0.028765946626663208,N/A,N/A
127,-37.688846048261205,-58.64302218616384,0.01,0.013100696727633476,N/A,N/A
128,-64.22526785640842,-59.2404275955202,0.01,0.10623051226139069,N/A,N/A
129,-65.81912228979012,-59.52338215992042,0.01,0.08265987038612366,N/A,N/A
130,-40.04949002929499,-58.3190217757583,0.01,0.0290275476872921,"To help the DQN agent learn more effectively in the MountainCar-v0 environment, we need to ensure that the exploration strategy encourages the agent to experience a variety of states and actions. This will provide a richer dataset for the agent to learn from. Based on the data provided, here are some observations and recommendations:

### Observations:
1. **Action Distribution:** The sampled actions from the last episode are heavily skewed towards actions 0 (Push Left) and 2 (Push Right), with a significant portion being action 2. Action 1 (No Push) is underrepresented.
2. **Total Reward:** The total reward of -40.05 suggests the agent is not yet consistently reaching the goal. In MountainCar-v0, the agent needs to build momentum by oscillating back and forth, which requires a balanced use of all three actions.

### Recommendations:
1. **Balanced Exploration:** To improve learning, it's important to ensure a more balanced exploration of actions. This can be achieved by adjusting the action distribution during exploration. Here’s a suggested distribution:
   - Action 0 (Push Left): 35%
   - Action 1 (No Push): 30%
   - Action 2 (Push Right): 35%

   This distribution encourages the agent to explore pushing left and right equally, while still considering the ""No Push"" action to maintain balance and test different strategies.

2. **Incorporate Stochasticity:** Introduce some randomness or stochasticity in the action selection process. This could be achieved by using an epsilon-greedy strategy with a relatively high epsilon value (e.g., 0.2 to 0.3) during these exploration episodes. This ensures that the agent occasionally selects random actions to explore less frequently visited states.

3. **Monitor Progress:** After implementing this adjusted exploration strategy, closely monitor the agent's performance, especially the total reward and the diversity of states visited. If the agent's performance does not improve, further adjust the action distribution or exploration parameters.

4. **Adaptive Exploration:** Consider using an adaptive exploration strategy that adjusts the action probabilities based on the agent’s recent performance. If the agent starts to perform better, gradually reduce exploration in favor of exploitation.

By implementing these recommendations, the agent should gain a better understanding of the environment dynamics and improve its performance over time.","```json
{
  ""action_probs"": [0.35, 0.3, 0.35]
}
```"
131,-62.74281560363847,-57.84469909876161,0.01,0.01970994845032692,N/A,N/A
132,-59.500561935544425,-56.84433952341938,0.01,0.03312462940812111,N/A,N/A
133,-66.6166539692553,-57.146223659868326,0.01,0.042665086686611176,N/A,N/A
134,-43.92501787077634,-56.510320133089884,0.01,0.021405048668384552,N/A,N/A
135,-61.64980323266272,-56.62148118597187,0.01,0.03795870766043663,"Based on the data provided, here are some observations and recommendations for the exploration strategy to help the DQN agent learn faster in the MountainCar-v0 environment:

### Observations:
1. **Action Distribution**: The sampled actions show a significant imbalance. The actions are heavily skewed towards action `0` (Push Left) and action `2` (Push Right), with very few instances of action `1` (No Push). This suggests that the exploration strategy is not adequately covering all possible actions.

2. **Momentum Building**: In the MountainCar-v0 environment, building momentum is crucial for reaching the goal. This often requires a strategic sequence of left and right pushes to gain enough speed to ascend the hill.

3. **Total Reward**: The total reward in the last episode is -61.65, which indicates that the agent is not reaching the goal efficiently. The reward suggests that the agent is spending too much time in the episode, possibly due to inefficient exploration.

### Recommendations:
1. **Balanced Exploration**: Adjust the exploration strategy to ensure a more balanced distribution of actions. While actions `0` and `2` are necessary for building momentum, action `1` (No Push) should not be neglected. It can be useful in certain states to maintain velocity or prevent overshooting.

2. **Exploration Strategy**:
   - Implement an epsilon-greedy strategy where the probability of choosing a random action is initially high and gradually decreases over time. This encourages exploration early on and exploitation as the agent learns.
   - Within the random action selection, consider a uniform distribution over all actions to ensure that all actions are explored adequately.

3. **Adaptive Exploration**:
   - Use a state-dependent exploration strategy where the action probabilities are adjusted based on the current state (position and velocity). For instance, if the car is near the peak of the left hill, increase the probability of choosing action `2` (Push Right) to build momentum towards the right hill.
   - Introduce a small probability of selecting action `1` (No Push) to explore its effects in various states, especially when the car has built significant momentum.

4. **Reward Shaping**:
   - Consider shaping the reward to encourage more effective exploration. For example, provide small positive rewards for reaching higher velocities or specific positions that are closer to the goal.

5. **Monitor and Adjust**:
   - Continuously monitor the action distribution and total rewards over episodes. If the agent's performance does not improve, further adjust the exploration strategy to ensure a more effective learning process.

By implementing these recommendations, the agent should be able to explore the environment more effectively, build the necessary momentum, and ultimately learn to reach the goal more efficiently.","```json
{
  ""action_probs"": [0.4, 0.2, 0.4]
}
```"
136,-59.11606332678016,-56.54398850629093,0.01,0.037084877490997314,N/A,N/A
137,-42.51059980819534,-55.97347255639689,0.01,0.04922166094183922,N/A,N/A
138,-61.23270320974572,-56.27285262961642,0.01,0.023164279758930206,N/A,N/A
139,-57.1214489558292,-56.287350834069535,0.01,0.041777417063713074,N/A,N/A
140,-37.377799385203986,-55.73155057286216,0.01,0.019171053543686867,"Based on the data provided, the agent's actions are heavily skewed towards pushing right (action 2) after an initial period of exclusively pushing left (action 0). This indicates that the agent might be getting stuck in a local strategy of trying to build momentum primarily in one direction, which may not be optimal for learning the dynamics of the MountainCar environment effectively. 

To help the DQN agent learn faster, we should aim for a more balanced exploration strategy that encourages the agent to explore different state-action pairs more thoroughly. Here are some recommendations:

1. **Balanced Exploration:** Encourage a more balanced distribution of actions to allow the agent to explore the environment more thoroughly. This could involve setting an action distribution with a higher probability for less frequently chosen actions. For instance:
   - Action 0 (Push Left): 40%
   - Action 1 (No Push): 20%
   - Action 2 (Push Right): 40%

2. **Encourage Momentum Building:** Since the car needs to build momentum to reach the goal, ensure that the agent explores sequences of actions that involve alternating between pushing left and right. This can be achieved by slightly favoring actions that help build momentum:
   - Action 0 (Push Left): 35%
   - Action 1 (No Push): 15%
   - Action 2 (Push Right): 50%

3. **Adaptive Exploration Strategy:** Implement an adaptive exploration strategy where the action distribution changes based on the current state of the car. For example:
   - If the car's velocity is negative (moving left), slightly favor action 2 (Push Right) to help it build momentum back to the right.
   - If the car's velocity is positive (moving right), slightly favor action 0 (Push Left) to help it gain more momentum to the left.

4. **Exploration Noise:** Introduce some stochasticity or noise to the action selection process to prevent the agent from getting stuck in suboptimal action sequences. This can be done by adding a small random noise to the action probabilities.

5. **Monitor and Adjust:** Continuously monitor the agent's performance and adjust the exploration strategy as needed. If the agent shows improvement, gradually shift towards a more greedy policy to exploit learned behaviors.

By implementing these strategies, the agent should be able to explore the environment more effectively and learn the dynamics of the MountainCar task faster.","```json
{
  ""action_probs"": [0.35, 0.15, 0.5]
}
```"
141,-59.14480105507077,-56.70342934918407,0.01,0.05767550319433212,N/A,N/A
142,-62.33154583337683,-55.725824237800886,0.01,0.028097009286284447,N/A,N/A
143,-62.07848345034894,-57.547607422797924,0.01,0.024302911013364792,N/A,N/A
144,-59.382814422638916,-61.10244847788648,0.01,0.023909416049718857,N/A,N/A
145,-61.69900011933307,-55.64386791255854,0.01,0.05502394959330559,"To help the DQN agent learn faster in the MountainCar-v0 environment, we need to consider the sampled actions and the current performance. Let's break down the situation and provide recommendations based on the current exploration strategy:

### Analysis of Current Strategy:
1. **Action Distribution**: 
   - Action 0 (Push Left): 34 times
   - Action 1 (No Push): 9 times
   - Action 2 (Push Right): 55 times

2. **Current Performance**: 
   - The total reward in the last episode is -61.699, indicating that the agent is still struggling to reach the goal efficiently. The reward is negative because the episode ends either when the car reaches the flag or after 200 steps, whichever comes first. A reward closer to 0 would indicate better performance.

3. **Observation**:
   - The action distribution is skewed towards pushing right (Action 2), while pushing left (Action 0) is also significant. The ""No Push"" action (Action 1) is less frequent.
   - The car needs to build momentum by moving back and forth, which means alternating between pushing left and right is crucial.

### Recommendations for Exploration Strategy:
1. **Balanced Exploration**:
   - Encourage a more balanced exploration of actions. Since building momentum is key, the agent should explore pushing left and right more equally. Consider an action distribution that slightly favors alternating actions, such as:
     - Action 0 (Push Left): 40%
     - Action 1 (No Push): 20%
     - Action 2 (Push Right): 40%

2. **Incorporate More ""No Push"" Actions**:
   - Increase the exploration of the ""No Push"" action to allow the car to naturally decelerate and potentially gain momentum in the opposite direction. This can help in fine-tuning the momentum.
   - Adjust the distribution to:
     - Action 0 (Push Left): 35%
     - Action 1 (No Push): 30%
     - Action 2 (Push Right): 35%

3. **Adaptive Exploration**:
   - Consider adaptive exploration strategies where the action distribution changes based on the agent's position and velocity. For example, if the car is moving left and has a negative velocity, favor pushing right to build momentum.

4. **Monitor and Adjust**:
   - After implementing the new exploration strategy, monitor the agent's performance over the next 20 episodes. If improvement is observed, continue with the strategy, otherwise, recalibrate the action distribution based on new observations.

By adjusting the exploration strategy to encourage more balanced action selection and increased exploration of the ""No Push"" action, the agent can potentially learn more effective policies for building momentum and reaching the goal faster.","```json
{
  ""action_probs"": [0.35, 0.3, 0.35]
}
```"
146,-39.57634757798764,-61.116980583241386,0.01,0.02506415918469429,N/A,N/A
147,-57.460343921290956,-56.6849962505613,0.01,0.012222081422805786,N/A,N/A
148,-60.03553550864368,-69.2199818428962,0.01,0.10027042776346207,N/A,N/A
149,-80.46166475429864,-59.873165150112506,0.01,0.05459800735116005,N/A,N/A
150,-58.48778795686752,-60.7749391794305,0.01,0.08582651615142822,"To help the DQN agent learn faster in the MountainCar-v0 environment, let's analyze the current action distribution and propose a strategy for exploration that encourages better learning:

### Analysis of Current Action Distribution:

1. **Action Distribution**: 
   - Action 0 (Push Left): 25 times
   - Action 1 (No Push): 2 times
   - Action 2 (Push Right): 73 times

2. **Observation**:
   - There is a heavy bias towards Action 2 (Push Right), which suggests that the agent is primarily trying to push the car to the right. However, given the nature of the MountainCar problem, the car must first build momentum by oscillating between the left and right sides.

3. **Reward**:
   - The total reward in the last episode is -58.49, which is relatively low and indicates that the agent is not efficiently reaching the goal.

### Recommended Strategy for Exploration:

To improve learning efficiency, the agent should explore actions more evenly to better understand the dynamics of the environment. Here's a recommended action distribution for exploration over the next 20 episodes:

1. **Balanced Exploration**:
   - Increase the frequency of Action 0 (Push Left) to help the car build momentum.
   - Ensure Action 1 (No Push) is more frequently used to allow the car to naturally oscillate between hills.
   - Maintain a reasonable frequency for Action 2 (Push Right) to ensure the car attempts to reach the goal.

2. **Proposed Action Distribution**:
   - Action 0 (Push Left): 40%
   - Action 1 (No Push): 20%
   - Action 2 (Push Right): 40%

### Implementation:

- Use an epsilon-greedy strategy during exploration with an epsilon value that encourages exploration, such as 0.3 to 0.5. This means that with a probability of epsilon, the agent will choose an action based on the proposed distribution rather than the current policy.

- As the agent learns and the episodes progress, gradually decrease epsilon to shift towards exploitation of the learned policy.

### Expected Outcome:

By following this strategy, the agent should:
- Develop a better understanding of how to build momentum by oscillating between the hills.
- Improve the efficiency of reaching the goal, which should be reflected in higher total rewards over time.
- Balance exploration and exploitation more effectively, leading to faster convergence of the learning algorithm.

This exploration strategy aims to address the current imbalance in action selection and promote a more thorough exploration of the environment's state-action space.","```json
{
  ""action_probs"": [0.4, 0.2, 0.4]
}
```"
151,-38.76290174645173,-59.83061169271137,0.01,0.03800835460424423,N/A,N/A
152,-61.53721369605379,-57.48699733622999,0.01,0.01730712689459324,N/A,N/A
153,-57.624838571456664,-72.89147578210256,0.01,0.025937288999557495,N/A,N/A
154,-57.98882939920295,-60.91055621489968,0.01,0.02261076122522354,N/A,N/A
155,-48.68811972748124,-56.34923793093382,0.01,0.026625510305166245,"Based on the data provided, we can observe the following:

1. **Action Distribution**: The sampled actions show a strong bias towards action `2` (Push Right), followed by action `0` (Push Left), and a very minimal use of action `1` (No Push). This suggests that the current exploration strategy heavily favors pushing to the right, with very little exploration of maintaining the current state or pushing left.

2. **Total Reward**: The total reward of -48.6881 indicates that the agent is not yet performing optimally. The MountainCar-v0 environment rewards reaching the flag in fewer steps, so a high negative reward suggests the agent is taking many steps to reach the goal or is not reaching the goal efficiently.

### Recommendations for Exploration Strategy:

1. **Balanced Exploration**: Encourage a more balanced exploration strategy to ensure the agent learns the dynamics of moving left to build momentum, which is crucial in MountainCar-v0. A suggested action distribution could be:
   - Action `0` (Push Left): 40%
   - Action `1` (No Push): 20%
   - Action `2` (Push Right): 40%

   This distribution allows the agent to explore pushing left and right equally, while still exploring the ""No Push"" action to understand its effects.

2. **Increased Exploration of Action `1`**: Increase the exploration of action `1` (No Push) slightly. This action can be useful in certain states to maintain momentum or when the car is at the peak of a hill. Understanding when to use ""No Push"" effectively can help the agent learn optimal strategies.

3. **Adaptive Exploration**: Consider using an adaptive exploration strategy, such as epsilon-greedy with a decaying epsilon, to gradually shift from exploration to exploitation as the agent learns more about the environment.

4. **Monitor Learning Progress**: After implementing the new action distribution, monitor the total rewards and the agent's behavior over the next 20 episodes. Adjust the distribution if necessary based on the agent's performance and learning progress.

By adopting a more balanced exploration strategy, the agent is more likely to learn the necessary momentum-building technique required to solve the MountainCar-v0 environment efficiently.","```json
{
  ""action_probs"": [0.4, 0.2, 0.4]
}
```"
156,-59.16980413316215,-55.4800149339991,0.01,0.02012862265110016,N/A,N/A
157,-47.828057746381276,-56.90072968181103,0.01,0.022227516397833824,N/A,N/A
158,-58.81448645988877,-58.56903735939486,0.01,0.02527666836977005,N/A,N/A
159,-59.45853717779475,-56.32801775761311,0.01,0.15365245938301086,N/A,N/A
160,-47.74166763643983,-59.13500042286938,0.01,0.025595903396606445,"Based on the provided data, the main goal is to recommend an exploration strategy that can help the DQN agent learn faster in the MountainCar-v0 environment. Here's an analysis of the current situation and recommendations:

### Analysis:

1. **Action Distribution:**
   - The sampled actions show a heavy bias towards action `2` (Push Right), with some instances of action `0` (Push Left) and a few instances of action `1` (No Push).
   - The current distribution seems to lack balance, which might hinder the agent's ability to explore the state space effectively.

2. **Reward:**
   - The total reward for the last episode is -47.74, indicating that the agent is not yet reaching the goal effectively. In MountainCar-v0, the reward is typically -1 for each time step until the goal is reached, so a higher negative reward suggests the agent is taking many time steps without success.

3. **Momentum Building:**
   - The task requires building momentum by oscillating between the left and right hills. This means actions `0` and `2` should be used more strategically to gain enough speed to reach the flag.

### Recommendations:

1. **Balanced Exploration:**
   - Implement a more balanced action distribution during exploration. For instance, use a distribution such as:
     - 40% chance of choosing action `0` (Push Left)
     - 40% chance of choosing action `2` (Push Right)
     - 20% chance of choosing action `1` (No Push)
   - This distribution encourages the agent to explore both directions more equally, which is crucial for building the necessary momentum.

2. **Adaptive Exploration:**
   - Consider using an adaptive exploration strategy such as epsilon-greedy with a decaying epsilon. Start with a higher epsilon (e.g., 0.8) to promote exploration and gradually reduce it as the agent learns.

3. **Reward Shaping:**
   - If possible, implement reward shaping to encourage the agent to move towards the goal. For example, provide small positive rewards for increasing velocity or moving closer to the flag, and small penalties for moving away.

4. **Monitor Learning Progress:**
   - Continuously monitor the agent's performance and adjust the exploration strategy as needed. If the agent starts to show improvement, you can reduce exploration to allow the agent to exploit its learned policy.

5. **State-Dependent Exploration:**
   - Consider a state-dependent exploration strategy where the action distribution changes based on the agent's position and velocity. For example, if the agent is moving left and gaining velocity, it might be more beneficial to keep pushing left.

By adopting these strategies, the agent should be able to explore the environment more effectively and learn the optimal policy faster.","```json
{
  ""action_probs"": [0.4, 0.2, 0.4]
}
```"
161,-58.669353984495885,-58.35720316835612,0.01,0.02047000080347061,N/A,N/A
162,-57.54003916968357,-59.67500243061376,0.01,0.13922441005706787,N/A,N/A
163,-62.75906811439032,-56.67283381488968,0.01,0.07405662536621094,N/A,N/A
164,-51.26142765933933,-62.3899724060921,0.01,0.025442514568567276,N/A,N/A
165,-61.352925690659326,-61.3610323358008,0.01,0.21091151237487793,"Based on the provided data, it appears that the agent is struggling to effectively explore the action space to build sufficient momentum to reach the goal in the MountainCar-v0 environment. The sampled actions show a heavy bias towards action 0 (Push Left) and action 2 (Push Right) with very few instances of action 1 (No Push), indicating that the agent might be over-relying on pushing actions without adequately considering the potential benefits of maintaining momentum by not pushing.

### Analysis:

1. **Action Distribution:**
   - Action 0 (Push Left): Predominantly used at the beginning and intermittently throughout.
   - Action 1 (No Push): Very rarely used, which might be limiting exploration of maintaining momentum.
   - Action 2 (Push Right): Used extensively in the middle and towards the end, likely trying to reach the goal.

2. **Total Reward:**
   - The total reward of -61.35 suggests that the car is likely oscillating without effectively building momentum to reach the flag.

### Recommendations for Exploration Strategy:

1. **Balanced Exploration:**
   - To help the agent learn faster, a more balanced exploration strategy should be employed. This can be achieved by adjusting the exploration policy to encourage more frequent use of action 1 (No Push). This will allow the agent to explore the effects of maintaining velocity without constant acceleration.

2. **Exploration Action Distribution:**
   - Adjust the exploration action probabilities to give more weight to action 1:
     - Action 0 (Push Left): 30%
     - Action 1 (No Push): 40%
     - Action 2 (Push Right): 30%
   - This distribution encourages the agent to explore maintaining momentum while still allowing for directional pushes.

3. **Dynamic Exploration Strategy:**
   - Consider implementing a dynamic exploration strategy where the probabilities are adjusted based on the agent's performance and learning progress. For instance, if the agent starts to achieve better rewards, gradually reduce the exploration rate to allow the agent to exploit learned policies.

4. **Reward Shaping:**
   - Although not directly related to exploration actions, consider incorporating reward shaping to provide intermediate rewards for achieving higher positions on the hill. This can guide the agent to understand the importance of building momentum.

5. **Monitor and Adjust:**
   - Continuously monitor the agent's performance over the next 20 episodes with the new exploration strategy. If improvements are observed, continue with the strategy; otherwise, further adjust the action probabilities or incorporate additional exploration techniques like epsilon-greedy or softmax action selection.

By implementing these recommendations, the agent should be able to explore more effectively and learn a more optimal policy for reaching the goal in the MountainCar-v0 environment.","```json
{
  ""action_probs"": [0.3, 0.4, 0.3]
}
```"
166,-52.3478969049773,-60.976639504214276,0.01,0.02243794873356819,N/A,N/A
167,-60.32064564876994,-57.08587686707424,0.01,0.059287458658218384,N/A,N/A
168,-61.776735568454036,-56.88787254904247,0.01,0.02080354653298855,N/A,N/A
169,-59.57912918755652,-52.688448444420274,0.01,0.14391903579235077,N/A,N/A
170,-59.1801837526528,-53.42660549898998,0.01,0.025030504912137985,"Based on the given data, the agent's recent exploratory actions seem to be heavily skewed towards actions `0` (Push Left) and `2` (Push Right), with a noticeable under-representation of action `1` (No Push). The total reward of -59.18 suggests that the agent is not yet efficiently reaching the goal, likely due to suboptimal exploration.

### Analysis:
1. **Action Distribution**: 
   - Action `0` (Push Left) and `2` (Push Right) are predominant, indicating the agent is attempting to build momentum by oscillating between these actions.
   - Action `1` (No Push) is rarely used, which might be limiting the agent's ability to stabilize or maintain momentum at crucial points.

2. **Reward**:
   - The negative reward indicates that the agent is not reaching the goal efficiently. It could be due to the lack of exploration in certain state-action spaces or suboptimal momentum building.

### Recommendations for Exploration Strategy:
To improve the learning efficiency of the DQN agent, consider adjusting the exploration strategy to ensure a more balanced exploration of the action space:

1. **Balanced Action Distribution**:
   - **Increase the probability of action `1` (No Push)**: This can help the agent learn when to maintain momentum without unnecessary oscillation. A more balanced distribution could be:
     - Action `0`: 40%
     - Action `1`: 20%
     - Action `2`: 40%

2. **Adaptive Exploration**:
   - Implement an adaptive exploration strategy where the probability of selecting `No Push` increases when the car is near the peak of a hill. This can help in maintaining momentum when transitioning from one hill to another.

3. **State-Dependent Exploration**:
   - Use the velocity information to modulate action selection. For instance, if the velocity is high, increase the probability of `No Push` to allow the car to coast.

4. **Exploration Noise**:
   - Introduce a small amount of noise or randomness in action selection to prevent the agent from getting stuck in local optima and ensure diverse experience sampling.

By adjusting the exploration strategy to encourage a more balanced use of actions, the agent can potentially learn a more effective policy, leading to improved performance and higher rewards over time.","```json
{
  ""action_probs"": [0.4, 0.2, 0.4]
}
```"
171,-58.7338193923634,-55.98288234886694,0.01,0.08403155207633972,N/A,N/A
172,-59.50182733843768,-55.226446408806034,0.01,0.019756533205509186,N/A,N/A
173,-60.85884911522068,-59.93477358922725,0.01,0.23296286165714264,N/A,N/A
174,-60.2094316002314,-61.54095066338307,0.01,0.07942276448011398,N/A,N/A
175,-50.08975596351415,-59.55799106918174,0.01,0.14582282304763794,"To help the DQN agent learn faster in the MountainCar-v0 environment, it's important to ensure that the exploration strategy allows the agent to experience a diverse set of states and actions. This will help the agent discover effective strategies for building momentum and reaching the goal. Let's analyze the provided data and suggest a suitable exploration action distribution:

### Analysis of Sampled Actions:
1. **Action Distribution**: The sampled actions in the last episode are heavily skewed towards actions 2 (Push Right) and 0 (Push Left), with very few instances of action 1 (No Push). Specifically:
   - Action 2: 64 occurrences
   - Action 0: 29 occurrences
   - Action 1: 2 occurrences

2. **Current Strategy**: The current strategy seems to favor pushing right significantly more often than pushing left or not pushing at all. This is likely leading to suboptimal exploration, as the car needs to oscillate back and forth to gain enough momentum to reach the flag.

### Recommendations for Exploration Strategy:
To improve the learning process, consider adjusting the exploration action distribution to encourage more balanced exploration. Here's a suggested strategy:

1. **Balanced Action Distribution**: Encourage a more even distribution of actions to ensure the agent explores different strategies. A suggested distribution could be:
   - Action 0 (Push Left): 40%
   - Action 1 (No Push): 20%
   - Action 2 (Push Right): 40%

2. **Incorporate Stochasticity**: Introduce some randomness in action selection to prevent the agent from falling into local optima. This can be done by using an epsilon-greedy strategy where the agent selects a random action with a certain probability (epsilon) and follows the policy otherwise.

3. **Adaptive Exploration**: Gradually decrease the randomness as the agent learns. Start with a higher epsilon (e.g., 0.2) and reduce it over time to allow the agent to exploit learned strategies more.

4. **Momentum Building**: Encourage the agent to experiment with oscillating between actions 0 and 2 to effectively build momentum. This can be emphasized by slightly favoring these actions over action 1.

5. **Monitor and Adjust**: Continuously monitor the agent's performance and adjust the exploration strategy as needed based on the agent's progress and the total reward achieved in episodes.

By implementing these recommendations, the agent should be better equipped to explore the environment effectively, build the necessary momentum, and ultimately improve its performance in the MountainCar-v0 task.","```json
{
  ""action_probs"": [0.4, 0.2, 0.4]
}
```"
176,-58.28946209456773,-62.118740970309815,0.01,0.013620065525174141,N/A,N/A
177,-49.241103980054945,-57.49991047540093,0.01,0.15202413499355316,N/A,N/A
178,-51.92258989315709,-54.55574906593597,0.01,0.06989408284425735,N/A,N/A
179,-68.08072819469962,-58.25462668242138,0.01,0.13506080210208893,N/A,N/A
180,-52.68802240290678,-61.49946863170311,0.01,0.14400102198123932,"Based on the data provided, we can observe the following:

1. **Action Distribution**: The sampled actions show a heavy bias towards actions 2 (Push Right) and 0 (Push Left), with very few actions 1 (No Push) being taken. This indicates that the agent is predominantly trying to push the car to the right or left, with minimal periods of no push.

2. **Total Reward**: The reward of -52.688 suggests that the agent is still struggling to consistently reach the goal. In MountainCar-v0, the goal is to reach the flag on the right hill, and a reward closer to zero or positive indicates better performance.

3. **Exploration Strategy**: Given that the engine is weak and the car needs to build momentum, a balanced exploration strategy that encourages oscillation between left and right pushes might be more effective. The current strategy seems to be heavily skewed towards pushing in one direction, which might not be allowing the agent to effectively build the necessary momentum.

### Recommendations:

1. **Action Distribution Adjustment**:
   - **Increase Action 1 (No Push)**: Introduce more instances of action 1 to allow the car to coast and potentially gain momentum from the slopes naturally. This can help the agent learn the dynamics of the environment better.
   - **Balanced Pushes**: Ensure a more balanced distribution between actions 0 and 2 to encourage the car to oscillate and build momentum effectively. A suggested distribution could be:
     - Action 0 (Push Left): 40%
     - Action 1 (No Push): 20%
     - Action 2 (Push Right): 40%

2. **Adaptive Exploration**:
   - Consider using an adaptive exploration strategy that adjusts the action probabilities based on the agent's performance. For example, if the agent is not reaching higher positions, increase the probability of alternating between actions 0 and 2.

3. **Monitor Performance**:
   - Continuously monitor the agent's performance and adjust the exploration strategy as needed. If the agent's reward does not improve, consider experimenting with different action distributions or exploration strategies, such as epsilon-greedy with decay.

By implementing these recommendations, the agent should have a better chance of learning the optimal strategy to reach the goal more efficiently.","```json
{
  ""action_probs"": [0.4, 0.2, 0.4]
}
```"
181,-48.40296743573355,-53.8449758967574,0.01,0.15265756845474243,N/A,N/A
182,-75.48302074703885,-54.763400548883205,0.01,0.012129463255405426,N/A,N/A
183,-84.35793484215891,-51.17542458560941,0.01,0.01607479900121689,N/A,N/A
184,-56.985950952449,-51.99308246819961,0.01,0.08197010308504105,N/A,N/A
185,-74.05234757001915,-50.508677151801784,0.01,0.17377516627311707,"Based on the task description and the data provided, the goal is to help the DQN agent learn faster in the MountainCar-v0 environment. The sampled actions and total reward from the last episode provide insights into the agent's current exploration strategy and its effectiveness.

### Analysis:

1. **Current Action Distribution:**
   - The sampled actions show a heavy preference towards action `2` (Push Right), followed by action `0` (Push Left), and minimal usage of action `1` (No Push).
   - This indicates an imbalanced exploration strategy, with the agent predominantly pushing the car to the right.

2. **Performance Insight:**
   - The total reward of `-74.05` suggests that the agent is not yet efficiently reaching the goal. In MountainCar-v0, higher (less negative) rewards indicate better performance, as reaching the goal sooner results in fewer time steps and thus a higher reward.

3. **Momentum Building:**
   - To succeed in MountainCar-v0, the agent must build momentum by oscillating between the left and right hills. The current bias towards action `2` might prevent effective momentum building, as the agent is not spending enough time pushing left to gain the necessary velocity.

### Recommendations for Action Distribution:

To improve exploration and help the DQN agent learn faster, consider adjusting the action distribution to encourage more balanced exploration:

1. **Increase Diversity:**
   - Encourage a more balanced use of actions `0` (Push Left) and `2` (Push Right) to facilitate momentum building. A potential distribution could be:
     - 40% for action `0` (Push Left)
     - 40% for action `2` (Push Right)
     - 20% for action `1` (No Push)

2. **Encourage Oscillation:**
   - The agent should spend more time oscillating between the hills. By increasing the probability of switching between actions `0` and `2`, the agent can better explore the state space and learn the optimal momentum-building strategy.

3. **Adaptive Exploration:**
   - Consider implementing an adaptive exploration strategy where the action probabilities can be adjusted based on the agent's performance. If the agent starts to reach the goal more frequently, the action distribution can be refined further to exploit successful strategies.

4. **Monitor and Adjust:**
   - Continuously monitor the agent's performance over the next 20 episodes. If the reward improves, continue with the adjusted distribution. If not, consider further adjustments or more sophisticated exploration techniques like epsilon-greedy with decay or boltzmann exploration.

By implementing these recommendations, the agent should be able to explore more effectively, build the necessary momentum, and improve its performance in the MountainCar-v0 environment.","```json
{
  ""action_probs"": [0.4, 0.2, 0.4]
}
```"
186,-49.93075248428756,-50.656311691407126,0.01,0.191899836063385,N/A,N/A
187,-59.2382685904936,-49.72694465712054,0.01,0.13598984479904175,N/A,N/A
188,-45.665200250276506,-50.12394857150723,0.01,0.057688385248184204,N/A,N/A
189,-79.76024761348971,-50.31481771793832,0.01,0.013404753059148788,N/A,N/A
190,-60.3944162580983,-49.285678886093045,0.01,0.05019812285900116,"Based on the sampled actions and the total reward from the last episode, it appears that the agent's current exploration strategy might not be optimal for quickly building the necessary momentum to reach the goal in the MountainCar-v0 environment. Here are some observations and recommendations for improving the exploration strategy:

### Observations:

1. **Action Distribution**:
   - The sampled actions are heavily skewed towards action `2` (Push Right), especially in the latter part of the episode. 
   - There are clusters of action `0` (Push Left) towards the beginning and middle parts of the episode.
   - Action `1` (No Push) appears sporadically, mostly in the middle of the episode.

2. **Reward**:
   - The total reward of `-60.39` indicates that the agent is not yet able to reach the goal efficiently. The reward is negative because the episode ends when the car reaches the goal or after 200 time steps, whichever comes first, and the reward is typically -1 per time step.

### Recommendations:

1. **Balanced Exploration**:
   - Encourage a more balanced exploration of actions `0` and `2`. Since the car needs to build momentum by going back and forth, it's crucial to have a good mix of pushing left and right.
   - Consider a 40% (action `0`), 10% (action `1`), and 50% (action `2`) distribution for exploration. This will encourage more frequent changes in direction, helping the car to build the necessary momentum.

2. **Scheduled Exploration**:
   - Implement a scheduled exploration strategy where the probability of taking certain actions changes over the course of the episode. For example, start with more `0` actions to build initial momentum, then transition to more `2` actions as the car approaches the right hill.

3. **Incorporate Velocity**:
   - Adjust the action probabilities based on the car's velocity. If the velocity is negative (moving left), increase the probability of action `2` to help push the car back to the right. Conversely, if the velocity is positive, increase the probability of action `0`.

4. **Entropy-Based Exploration**:
   - Use an entropy-based exploration strategy to ensure that the agent explores a diverse set of actions. This can be done by dynamically adjusting the exploration rate based on the entropy of the action distribution.

5. **Adaptive Exploration**:
   - Implement an adaptive exploration strategy that changes the exploration rate based on performance. If the total reward improves over episodes, gradually reduce exploration to exploit learned strategies.

By adjusting the exploration strategy as suggested, the agent should be able to learn more effectively and potentially reach the goal faster in the MountainCar-v0 environment.","```json
{
  ""action_probs"": [0.4, 0.1, 0.5]
}
```"
191,-75.62834503425941,-49.45344204764256,0.01,0.014988558366894722,N/A,N/A
192,-53.07400773014609,-49.579086061790015,0.01,0.05654335767030716,N/A,N/A
193,-52.524543096055275,-51.65250201801805,0.01,0.028432834893465042,N/A,N/A
194,-60.830395071903624,-54.74596140038941,0.01,0.041340939700603485,N/A,N/A
195,-50.28451326186601,-52.977855000216174,0.01,0.010062767192721367,"To help the DQN agent learn faster in the MountainCar-v0 environment, we need to analyze the current action distribution and suggest a strategy that promotes effective exploration. The action distribution in the last episode shows a predominant use of action '2' (Push Right) and action '0' (Push Left), with very few instances of action '1' (No Push).

### Analysis of Current Action Distribution:
- **Action '2' (Push Right):** Used extensively. This suggests the agent is trying to push the car to the right, likely to reach the flag. However, due to the weak engine, this alone is insufficient to reach the goal.
- **Action '0' (Push Left):** Also used frequently, indicating the agent is attempting to build momentum by going back and forth.
- **Action '1' (No Push):** Rarely used. This action can be valuable when the car is moving downhill, allowing it to gain momentum naturally without the engine's intervention.

### Recommendations for Exploration Strategy:
1. **Balanced Action Distribution:**
   - Encourage a more balanced exploration strategy by increasing the probability of action '1' (No Push). This can help the agent learn to leverage gravity effectively when the car is moving downhill.
   - Suggested action probabilities: 
     - Action '0' (Push Left): 0.4
     - Action '1' (No Push): 0.2
     - Action '2' (Push Right): 0.4

2. **Momentum Building:**
   - Ensure the agent learns to build momentum by alternating between pushing left and right. This can be achieved by maintaining a higher probability for actions '0' and '2' but introducing enough '1' actions to allow for natural acceleration.

3. **Adaptive Exploration:**
   - Consider implementing an adaptive exploration strategy where the action distribution changes based on the car's position and velocity. For instance, favor 'No Push' when the car is descending a hill.

4. **Monitor and Adjust:**
   - Continuously monitor the agent's performance and adjust the action distribution based on its learning progress. If the total reward improves, the current strategy might be effective; otherwise, further adjustments may be necessary.

By adopting a more balanced and adaptive exploration strategy, the agent can learn to take advantage of the environment's dynamics, potentially leading to faster convergence and better performance in achieving the goal.","```json
{
  ""action_probs"": [0.4, 0.2, 0.4]
}
```"
196,-55.748739482294454,-53.238811084031944,0.01,0.015471653081476688,N/A,N/A
197,-53.716679313980116,-52.73362918144544,0.01,0.03610585257411003,N/A,N/A
198,-73.69672536453668,-53.88010094872658,0.01,0.03728963062167168,N/A,N/A
199,-52.797663860412214,-50.044043791625604,0.01,0.02490975335240364,N/A,N/A
200,-49.41294697012888,-49.426307717740556,0.01,0.045456476509571075,"Based on the data provided, it appears that the agent is primarily sampling the ""Push Right"" action (action 2), with occasional ""Push Left"" (action 0) and ""No Push"" (action 1) actions. This distribution is likely leading to suboptimal exploration, as the car needs to build momentum by swinging back and forth to reach the flag on the right hill.

### Analysis:
1. **Action Distribution**: 
   - The majority of the actions are ""Push Right"" (action 2), which suggests that the car is trying to move towards the goal but might be getting stuck due to insufficient momentum.
   - There is a segment where ""Push Left"" (action 0) is used, but it seems concentrated in a block rather than interspersed, which might not be effectively building momentum.
   - ""No Push"" (action 1) is rarely used, which might indicate that the agent isn't exploring the potential benefits of coasting or maintaining speed without additional force.

2. **Total Reward**:
   - The reward of -49.41 suggests that the agent is not efficiently reaching the goal, as the task is typically scored based on the number of steps taken to reach the goal.

### Recommendations for Exploration Strategy:
To help the DQN agent learn more effectively, consider adjusting the exploration strategy to encourage a more balanced action distribution that better facilitates momentum building. Here are some specific recommendations:

1. **Balanced Action Sampling**:
   - **Increase the frequency of ""Push Left"" (action 0)**: Encourage more frequent use of this action to help build momentum by moving the car left initially. This will help the car gain the necessary speed to climb the right hill.
   - **Moderate ""Push Right"" (action 2)**: While this action is necessary, it should be used in conjunction with ""Push Left"" to ensure effective momentum building.
   - **Incorporate ""No Push"" (action 1)**: Introduce more instances where the agent does not apply any force. This can help the agent learn the dynamics of coasting and when it might be beneficial to maintain speed without additional input.

2. **Exploration Policy**:
   - Implement a stochastic policy where the probability of selecting each action is more balanced. For example, a distribution like [0.4, 0.2, 0.4] for actions [0, 1, 2] respectively might be a good starting point.
   - Consider using an epsilon-greedy strategy with a decaying epsilon to ensure that the agent explores various actions sufficiently before converging to a more deterministic policy.

3. **Momentum Building Strategy**:
   - Encourage action sequences that promote swinging back and forth. For instance, alternating between ""Push Left"" and ""Push Right"" with some ""No Push"" in between can help simulate the natural pendulum-like movement needed to gain height on the right hill.

By adjusting the exploration strategy to ensure a more balanced distribution of actions, the agent should be able to learn the dynamics of the environment more effectively, ultimately leading to better performance and higher rewards.","```json
{
  ""action_probs"": [0.4, 0.2, 0.4]
}
```"
201,-57.78412209591896,-49.54035228203609,0.01,0.024365102872252464,N/A,N/A
202,-49.356737417973854,-49.88815048177961,0.01,0.02182909846305847,N/A,N/A
203,-56.09081081766303,-49.1764581748637,0.01,0.014958437532186508,N/A,N/A
204,-51.37641738937237,-49.246964419995265,0.01,0.015497737564146519,N/A,N/A
205,-52.57791941950398,-49.81853359414682,0.01,0.02954792231321335,"Based on the provided data and the nature of the MountainCar-v0 environment, it is clear that the agent is primarily sampling the ""Push Right"" action (action 2) excessively, with some instances of ""Push Left"" (action 0) and very few ""No Push"" (action 1) actions. This indicates an imbalance in the exploration strategy, which may not be optimal for learning the dynamics of the environment effectively.

### Analysis:
1. **Action Distribution**: The current sampled actions are heavily skewed towards ""Push Right"" (action 2), with occasional ""Push Left"" (action 0), and sparse ""No Push"" (action 1). This suggests that the agent might be attempting to reach the goal by pushing right most of the time, but this strategy might not be effective given the weak engine and the need to build momentum.

2. **Reward**: The total reward in the last episode is -52.57, which is relatively high for the MountainCar-v0 environment. This indicates that the agent is failing to reach the goal, possibly due to the inefficient exploration strategy.

3. **Exploration Requirement**: MountainCar-v0 requires the agent to learn to build momentum by oscillating between the left and right hills. This requires a more balanced exploration strategy that allows the agent to experience a variety of state-action transitions.

### Recommendations for Exploration Strategy:
To improve the learning speed of the DQN agent, a more balanced exploration strategy should be implemented:

1. **Balanced Action Distribution**:
   - **Push Left (0)**: 40%
   - **No Push (1)**: 20%
   - **Push Right (2)**: 40%

   This distribution encourages the agent to explore both directions more equally, while still allowing some instances of ""No Push"" to explore the effects of inertia and gravity.

2. **Exploration Strategy**:
   - **Epsilon-Greedy Strategy**: Consider using an epsilon-greedy strategy where epsilon starts relatively high (e.g., 0.9) and decays over time. This will encourage more exploration initially and gradually shift towards exploitation as the agent learns the environment dynamics.
   - **Entropy-Based Exploration**: Introduce a small amount of randomness in action selection based on the entropy of the action distribution. This can help the agent escape local optima and explore new strategies.

3. **Reward Shaping**:
   - Consider implementing reward shaping to encourage behaviors that build momentum, such as providing small positive rewards for increasing velocity or reaching higher positions on the left hill.

4. **Monitor Learning Progress**:
   - Continuously monitor the learning progress and adjust the exploration strategy as needed based on the agent's performance and the distribution of actions taken.

By adopting a more balanced action distribution and a strategic exploration approach, the agent is more likely to learn the necessary momentum-building behavior to solve the MountainCar-v0 task effectively.","```json
{
  ""action_probs"": [0.4, 0.2, 0.4]
}
```"
206,-52.60250809822298,-49.56775633881633,0.01,0.012291016057133675,N/A,N/A
207,-46.49052013208022,-49.79446011722486,0.01,0.010217986069619656,N/A,N/A
208,-56.897633011978385,-50.3095628195985,0.01,0.018717531114816666,N/A,N/A
209,-57.90793219140865,-49.98634804107258,0.01,0.0639665424823761,N/A,N/A
210,-56.098158000083664,-49.48050512585625,0.01,0.017247188836336136,"Based on the data provided, the agent's recent exploration strategy seems to be heavily skewed towards certain actions, which might not be optimal for learning the MountainCar-v0 environment effectively. Here's a breakdown of the situation and recommendations for improving exploration:

### Analysis:

1. **Current Action Distribution**:
   - Action 0 (Push Left): Dominant at the beginning of the episode.
   - Action 1 (No Push): Less frequent, mostly towards the middle of the episode.
   - Action 2 (Push Right): Dominant towards the end of the episode.

2. **Reward**:
   - The total reward of -56.10 indicates that the agent is not yet performing well, as the task is not solved unless the reward is closer to zero or positive.

3. **Exploration Pattern**:
   - The agent seems to be spending a lot of time pushing left initially and pushing right towards the end, with little exploration of the ""No Push"" action.
   - The current strategy might be causing the agent to get stuck in suboptimal behavior, as it is not adequately exploring the state space.

### Recommendations:

1. **Balanced Action Distribution**:
   - To facilitate better learning, especially in the early stages, the agent should have a more balanced exploration strategy. This can be achieved by using a more uniform distribution across all actions, especially during exploration phases.
   - Suggested exploration probabilities: 
     - Action 0 (Push Left): 0.33
     - Action 1 (No Push): 0.34
     - Action 2 (Push Right): 0.33

2. **Encourage Exploration**:
   - Implement an epsilon-greedy strategy with a higher initial epsilon value (e.g., 0.9) to encourage more exploration. Gradually decay epsilon over time to shift towards exploitation as the agent learns.

3. **Monitor and Adjust**:
   - Continuously monitor the agent's performance and adjust the action distribution if certain actions are under-explored or if the agent starts showing signs of converging to suboptimal policies.
   - Consider using a decaying exploration strategy where the initial episodes have a higher exploration rate, which gradually decreases as the agent starts performing better.

4. **State-Dependent Exploration**:
   - If possible, implement a state-dependent exploration strategy where the action probabilities are adjusted based on the current state. For example, if the car is moving left with sufficient momentum, ""Push Right"" could be favored to build momentum in the opposite direction.

5. **Reward Shaping**:
   - Consider reward shaping to provide intermediate rewards for reaching certain velocities or positions, encouraging behavior that leads to solving the task.

By implementing these recommendations, the agent should be able to explore the environment more effectively, leading to faster learning and improved performance in the MountainCar-v0 task.","```json
{
  ""action_probs"": [0.33, 0.34, 0.33]
}
```"
211,-56.16163837168135,-50.33482622688352,0.01,0.035564862191677094,N/A,N/A
212,-51.910540574695915,-51.28660597310136,0.01,0.024928998202085495,N/A,N/A
213,-56.54013644724288,-50.531595518193285,0.01,0.01639280468225479,N/A,N/A
214,-50.07940742818504,-51.10353993533254,0.01,0.02099497616291046,N/A,N/A
215,-51.82286355154857,-50.882001240710714,0.01,0.015813171863555908,"The MountainCar-v0 environment requires the agent to build momentum to reach the goal, which involves moving back and forth between the hills. Based on the provided data, the sampled actions indicate a heavy bias towards the ""Push Right"" action (2), with periods of ""Push Left"" (0) and very few ""No Push"" (1) actions. This imbalance suggests that the agent might not be effectively exploring the state space, particularly in building the necessary momentum by alternating between pushing left and right.

### Analysis:
1. **Action Imbalance**: The predominant use of ""Push Right"" (2) actions suggests the agent is not effectively exploring the left side of the environment, which is crucial for building momentum.

2. **Lack of Alternation**: The sequence shows long stretches of the same action, particularly ""Push Right"", which may not be conducive to learning the optimal strategy of alternating actions to build momentum.

3. **Total Reward**: The total reward of -51.82 is far from the optimal score, indicating that the current exploration strategy is not effective in reaching the goal.

### Recommendations:
To improve exploration and help the DQN agent learn faster, consider the following strategy:

1. **Balanced Action Distribution**: Encourage a more balanced distribution between ""Push Left"" (0) and ""Push Right"" (2) actions. This can be achieved by setting an exploration policy that favors alternation between these actions. For example, use a distribution like:
   - 40% ""Push Left"" (0)
   - 40% ""Push Right"" (2)
   - 20% ""No Push"" (1)

2. **Incorporate Alternating Patterns**: Introduce exploration patterns that simulate the back-and-forth movement needed to build momentum. For instance, alternate between sequences of ""Push Left"" and ""Push Right"" more frequently.

3. **Adaptive Exploration Strategy**: Implement an adaptive exploration strategy where the action distribution is adjusted based on the agent's current position and velocity. For example, if the agent is moving left and has low velocity, increase the probability of ""Push Right"".

4. **Decay Exploration Over Time**: Gradually reduce exploration as the agent learns, allowing it to exploit the learned policy more as it becomes more effective.

5. **Monitor and Adjust**: Continuously monitor the agent's performance and adjust the exploration strategy if the total reward does not improve over several episodes.

By implementing a more balanced and adaptive exploration strategy, the agent should be able to learn the dynamics of the environment more effectively, leading to improved performance in reaching the goal.","```json
{
  ""action_probs"": [0.4, 0.2, 0.4]
}
```"
216,-55.103980448175164,-50.373650715503075,0.01,0.018978916108608246,N/A,N/A
217,-52.004851175312474,-49.04132049331757,0.01,0.017567578703165054,N/A,N/A
218,-51.2526529769463,-50.267660646227895,0.01,0.014969933778047562,N/A,N/A
219,-56.88490266390146,-51.93859035143288,0.01,0.016955319792032242,N/A,N/A
220,-51.14798138254389,-48.707563701206034,0.01,0.029213866218924522,"To help the DQN agent learn more effectively in the MountainCar-v0 environment, we need to analyze the current exploration strategy and suggest improvements. The goal is to ensure that the agent explores the state-action space adequately to learn an optimal policy.

### Analysis of Current Exploration

1. **Action Distribution:**
   - The sampled actions from the last episode are heavily skewed towards action 2 (Push Right), with occasional bursts of action 0 (Push Left) and very few instances of action 1 (No Push).
   - This distribution suggests that the agent is predominantly trying to push the car to the right, with some attempts to push left, but rarely choosing to not push at all.

2. **Performance:**
   - The total reward in the last episode is -51.15, which indicates the agent is not yet reaching the goal efficiently. In MountainCar-v0, rewards are typically negative, and a higher (less negative) reward indicates better performance.

### Recommendations for Exploration Strategy

To improve the agent's learning, we should adjust the exploration strategy to ensure a more balanced exploration of the action space:

1. **Balanced Action Sampling:**
   - **Proposed Action Distribution:**
     - Action 0 (Push Left): 40%
     - Action 1 (No Push): 20%
     - Action 2 (Push Right): 40%
   - Rationale: A balanced distribution between pushing left and right can help the agent build the momentum required to reach the goal more effectively. Including a moderate percentage of ""No Push"" actions allows the agent to explore the effect of not taking any action, which can be crucial in certain parts of the state space.

2. **Incorporate Exploration Noise:**
   - Introduce a small amount of randomness or noise in the action selection process to encourage exploration of less frequently visited states. This can be achieved by adding a small probability of selecting a random action irrespective of the current policy.

3. **Adaptive Exploration:**
   - Consider using an epsilon-greedy strategy where the epsilon (exploration rate) starts high and decays over time. This allows the agent to explore more in the early stages and exploit learned policies as training progresses.

4. **Monitor and Adjust:**
   - Continuously monitor the agent's performance and adjust the exploration strategy as needed. If the agent's performance plateaus, consider increasing exploration temporarily to escape local optima.

By implementing these recommendations, the agent should be able to explore the environment more effectively, leading to faster learning and improved performance in reaching the goal in MountainCar-v0.","```json
{
  ""action_probs"": [0.4, 0.2, 0.4]
}
```"
221,-57.29294849203103,-49.676898201387885,0.01,0.017604481428861618,N/A,N/A
222,-39.3098345364843,-49.08072240946455,0.01,0.048996586352586746,N/A,N/A
223,-62.606914536319906,-49.19132452571488,0.01,0.023283006623387337,N/A,N/A
224,-50.245363218520254,-48.036194456701296,0.01,0.018096867948770523,N/A,N/A
225,-50.83625254394554,-51.54540555624533,0.01,0.019990473985671997,"To help the DQN agent learn more effectively in the MountainCar-v0 environment, we need to focus on exploration strategies that encourage the agent to discover the optimal policy for building momentum and reaching the goal. Here's an analysis of the current situation and recommendations for adjusting the exploration strategy:

### Current Situation Analysis:
1. **Action Distribution**: The sampled actions show a heavy bias towards action 2 (Push Right) and some instances of action 0 (Push Left), with very few instances of action 1 (No Push). This indicates that the agent is primarily trying to move to the right, which might not be effective given the need to build momentum by oscillating between left and right.

2. **Reward**: The total reward from the last episode was -50.836, which suggests that the car is not reaching the goal efficiently. In MountainCar-v0, the reward is typically -1 per timestep until the goal is reached, so a higher negative reward indicates longer episodes without success.

### Recommendations for Exploration Strategy:
1. **Balanced Exploration**:
   - **Action Distribution**: Adjust the exploration strategy to encourage more balanced action selection. A suggested distribution could be:
     - Action 0 (Push Left): 40%
     - Action 1 (No Push): 20%
     - Action 2 (Push Right): 40%
   - This distribution encourages the agent to explore pushing in both directions equally, with some instances of ""No Push"" to maintain momentum and allow the agent to learn the effect of inertia and gravity.

2. **Incorporate Stochasticity**:
   - Introduce a stochastic element by using an epsilon-greedy policy where epsilon is relatively high (e.g., 0.3 to 0.5) during the initial exploration phase. This will ensure that the agent explores various actions and states more thoroughly.

3. **Encourage Momentum Building**:
   - Encourage the agent to understand the dynamics of the environment by alternating between pushing left and right. This can be achieved by implementing a simple heuristic during exploration that occasionally forces action switches (e.g., after a fixed number of consecutive actions in one direction).

4. **Adaptive Exploration**:
   - Gradually decrease the exploration rate (epsilon) as the agent starts to learn more about the environment and begins to show improvements in episode rewards. This can be done by reducing epsilon over time or based on certain performance thresholds.

5. **Monitor and Adjust**:
   - Continuously monitor the agent's performance over the next 20 episodes. If the agent's performance does not improve (i.e., rewards remain high negative), consider further adjusting the action distribution or exploration parameters.

By implementing these recommendations, the agent should be better equipped to explore the environment effectively, learn the necessary momentum-building strategies, and ultimately improve its performance in reaching the goal.","```json
{
  ""action_probs"": [0.4, 0.2, 0.4]
}
```"
226,-47.657330881514866,-49.161883327181656,0.01,0.025272682309150696,N/A,N/A
227,-57.198389559099446,-49.07850728706805,0.01,0.030077481642365456,N/A,N/A
228,-49.99305316886646,-49.522779928039114,0.01,0.01872749999165535,N/A,N/A
229,-55.6999227010645,-52.10032933691882,0.01,0.04128799960017204,N/A,N/A
230,-50.37065687423041,-50.34038300754011,0.01,0.019795011729002,"Based on the provided data, it appears that the agent predominantly sampled the action ""Push Right"" (action 2) and, to a lesser extent, ""Push Left"" (action 0). The action ""No Push"" (action 1) was not sampled at all. The total reward in the last episode is negative and suggests that the agent is not yet effectively building the necessary momentum to reach the goal.

### Analysis:
1. **Imbalance in Action Sampling**: The agent is heavily biased towards pushing right. This could be limiting its ability to explore the state space effectively, particularly since the MountainCar problem requires building momentum by moving back and forth.

2. **Lack of Exploration**: The absence of ""No Push"" actions indicates that the agent might be missing opportunities to let the car naturally roll down the hill, which can be a critical part of building momentum.

3. **Reward Feedback**: The negative reward suggests that the agent is not reaching the goal, likely because it's not effectively using the environment's dynamics to its advantage.

### Recommendations:
To help the DQN agent learn faster, consider adjusting the exploration strategy as follows:

1. **Balanced Action Distribution**: Encourage a more balanced exploration strategy to prevent overfitting to a suboptimal policy.
   - **Action 0 (Push Left)**: 30%
   - **Action 1 (No Push)**: 40%
   - **Action 2 (Push Right)**: 30%

2. **Incorporate Randomness**: Use an epsilon-greedy strategy with a higher epsilon value during these exploration episodes to ensure a higher degree of randomness in action selection.

3. **Adaptive Exploration**: Gradually reduce the exploration rate (epsilon) over time to allow the agent to exploit learned policies as it becomes more competent.

4. **Monitor and Adjust**: After the 20 training episodes, evaluate the agent's performance and adjust the action distribution if necessary. If the agent shows signs of improvement, consider shifting towards more exploitation.

5. **Consider Reward Shaping**: Introduce intermediate rewards for reaching certain positions to guide the agent in the right direction without changing the ultimate goal.

Implementing these recommendations should help the agent explore the state space more effectively, build the necessary momentum, and ultimately improve its performance in reaching the goal.","```json
{
  ""action_probs"": [0.3, 0.4, 0.3]
}
```"
231,-48.37290446638531,-50.65348793168768,0.01,0.018932979553937912,N/A,N/A
232,-61.84765408788676,-55.919604184008186,0.01,0.022268114611506462,N/A,N/A
233,-57.476882217910926,-53.07080250510264,0.01,0.024208232760429382,N/A,N/A
234,-58.96423749390522,-54.93755438708452,0.01,0.02019137516617775,N/A,N/A
235,-60.853731989224,-55.78692158020713,0.01,0.03106926754117012,"To help the DQN agent learn faster in the MountainCar-v0 environment, let's analyze the current action distribution and propose a strategy for exploration.

### Analysis

1. **Current Action Distribution**:
   - The sampled actions show a pattern of predominantly pushing left (action 0) initially, followed by a sequence of pushing right (action 2). There is a lack of ""No Push"" (action 1) actions.
   - This pattern suggests that the agent is trying to build momentum by first moving left and then right, which is a reasonable strategy given the environment dynamics.

2. **Reward**:
   - The total reward of -60.85 indicates that the agent is not efficiently reaching the goal, as the maximum possible reward is -1 per time step, and the episode ends when the car reaches the flag or after 200 time steps.

3. **Exploration Balance**:
   - The lack of ""No Push"" actions may indicate an imbalance in exploration. Action 1 could be useful in certain states to maintain momentum or stabilize the car’s velocity without accelerating too much in one direction.

### Recommendations

1. **Balanced Exploration**:
   - Introduce a more balanced exploration strategy by increasing the probability of selecting ""No Push"" (action 1). This can help the agent explore states where maintaining current velocity is beneficial.
   - Suggested action distribution for exploration:
     - Push Left (action 0): 40%
     - No Push (action 1): 20%
     - Push Right (action 2): 40%

2. **Adaptive Exploration**:
   - Implement an epsilon-greedy strategy where the exploration probability (epsilon) decreases over time, allowing the agent to exploit learned strategies more as training progresses.

3. **State-Dependent Exploration**:
   - Consider using a state-dependent exploration strategy where the choice of action depends on the car's position and velocity. For example, if the car is moving uphill and losing speed, pushing in the opposite direction might be more beneficial.

4. **Reward Shaping**:
   - Encourage exploration by providing intermediate rewards for achieving higher positions on the hills, which can help guide the agent towards the goal.

By adopting these strategies, the agent should be able to explore the state-action space more effectively, leading to faster learning and better performance in reaching the goal.","```json
{
  ""action_probs"": [0.35, 0.25, 0.4]
}
```"
236,-50.6608332465448,-53.42485749426892,0.01,0.054201871156692505,N/A,N/A
237,-59.70370875374148,-53.937877162640575,0.01,0.019675038754940033,N/A,N/A
238,-49.77828689685889,-85.21199948365928,0.01,0.013227870687842369,N/A,N/A
239,-64.32120436073912,-54.18592372266746,0.01,0.027707882225513458,N/A,N/A
240,-55.49308807123451,-46.13837674556832,0.01,0.0140025420114398,"Based on the data provided, it seems that the current exploration strategy may not be effectively helping the DQN agent learn the optimal policy for the MountainCar-v0 environment. The total reward of approximately -55 suggests that the agent is not yet able to consistently reach the goal, which requires strategic back-and-forth movement to build momentum.

### Analysis of Sampled Actions:
- **Action 0 (Push Left):** 35 times
- **Action 1 (No Push):** 1 time
- **Action 2 (Push Right):** 64 times

The current distribution shows a significant bias towards Action 2 (Push Right), with Action 0 (Push Left) being used less frequently and Action 1 (No Push) almost not at all. This imbalance may lead to suboptimal exploration, as the car needs to move left to gain enough momentum to eventually reach the goal on the right.

### Recommendations for Action Distribution:
To improve exploration and help the agent learn faster, consider adjusting the action distribution to encourage more balanced exploration. Here's a recommended strategy:

1. **Balanced Exploration:**
   - **Action 0 (Push Left):** 40%
   - **Action 1 (No Push):** 20%
   - **Action 2 (Push Right):** 40%

This distribution encourages the agent to explore both pushing left and right more equally, with a moderate amount of no push actions. This balance can help the agent learn the importance of building momentum by moving back and forth.

2. **Incorporate Exploration Decay:**
   - Gradually decrease the exploration rate over time to allow the agent to exploit learned policies more as it becomes more competent. Start with a higher exploration rate and decay it over the 20 episodes.

3. **Monitor Performance:**
   - Continuously monitor the agent's performance and adjust the distribution if necessary. If the agent starts performing better, you can consider fine-tuning the distribution further to exploit successful strategies.

By implementing a more balanced exploration strategy, the agent should be better equipped to learn the dynamics of the MountainCar-v0 environment and improve its performance over time.","```json
{
  ""action_probs"": [0.4, 0.2, 0.4]
}
```"
241,-55.95797364362515,-46.14448512136255,0.01,0.07467211037874222,N/A,N/A
242,-37.658808638278515,-46.053777273664025,0.01,0.012057634070515633,N/A,N/A
243,-47.97009644337395,-46.24928816198703,0.01,0.01682821288704872,N/A,N/A
244,-56.58776173894554,-58.354583928042715,0.01,0.01293665636330843,N/A,N/A
245,-55.30385780037779,-75.52591743106754,0.01,0.021052028983831406,"Based on the given data, it seems that the current exploration strategy heavily favors actions 0 (Push Left) and 2 (Push Right), with a complete absence of action 1 (No Push). This skewed distribution indicates that the agent is not exploring all possible actions, potentially limiting its ability to learn an optimal policy efficiently.

### Analysis:
1. **Current Action Distribution**: 
   - Action 0 (Push Left): Dominant at the beginning.
   - Action 2 (Push Right): Dominant towards the end.
   - Action 1 (No Push): Not sampled at all.

2. **Total Reward**: The reward of -55.30 suggests that the agent is not performing optimally. In MountainCar-v0, the reward is usually negative, and a reward closer to zero indicates better performance.

### Recommendations for Exploration Strategy:
To improve the agent's learning efficiency, consider the following action distribution adjustments during exploration:

1. **Incorporate Action 1 (No Push)**: Introduce a small probability for action 1 to ensure the agent explores the effect of not exerting force, which might help in fine-tuning its policy around the peak of the hills.

2. **Balanced Exploration**: Aim for a more balanced distribution across all actions. This can be achieved by setting a probability distribution such as:
   - Action 0 (Push Left): 40%
   - Action 1 (No Push): 20%
   - Action 2 (Push Right): 40%

3. **Adaptive Exploration**: Gradually adjust the exploration strategy based on performance improvements. If the agent shows signs of learning (e.g., improved rewards), slowly decrease exploration in favor of exploitation.

4. **Reward Shaping**: Consider implementing reward shaping (if not already in place) to provide additional incentives for reaching higher positions on the hill, which could encourage more exploration of beneficial states.

5. **Monitor Learning Progress**: After implementing these changes, monitor the agent's performance over the next 20 episodes. Adjust the action probabilities if necessary, based on the observed learning curve and total rewards.

By encouraging a more balanced exploration strategy, the agent should be able to gather more diverse experiences, potentially leading to faster and more robust learning.","```json
{
  ""action_probs"": [0.4, 0.2, 0.4]
}
```"
246,-49.540511041713366,-46.223233769992206,0.01,0.066390760242939,N/A,N/A
247,-49.68063108172001,-46.12582148045392,0.01,0.11175672709941864,N/A,N/A
248,-41.75224775558869,-46.28653582324673,0.01,0.03901716321706772,N/A,N/A
249,-57.15780407854803,-46.02863186071909,0.01,0.011214337311685085,N/A,N/A
250,-60.95678455268498,-46.1525744617806,0.01,0.0378030464053154,"Based on the provided data, it seems that the agent is predominantly taking actions 0 (Push Left) and 2 (Push Right), with a very minimal amount of action 1 (No Push). The total reward in the last episode is -60.96, indicating that the agent is not yet performing optimally, as lower negative rewards are better in MountainCar-v0.

### Analysis:
1. **Action Distribution:**
   - The sampled actions show a strong bias towards actions 0 and 2, with action 1 being rarely selected. This suggests that the agent is primarily oscillating between pushing left and right, which is generally needed to build momentum. However, the lack of action 1 might indicate that there are missed opportunities to maintain momentum without pushing unnecessarily.

2. **Reward:**
   - The reward of -60.96 suggests that the agent is not reaching the goal efficiently. This could be due to suboptimal action selection or insufficient exploration of the state space.

3. **Exploration Strategy:**
   - The current exploration strategy seems to focus heavily on alternating between pushing left and right, which is essential, but the lack of ""No Push"" actions might prevent the agent from learning when to maintain momentum without additional input.

### Recommendations:
To help the DQN agent learn faster, consider adjusting the exploration action distribution as follows:

1. **Increase Exploration of Action 1 (No Push):**
   - Encourage the agent to explore action 1 more frequently. This can help the agent learn when it's beneficial to maintain speed without additional input, especially when the car is already moving in the desired direction.

2. **Balanced Action Distribution:**
   - Aim for a more balanced action distribution to ensure the agent explores all possible actions. A suggested distribution could be:
     - Action 0 (Push Left): 35%
     - Action 1 (No Push): 30%
     - Action 2 (Push Right): 35%
   - This distribution maintains the necessary momentum-building actions while increasing the exploration of ""No Push"" scenarios.

3. **Adaptive Exploration:**
   - Implement an adaptive exploration strategy where the action distribution can change based on the agent's performance. If the agent's performance improves, gradually reduce exploration in favor of exploitation of learned policies.

4. **Monitor and Adjust:**
   - Continuously monitor the agent's performance and adjust the action distribution as needed. If the agent starts reaching the goal more consistently, consider reducing exploration to allow the agent to exploit its learned policy more effectively.

By adopting these recommendations, the agent may learn more efficiently, improving its ability to reach the goal in MountainCar-v0.","```json
{
  ""action_probs"": [0.35, 0.3, 0.35]
}
```"
