episode,train_return,eval_return,epsilon,loss,llm1_full_response,llm2_full_response
1,-136.42580177839625,-114.7738555198002,0.9835,nan,N/A,N/A
2,-136.15646502270593,-114.7738555198002,0.967,nan,N/A,N/A
3,-130.82742099385902,-114.7738555198002,0.9505,0.0008350368007086217,N/A,N/A
4,-131.76736383578705,-116.41632051409162,0.9339999999999999,0.0002888525486923754,N/A,N/A
5,-129.09072431367156,-114.7738555198002,0.9175,0.0002302670618519187,"Based on the data provided, it seems that the agent's actions are somewhat evenly distributed among the three possible actions, with a slight preference for ""No Push"" (action 1) and ""Push Right"" (action 2). The total reward in the last episode is -129.09, which indicates that the agent is still struggling to efficiently reach the goal.

### Analysis of Sampled Actions:

- **Action 0 (Push Left):** This action is necessary to build momentum by moving the car left to gain enough speed to eventually reach the right hill. It seems underutilized compared to the other actions.
- **Action 1 (No Push):** This action maintains the current velocity and is frequently used. However, excessive use can lead to stagnation if the car doesn't have sufficient momentum.
- **Action 2 (Push Right):** This action is crucial for moving towards the goal but needs to be carefully balanced with action 0 to ensure the car has enough speed to ascend the hill.

### Recommendations for Exploration Action Distribution:

To help the DQN agent learn faster, it's essential to ensure that the agent explores the action space effectively. Here are my recommendations for adjusting the exploration strategy:

1. **Increase Exploration of Action 0 (Push Left):**
   - Encourage the agent to explore ""Push Left"" more to build the necessary momentum. This can be done by increasing the probability of selecting action 0 during exploration.
   - Suggested Distribution: 40% (Action 0)

2. **Balanced Exploration of Action 1 (No Push):**
   - Maintain a balanced approach for ""No Push"" as it helps in maintaining velocity but should not be the dominant action.
   - Suggested Distribution: 30% (Action 1)

3. **Moderate Exploration of Action 2 (Push Right):**
   - Ensure that ""Push Right"" is used sufficiently to progress towards the goal but avoid over-reliance, which can lead to inefficient exploration.
   - Suggested Distribution: 30% (Action 2)

### Implementation Strategy:

- Implement an epsilon-greedy strategy where the exploration probability distribution is adjusted according to the above recommendations for the next 20 episodes.
- Monitor the agent's performance and adjust the distribution based on observed improvements or setbacks in total rewards over subsequent episodes.

By focusing on a more balanced exploration strategy, particularly increasing the use of ""Push Left,"" the agent should be able to better learn the dynamics of the environment and improve its performance in reaching the goal.","```json
{
  ""action_probs"": [0.4, 0.3, 0.3]
}
```"
6,-120.09832873520037,-116.02036132381338,0.901,0.0005549918860197067,N/A,N/A
7,-121.62521410543782,-121.57377419200546,0.8845,0.00023739498283248395,N/A,N/A
8,-111.54324216474286,-116.1063573109783,0.868,0.00034908149973489344,N/A,N/A
9,-108.14470474162206,-114.7738555198002,0.8515,0.0003987630771007389,N/A,N/A
10,-134.44370991041254,-135.60928882143523,0.835,0.00039623453631065786,"To help the DQN agent learn faster in the MountainCar-v0 environment, we need to analyze the current action distribution and adjust it to facilitate better exploration. The goal is to encourage the agent to explore actions that help build momentum, which is crucial for solving this task.

### Current Action Distribution Analysis
The sampled actions from the last episode are as follows:

- Action 0 (Push Left): 40 times
- Action 1 (No Push): 32 times
- Action 2 (Push Right): 28 times

The distribution is approximately:
- Push Left: 40%
- No Push: 32%
- Push Right: 28%

### Observations
1. **Push Left (Action 0)** is the most frequently chosen action. While moving left is necessary to build momentum, over-reliance on this action can lead to suboptimal exploration.
2. **No Push (Action 1)** is used moderately. This action is generally less useful in building momentum and might not contribute significantly to reaching the goal.
3. **Push Right (Action 2)** is the least frequent. Increasing the frequency of this action might help the agent gain more momentum towards reaching the hilltop.

### Recommendations for Exploration Strategy
To optimize the exploration strategy for the next 20 training episodes, consider the following adjustments:

1. **Increase the Frequency of Action 2 (Push Right):** Encourage more actions that push the car to the right to help it gain momentum. This can be achieved by slightly increasing the probability of selecting this action during exploration.

2. **Balanced Exploration:**
   - **Push Left (Action 0):** Reduce slightly to around 35%.
   - **No Push (Action 1):** Maintain or slightly reduce to around 30%.
   - **Push Right (Action 2):** Increase to around 35%.

This adjusted distribution aims to balance the exploration between building momentum (by alternating between left and right) and maintaining a neutral position when necessary.

### Implementation Strategy
- Use an epsilon-greedy strategy where the epsilon (exploration factor) is high enough to allow for the above distribution adjustments.
- Consider decaying epsilon over time to reduce exploration and increase exploitation as the agent learns more about the environment.

### Monitoring and Adjustment
- **Monitor Performance:** Keep track of the total reward and episode length to assess if the changes are leading to better performance.
- **Iterative Adjustments:** Be prepared to iteratively adjust the distribution based on observed performance improvements or stagnation.

By following these recommendations, the agent should be better positioned to learn the dynamics of the MountainCar-v0 environment and improve its performance over time.","```json
{
  ""action_probs"": [0.35, 0.3, 0.35]
}
```"
11,-132.87900679228056,-137.3517532218194,0.8185,0.0005279736360535026,N/A,N/A
12,-128.72306368864133,-114.7738555198002,0.802,0.000517217384185642,N/A,N/A
13,-127.93770839306279,-137.3517532218194,0.7855,0.0008045603753998876,N/A,N/A
14,-132.71002764865082,-114.7738555198002,0.769,0.0006804096046835184,N/A,N/A
15,-132.25630140019265,-114.7738555198002,0.7525,0.001402003224939108,"To improve the learning efficiency of your DQN agent in the MountainCar-v0 environment, we need to focus on an exploration strategy that balances exploration and exploitation effectively, while also considering the dynamics of the environment. The goal is to help the agent learn how to build momentum effectively to reach the flag on the right hill.

### Analysis of Current Exploration

1. **Current Action Distribution**:
   - Actions sampled: [0, 0, 2, 2, 0, 1, 2, 1, 0, 0, 2, 2, 1, 2, 2, 1, 0, 0, 2, 2, 2, 0, 1, 2, 0, 1, 0, 0, 2, 0, 2, 2, 2, 0, 0, 1, 1, 2, 1, 2, 1, 2, 1, 0, 2, 0, 0, 2, 0, 2, 2, 0, 1, 1, 2, 0, 2, 0, 2, 2, 2, 0, 1, 2, 1, 2, 1, 2, 1, 0, 2, 2, 1, 1, 1, 1, 0, 2, 2, 1, 2, 1, 1, 2, 1, 1, 2, 0, 1, 0, 1, 0, 2, 2, 1, 1, 2, 0, 1, 0]
   - Frequency of actions:
     - Action 0 (Push Left): 30 times
     - Action 1 (No Push): 25 times
     - Action 2 (Push Right): 45 times

2. **Total Reward**:
   - The total reward of -132.26 suggests that the car is not reaching the goal efficiently, indicating that the agent struggles to build the necessary momentum.

### Recommendations for Exploration Strategy

1. **Balanced Action Distribution**:
   - The current distribution shows a slight preference for Action 2 (Push Right). Given the environment dynamics, a more balanced approach might help the agent to better explore the state space and learn the momentum-building strategy.
   - Recommended action distribution for exploration:
     - Action 0 (Push Left): 35%
     - Action 1 (No Push): 30%
     - Action 2 (Push Right): 35%

2. **Incorporate Exploration Noise**:
   - Introduce a small amount of Gaussian noise to the actions to encourage exploration of less visited states. This can help the agent discover new strategies for building momentum.

3. **Adaptive Exploration**:
   - Consider using an adaptive exploration strategy, such as epsilon-greedy with an annealing schedule. Start with a higher epsilon (e.g., 0.3) and gradually decrease it to a lower value (e.g., 0.1) over the 20 episodes. This allows for more exploration initially and more exploitation as the agent learns.

4. **Momentum Building Strategy**:
   - Encourage exploration sequences that alternate between pushing left and right to build momentum. This can be achieved by designing exploration policies that favor alternating actions in certain state regions (e.g., when the car is near the bottom of the valley).

5. **State-Dependent Exploration**:
   - Implement state-dependent exploration where the choice of action is influenced by the current velocity and position. For instance, if the car is moving right with high velocity, encourage actions that maintain or increase this momentum.

By adopting these strategies, the agent should be able to explore more effectively and learn the optimal policy for reaching the goal faster.","```json
{
  ""action_probs"": [0.35, 0.3, 0.35]
}
```"
16,-110.39136228324949,-120.44366043964769,0.736,0.001246846280992031,N/A,N/A
17,-131.4179042279475,-114.7738555198002,0.7195,0.0010286885080859065,N/A,N/A
18,-126.09491609853066,-114.7738555198002,0.7030000000000001,0.0014584088930860162,N/A,N/A
19,-134.57910935644327,-114.7738555198002,0.6865,0.0012401144485920668,N/A,N/A
20,-132.89942814332065,-114.7738555198002,0.67,0.0014524266589432955,"To help the DQN agent learn more effectively in the MountainCar-v0 environment, we need to consider the sampled actions and the reward obtained in the last episode. The goal is to optimize the exploration strategy to improve learning.

### Analysis of Sampled Actions:
- **Action Distribution:** 
  - Action 0 (Push Left): 53 times
  - Action 1 (No Push): 22 times
  - Action 2 (Push Right): 25 times

- **Total Actions Sampled:** 100

- **Current Action Distribution:**
  - Push Left: 53%
  - No Push: 22%
  - Push Right: 25%

### Observations:
1. **High Frequency of ""Push Left"" (Action 0):** The agent is predominantly choosing to push left. While building momentum is crucial, an imbalance could hinder effective exploration.
2. **Lower Frequency of ""No Push"" (Action 1):** This action is less frequent, which might be limiting the agent's ability to stabilize and assess the current state before deciding on more aggressive actions.
3. **Moderate Frequency of ""Push Right"" (Action 2):** This action is used slightly more than ""No Push,"" but less than ""Push Left.""

### Recommendations for Exploration Strategy:
To improve the agent's learning efficiency, we should aim for a more balanced exploration strategy. Here’s a proposed action distribution for the next 20 training episodes:

1. **Push Left (Action 0): 40%**
   - Reduce the frequency slightly to encourage exploration of other actions while still allowing momentum-building.

2. **No Push (Action 1): 30%**
   - Increase the frequency to allow the agent to stabilize and evaluate its position, potentially leading to more informed decisions.

3. **Push Right (Action 2): 30%**
   - Increase slightly to ensure the agent explores moving towards the goal more often, complementing the momentum-building from ""Push Left.""

### Rationale:
- **Balancing Exploration:** A more balanced distribution allows the agent to explore various strategies effectively, reducing the risk of getting stuck in suboptimal action patterns.
- **Momentum Building:** By maintaining a significant portion of ""Push Left,"" the agent can still build momentum, which is crucial for overcoming the hill.
- **State Evaluation:** Increasing ""No Push"" actions gives the agent more opportunities to assess its current state, potentially leading to more strategic decisions.

### Conclusion:
This adjusted exploration strategy should help the DQN agent learn more efficiently by encouraging a more diverse set of actions, ultimately improving its ability to solve the MountainCar-v0 environment. Monitor the total reward in subsequent episodes to evaluate the effectiveness of this strategy and adjust further if necessary.","```json
{
  ""action_probs"": [0.4, 0.3, 0.3]
}
```"
21,-128.6649628423476,-114.7738555198002,0.6535,0.0015838147373870015,N/A,N/A
22,-128.05023649743342,-114.7738555198002,0.637,0.0017328711692243814,N/A,N/A
23,-130.63780898519772,-114.7738555198002,0.6205,0.0017783220391720533,N/A,N/A
24,-128.4945351520528,-114.7738555198002,0.604,0.0019177771173417568,N/A,N/A
25,-117.8698777042496,-114.7738555198002,0.5874999999999999,0.0024004217702895403,"To help the DQN agent learn faster in the MountainCar-v0 environment, we need to analyze the current action distribution and suggest a more effective exploration strategy. Let's break down the data and provide recommendations:

### Analysis of Current Action Distribution:

1. **Action Frequencies:**
   - **Push Left (0):** 44 times
   - **No Push (1):** 20 times
   - **Push Right (2):** 36 times

2. **Observations:**
   - The agent seems to favor pushing left (action 0) slightly more than pushing right (action 2).
   - The ""No Push"" action (1) is used less frequently compared to the other two actions.

3. **Total Reward:**
   - The total reward in the last episode was -117.87, indicating that the agent is not yet efficiently reaching the goal.

4. **Pattern Analysis:**
   - The agent appears to be attempting to build momentum by alternating between pushing left and right, which is a necessary strategy for this environment.
   - However, the frequency of ""No Push"" might suggest that the agent is not exploiting its momentum optimally.

### Recommendations for Exploration Strategy:

To improve the agent's learning efficiency, we can adjust the exploration action distribution to encourage more effective momentum building and exploration of the state space:

1. **Increase Exploration with Push Actions:**
   - Encourage more balanced exploration between pushing left and right to build momentum effectively. 
   - Suggested distribution: 
     - Push Left (0): 35%
     - No Push (1): 15%
     - Push Right (2): 50%

   This distribution favors pushing right slightly more, as the ultimate goal is to reach the flag on the right hill.

2. **Dynamic Adjustment:**
   - As the agent learns, gradually adjust the distribution to increase the probability of the optimal action as determined by the DQN's Q-values. This can be achieved by implementing a decaying exploration strategy (e.g., epsilon-greedy) where exploration decreases over time as the agent becomes more confident in its policy.

3. **Monitor Performance:**
   - Continuously monitor the agent's performance and adjust the exploration strategy based on the agent's ability to reach the goal more efficiently and the total reward obtained.

By implementing these recommendations, the agent should be able to explore more effectively and learn the optimal strategy for reaching the goal in the MountainCar-v0 environment.","```json
{
  ""action_probs"": [0.35, 0.15, 0.5]
}
```"
26,-116.8330787705407,-114.7738555198002,0.571,0.0023567285388708115,N/A,N/A
27,-93.43301567787502,-114.7738555198002,0.5545,0.0029393641743808985,N/A,N/A
28,-129.97624281149456,-114.7738555198002,0.538,0.003455603960901499,N/A,N/A
29,-132.84112879573053,-114.7738555198002,0.5215000000000001,0.002891527023166418,N/A,N/A
30,-116.09143894228642,-114.7738555198002,0.505,0.003841577097773552,"To help the DQN agent learn faster in the MountainCar-v0 environment, we need to analyze the current exploration strategy and recommend an action distribution that promotes effective learning. Let's break down the current action distribution and suggest improvements.

### Current Action Distribution Analysis:

1. **Action Frequencies:**
   - Action 0 (Push Left): 34 times
   - Action 1 (No Push): 15 times
   - Action 2 (Push Right): 51 times

2. **Observations:**
   - The action distribution is skewed towards Action 2 (Push Right), which was chosen 51 times.
   - Action 0 (Push Left) was chosen 34 times.
   - Action 1 (No Push) was chosen only 15 times.

3. **Implications:**
   - The agent is favoring pushing right more often, which might not be optimal for building the necessary momentum to reach the flag.
   - The underrepresentation of Action 1 (No Push) suggests that the agent might not be exploring the potential benefits of this action enough.

### Recommended Strategy:

1. **Balanced Exploration:**
   - Encourage a more balanced exploration by adjusting the action probabilities. This will ensure the agent explores different strategies to build the momentum needed to reach the goal.

2. **Suggested Action Distribution:**
   - Action 0 (Push Left): 30%
   - Action 1 (No Push): 30%
   - Action 2 (Push Right): 40%

3. **Rationale:**
   - **Action 0 (Push Left) and Action 2 (Push Right):** These actions are crucial for building momentum. A more balanced approach between these two actions will allow the car to oscillate more effectively.
   - **Action 1 (No Push):** Increasing the frequency of this action will allow the agent to explore the effects of inertia and potentially find better momentum-building strategies.

4. **Implementation:**
   - Implement this exploration strategy for the next 20 training episodes.
   - Monitor the agent's performance and adjust the distribution based on observed improvements or stagnations.

5. **Evaluation:**
   - Track the total reward over episodes to evaluate if the adjusted exploration strategy results in faster learning and improved performance.
   - Consider adjusting again if the agent's performance does not improve as expected.

By promoting a more balanced exploration strategy, the agent is more likely to discover effective ways to build momentum and reach the goal more efficiently.","```json
{
  ""action_probs"": [0.3, 0.3, 0.4]
}
```"
31,-129.61188455364106,-114.7738555198002,0.48849999999999993,0.002964975545182824,N/A,N/A
32,-131.1204140567683,-114.7738555198002,0.472,0.0019950654823333025,N/A,N/A
33,-132.91079893063224,-114.7738555198002,0.4555,0.002453007036820054,N/A,N/A
34,-128.70105185426507,-114.7738555198002,0.43900000000000006,0.00460775475949049,N/A,N/A
35,-114.8824524493738,-114.7738555198002,0.4225,0.0033320928923785686,"To help the DQN agent learn faster in the MountainCar-v0 environment, we need to focus on improving the exploration strategy. The goal is to ensure that the agent explores the state-action space effectively to gather diverse experiences, which will aid in learning an optimal policy.

### Analysis of Current Action Distribution

From the sampled actions, we can observe the following distribution:
- Action 0 (Push Left): 47 times
- Action 1 (No Push): 10 times
- Action 2 (Push Right): 43 times

The current action distribution is skewed towards actions 0 and 2, which is not unexpected given that the car needs to build momentum by moving back and forth. However, the ""No Push"" action is underrepresented, which might limit the exploration of states where the car is stationary or moving at a constant velocity.

### Recommendations for Exploration Strategy

1. **Balanced Exploration**: Introduce a more balanced exploration strategy that encourages the agent to sample from all actions more evenly. This can be achieved by using an epsilon-greedy strategy with a higher epsilon value, ensuring that all actions have a chance of being selected.

2. **Action Distribution**: Consider adjusting the action distribution to encourage more exploration of the ""No Push"" action. A suggested distribution for the next 20 episodes could be:
   - Action 0 (Push Left): 40%
   - Action 1 (No Push): 20%
   - Action 2 (Push Right): 40%

3. **Adaptive Exploration**: Implement an adaptive exploration strategy where the action distribution is adjusted based on the agent's performance. If the agent is not improving, increase exploration by favoring less frequently chosen actions.

4. **Exploration Noise**: Introduce noise to the action selection process, such as adding a small random value to the Q-values before selecting the action. This can help in exploring less visited actions.

5. **Decay Strategy**: Use a decaying epsilon approach where the exploration starts high and gradually decreases. This helps in thorough exploration initially and focuses on exploitation as learning progresses.

6. **Prioritized Experience Replay**: If not already in use, consider implementing prioritized experience replay to ensure that the agent learns from a diverse set of experiences, particularly those that are less frequent but significant.

By adopting these recommendations, the agent should be able to explore the environment more effectively, leading to faster learning and improved performance in the MountainCar-v0 task.","```json
{
  ""action_probs"": [0.4, 0.2, 0.4]
}
```"
36,-122.38927026463037,-114.7738555198002,0.406,0.003556505311280489,N/A,N/A
37,-124.37237481813119,-114.7738555198002,0.38949999999999996,0.002714548259973526,N/A,N/A
38,-96.83802301884776,-114.7738555198002,0.373,0.004294378682971001,N/A,N/A
39,-117.15128782079678,-114.7738555198002,0.35650000000000004,0.0033751698210835457,N/A,N/A
40,-85.5394294281773,-114.7738555198002,0.3400000000000001,0.005891390610486269,"To help the DQN agent learn faster in the MountainCar-v0 environment, we need to assess the current state of exploration and adjust the action distribution to encourage more effective exploration. Here's a breakdown of the current situation and recommendations:

### Current Situation Analysis

1. **Action Distribution:**
   - Push Left (0): 36 times
   - No Push (1): 4 times
   - Push Right (2): 60 times
   
   The current distribution shows a heavy bias towards the ""Push Right"" action (2), with ""Push Left"" (0) being the second most frequent, and ""No Push"" (1) being used very sparingly.

2. **Total Reward:**
   - The total reward in the last episode was -85.54, which indicates that the agent is not yet reaching the goal efficiently. The reward is negative because the episode terminates after a fixed number of steps, and the agent hasn't reached the goal.

3. **Momentum Building:**
   - In MountainCar-v0, building momentum is crucial. The agent needs to oscillate between the left and right sides to gather enough speed to reach the goal.

### Recommendations for Exploration Strategy

1. **Balanced Exploration:**
   - The current distribution is too biased towards ""Push Right"". To build momentum effectively, the agent needs to explore more balanced actions that include more ""Push Left"" actions to counterbalance the rightward push.

2. **Increase ""No Push"" Usage:**
   - The ""No Push"" action (1) is underutilized. This action can help in situations where maintaining momentum without accelerating in either direction is beneficial. Increasing its usage can provide the agent with more nuanced control.

3. **Suggested Action Distribution:**
   - Push Left (0): 40%
   - No Push (1): 20%
   - Push Right (2): 40%

   This distribution encourages a more balanced exploration strategy, allowing the agent to explore both directions more evenly while still incorporating moments of no acceleration to maintain or adjust momentum.

4. **Monitor and Adjust:**
   - After implementing this new exploration strategy for 20 episodes, monitor the agent's performance. If the total reward improves and the agent shows signs of better momentum building, continue with this strategy. Otherwise, further adjustments may be needed based on new data.

By adopting a more balanced exploration strategy, the agent should be better equipped to learn the dynamics of the environment and improve its performance in reaching the goal.","```json
{
  ""action_probs"": [0.4, 0.2, 0.4]
}
```"
41,-92.5930325398193,-114.7738555198002,0.3235,0.004574202001094818,N/A,N/A
42,-86.11509040968458,-114.7738555198002,0.3079075000000001,0.0039202747866511345,N/A,N/A
43,-111.52249499526475,-114.7738555198002,0.29140750000000004,0.004466665908694267,N/A,N/A
44,-93.00593428038704,-111.89893872292416,0.27490749999999997,0.004729649983346462,N/A,N/A
45,-73.55754333583674,-114.7738555198002,0.2608825,0.010249772109091282,"Based on the data provided, let's analyze the current exploration strategy and suggest improvements to help the DQN agent learn faster in the MountainCar-v0 environment.

### Current Analysis

1. **Total Reward**: The total reward in the last episode is -73.56, which indicates that the agent is still struggling to reach the goal. In MountainCar-v0, the goal is to reach the flag with as few moves as possible, and a reward closer to -110 suggests that the agent is not reaching the goal efficiently.

2. **Action Distribution**: 
   - Action 0 (Push Left): 43 times
   - Action 1 (No Push): 5 times
   - Action 2 (Push Right): 52 times

   The agent predominantly uses actions 0 and 2, which is expected since building momentum requires pushing left and right. However, the action ""No Push"" is significantly underrepresented.

3. **Momentum Building**: The agent needs to alternate between pushing left and right to build enough momentum to reach the goal. The current distribution suggests an imbalance, with a slight preference towards pushing right.

### Recommendations for Exploration Strategy

1. **Balanced Exploration**: To improve learning, the agent should explore more evenly across actions, especially in the early stages of training. This can help the agent discover effective momentum-building strategies. Consider the following action distribution for exploration:
   - Action 0 (Push Left): 40%
   - Action 1 (No Push): 20%
   - Action 2 (Push Right): 40%

   This distribution encourages more frequent use of ""No Push,"" which can help the agent learn when to conserve momentum effectively.

2. **Adaptive Exploration**: As the agent learns, gradually shift the distribution towards actions that have historically led to higher rewards. This can be achieved by implementing an epsilon-greedy strategy where the exploration rate decreases over time, allowing the agent to exploit learned strategies more effectively.

3. **State-Dependent Exploration**: Consider using a state-dependent exploration strategy where the choice of action depends on the current state (position and velocity). For instance, if the car is moving left with significant velocity, pushing right might be more beneficial than other actions.

4. **Reward Shaping**: If not already implemented, consider reward shaping to provide intermediate rewards for moving towards the goal. This can help the agent learn the task more efficiently by providing more immediate feedback on its actions.

By adjusting the action distribution and exploration strategy, the agent should be able to learn more effective policies for reaching the goal in MountainCar-v0.","```json
{
  ""action_probs"": [0.4, 0.2, 0.4]
}
```"
46,-74.04678802431903,-108.18465718302267,0.24661,0.006354222539812326,N/A,N/A
47,-74.03497142480418,-108.1662525679579,0.23258500000000004,0.00669271033257246,N/A,N/A
48,-93.90710490053743,-107.94723206530796,0.21608500000000008,0.007336491718888283,N/A,N/A
49,-72.67739869738162,-107.76259619720618,0.2022250000000001,0.005775762721896172,N/A,N/A
50,-70.22337735861404,-103.26812665983232,0.18745750000000005,0.005945382174104452,"To help the DQN agent learn faster in the MountainCar-v0 environment, we need to refine the exploration strategy. The goal is to ensure that the agent explores the state-action space effectively, allowing it to learn the dynamics of the environment and the best policy to reach the flag.

### Analysis:
1. **Current Action Distribution**: 
   - The sampled actions from the last episode are skewed towards action `0` (Push Left) and action `2` (Push Right), with very few instances of action `1` (No Push). 
   - The agent seems to be exploring more with actions `0` and `2`, which is beneficial since these actions help build momentum. However, action `1` is underrepresented.

2. **Total Reward**: 
   - A total reward of approximately -70 suggests that the agent is not yet efficiently reaching the goal. This reward is typical for an agent that is still exploring and learning.

3. **Momentum Building**:
   - The MountainCar-v0 environment requires the agent to build momentum by oscillating between pushing left and right. This means that both actions `0` and `2` are crucial for learning an effective policy.

### Strategy Recommendations:
1. **Balanced Exploration**:
   - Increase the frequency of action `1` (No Push) slightly, but maintain a higher probability for actions `0` and `2`. This ensures the agent explores the effects of maintaining its velocity without overcommitting to this action, which is less useful for building momentum.
   - Suggested Action Distribution: 
     - Action `0` (Push Left): 40%
     - Action `1` (No Push): 20%
     - Action `2` (Push Right): 40%

2. **Adaptive Exploration**:
   - Implement an epsilon-greedy strategy where the exploration rate (epsilon) decays over time. Start with a higher exploration rate to encourage diverse action sampling and gradually decrease it as the agent learns more about the environment.

3. **Reward Shaping**:
   - Consider adding a small positive reward for increasing velocity towards the right, which can help the agent learn the importance of building momentum.

4. **Monitor Learning**:
   - Continuously monitor the total reward and adjust the action distribution as needed if the agent's performance does not improve over several episodes.

By following these recommendations, the agent should be able to explore more effectively, leading to faster learning and ultimately better performance in reaching the goal in the MountainCar-v0 environment.","```json
{
  ""action_probs"": [0.4, 0.2, 0.4]
}
```"
51,-73.04974937902632,-103.46599081369015,0.17335,0.007615868933498859,N/A,N/A
52,-122.34815568177163,-103.37173211020516,0.15685000000000004,0.0068739368580281734,N/A,N/A
53,-107.89279206882132,-102.35607338424884,0.14035000000000009,0.006720195058733225,N/A,N/A
54,-71.03184832544235,-93.14558543840803,0.1257475,0.005361134186387062,N/A,N/A
55,-66.29256407805913,-81.67096889580232,0.11172250000000006,0.007343010511249304,"Based on the data provided, the goal is to help the DQN agent learn faster in the MountainCar-v0 environment by recommending an effective exploration action distribution. Here's a breakdown of the data and strategy recommendations:

### Analysis of Current Action Distribution:
1. **Sampled Actions**:
   - Action 0 (Push Left): 32 occurrences
   - Action 1 (No Push): 4 occurrences
   - Action 2 (Push Right): 64 occurrences

2. **Observations**:
   - The agent predominantly uses Action 2 (Push Right), which accounts for 64% of the actions.
   - Action 0 (Push Left) is used 32% of the time.
   - Action 1 (No Push) is rarely used, only 4% of the time.

3. **Performance**:
   - The total reward of -66.29 indicates that the agent is struggling to efficiently reach the goal, as the reward is significantly negative.

### Recommendations for Exploration Strategy:
To improve the learning efficiency of the DQN agent, consider adjusting the exploration action distribution to encourage more balanced exploration. Here are some specific recommendations:

1. **Increase Exploration of Action 1 (No Push)**:
   - Since Action 1 is rarely used, increasing its frequency might help the agent learn more about the impact of maintaining velocity without active pushing. This can help in situations where the car is at the peak of a hill and can benefit from gravity.

2. **Balanced Exploration**:
   - Aim for a more balanced distribution of actions to ensure the agent explores a wider range of state-action pairs. This can prevent the agent from getting stuck in suboptimal policies.
   - Suggested distribution for the next 20 episodes:
     - Action 0 (Push Left): 40%
     - Action 1 (No Push): 20%
     - Action 2 (Push Right): 40%
   - This distribution increases the exploration of Action 1 and balances the use of Actions 0 and 2.

3. **Adaptive Exploration**:
   - Implement an adaptive exploration strategy where the distribution can be dynamically adjusted based on the agent's performance. For example, if the agent is not improving, further increase the exploration of underutilized actions.

4. **Monitor and Adjust**:
   - Continuously monitor the agent's performance and adjust the action distribution as needed. If the agent's total reward does not improve, consider further increasing the exploration of less frequent actions or adjusting the learning parameters of the DQN.

By implementing these recommendations, the agent should gain a better understanding of the environment dynamics, leading to improved learning and performance in the MountainCar-v0 task.","```json
{
  ""action_probs"": [0.4, 0.2, 0.4]
}
```"
56,-64.36513186176643,-76.04007923082706,0.09786249999999996,0.008275704458355904,N/A,N/A
57,-70.61456115999532,-73.94577619120844,0.08441500000000002,0.0060356613248586655,N/A,N/A
58,-64.73051435152803,-68.46993722843693,0.07072,0.006168192718178034,N/A,N/A
59,-69.7876927733901,-68.24568124687491,0.057354999999999934,0.009871920570731163,N/A,N/A
60,-64.89380700996034,-64.86050430791309,0.044319999999999915,0.011012592352926731,"To help the DQN agent learn faster in the MountainCar-v0 environment, we need to focus on an exploration strategy that encourages the agent to effectively build momentum by moving back and forth, which is essential to overcome the weak engine and reach the goal. Let's analyze the provided data and suggest an improved exploration strategy.

### Analysis of Current Exploration
1. **Action Distribution**: 
   - Push Left (0): 36 times
   - No Push (1): 6 times
   - Push Right (2): 58 times

2. **Current Strategy**:
   - The agent is predominantly choosing to ""Push Right"" (action 2), which suggests an imbalance in exploration. This could lead to insufficient momentum building, as the agent needs to alternate between pushing left and right to effectively climb the hill.

3. **Reward**:
   - The total reward of -64.89 indicates that the agent is not yet close to solving the task, as it suggests the car is not reaching the goal efficiently.

### Recommended Exploration Strategy
To improve the agent's learning, we need to ensure a more balanced exploration strategy that encourages the agent to build the necessary momentum. Here’s a recommended action distribution for the next 20 training episodes:

1. **Balanced Action Distribution**:
   - **Push Left (0)**: 40%
   - **No Push (1)**: 10%
   - **Push Right (2)**: 50%

2. **Rationale**:
   - **Push Left (0) and Push Right (2)**: By increasing the frequency of ""Push Left"" and slightly reducing ""Push Right,"" we encourage the agent to alternate between these two actions more frequently. This helps in gaining the necessary momentum to climb the hill.
   - **No Push (1)**: Keeping this at a lower percentage is beneficial because the ""No Push"" action doesn't contribute to building momentum, but it can still be useful in specific states where maintaining current velocity is beneficial.

3. **Implementation**:
   - Adjust the exploration policy to favor this distribution. This can be achieved by using a stochastic policy where actions are sampled according to the specified probabilities.
   - Consider using an epsilon-greedy strategy with a decaying epsilon to balance exploration and exploitation over time.

### Additional Recommendations
- **Monitor Learning Progress**: Continuously monitor the agent's performance and adjust the exploration distribution if necessary. If the agent starts achieving better rewards, you can gradually reduce exploration in favor of exploitation.
- **State-Dependent Exploration**: If feasible, implement a state-dependent exploration strategy where the action probabilities are adjusted based on the car's current position and velocity. For instance, favor ""Push Left"" when the car is near the right hill and ""Push Right"" when it's near the left hill.

By adopting this more balanced exploration strategy, the DQN agent should be able to learn the necessary momentum-building behavior more effectively, leading to improved performance in the MountainCar-v0 environment.","```json
{
  ""action_probs"": [0.4, 0.1, 0.5]
}
```"
61,-69.70901666789763,-63.50333627381197,0.02996500000000002,0.00633620098233223,N/A,N/A
62,-66.2763247845077,-62.62110671178804,0.01618750000000002,0.007284903898835182,N/A,N/A
63,-37.93955102073959,-62.15575181811581,0.01,0.01742248237133026,N/A,N/A
64,-63.36579862983127,-61.55245244130566,0.01,0.008453380316495895,N/A,N/A
65,-40.863839293936536,-60.980530795279186,0.01,0.020200684666633606,"Based on the information provided, it seems that the agent is currently favoring the ""Push Right"" action (action 2) significantly more than the other actions, especially towards the latter part of the episode. This could lead to suboptimal exploration since the MountainCar-v0 environment requires the car to build enough momentum by oscillating between the left and right hills.

### Analysis:
1. **Imbalance in Action Distribution**: The current action distribution is heavily skewed towards ""Push Right"" (action 2), with very few instances of ""Push Left"" (action 0) and virtually no ""No Push"" (action 1). This imbalance suggests that the agent may not be exploring the state space effectively.

2. **Lack of Momentum Building**: To reach the goal, the agent needs to build momentum by going back and forth between the hills. The current distribution indicates that the agent is not adequately exploring the ""Push Left"" action, which is crucial for building negative velocity and subsequently positive momentum.

3. **Exploration vs. Exploitation**: The agent might be prematurely exploiting a suboptimal strategy (favoring ""Push Right"") rather than exploring other potentially more rewarding strategies.

### Recommendations:
To encourage more effective exploration and help the DQN agent learn faster, consider the following strategy for the next 20 training episodes:

1. **Balanced Action Distribution**:
   - **Push Left (action 0)**: 40%
   - **No Push (action 1)**: 20%
   - **Push Right (action 2)**: 40%

   This distribution encourages the agent to explore both directions more equally, which is necessary for building the required momentum.

2. **Incorporate Exploration Strategies**:
   - **Epsilon-Greedy Policy**: Implement an epsilon-greedy policy where epsilon is initially set to a higher value (e.g., 0.3) to encourage exploration, and gradually decay it over time to favor exploitation as learning progresses.
   
   - **Boltzmann Exploration**: Consider using Boltzmann exploration where actions are selected based on their estimated values and a temperature parameter, which can be adjusted to control exploration.

3. **Monitor and Adjust**: Continuously monitor the agent's performance and adjust the exploration strategy as needed. If the agent starts to favor one action too heavily again, adjust the distribution to ensure balanced exploration.

4. **Reward Shaping**: Consider introducing a small reward for achieving higher velocities, which can indirectly encourage the agent to explore actions that build momentum effectively.

By implementing these recommendations, the agent should be able to explore the environment more effectively, build the necessary momentum, and ultimately learn to solve the MountainCar-v0 task more efficiently.","```json
{
  ""action_probs"": [0.4, 0.2, 0.4]
}
```"
66,-60.733181824102765,-60.441403874671494,0.01,0.008055198937654495,N/A,N/A
67,-61.86117190777855,-59.63063250168126,0.01,0.008051260374486446,N/A,N/A
68,-62.47574510339596,-59.12536530631489,0.01,0.00895942933857441,N/A,N/A
69,-58.63073777219814,-58.303291593113364,0.01,0.0208611898124218,N/A,N/A
70,-57.558982269219776,-58.05990521149808,0.01,0.010125846602022648,"To help the DQN agent learn more effectively in the MountainCar-v0 environment, we need to focus on an exploration strategy that encourages diverse state-action exploration, especially given the nature of the task where momentum building is critical. Here's a detailed analysis and strategy recommendation based on the provided data:

### Analysis of Current Exploration

1. **Action Distribution**: 
   - The sampled actions show a pattern where the agent predominantly takes action `0` (Push Left) initially, followed by a long sequence of action `2` (Push Right), with very few occurrences of action `1` (No Push).
   - This pattern suggests that the agent is attempting to build momentum by pushing left, then switching to pushing right, but it lacks exploration in the `No Push` action.

2. **Reward Insight**:
   - The total reward of `-57.56` indicates that the agent is not reaching the goal efficiently. In MountainCar-v0, a reward closer to `-200` suggests the agent is not reaching the goal at all, while a reward closer to `-110` indicates better performance.

3. **Momentum Building**:
   - The key to solving MountainCar-v0 is building adequate momentum to reach the flag. The current action pattern might not be effectively leveraging the full range of actions to achieve this.

### Strategy Recommendations

1. **Balanced Action Exploration**:
   - **Increase Exploration of `No Push`**: Encourage exploration of action `1` (No Push) to allow the agent to naturally decelerate and potentially gain more momentum by leveraging gravity. This can help in fine-tuning the car's position and velocity.
   - **Proposed Action Distribution**: 
     - Action `0` (Push Left): 35%
     - Action `1` (No Push): 30%
     - Action `2` (Push Right): 35%

2. **Exploration Strategy**:
   - **Epsilon-Greedy with Dynamic Epsilon**: Use an epsilon-greedy strategy where epsilon starts high to encourage exploration and decreases over time. This will allow the agent to initially explore the state-action space broadly and then exploit learned strategies as training progresses.
   - **Epsilon Schedule**: Start with an epsilon of 0.5, decreasing by 0.02 every episode until it reaches a minimum of 0.1.

3. **Reward Shaping**:
   - Consider implementing reward shaping to provide intermediate rewards for reaching higher positions on the hills, which can encourage the agent to explore strategies that build momentum.

4. **State-Action Pair Analysis**:
   - Monitor the state-action pairs to ensure that the agent is exploring different parts of the state space effectively. Adjust the action distribution if certain states are not being visited frequently enough.

By implementing these recommendations, the agent should be able to explore more effectively, build the necessary momentum to reach the goal, and improve its performance over the next 20 training episodes.","```json
{
  ""action_probs"": [0.35, 0.3, 0.35]
}
```"
71,-66.89161484315575,-57.70564035696576,0.01,0.00967399775981903,N/A,N/A
72,-56.102626400833394,-57.445636727387196,0.01,0.010292358696460724,N/A,N/A
73,-46.067490676151834,-57.19976713016479,0.01,0.013546021655201912,N/A,N/A
74,-56.938731652767665,-55.6679866157473,0.01,0.009505645371973515,N/A,N/A
75,-57.98578581616417,-55.62844581623235,0.01,0.013843811117112637,"To help the DQN agent learn faster in the MountainCar-v0 environment, we need to adjust the exploration strategy, focusing on the distribution of actions. The current action sampling indicates a heavy bias towards actions 0 (Push Left) and 2 (Push Right), with a sparse occurrence of action 1 (No Push). The total reward of -57.98578581616417 suggests that the current exploration strategy might not be effectively building the necessary momentum to reach the goal.

### Analysis of Current Action Distribution:
- **Action 0 (Push Left):** High frequency initially, possibly to build momentum.
- **Action 1 (No Push):** Very low frequency, indicating it's rarely chosen.
- **Action 2 (Push Right):** High frequency, especially towards the end, likely trying to reach the goal.

### Strategy Recommendations:
1. **Balanced Exploration:**
   - Encourage a more balanced exploration of actions to better understand the effects of each action in different states. This can be done by adjusting the action distribution to ensure all actions are explored adequately.
   - Suggested Action Distribution: 
     - Action 0 (Push Left): 40%
     - Action 1 (No Push): 20%
     - Action 2 (Push Right): 40%
   - This distribution allows the agent to explore the effects of maintaining velocity (Action 1) more frequently, which can be crucial for building momentum.

2. **Adaptive Exploration Strategy:**
   - Implement an adaptive exploration strategy where the action distribution changes based on the car's position and velocity.
   - For example, when the car is moving uphill and losing momentum, increase the probability of Action 2 (Push Right) to maintain momentum. Conversely, when the car is moving downhill, increase the probability of Action 0 (Push Left) to build momentum.

3. **State-Dependent Exploration:**
   - Introduce a state-dependent exploration mechanism where:
     - If the car's velocity is negative (moving left), prioritize Action 2 (Push Right) to counteract.
     - If the car's velocity is positive (moving right), prioritize Action 0 (Push Left) to build momentum.
   - This requires a more sophisticated exploration policy that takes into account the car's current state.

4. **Incorporate Randomness:**
   - Introduce a small amount of randomness (e.g., 5-10%) in action selection to prevent the agent from getting stuck in suboptimal strategies and to encourage exploration of less frequently chosen actions.

By implementing these strategies, the agent should be able to explore the state-action space more effectively, potentially leading to faster learning and improved performance in reaching the goal.","```json
{
  ""action_probs"": [0.4, 0.2, 0.4]
}
```"
76,-55.55061185628543,-53.81325515977469,0.01,0.05585285276174545,N/A,N/A
77,-55.56354129113526,-54.354034237787445,0.01,0.011811410076916218,N/A,N/A
78,-54.08232722469005,-52.20036154284931,0.01,0.015972422435879707,N/A,N/A
79,-54.38240521804959,-51.713100978117936,0.01,0.01172083429992199,N/A,N/A
80,-56.398401222245965,-52.273810638462884,0.01,0.015658333897590637,"Based on the data provided, the sampled actions indicate a strong bias towards action 2 (""Push Right""), with occasional actions of 0 (""Push Left"") and very few instances of action 1 (""No Push""). The total reward of approximately -56 suggests that the agent is not yet performing optimally, as a higher reward (closer to 0) would indicate better performance in reaching the goal.

### Analysis:
1. **Action Distribution**: The current distribution is heavily skewed towards ""Push Right"" (action 2), which might be causing the car to get stuck on the right side without generating enough momentum to reach the flag. This could explain the suboptimal total reward.

2. **Momentum Building**: The MountainCar problem requires the agent to build momentum by oscillating between the left and right. This means the agent should ideally alternate between ""Push Left"" and ""Push Right"" to gain enough speed to reach the flag.

3. **Underutilization of ""No Push""**: The ""No Push"" action (action 1) is rarely used. While not as critical as the directional pushes, it can be useful in certain states to maintain momentum without losing velocity.

### Recommendations for Exploration Strategy:
To help the DQN agent learn faster, consider adjusting the exploration action distribution to encourage more balanced exploration:

1. **Balanced Action Exploration**:
   - **Push Left (action 0)**: 40%
   - **No Push (action 1)**: 20%
   - **Push Right (action 2)**: 40%

   This distribution encourages the agent to explore both directions more evenly, which is crucial for building the necessary momentum to reach the goal.

2. **Adaptive Exploration**:
   - Monitor the agent's performance and adjust the distribution dynamically based on its progress. If the agent starts to build sufficient momentum, you might slightly increase the probability of ""Push Right"" to ensure it reaches the flag.

3. **Encourage Oscillation**:
   - Implement a strategy where after a sequence of ""Push Right"" actions, the probability of ""Push Left"" increases temporarily, and vice versa. This can help simulate the oscillatory movement needed to climb the hill.

4. **Exploration Decay**:
   - Gradually reduce exploration (e.g., using an epsilon-greedy strategy) as the agent's performance improves, allowing it to exploit learned policies more effectively.

By implementing these recommendations, the agent should be able to explore the state space more effectively, learn the required momentum-building strategy, and improve its performance in the MountainCar-v0 environment.","```json
{
  ""action_probs"": [0.4, 0.2, 0.4]
}
```"
81,-54.2003117191339,-51.06898426435837,0.01,0.013757405802607536,N/A,N/A
82,-58.731114697316656,-50.61137759687801,0.01,0.01646798849105835,N/A,N/A
83,-54.597237315195216,-53.63234334097943,0.01,0.05207699537277222,N/A,N/A
84,-47.43520464942788,-50.533639170552405,0.01,0.08013903349637985,N/A,N/A
85,-56.031052083073064,-54.41474067277973,0.01,0.017732642590999603,"Based on the information provided, the MountainCar-v0 environment requires the agent to build momentum by oscillating between left and right movements to reach the goal. The sampled actions from the last episode indicate an imbalance in the exploration strategy, with a heavy bias towards action 2 (Push Right) and action 0 (Push Left), while action 1 (No Push) is underrepresented.

### Key Observations:

1. **Action Distribution**:
   - **Action 0 (Push Left)**: 30 occurrences
   - **Action 1 (No Push)**: 7 occurrences
   - **Action 2 (Push Right)**: 63 occurrences

2. **Total Reward**: -56.031, which suggests that the agent is not yet efficiently building the necessary momentum to reach the goal.

### Recommendations for Exploration Strategy:

1. **Balanced Exploration**:
   - Ensure a more balanced distribution of actions to allow the agent to explore all possible strategies. This can be achieved by increasing the frequency of action 1 (No Push) during exploration. A more balanced action distribution could be:
     - Action 0 (Push Left): 30%
     - Action 1 (No Push): 30%
     - Action 2 (Push Right): 40%

2. **Increased Exploration of No Push**:
   - The current underrepresentation of action 1 suggests that the agent might not be adequately exploring scenarios where the car maintains its momentum without external force. By increasing the probability of selecting action 1, the agent can learn more about the car's dynamics and the impact of inertia.

3. **Adaptive Exploration**:
   - Implement an adaptive exploration strategy where the action distribution can be adjusted based on the agent's performance over several episodes. If the agent shows improvement, gradually shift towards a more exploitation-focused strategy.

4. **Exploration Scheduling**:
   - Consider using an exploration schedule that starts with a more exploratory policy and gradually shifts towards exploitation as the agent learns the environment dynamics. This could involve using techniques like epsilon-greedy with a decaying epsilon.

5. **Monitor Learning Progress**:
   - Continuously monitor the agent's performance and adjust the exploration strategy based on the reward trends. If the total reward does not improve, consider revisiting the exploration strategy.

By implementing these recommendations, the agent should be able to explore the state-action space more effectively, potentially leading to faster learning and improved performance in the MountainCar-v0 environment.","```json
{
  ""action_probs"": [0.3, 0.3, 0.4]
}
```"
86,-61.78505585037721,-51.604892708770386,0.01,0.09688887000083923,N/A,N/A
87,-52.276154203553304,-50.51774554262136,0.01,0.05271013453602791,N/A,N/A
88,-62.26830758806981,-53.03897203862425,0.01,0.017359914258122444,N/A,N/A
89,-63.3949164054639,-58.06631304712604,0.01,0.015325043350458145,N/A,N/A
90,-85.30493607582589,-60.575370818530374,0.01,0.015125897713005543,"Based on the provided data, it seems that the agent is primarily exploring actions ""Push Right"" (2) and ""Push Left"" (0), with relatively fewer instances of ""No Push"" (1). The total reward in the last episode is quite low, suggesting that the agent is not yet effectively learning how to build momentum to reach the goal.

Here's a recommended exploration strategy to help the DQN agent learn faster:

1. **Balanced Exploration**: 
   - Since the car needs to build momentum by moving back and forth, it is crucial to explore all actions more evenly. This will help the agent understand the impact of each action on the car's position and velocity.
   - Adjust the action distribution to encourage more exploration of the ""No Push"" action, which might help in stabilizing the car's velocity and position before pushing in the desired direction.

2. **Recommended Action Distribution**:
   - **Push Left (0): 40%** - Encourage exploration of moving left to gain momentum.
   - **No Push (1): 20%** - Increase exploration of this action to better understand its effects.
   - **Push Right (2): 40%** - Maintain exploration of moving right to gain momentum.

3. **Adaptive Exploration**:
   - Consider using an epsilon-greedy strategy where epsilon starts high (e.g., 0.9) and gradually decreases over the 20 episodes. This ensures a high level of exploration initially, which reduces as the agent starts to learn more effective strategies.

4. **Reward Shaping**:
   - If possible, provide additional rewards for reaching specific positions or velocities that are closer to the goal state. This can guide the agent towards more effective strategies.

5. **Monitor and Adjust**:
   - Continuously monitor the agent's performance (total reward and action distribution) and adjust the exploration strategy if necessary. If certain actions are underrepresented, adjust the probabilities to encourage exploration of those actions.

By following these recommendations, you should be able to facilitate more effective learning for the DQN agent in the MountainCar-v0 environment.","```json
{
  ""action_probs"": [0.4, 0.2, 0.4]
}
```"
91,-59.84628008067292,-85.04208358234106,0.01,0.10140710324048996,N/A,N/A
92,-60.25250996181605,-85.08744209275005,0.01,0.019341222941875458,N/A,N/A
93,-87.4929470239972,-94.90294749141809,0.01,0.03342968225479126,N/A,N/A
94,-94.21632636580776,-100.65987726818487,0.01,0.030147148296236992,N/A,N/A
95,-124.50672214471112,-100.02990898859372,0.01,0.020280180498957634,"The data you've provided indicates that the agent is predominantly selecting the action ""2"" (Push Right) during exploration, which suggests that the exploration policy is heavily biased towards this action. This is not ideal for the MountainCar-v0 environment, where the car needs to build momentum by moving back and forth between the hills to successfully reach the flag on the right hill. Here are some recommendations to improve the exploration strategy:

1. **Balanced Exploration**:
   - Ensure that the exploration policy allows for a more balanced distribution of actions. Instead of predominantly selecting ""Push Right,"" the agent should explore all actions to better understand the effects of each action on the car's position and velocity.
   - A suggested action distribution could be approximately equal for each action, such as:
     - Action 0 (Push Left): 33%
     - Action 1 (No Push): 33%
     - Action 2 (Push Right): 34%
   - This distribution allows the agent to experience a variety of states and transitions, which is crucial for learning an effective policy.

2. **Implement an Exploration Strategy**:
   - Consider using an exploration strategy like epsilon-greedy, where the agent selects a random action with probability epsilon and the action that maximizes the Q-value with probability 1-epsilon.
   - Start with a higher epsilon (e.g., 0.5) to encourage exploration and gradually decrease it over time as the agent learns more about the environment.

3. **Introduce Stochasticity**:
   - Introduce some randomness in the action selection process to prevent the agent from getting stuck in suboptimal policies. This can be achieved by adding noise to the action selection process or by using a softmax policy where actions are selected based on their probabilities.

4. **Monitor and Adjust**:
   - Continuously monitor the agent's performance and adjust the exploration strategy as needed. If the agent's performance plateaus or does not improve, consider increasing the exploration rate or trying different exploration strategies.

By diversifying the exploration strategy and ensuring a more balanced action distribution, the agent should be able to learn more effectively and potentially reach the goal faster in the MountainCar-v0 environment.","```json
{
  ""action_probs"": [0.33, 0.33, 0.34]
}
```"
96,-124.93995662838525,-106.79929076631375,0.01,0.030162718147039413,N/A,N/A
97,-130.3548032526933,-97.33392263023855,0.01,0.013656605035066605,N/A,N/A
98,-120.73174399772458,-104.17579165226766,0.01,0.021870752796530724,N/A,N/A
99,-128.16977544661165,-108.90248653079388,0.01,0.06312131136655807,N/A,N/A
100,-129.05097005108124,-110.25193197507149,0.01,0.05161428451538086,"Based on the task description and the provided data, it seems that the agent is currently over-relying on the action ""Push Right"" (action 2), as evidenced by the sampled actions being exclusively 2s. This behavior is not conducive to solving the MountainCar-v0 environment efficiently because the car needs to build momentum by swinging back and forth to reach the goal on the right hill. Here are some recommendations for an exploration strategy that could help the DQN agent learn faster:

1. **Balanced Exploration Strategy:**
   - Adjust the action selection distribution to encourage more diverse actions. A simple way to achieve this is by using a uniform random policy for exploration:
     - Action 0 (Push Left): 33%
     - Action 1 (No Push): 33%
     - Action 2 (Push Right): 34%
   - This distribution ensures that the agent explores a variety of states and actions, helping it to learn the importance of building momentum.

2. **Epsilon-Greedy Strategy with Decay:**
   - Implement an epsilon-greedy strategy where the agent selects a random action with probability epsilon and the action suggested by the current policy with probability (1 - epsilon).
   - Start with a higher epsilon (e.g., 0.8) to encourage exploration and gradually decay it over time (e.g., reduce by 0.05 every few episodes) to shift towards exploitation as the agent learns.

3. **Incorporate Velocity Awareness:**
   - Modify the exploration strategy to consider the current velocity of the car. For example, if the velocity is positive, slightly increase the probability of taking action 0 (Push Left) to help the car swing back. Conversely, if the velocity is negative, increase the probability of taking action 2 (Push Right).

4. **Reward Shaping:**
   - Although not directly related to action distribution, consider adding a small positive reward for moving towards the goal or increasing velocity, which can encourage the agent to explore actions that build momentum.

5. **Action Noise:**
   - Introduce noise in the action selection process to ensure that the agent does not get stuck in deterministic action sequences. This can be implemented by adding a small random value to the action probabilities before sampling.

By implementing these strategies, the agent should have a better chance of exploring the state space more effectively, thereby learning the optimal policy to solve the MountainCar-v0 environment more efficiently.","```json
{
  ""action_probs"": [0.33, 0.33, 0.34]
}
```"
101,-84.56161475742535,-85.6080542110574,0.01,0.01922759786248207,N/A,N/A
102,-116.49680108005614,-93.01171104122902,0.01,0.03353261947631836,N/A,N/A
103,-129.0238081998733,-77.3008850200606,0.01,0.03092023730278015,N/A,N/A
104,-124.23586755073336,-73.60201748761165,0.01,0.07590565830469131,N/A,N/A
105,-129.92381204033455,-62.59578851399027,0.01,0.023024173453450203,"Based on the data provided, the agent primarily sampled action ""2"" (Push Right) during the last episode, with only one instance of action ""0"" (Push Left) and no instances of action ""1"" (No Push). This indicates a highly skewed action distribution, which is likely contributing to a suboptimal learning process given the nature of the MountainCar-v0 environment.

### Analysis:
1. **Action Imbalance**: The overwhelming majority of actions are ""Push Right,"" which suggests that the agent is not exploring the state space effectively. This lack of exploration can prevent the agent from building the necessary momentum to reach the goal.
   
2. **Reward Signal**: The total reward of approximately -130 indicates that the agent is not performing well. In MountainCar-v0, the reward is maximized by reaching the goal in the fewest steps possible, and a reward of -130 suggests the agent is far from achieving this.

3. **Momentum Building**: To successfully solve MountainCar-v0, the agent needs to learn to oscillate between pushing left and right to build momentum. The current action distribution does not support this learning behavior.

### Recommendations for Exploration Strategy:
To improve the learning process, it is crucial to adjust the exploration strategy to encourage a more balanced and exploratory action distribution. Here are some specific recommendations:

1. **Balanced Action Distribution**:
   - Encourage a more balanced selection of actions during exploration. For example, consider an initial action distribution such as:
     - 40% probability for ""Push Left"" (action 0)
     - 20% probability for ""No Push"" (action 1)
     - 40% probability for ""Push Right"" (action 2)
   - This distribution promotes exploration of both directions, which is necessary for building momentum.

2. **Epsilon-Greedy Strategy**:
   - Implement an epsilon-greedy strategy where the agent takes random actions with a certain probability (epsilon) and follows the policy with a probability of 1-epsilon. Start with a higher epsilon (e.g., 0.3) to encourage exploration and gradually decrease it as the agent learns.

3. **Action Noise**:
   - Introduce noise to the action selection process to encourage exploration. This can be done by adding small random perturbations to the action probabilities, ensuring the agent does not get stuck in repetitive action patterns.

4. **Adaptive Exploration**:
   - Monitor the agent’s performance and adjust the exploration parameters dynamically. If the agent's performance plateaus, increase exploration to help discover new strategies.

By implementing these strategies, the agent should be better equipped to explore the environment effectively and learn the necessary momentum-building behavior to solve the MountainCar-v0 task more efficiently.","```json
{
  ""action_probs"": [0.4, 0.2, 0.4]
}
```"
106,-95.76002884449306,-65.56377698229359,0.01,0.038208357989788055,N/A,N/A
107,-90.22429285582997,-60.32905015081816,0.01,0.01847093179821968,N/A,N/A
108,-61.2474619316802,-60.60134905792781,0.01,0.0237363763153553,N/A,N/A
109,-128.7399509701745,-54.2394280585739,0.01,0.09505871683359146,N/A,N/A
110,-59.452489411797615,-58.18383556957967,0.01,0.033740997314453125,"To help the DQN agent learn faster in the MountainCar-v0 environment, we need to focus on an exploration strategy that encourages the agent to effectively build momentum by oscillating between moving left and right. The goal is to ensure that the agent explores various sequences of actions that can lead to successful momentum building.

### Analysis of Current Action Distribution

1. **Current Action Distribution:**
   - The sampled actions show a strong bias towards action 2 (Push Right), with occasional action 0 (Push Left) and very few instances of action 1 (No Push).

2. **Observed Behavior:**
   - The agent appears to be pushing right too frequently, which might not be sufficient for building the necessary momentum to reach the goal.
   - The total reward in the last episode is -59.45, indicating that the agent is still far from reaching the goal efficiently.

### Recommendations for Exploration Strategy

1. **Balanced Exploration:**
   - Encourage a more balanced exploration between actions 0 and 2. This can be achieved by adjusting the exploration action distribution to ensure that the car oscillates more effectively between left and right pushes.

2. **Recommended Action Distribution:**
   - Action 0 (Push Left): 40%
   - Action 1 (No Push): 10%
   - Action 2 (Push Right): 50%

3. **Rationale:**
   - **Increase Left Pushes:** Increasing the frequency of action 0 will help the agent explore states where it can gain momentum by moving left before pushing right.
   - **Maintain Right Pushes:** Keeping a high frequency for action 2 ensures that the agent continues to attempt reaching the goal after building momentum.
   - **Occasional No Push:** A small percentage for action 1 allows the agent to occasionally maintain its current state, potentially stabilizing its velocity before changing direction.

4. **Implementation Strategy:**
   - Apply this exploration strategy for the next 20 episodes.
   - Monitor the total reward and the agent's ability to reach the goal.
   - Adjust the distribution based on observed improvements or stagnation in performance.

5. **Additional Considerations:**
   - Consider implementing a decaying exploration strategy where the action distribution gradually shifts towards the agent's learned policy as it becomes more proficient.
   - Monitor the agent's position and velocity to ensure that the exploration strategy effectively aids in building the necessary momentum.

By implementing these recommendations, the agent should have a better opportunity to explore effective sequences of actions that lead to successfully reaching the goal in the MountainCar-v0 environment.","```json
{
  ""action_probs"": [0.4, 0.1, 0.5]
}
```"
111,-55.29284584566153,-57.101189943307226,0.01,0.02512422204017639,N/A,N/A
112,-52.08897840476129,-55.00490757422826,0.01,0.055731505155563354,N/A,N/A
113,-59.94326381103437,-71.99319044886147,0.01,0.016818569973111153,N/A,N/A
114,-58.658222052103405,-52.58346407114631,0.01,0.031319793313741684,N/A,N/A
115,-56.867325139877266,-71.49407199443581,0.01,0.03569329157471657,"To help the DQN agent learn faster in the MountainCar-v0 environment, we need to analyze the current action distribution and recommend an exploration strategy that encourages more effective learning. Let's break down the current situation and provide a strategy:

### Current Analysis:
1. **Action Distribution**:
   - Action 1 (No Push) was selected 15 times.
   - Action 2 (Push Right) was selected 66 times.
   - Action 0 (Push Left) was selected 19 times.

2. **Observations**:
   - The agent heavily favors pushing right (Action 2), which indicates an imbalance in exploration.
   - The ""No Push"" action (Action 1) is less frequent, which might not be optimal for building momentum.
   - The car needs to build momentum by moving back and forth to reach the goal. Thus, balanced exploration between pushing left and right is crucial.

3. **Reward**:
   - The total reward in the last episode was -56.867, indicating that the agent is still far from solving the task efficiently.

### Recommended Strategy:
To improve the learning process, we should encourage a more balanced exploration strategy that allows the agent to experience the effects of different actions more evenly. This can help the agent learn the dynamics of the environment more effectively.

1. **Balanced Action Distribution**:
   - **Action 0 (Push Left)**: Increase its frequency to encourage exploration of moving left, which is necessary to build momentum.
   - **Action 1 (No Push)**: Maintain or slightly increase its frequency to allow the agent to stabilize its position and velocity.
   - **Action 2 (Push Right)**: Reduce its frequency to balance exploration and prevent the agent from prematurely pushing right without sufficient momentum.

2. **Suggested Action Probabilities**:
   - Action 0 (Push Left): 40%
   - Action 1 (No Push): 20%
   - Action 2 (Push Right): 40%

3. **Exploration Strategy**:
   - Implement an epsilon-greedy strategy where the exploration starts with a higher epsilon (e.g., 0.3) to encourage exploration, and gradually decay epsilon over episodes to allow the agent to exploit learned policies.

4. **Monitor Learning**:
   - After implementing the new action distribution, monitor the agent's performance over the next 20 episodes.
   - Adjust the distribution based on the agent's ability to build momentum and reach the goal.

By encouraging a more balanced exploration of actions, the agent should be able to learn the necessary dynamics to solve the MountainCar-v0 task more effectively.","```json
{
  ""action_probs"": [0.4, 0.2, 0.4]
}
```"
116,-57.490835285086995,-50.95112969984537,0.01,0.046646878123283386,N/A,N/A
117,-58.51021710700502,-70.94493356633511,0.01,0.025135211646556854,N/A,N/A
118,-58.822884468601224,-50.4856395411484,0.01,0.15543515980243683,N/A,N/A
119,-57.244935765465826,-50.11364451078226,0.01,0.05086567997932434,N/A,N/A
120,-55.0463841578046,-70.91618445231309,0.01,0.09754098206758499,"Based on the provided data, it appears that the agent predominantly sampled the action ""Push Right"" (action 2), with a smaller portion of ""Push Left"" (action 0) and no instances of ""No Push"" (action 1). This unbalanced action distribution may be hindering the agent's ability to effectively explore the state space and learn the optimal policy for the MountainCar-v0 environment.

### Analysis:
1. **Action Distribution**: The current action distribution is skewed heavily towards ""Push Right"" (action 2), with some ""Push Left"" (action 0), and no ""No Push"" (action 1). This suggests that the agent is not exploring all possible actions equally, which can lead to suboptimal learning.

2. **Total Reward**: The total reward of -55.046 indicates that the agent is not performing well, as the reward system in MountainCar-v0 penalizes each time step taken without reaching the goal. A more balanced exploration strategy could help improve the agent's performance.

### Recommendations:
To improve the exploration strategy and help the DQN agent learn faster, consider adjusting the action distribution to encourage more balanced exploration:

1. **Balanced Action Sampling**:
   - **Push Left (action 0)**: 30%
   - **No Push (action 1)**: 40%
   - **Push Right (action 2)**: 30%

   This distribution encourages exploration of all actions, including the underutilized ""No Push"" action, which might be beneficial in certain states to conserve momentum or stabilize the car.

2. **Adaptive Exploration**:
   - Implement an epsilon-greedy strategy where the exploration rate (epsilon) starts high and gradually decreases over time. This allows the agent to explore more in the early stages and exploit learned policies as training progresses.

3. **State-Dependent Exploration**:
   - Consider implementing a more sophisticated exploration strategy that adapts based on the car's position and velocity. For example, if the car is moving uphill with sufficient velocity, ""No Push"" might be a beneficial action to maintain momentum.

4. **Reward Shaping**:
   - While not directly related to action distribution, consider incorporating reward shaping to provide intermediate rewards for achieving sub-goals, such as reaching certain positions or velocities. This can guide the agent towards more effective exploration.

By implementing a more balanced and adaptive exploration strategy, the agent is likely to gain a better understanding of the environment dynamics, leading to improved learning and performance in the MountainCar-v0 task.","```json
{
  ""action_probs"": [0.3, 0.4, 0.3]
}
```"
121,-56.037066244663286,-50.27381879627996,0.01,0.01611509546637535,N/A,N/A
122,-54.22197148086105,-50.155129252179655,0.01,0.09609253704547882,N/A,N/A
123,-62.9017975527527,-49.34629609207913,0.01,0.011850699782371521,N/A,N/A
124,-75.48983171307817,-60.69539725639711,0.01,0.016751132905483246,N/A,N/A
125,-47.4841330390623,-69.32223715880953,0.01,0.08191505074501038,"Based on the data provided, it seems that the current exploration strategy is overly biased towards the ""Push Right"" action (action 2). This is evident from the sampled actions, where a significant majority are ""Push Right"". This imbalance in action selection likely contributes to the suboptimal performance, as indicated by the total reward of -47.484, which suggests that the agent is not effectively learning to build momentum to reach the goal.

### Analysis:
1. **Action Bias**: The data shows a heavy bias towards action 2 (""Push Right"") with occasional actions 0 (""Push Left"") and 1 (""No Push""). This suggests that the agent is not exploring the state space effectively, particularly the left side of the hill which is crucial for building momentum.

2. **Momentum Building**: The MountainCar-v0 environment requires the agent to oscillate between pushing left and right to build enough momentum to reach the goal. A strategy heavily favoring ""Push Right"" might prevent the agent from adequately exploring the necessary state transitions.

### Recommendations for Exploration Strategy:
To improve the learning speed of the DQN agent, consider adjusting the exploration action distribution to encourage more balanced exploration. Here's a recommended action distribution for the next 20 training episodes:

1. **Balanced Exploration**: Aim for a more balanced action distribution to ensure the agent explores different strategies effectively. A suggested distribution could be:
   - 40% ""Push Left"" (action 0)
   - 20% ""No Push"" (action 1)
   - 40% ""Push Right"" (action 2)

2. **Adaptive Exploration**: Gradually adjust the exploration strategy based on the agent's performance. If the agent starts improving, you can reduce exploration in favor of exploitation of learned policies.

3. **Exploration Strategies**: Consider using epsilon-greedy with a decaying epsilon or other exploration strategies like Boltzmann exploration to diversify the actions selected during exploration.

4. **Monitor and Adjust**: Continuously monitor the agent's performance (e.g., total reward) and adjust the exploration strategy as needed. If the agent starts showing improvement, you may want to decrease exploration to allow it to exploit learned behaviors.

By implementing a more balanced exploration strategy, the agent should be able to better explore the state space and learn the necessary momentum-building strategies to improve performance in the MountainCar-v0 environment.","```json
{
  ""action_probs"": [0.4, 0.2, 0.4]
}
```"
126,-50.14931134599861,-62.96368768650532,0.01,0.01888611912727356,N/A,N/A
127,-64.80425527515803,-56.352380727439595,0.01,0.09421568363904953,N/A,N/A
128,-61.115178452131985,-60.031376081016575,0.01,0.17645330727100372,N/A,N/A
129,-62.57383100505934,-57.15395341460485,0.01,0.02249966934323311,N/A,N/A
130,-68.44794002676915,-57.64323631637005,0.01,0.024061383679509163,"Based on the information provided, the current exploration strategy seems to be heavily biased towards actions 0 and 2, with a significant portion of the episode dedicated to these actions. This suggests that the agent is primarily trying to build momentum by moving left and right, which is a necessary strategy for solving the MountainCar-v0 environment. However, the distribution of actions seems quite unbalanced, and the total reward indicates that the agent is not yet performing optimally.

### Analysis:
1. **Action Distribution:**
   - Action 0 (Push Left): Dominant in the early part of the episode.
   - Action 2 (Push Right): Dominant in the latter part of the episode.
   - Action 1 (No Push): Rarely used, appearing only a few times.

2. **Total Reward:**
   - The reward of -68.45 suggests that the agent is not reaching the goal efficiently, as a higher (less negative) reward would indicate better performance.

### Recommendations:
To improve the exploration strategy and help the DQN agent learn faster, consider the following adjustments:

1. **Balanced Exploration:**
   - Introduce a more balanced exploration strategy that allows for a more diverse sampling of actions. This can help the agent learn the dynamics of the environment more effectively.
   - Suggested Action Distribution: 
     - Action 0 (Push Left): 35%
     - Action 1 (No Push): 30%
     - Action 2 (Push Right): 35%
   - This distribution encourages the agent to explore the effects of not pushing more frequently, which can be beneficial in certain states where maintaining momentum is crucial.

2. **Adaptive Exploration:**
   - Implement an exploration strategy that adapts based on the agent's position and velocity. For instance, if the agent is near the left boundary with low velocity, prioritize action 2 (Push Right) to build momentum.
   - Conversely, if the agent is near the right boundary, prioritize action 0 (Push Left).

3. **Exploration Decay:**
   - Gradually decrease exploration over time as the agent learns more about the environment. This can be done using an epsilon-greedy strategy where epsilon decays over episodes.

4. **State-Dependent Exploration:**
   - Use the state information (position and velocity) to dynamically adjust the action probabilities. For example, if the velocity is low, increase the probability of actions 0 and 2 to build momentum.

5. **Reward Shaping:**
   - Consider incorporating a small reward for achieving higher velocities or reaching certain positions, which can guide the agent toward more effective exploration strategies.

By implementing a more balanced and adaptive exploration strategy, the agent should be able to learn more effectively and improve its performance in the MountainCar-v0 environment over the next 20 training episodes.","```json
{
  ""action_probs"": [0.35, 0.3, 0.35]
}
```"
131,-54.69542972751825,-59.20575658139095,0.01,0.012079115957021713,N/A,N/A
132,-38.19666589439314,-59.21786656775315,0.01,0.024646524339914322,N/A,N/A
133,-39.77940590784907,-58.92759269744657,0.01,0.024453995749354362,N/A,N/A
134,-60.56234631718418,-58.66150258751503,0.01,0.016957085579633713,N/A,N/A
135,-59.30132429025002,-58.5431924476854,0.01,0.01113196276128292,"To help the DQN agent learn faster in the MountainCar-v0 environment, it's important to ensure that the agent explores the state-action space effectively. Based on the provided data, here are some observations and recommendations:

### Observations:
1. **Action Distribution**: The sampled actions show a heavy bias towards actions `0` (Push Left) and `2` (Push Right), with very few instances of action `1` (No Push). This indicates that the agent is primarily exploring the extremes of the action space, which might not be optimal for learning the required momentum-building strategy.

2. **Total Reward**: The total reward of `-59.30` suggests that the agent is not yet efficiently reaching the goal. In MountainCar-v0, a reward closer to `-200` indicates poor performance, while a reward closer to `0` indicates better performance.

### Recommendations for Exploration Strategy:

1. **Balanced Action Distribution**: 
   - Increase the frequency of action `1` (No Push) during exploration. This can help the agent learn the effects of maintaining its current state, which is crucial for understanding how to build momentum effectively.
   - Consider a more balanced action distribution, such as:
     - Action `0` (Push Left): 35%
     - Action `1` (No Push): 30%
     - Action `2` (Push Right): 35%

2. **Incorporate Exploration Noise**:
   - Introduce noise or randomness in the action selection process to encourage exploration of less frequently chosen actions. This can be achieved using techniques like epsilon-greedy with a decaying epsilon or adding noise to the action values.

3. **Adaptive Exploration**:
   - Implement an adaptive exploration strategy where the action distribution dynamically changes based on the agent's performance. For example, if the agent is not improving, increase exploration by shifting more weight to less chosen actions.

4. **Observation-Based Exploration**:
   - Develop a heuristic that considers the current state (position and velocity) to make more informed exploration decisions. For instance, if the car is moving left but has low velocity, it might be beneficial to explore more `Push Right` actions to gain momentum.

5. **Encourage Momentum Building**:
   - Design exploration strategies that specifically encourage the agent to oscillate between left and right movements, which is key to building the necessary momentum to reach the goal.

By implementing these strategies, the agent should be able to explore the environment more effectively, leading to faster learning and improved performance in the MountainCar-v0 task.","```json
{
  ""action_probs"": [0.35, 0.3, 0.35]
}
```"
136,-41.4778428252121,-58.48916937867561,0.01,0.030744045972824097,N/A,N/A
137,-60.07941420021733,-58.49317627651567,0.01,0.011673325672745705,N/A,N/A
138,-58.374133367384154,-58.09843474538313,0.01,0.014231168664991856,N/A,N/A
139,-62.94826833520947,-58.49058254695052,0.01,0.03677459433674812,N/A,N/A
140,-62.60303349074179,-58.59635287205388,0.01,0.015203031711280346,"Based on the provided data, the agent's recent exploration strategy seems to be skewed towards certain actions, which might not be optimal for learning the MountainCar-v0 task effectively. Let's break down the observations and provide recommendations:

### Observations:

1. **Action Distribution:**
   - **Action 0 (Push Left):** 23 times
   - **Action 1 (No Push):** 11 times
   - **Action 2 (Push Right):** 60 times

2. **Current Strategy:**
   - There is a heavy bias towards Action 2 (Push Right), which was chosen 60 times out of 94 actions.
   - Action 0 (Push Left) is the second most frequent, but significantly less than Action 2.
   - Action 1 (No Push) is the least frequent.

3. **Performance:**
   - The total reward in the last episode was -62.60, indicating that the car is not reaching the goal efficiently. The goal is to minimize this negative reward (ideally reaching 0 when the flag is reached).

### Recommendations:

To improve the learning efficiency of the DQN agent, we should aim for a more balanced exploration strategy. This can help the agent better understand the dynamics of the environment and learn the necessary momentum-building strategy. Here's a recommended action distribution:

1. **Balanced Exploration:**
   - **Action 0 (Push Left):** 33%
   - **Action 1 (No Push):** 33%
   - **Action 2 (Push Right):** 34%

2. **Rationale:**
   - **Action 0 (Push Left):** Increasing the frequency of pushing left can help the agent build the necessary momentum to climb the right hill. This is crucial because the car must first move left to gain enough speed to eventually reach the right hill.
   - **Action 1 (No Push):** Increasing the use of no push allows the agent to learn when it's beneficial to conserve energy and maintain momentum without actively pushing.
   - **Action 2 (Push Right):** While pushing right is necessary to reach the goal, over-reliance on this action without building adequate momentum can hinder progress. Keeping it slightly more frequent than the other actions ensures the agent still attempts to reach the goal.

3. **Implementation:**
   - Use an epsilon-greedy strategy where epsilon is set to encourage exploration with the above distribution for the next 20 training episodes.
   - Monitor the agent's performance and adjust the distribution if necessary, based on observed improvements or lack thereof.

By adopting a more balanced exploration strategy, the agent should be able to explore the state space more effectively and learn a policy that successfully reaches the goal.","```json
{
  ""action_probs"": [0.33, 0.33, 0.34]
}
```"
141,-58.67271834519757,-58.27155805582045,0.01,0.02013634890317917,N/A,N/A
142,-58.890450588121475,-58.4430865473641,0.01,0.02121853269636631,N/A,N/A
143,-57.51505733933299,-58.27174211182718,0.01,0.01320580206811428,N/A,N/A
144,-57.80625905728667,-58.55790468594846,0.01,0.014002412557601929,N/A,N/A
145,-61.303398091702746,-58.398189669564445,0.01,0.009478752501308918,"Based on the provided data, it seems that the current exploration strategy is leading to an imbalanced action distribution. The sampled actions show a heavy bias towards actions 0 and 2 (pushing left and right), with very few instances of action 1 (no push). Additionally, the total reward of -61.30 suggests that the agent is not yet performing optimally in the environment.

### Analysis:
1. **Action Distribution**:
   - Action 0 (Push Left): 33 times
   - Action 1 (No Push): 5 times
   - Action 2 (Push Right): 61 times

   The current distribution is heavily skewed towards action 2, with action 1 being underrepresented. This might be limiting the agent's ability to explore states where maintaining velocity without pushing could be beneficial.

2. **Total Reward**:
   - The total reward is relatively low, indicating that the agent is struggling to reach the goal efficiently. This suggests that the current exploration strategy might not be providing a balanced enough set of experiences for the agent to learn effectively.

### Recommendations:
To help the DQN agent learn faster, consider adjusting the exploration strategy to encourage a more balanced exploration of actions. Here are some specific recommendations:

1. **Balanced Action Sampling**:
   - Aim for a more uniform distribution of actions during exploration. For example, an initial distribution such as 40% for actions 0 and 2, and 20% for action 1 could provide a better balance. This can help the agent explore the effects of all actions more evenly.

2. **Incorporate Stochasticity**:
   - Use a stochastic policy during exploration where each action has a non-zero probability of being chosen. This can be achieved by using a softmax distribution over action values or an epsilon-greedy strategy with a higher epsilon value.

3. **Adaptive Exploration**:
   - Consider using an adaptive exploration strategy where the action distribution is adjusted based on the agent's performance. For example, if the agent frequently fails to reach the goal, increase the exploration rate to encourage more diverse experiences.

4. **Encourage Exploration of Underrepresented Actions**:
   - Specifically encourage exploration of action 1 (No Push) to understand its impact on momentum and position more effectively. This could involve temporarily increasing the probability of selecting action 1 in the early stages of learning.

5. **Monitor Learning Progress**:
   - Continuously monitor the agent's performance and adjust the exploration strategy based on observed improvements or stagnation in the total reward.

By implementing these recommendations, the agent should be able to explore the environment more effectively, leading to faster learning and improved performance in the MountainCar-v0 environment.","```json
{
  ""action_probs"": [0.4, 0.2, 0.4]
}
```"
146,-37.479474689212765,-60.86693593686656,0.01,0.008933858945965767,N/A,N/A
147,-57.161072818602314,-58.66201920972928,0.01,0.015954896807670593,N/A,N/A
148,-60.837848324202284,-61.71581202516063,0.01,0.012429129332304,N/A,N/A
149,-60.75269647357387,-59.86026250708877,0.01,0.012563681229948997,N/A,N/A
150,-55.929183846725415,-61.51543846702866,0.01,0.021115589886903763,"The MountainCar-v0 environment requires the agent to build momentum by oscillating between the left and right hills to successfully reach the goal. In the sampled actions provided, there is a heavy bias towards action 0 (Push Left) and action 2 (Push Right), with very few instances of action 1 (No Push). This action distribution suggests that the agent is primarily attempting to build momentum by alternating between pushing left and right, but it may not be leveraging the ""No Push"" action effectively.

### Analysis:

1. **Action Distribution**: 
   - Action 0 (Push Left): Predominantly chosen, especially at the beginning and end of the sequence.
   - Action 2 (Push Right): Chosen heavily in the middle of the sequence.
   - Action 1 (No Push): Used very sparingly.

2. **Reward**: 
   - The total reward of -55.93 indicates that the agent is still far from optimal performance (goal is to minimize negative reward).

3. **Momentum Building**:
   - The agent needs to effectively build momentum to reach the goal. The current action distribution suggests it might be getting stuck in suboptimal oscillations.

### Recommendations:

To help the DQN agent learn faster, a more balanced exploration strategy should be implemented. Here are a few recommendations:

1. **Balanced Exploration**:
   - Increase the exploration of action 1 (No Push) to allow the agent to learn the effect of maintaining momentum without additional force. This can help in fine-tuning the car's position on the slopes.

2. **Stochastic Action Distribution**:
   - Instead of heavily favoring actions 0 and 2, consider a more stochastic approach where each action has a more balanced probability of being selected. For example, an initial exploration distribution could be: 
     - Action 0 (Push Left): 40%
     - Action 1 (No Push): 20%
     - Action 2 (Push Right): 40%

3. **Adaptive Exploration Strategy**:
   - Implement an adaptive exploration strategy where the probability of selecting each action changes based on the agent's current state (position and velocity). For example, if the car is moving towards the left hill, increase the probability of ""Push Right"" and vice versa.

4. **Reward Shaping**:
   - Consider shaping the reward to encourage exploration of the ""No Push"" action. This can be done by slightly rewarding the agent for maintaining velocity without active pushing, which could help in learning the optimal policy faster.

5. **Monitor and Adjust**:
   - Continuously monitor the performance over the next 20 episodes and adjust the action probabilities based on observed improvements or lack thereof in the total reward.

By implementing a more varied exploration strategy, the agent is more likely to discover effective sequences of actions that lead to successful momentum building and ultimately reaching the goal.","```json
{
  ""action_probs"": [0.4, 0.2, 0.4]
}
```"
151,-61.72506128204986,-60.27003038456853,0.01,0.034976113587617874,N/A,N/A
152,-54.6779260733963,-59.28129651526207,0.01,0.027934471145272255,N/A,N/A
153,-56.46999497393347,-59.43358409697798,0.01,0.007859711535274982,N/A,N/A
154,-59.53324105847529,-60.543778184994245,0.01,0.036959998309612274,N/A,N/A
155,-61.3487212538079,-61.681272338220346,0.01,0.06640859693288803,"Based on the data provided, we can observe a few key points about the action distribution and the resulting performance in the MountainCar-v0 environment:

1. **Action Distribution Analysis**:
   - The sampled actions show a heavy bias towards action 2 (""Push Right"") towards the latter part of the episode.
   - There is a significant number of consecutive ""Push Left"" (action 0) actions at the beginning.
   - Actions 1 (""No Push"") are relatively infrequent.

2. **Performance Insight**:
   - The total reward of -61.35 indicates that the agent is not yet effectively solving the task, as a higher reward (closer to 0) would indicate reaching the goal more efficiently.
   - The pattern of actions suggests the agent might be struggling to build sufficient momentum, potentially due to the imbalance in action selection.

3. **Exploration Strategy Recommendations**:
   To enhance the learning process of the DQN agent, consider the following exploration strategy:

   - **Balanced Action Distribution**: Encourage a more balanced exploration of actions. This can be achieved by adjusting the exploration policy to sample actions more evenly. For example, consider an initial distribution like [0.4, 0.2, 0.4] for actions [0, 1, 2]. This ensures that the agent explores ""No Push"" more frequently, which might help in maintaining momentum.

   - **Adaptive Exploration**: Implement an adaptive exploration mechanism where the action probabilities can change based on the agent's velocity. For instance:
     - If the velocity is negative (moving left), slightly favor ""Push Right"" (action 2) to counteract and build momentum.
     - If the velocity is positive (moving right), slightly favor ""Push Left"" (action 0) to help reach the peak with enough speed.

   - **Increased Exploration of ""No Push""**: Increasing the probability of ""No Push"" (action 1) can help the agent maintain the momentum it gains while moving up the slopes, as excessive pushing in either direction might not be optimal.

   - **Decay Exploration Rate**: Gradually reduce exploration over episodes. Start with a higher exploration rate to encourage diverse experiences and then slowly reduce it to allow the agent to exploit learned policies as it becomes more competent.

4. **Monitor and Adjust**: Continuously monitor the performance and adjust the action distribution based on observed improvements or stagnation. This iterative approach allows for fine-tuning the exploration strategy to best suit the agent's learning progress.

By implementing these recommendations, the agent should be able to explore the action space more effectively, build momentum efficiently, and ultimately learn the optimal policy faster.","```json
{
  ""action_probs"": [0.4, 0.3, 0.3]
}
```"
156,-59.95960752274508,-61.213332893611664,0.01,0.009910541586577892,N/A,N/A
157,-54.68076346146742,-61.1865543530208,0.01,0.010189516469836235,N/A,N/A
158,-57.993760822966166,-63.21525793494908,0.01,0.0076941801235079765,N/A,N/A
159,-57.67710981875842,-69.22187903709377,0.01,0.007759973406791687,N/A,N/A
160,-59.22907529657576,-80.2612403779938,0.01,0.009052906185388565,"In the MountainCar-v0 environment, the main challenge is to build enough momentum to reach the flag on the right hill. Given the weak engine, the car needs to oscillate between the two hills to gather sufficient kinetic energy.

### Analysis of Current Action Distribution:
The sampled actions from the last episode indicate the following distribution:
- Push Left (0): 30 times
- No Push (1): 6 times
- Push Right (2): 58 times

### Observations:
1. **Imbalance in Action Selection**: There is a noticeable imbalance towards the 'Push Right' action. This suggests that the agent is spending more time trying to push the car to the right, potentially without building enough momentum from the left.

2. **Underutilization of 'Push Left'**: The 'Push Left' action is less frequently used, which might be limiting the agent's ability to effectively gain momentum by first moving to the left.

3. **Minimal Use of 'No Push'**: The 'No Push' action is rarely used. While this action can help maintain velocity on slopes, its utility is context-dependent and generally less critical in this environment compared to active pushing.

### Strategy Recommendations:
To enhance exploration and help the DQN agent learn more effectively, consider adjusting the action distribution to encourage more balanced exploration:

1. **Balanced Exploration**:
   - **Push Left (0)**: Increase the frequency of this action to around 40%. This will encourage the agent to explore moving left more often, which is crucial for building momentum.
   - **No Push (1)**: Maintain or slightly increase this action to about 10%. While not as critical, occasional usage can be beneficial for maintaining momentum on inclines.
   - **Push Right (2)**: Decrease this action to around 50%. While pushing right is necessary for reaching the goal, overemphasis can lead to suboptimal momentum building.

2. **Adaptive Exploration**:
   - Implement an adaptive exploration strategy where the action probabilities can dynamically adjust based on the car's position and velocity. For example, if the car is moving left and gaining velocity, increase the probability of 'Push Right' to capitalize on the momentum.

3. **Emphasize Momentum Building**:
   - Encourage exploration strategies that focus on building and maintaining momentum. This could involve alternating between 'Push Left' and 'Push Right' actions more systematically, depending on the car's current state.

By implementing these recommendations, the agent should be better equipped to explore the state space effectively, leading to faster learning and improved performance in the MountainCar-v0 environment.","```json
{
  ""action_probs"": [0.4, 0.1, 0.5]
}
```"
161,-106.52518291328312,-69.38259564198707,0.01,0.005479738116264343,N/A,N/A
162,-55.46022022174941,-71.14349445474099,0.01,0.011928025633096695,N/A,N/A
163,-67.33133750846444,-71.6929254672708,0.01,0.013422822579741478,N/A,N/A
164,-60.05915857597387,-68.42173089098469,0.01,0.05171384662389755,N/A,N/A
165,-55.9906292237574,-75.69162728677978,0.01,0.09151700139045715,"To help the DQN agent learn faster in the MountainCar-v0 environment, we need to ensure that the exploration strategy allows the agent to effectively discover the actions that build momentum and reach the goal efficiently. Let's analyze the given data and suggest an exploration action distribution:

### Analysis:
1. **Current Action Distribution:**
   - Observed a high number of consecutive '0' (Push Left) actions followed by '2' (Push Right) actions. 
   - Very few '1' (No Push) actions are taken.

2. **Total Reward:**
   - The total reward of -55.99 suggests that the agent is not yet efficiently reaching the goal, as the optimal reward is higher (less negative).

3. **Action Variety:**
   - The current strategy seems to be heavily biased towards pushing in one direction for a period and then switching to the opposite direction, with minimal 'No Push' actions.

### Recommendations:
To improve exploration and help the DQN agent learn faster, consider adjusting the action distribution to encourage more balanced exploration. Here's a suggested strategy:

1. **Balanced Action Distribution:**
   - **Push Left (0):** 40%
   - **No Push (1):** 20%
   - **Push Right (2):** 40%

2. **Rationale:**
   - **Push Left and Push Right:** Maintaining a higher frequency of these actions (40% each) encourages the agent to build momentum by moving back and forth between the hills, which is essential for reaching the goal.
   - **No Push:** Increasing the frequency of 'No Push' (20%) can help the agent learn the impact of coasting and the dynamics of the environment without constant acceleration, potentially leading to more efficient strategies.

3. **Exploration Strategy:**
   - Use an epsilon-greedy strategy where this action distribution is applied during the exploration phase. Gradually decrease epsilon over time to shift towards exploitation as the agent learns.

4. **Monitor and Adjust:**
   - Continuously monitor the agent's performance and adjust the action distribution if necessary. If the agent starts to converge to a solution, consider decreasing the exploration rate to allow the agent to exploit learned strategies.

By implementing this more balanced exploration strategy, the agent should be able to explore the state-action space more effectively, leading to faster learning and improved performance in reaching the goal in the MountainCar-v0 environment.","```json
{
  ""action_probs"": [0.4, 0.2, 0.4]
}
```"
166,-67.49023948660763,-69.42032846539203,0.01,0.00867106020450592,N/A,N/A
167,-62.37655366708723,-72.42746852187358,0.01,0.006503537762910128,N/A,N/A
168,-58.19388447629087,-80.62058519116196,0.01,0.0084223672747612,N/A,N/A
169,-55.90451944312078,-71.6807943180635,0.01,0.010827751830220222,N/A,N/A
170,-67.89084990328413,-65.65224190778568,0.01,0.04091693088412285,"Based on the data provided, here is an analysis and strategy recommendation for improving the exploration strategy of the DQN agent in the MountainCar-v0 environment:

### Analysis:

1. **Current Action Distribution**:
   - The sampled actions show a heavy bias towards actions `0` (Push Left) and `2` (Push Right), with significantly fewer instances of action `1` (No Push).
   - The sequence of actions indicates that the agent tends to push in one direction for a while before switching to the other direction, which is typical in MountainCar to build momentum. However, the distribution is not balanced.

2. **Performance**:
   - The total reward of -67.89 suggests that the agent is still far from solving the task optimally (which would require reaching the flag with fewer negative rewards).

3. **Exploration Strategy**:
   - The agent seems to be exploring with a preference for pushing actions, which is necessary, but the lack of ""No Push"" actions might limit its ability to learn when to maintain momentum without accelerating.

### Recommendations:

1. **Balanced Exploration**:
   - Introduce a more balanced action distribution during exploration. For example, consider using an action probability distribution like:
     - 40% for `Push Left` (action `0`)
     - 20% for `No Push` (action `1`)
     - 40% for `Push Right` (action `2`)
   - This distribution ensures that the agent explores the effect of not pushing more often, which can help it learn to maintain momentum without unnecessary actions.

2. **Adaptive Exploration**:
   - Implement an adaptive exploration strategy where the action probabilities can be adjusted based on the agent's current position and velocity. For instance:
     - If the car is moving uphill and losing speed, increase the probability of pushing in the opposite direction.
     - If the car is near the top of a hill, increase the probability of ""No Push"" to allow it to coast and gain momentum.

3. **Exploration Noise**:
   - Add exploration noise to the action selection process to encourage the agent to try different sequences of actions. This can be achieved by adding a small random factor to the action probabilities, ensuring variability in exploration.

4. **Monitor and Adjust**:
   - Continuously monitor the agent's performance and adjust the exploration strategy based on the observed rewards and action distributions. If the agent starts achieving better rewards, consider gradually reducing exploration in favor of exploitation.

By implementing these strategies, the DQN agent should be able to explore the environment more effectively, leading to faster learning and improved performance in the MountainCar-v0 task.","```json
{
  ""action_probs"": [0.4, 0.2, 0.4]
}
```"
171,-67.76808075061213,-65.58036574869399,0.01,0.07185529172420502,N/A,N/A
172,-67.38186144949806,-64.49478574734708,0.01,0.01404615119099617,N/A,N/A
173,-55.30589155407587,-64.49400739083127,0.01,0.009625274688005447,N/A,N/A
174,-58.489105873880916,-64.593748220583,0.01,0.01241461094468832,N/A,N/A
175,-55.682835930066965,-63.34881192410582,0.01,0.022933967411518097,"Based on the provided data, it seems that the agent is struggling to efficiently explore the action space in the MountainCar-v0 environment. The sampled actions show a predominant use of action 0 (Push Left) and action 2 (Push Right), with very few occurrences of action 1 (No Push). This suggests that the agent may not be effectively leveraging the ""No Push"" action, which can be crucial for fine-tuning momentum and achieving the goal.

### Analysis:
1. **Action Distribution**: The current distribution is heavily skewed towards actions 0 and 2. This might indicate that the agent is over-relying on pushing actions and not exploring the utility of action 1.
2. **Total Reward**: A total reward of -55.68 suggests that the agent is not yet reaching the goal consistently or efficiently. The reward is negative, indicating that the car is spending a lot of time away from the goal.
3. **Momentum Building**: The MountainCar-v0 task requires building momentum by oscillating between the left and right. An effective strategy should involve a balanced exploration of all actions to learn when to switch between pushing and coasting.

### Recommendations for Exploration Strategy:
To help the DQN agent learn faster, consider adjusting the exploration action distribution to encourage a more balanced exploration of all actions. Here are some specific recommendations:

1. **Balanced Action Distribution**:
   - Increase the probability of selecting action 1 (No Push) during exploration. This can help the agent learn to maintain momentum and make more precise adjustments when needed.
   - A suggested exploration distribution could be approximately: 
     - Action 0 (Push Left): 30%
     - Action 1 (No Push): 40%
     - Action 2 (Push Right): 30%

2. **Adaptive Exploration**:
   - Implement an adaptive exploration strategy where the action probabilities gradually shift based on the agent's performance. For example, if the agent starts to achieve higher rewards, slightly increase the probability of exploiting learned actions.

3. **Reward Shaping**:
   - Consider using reward shaping to provide additional feedback for maintaining momentum or reaching certain positions within the environment. This can guide the agent towards more effective exploration.

4. **Exploration Noise**:
   - Introduce a small amount of noise to the action selection process to ensure diverse exploration paths. This can prevent the agent from getting stuck in suboptimal strategies.

5. **Monitor and Adjust**:
   - Continuously monitor the agent's performance and adjust the exploration strategy as needed. If the agent's performance improves, gradually reduce exploration in favor of exploitation.

By implementing these strategies, the agent should be able to explore more effectively and learn the optimal policy for solving the MountainCar-v0 task.","```json
{
  ""action_probs"": [0.3, 0.4, 0.3]
}
```"
176,-63.038014843421365,-66.67747295703916,0.01,0.021686214953660965,N/A,N/A
177,-57.85059850957644,-61.785620551335356,0.01,0.04298900440335274,N/A,N/A
178,-59.57739720213659,-63.459788292270574,0.01,0.01375389564782381,N/A,N/A
179,-62.46913337598422,-63.12858293253123,0.01,0.013321548700332642,N/A,N/A
180,-61.22813540296045,-62.854203468602066,0.01,0.00963594764471054,"Based on the data provided, the MountainCar-v0 environment requires the agent to build momentum by moving back and forth between the hills to reach the flag. The sampled actions from the last episode suggest a strong bias towards pushing right (action 2) and pushing left (action 0), with very few instances of no push (action 1). The total reward of approximately -61 indicates that the agent is still struggling to reach the goal efficiently.

### Analysis:
1. **Action Bias**: The majority of actions are either ""Push Left"" or ""Push Right"", with a significant number of ""Push Right"" actions towards the end. This suggests the agent is trying to build momentum but might be getting stuck or not exploring optimally.
   
2. **Momentum Building**: The car needs to alternate between pushing left and right to build enough momentum to reach the goal. The current distribution might be too deterministic, resulting in suboptimal exploration.

3. **Exploration Strategy**: The lack of ""No Push"" actions indicates limited exploration of the state space when the car might benefit from maintaining velocity without additional force.

### Recommendations for Exploration Strategy:
To improve the learning efficiency of the DQN agent, consider the following action distribution for exploration over the next 20 training episodes:

1. **Balanced Exploration**: Introduce a more balanced exploration strategy to allow the agent to discover effective momentum-building strategies. A suggested distribution could be:
   - **Push Left (Action 0)**: 35%
   - **No Push (Action 1)**: 20%
   - **Push Right (Action 2)**: 45%

2. **Increased ""No Push"" Actions**: Increase the probability of ""No Push"" to 20%. This will help the agent explore maintaining velocity and potentially discover states where no additional force is beneficial.

3. **Adaptive Exploration**: Consider using an epsilon-greedy strategy where epsilon decreases over time. Start with a higher epsilon (e.g., 0.3) to encourage exploration and gradually reduce it to promote exploitation of learned strategies.

4. **Reward Shaping**: If possible, provide additional intermediate rewards for reaching higher positions on the hill, not just for reaching the flag. This will encourage the agent to explore states that lead to better momentum.

5. **Monitor Learning Progress**: Continuously monitor the total reward and the distribution of actions. Adjust the exploration strategy based on observed improvements or stagnation in performance.

By implementing these recommendations, the agent should be able to explore the state space more effectively, leading to faster learning and improved performance in reaching the goal.","```json
{
  ""action_probs"": [0.35, 0.2, 0.45]
}
```"
181,-62.36809389287541,-62.464955003506546,0.01,0.010769925080239773,N/A,N/A
182,-61.40079598536249,-62.450733680887836,0.01,0.017776677384972572,N/A,N/A
183,-62.714785118450756,-61.98205250829502,0.01,0.01620297133922577,N/A,N/A
184,-60.782317400091735,-60.89578542861002,0.01,0.009636463597416878,N/A,N/A
185,-68.0899127187623,-61.36779052603191,0.01,0.017604902386665344,"To help the DQN agent learn more effectively in the MountainCar-v0 environment, it's important to ensure that the exploration strategy allows the agent to experience a variety of states and actions. This will help the agent understand the dynamics of the environment and develop a robust policy.

### Analysis of Current Exploration

1. **Current Action Distribution:**
   - The sampled actions show a heavy bias towards actions 0 (Push Left) and 2 (Push Right), with very few occurrences of action 1 (No Push).
   - This imbalance suggests that the agent may not be exploring the ""No Push"" action enough, which could be important for learning the optimal policy, especially in situations where maintaining or slightly reducing speed is beneficial.

2. **Total Reward:**
   - The total reward of -68.09 indicates that the agent is not yet achieving the goal efficiently. In MountainCar-v0, the closer this value is to zero, the better, as reaching the goal quickly results in fewer time steps and a higher reward.

### Recommendations for Exploration Strategy

1. **Balanced Action Distribution:**
   - Consider adopting a more balanced exploration strategy that includes all three actions. For example, a distribution such as 0.4 for actions 0 and 2, and 0.2 for action 1. This would ensure that the agent explores the ""No Push"" action more frequently, potentially discovering its utility in maintaining momentum without overshooting the target.

2. **Adaptive Exploration Strategy:**
   - Implement an adaptive exploration strategy that gradually shifts from exploration to exploitation. Start with a higher exploration rate (e.g., epsilon-greedy with a high epsilon value) and decrease it over time. This allows the agent to explore various state-action pairs initially and then focus on exploiting the learned policy.

3. **Encourage Momentum Building:**
   - Since building momentum is crucial in MountainCar-v0, encourage exploration strategies that allow the agent to experience the effects of alternating between actions 0 and 2. This can be done by slightly favoring these actions but not to the extent that action 1 is ignored.

4. **Reward Shaping:**
   - Consider implementing reward shaping to provide intermediate rewards for reaching higher positions on the hills. This can guide the agent towards understanding the importance of building momentum.

5. **Monitor Learning Progress:**
   - Continuously monitor the agent's performance metrics, such as total reward and episode length, to ensure that the exploration strategy is effective. Adjust the action distribution based on observed learning progress.

By implementing a more balanced and adaptive exploration strategy, the agent should be able to learn more effectively and achieve the goal in the MountainCar-v0 environment more efficiently.","```json
{
  ""action_probs"": [0.35, 0.3, 0.35]
}
```"
186,-60.33725358643566,-60.37683115526105,0.01,0.05898569896817207,N/A,N/A
187,-62.31494941533143,-60.96034813084086,0.01,0.012209203094244003,N/A,N/A
188,-62.07353542285187,-60.00058933610744,0.01,0.01063638273626566,N/A,N/A
189,-59.70727664307428,-59.42769469491056,0.01,0.008938707411289215,N/A,N/A
190,-40.42889343016848,-59.50390583575103,0.01,0.01483140792697668,"Based on the provided data, it appears that the current exploration strategy is heavily skewed towards pushing the car in one direction for extended periods, particularly towards the right (action 2) after an initial sequence of pushing left (action 0). There is minimal use of the ""No Push"" action (action 1). This may not be optimal for building the momentum necessary to reach the goal efficiently, as the MountainCar-v0 environment requires a careful balance of left and right movements to gain enough speed to reach the top of the hill.

### Analysis:
1. **Action Distribution**: The current action distribution is heavily biased towards actions 0 and 2, with action 1 being underutilized. This suggests a lack of exploration diversity, which might be limiting the agent's ability to learn more effective strategies.
   
2. **Momentum Building**: The car needs to oscillate back and forth to build momentum. The current pattern of actions may not be optimal for this purpose, as it seems to favor long sequences of the same action rather than alternating actions to build speed.

3. **Reward**: The total reward of -40.43 indicates that the agent is not yet efficiently reaching the goal. This suggests that the current exploration strategy is not effectively teaching the agent how to build the necessary momentum.

### Recommendations:
To improve the exploration strategy and help the DQN agent learn faster, consider the following recommendations:

1. **Balanced Action Distribution**:
   - **Increase Variability**: Introduce more variability in the action choices. A more balanced distribution across all three actions could help the agent explore different strategies more effectively.
   - **Suggested Distribution**: Aim for an exploration strategy where actions are more evenly distributed, such as:
     - Action 0 (Push Left): 40%
     - Action 1 (No Push): 20%
     - Action 2 (Push Right): 40%

2. **Encourage Oscillation**:
   - Encourage the agent to frequently alternate between pushing left and right to build momentum. This can be achieved by implementing a strategy that occasionally forces a switch in actions after a certain number of steps.

3. **Adaptive Exploration**:
   - Implement an adaptive exploration strategy where the probability of choosing each action is adjusted based on recent performance, encouraging exploration of less frequently used actions if performance stagnates.

4. **Incorporate Domain Knowledge**:
   - Use knowledge of the problem domain to guide exploration. For example, if the agent is stuck in a local minimum, introduce a higher probability of taking actions that could potentially lead to momentum building.

5. **Monitor and Adjust**:
   - Continuously monitor the agent's performance and adjust the exploration strategy as needed. If certain actions lead to better outcomes, increase their probability dynamically.

By implementing these recommendations, the agent should be able to explore more effectively, potentially leading to improved learning and performance in the MountainCar-v0 environment.","```json
{
  ""action_probs"": [0.4, 0.2, 0.4]
}
```"
191,-66.35117671142798,-59.67664717225839,0.01,0.03816503286361694,N/A,N/A
192,-62.28945518534832,-59.81578565050404,0.01,0.007756297010928392,N/A,N/A
193,-42.508884218561334,-59.93403098758553,0.01,0.00761312386021018,N/A,N/A
194,-60.65933798021701,-55.39597473266186,0.01,0.008311079815030098,N/A,N/A
195,-65.73598702003781,-52.68737964489956,0.01,0.00806664489209652,"To help the DQN agent learn faster in the MountainCar-v0 environment, we need to focus on an exploration strategy that encourages the agent to effectively build momentum by swinging back and forth between the hills. Let's analyze the data and propose a suitable exploration action distribution:

### Analysis of Current Data:

1. **Total Reward**: The total reward of -65.73598702003781 indicates that the agent is not yet efficiently reaching the goal. In the MountainCar-v0 environment, a reward closer to -200 suggests that the agent is struggling, while a reward closer to 0 indicates better performance.

2. **Sampled Actions**:
   - Actions are heavily skewed towards pushing left (0) and pushing right (2), with fewer ""No Push"" (1) actions.
   - The sequence shows a pattern where the agent predominantly pushes in one direction until it switches to the other direction, with minimal use of the ""No Push"" action.

### Recommendations:

To improve the agent's learning, we should adjust the exploration strategy to ensure a more balanced approach that allows the agent to effectively gain momentum:

1. **Action Distribution**:
   - **Push Left (0)**: 40%
   - **No Push (1)**: 20%
   - **Push Right (2)**: 40%

   This distribution encourages the agent to explore both pushing directions equally, while still allowing for some neutral actions. The inclusion of ""No Push"" actions can help the agent learn the effect of maintaining velocity without additional force, which can be crucial for fine-tuning its momentum.

2. **Exploration Strategy**:
   - **Epsilon-Greedy Strategy**: Implement an epsilon-greedy strategy that starts with a higher epsilon (e.g., 0.9) and gradually decays over episodes. This encourages exploration initially and shifts towards exploitation as the agent learns.
   - **Momentum Building**: Encourage sequences where the agent alternates between pushing left and right. This can be done by biasing the exploration towards switching actions after a few consecutive pushes in one direction.

3. **Reward Shaping**:
   - Consider incorporating additional reward signals that incentivize building momentum, such as small rewards for increasing velocity or reaching higher positions on the hills.

4. **Monitoring and Adjustment**:
   - Continuously monitor the agent's performance and adjust the exploration strategy based on observed improvements or stagnation in learning.

By implementing these recommendations, the agent should be able to explore more effectively and learn the necessary dynamics to reach the goal in the MountainCar-v0 environment.","```json
{
  ""action_probs"": [0.4, 0.2, 0.4]
}
```"
196,-63.48091384920825,-53.27330214620041,0.01,0.005677383858710527,N/A,N/A
197,-66.41306924164695,-50.241190583537175,0.01,0.04275644198060036,N/A,N/A
198,-62.85066693828306,-50.10395590365834,0.01,0.009291350841522217,N/A,N/A
199,-62.36729141261094,-49.89560969023789,0.01,0.0070025986060500145,N/A,N/A
200,-64.83700731458394,-51.23475221953345,0.01,0.015793371945619583,"Based on the provided data, it seems that the agent is predominantly choosing the action ""Push Right"" (action 2), with occasional episodes where it shifts to ""Push Left"" (action 0). The ""No Push"" action (action 1) is not being used at all. This unbalanced action distribution may lead to suboptimal exploration and slow learning as the agent is not effectively exploring the state space.

### Analysis:
1. **Action Imbalance**: The agent is heavily biased towards ""Push Right"", which suggests it might be stuck in a local strategy that doesn't effectively build momentum by swinging back and forth. This is likely why the total reward is still negative and relatively low.
2. **Lack of Exploration**: The agent is not exploring the ""No Push"" action, which could be useful in certain situations to maintain momentum without losing speed.
3. **Momentum Building**: To reach the goal, the car needs to build sufficient momentum by oscillating between the left and right hills. An effective exploration strategy should encourage this oscillation.

### Recommendations for Exploration Action Distribution:
To improve the exploration strategy and help the DQN agent learn faster, consider the following action distribution for the next 20 training episodes:

1. **Balanced Exploration**:
   - **Push Left (action 0)**: 40%
   - **No Push (action 1)**: 20%
   - **Push Right (action 2)**: 40%

This distribution encourages the agent to explore both directions more equally, with a moderate amount of ""No Push"" actions to explore maintaining momentum without active acceleration.

### Strategy Implementation:
- **Encourage Oscillation**: By balancing ""Push Left"" and ""Push Right"", the agent will be more likely to explore the oscillating strategy needed to build momentum.
- **Incorporate Randomness**: Add a small amount of randomness to the action selection process to further promote exploration and prevent the agent from getting stuck in suboptimal strategies.
- **Monitor and Adjust**: After implementing this exploration strategy, monitor the agent's performance and adjust the distribution as needed based on the observed learning progress.

By following these recommendations, the agent should be better equipped to explore the environment effectively and learn a strategy that maximizes reward by reaching the goal more consistently.","```json
{
  ""action_probs"": [0.4, 0.2, 0.4]
}
```"
201,-51.58108341519588,-52.18874512801803,0.01,0.0075866300612688065,N/A,N/A
202,-41.841118883095426,-49.75004904251021,0.01,0.005012901499867439,N/A,N/A
203,-55.545835175328634,-51.510982349144015,0.01,0.04995140805840492,N/A,N/A
204,-38.72340594977142,-53.72317481775023,0.01,0.008511228486895561,N/A,N/A
205,-39.384294093230615,-50.541300147803675,0.01,0.0074042933993041515,"Based on the provided data, it seems that the agent has a strong bias towards pushing right (action 2) after an initial series of left pushes (action 0). This behavior is typical in the MountainCar environment, where the agent needs to build momentum by oscillating back and forth between the two hills to reach the goal. However, the imbalance in the action distribution suggests that the agent might not be exploring the state space effectively, which could be hindering its learning process.

### Observations:
1. **Action Imbalance**: The sampled actions are heavily skewed towards pushing right (action 2) after an initial sequence of left pushes (action 0), with no recorded instances of ""No Push"" (action 1).
2. **Total Reward**: The negative reward indicates that the agent did not reach the goal, as a higher (less negative) reward is typically better in this environment.

### Recommendations for Exploration Strategy:
To improve the exploration efficiency and help the DQN agent learn faster, consider the following action distribution strategy for the next 20 training episodes:

1. **Balanced Exploration**:
   - **Action 0 (Push Left)**: 40%
   - **Action 1 (No Push)**: 20%
   - **Action 2 (Push Right)**: 40%

   This distribution encourages the agent to explore all possible actions more evenly, particularly incorporating the ""No Push"" action, which might help the agent better understand the effects of inertia and velocity changes without additional force.

2. **Encourage Oscillation**:
   - By maintaining a balance between left and right pushes, the agent is more likely to develop the oscillating behavior necessary to build momentum to reach the goal.

3. **Introduce Randomness**:
   - Consider using an epsilon-greedy strategy where the agent occasionally takes random actions with a small probability (e.g., 10%). This randomness can help the agent escape local optima and discover more effective strategies.

4. **Adaptive Exploration**:
   - Gradually adjust the exploration strategy based on performance. If the agent shows improvement (higher rewards), slowly reduce the exploration rate to let the agent exploit learned strategies.

5. **Monitor and Adjust**:
   - Continuously monitor the agent's performance and action distribution. If the agent's performance plateaus or worsens, reassess and adjust the exploration strategy accordingly.

By implementing these strategies, the agent should develop a more nuanced understanding of the environment, leading to improved performance in the MountainCar-v0 task.","```json
{
  ""action_probs"": [0.4, 0.2, 0.4]
}
```"
206,-50.95997495167788,-50.47221288625742,0.01,0.01963825896382332,N/A,N/A
207,-38.49637326385295,-50.277847418980244,0.01,0.00883706659078598,N/A,N/A
208,-51.19775734882405,-53.02418807700534,0.01,0.0320594385266304,N/A,N/A
209,-62.90600833274987,-58.96289594926983,0.01,0.05008478835225105,N/A,N/A
210,-57.02953701986531,-52.315807275459996,0.01,0.04776158183813095,"To help the DQN agent learn more effectively in the MountainCar-v0 environment, we need to focus on improving the exploration strategy. The goal is to ensure that the agent explores the state-action space efficiently to build the necessary momentum to reach the goal. Let's analyze the current data and provide recommendations:

### Analysis of Current Exploration Strategy:

1. **Action Distribution:**
   - The sampled actions indicate a heavy bias towards action 2 (Push Right), with some occurrences of action 0 (Push Left) and very few instances of action 1 (No Push).
   - This distribution suggests that the agent is predominantly trying to push right, which might not be sufficient to build the necessary momentum to reach the goal.

2. **Total Reward:**
   - The total reward of -57.03 indicates that the agent is not yet able to reach the goal efficiently. In MountainCar, a higher (less negative) reward is better.

3. **Momentum Building:**
   - To reach the goal, the agent needs to oscillate between pushing left and right to build momentum. The current action distribution does not seem to support this oscillation effectively.

### Recommendations for Exploration Strategy:

1. **Balanced Action Distribution:**
   - Encourage a more balanced action distribution that promotes oscillation. A suggested distribution could be:
     - 40% Push Left (action 0)
     - 10% No Push (action 1)
     - 50% Push Right (action 2)
   - This distribution emphasizes the importance of pushing left to build momentum, while still allowing for right pushes to progress towards the goal.

2. **Incorporate Exploration Techniques:**
   - Consider using exploration strategies such as epsilon-greedy with a decaying epsilon to ensure that the agent explores sufficiently at the start and exploits more as it learns.
   - Alternatively, consider using strategies like Boltzmann exploration or adding noise to the actions to encourage diverse experiences.

3. **Monitor and Adjust:**
   - Continuously monitor the agent's performance and adjust the exploration strategy based on the observed rewards and action distributions.
   - If the agent starts reaching the goal more consistently, consider shifting the distribution towards more exploitation (e.g., increasing the probability of the most successful actions).

4. **Evaluate Learning Progress:**
   - Evaluate the agent's learning progress over the next 20 episodes with the new exploration strategy. If the total reward improves, continue refining the strategy based on performance.

By implementing a more balanced and strategic exploration approach, the agent should be able to learn the dynamics of the environment more effectively, ultimately leading to improved performance in reaching the goal.","```json
{
  ""action_probs"": [0.4, 0.1, 0.5]
}
```"
211,-57.07176407542511,-52.31588096223123,0.01,0.009786179289221764,N/A,N/A
212,-57.32044141916724,-51.11563116417831,0.01,0.01249670796096325,N/A,N/A
213,-50.031158686259616,-52.05743747615221,0.01,0.012523725628852844,N/A,N/A
214,-38.70866202781244,-50.266738759100214,0.01,0.006278620567172766,N/A,N/A
215,-38.44961656667873,-50.80379037868194,0.01,0.011443362571299076,"Based on the data provided, it seems like the agent is predominantly taking actions to push left (action 0) and then a series of actions to push right (action 2). However, there are no instances of the agent choosing to take no action (action 1), which might be limiting the exploration of the state space and potential strategies for building momentum.

### Analysis:
1. **Action Imbalance**: The agent is heavily biased towards actions 0 and 2, with no recorded actions for action 1. This lack of diversity in actions might be preventing the agent from exploring alternative strategies that involve periods of inaction to balance momentum.
   
2. **Momentum Building**: The MountainCar problem requires the agent to build momentum by moving back and forth across the valley. While the current strategy of alternating between pushing left and right is a common approach, the absence of ""No Push"" actions might be hindering the agent from discovering more nuanced strategies for momentum management.

### Recommendations:
To enhance the exploration strategy and potentially improve learning efficiency, consider the following action distribution for the next 20 training episodes:

1. **Balanced Exploration**: Introduce a more balanced action distribution to encourage exploration of all possible actions. For example:
   - Action 0 (Push Left): 40%
   - Action 1 (No Push): 20%
   - Action 2 (Push Right): 40%

2. **Epsilon-Greedy Strategy**: If not already implemented, consider using an epsilon-greedy strategy where the agent selects a random action with probability epsilon and the best-known action with probability 1-epsilon. This can help in both exploring new strategies and exploiting known good strategies.

3. **Adaptive Exploration**: Adjust the action distribution based on the agent's performance. If the agent starts to perform better with certain actions, gradually shift the distribution towards those actions while maintaining some level of exploration.

4. **Monitor and Adjust**: After implementing the new action distribution, monitor the agent's performance and adjust the exploration strategy as needed. Look for improvements in total reward and the diversity of actions taken.

By diversifying the action selection and incorporating periods of inaction, the agent may discover more effective strategies for building the necessary momentum to reach the goal.","```json
{
  ""action_probs"": [0.4, 0.2, 0.4]
}
```"
216,-65.93922547564972,-50.82231020270406,0.01,0.0054472461342811584,N/A,N/A
217,-41.32486944894439,-53.60365516468532,0.01,0.008204993791878223,N/A,N/A
218,-57.71509584510431,-53.14538266404777,0.01,0.02209768071770668,N/A,N/A
219,-40.14303752231812,-51.857145920081656,0.01,0.042360272258520126,N/A,N/A
220,-58.15986804579235,-52.72436509186618,0.01,0.013743394054472446,"Based on the data provided, we can observe a few trends in the sampled actions and the corresponding total reward. Here's a breakdown of the situation and some strategy recommendations for exploration:

### Analysis:
1. **Action Distribution Observation**:
   - The sampled actions show a heavy bias towards action `2` (Push Right), especially in the middle and latter part of the episode.
   - There are very few instances of action `1` (No Push), indicating that the agent rarely chooses to stay neutral.
   - Action `0` (Push Left) is more prevalent at the beginning and towards the end of the episode.

2. **Reward Analysis**:
   - The total reward of `-58.16` suggests that the agent is not efficiently reaching the goal. In MountainCar-v0, a reward closer to `0` indicates better performance, as the episode terminates when the car reaches the flag.

3. **Momentum Building**:
   - The MountainCar problem requires the agent to build momentum by oscillating between pushing left and right. The current action distribution suggests a lack of effective oscillation, particularly an overemphasis on pushing right without sufficient left pushes to build momentum.

### Recommendations:
To improve exploration and help the DQN agent learn faster, consider the following strategy:

1. **Balanced Action Distribution**:
   - Encourage a more balanced exploration strategy by adjusting the action probabilities. For the next 20 training episodes, consider using an exploration policy with a more even distribution among the actions:
     - Action `0` (Push Left): 40%
     - Action `1` (No Push): 20%
     - Action `2` (Push Right): 40%

2. **Incorporate Stochasticity**:
   - Introduce some stochasticity in the exploration phase to prevent the agent from getting stuck in suboptimal action sequences. This can be achieved by using an epsilon-greedy strategy where the agent occasionally chooses a random action with a small probability (e.g., epsilon = 0.1).

3. **Momentum Strategy**:
   - Encourage the agent to alternate between pushing left and right more frequently in the initial stages of the episode to build momentum. This can be done by setting specific conditions or patterns for exploration, such as alternating actions every few steps.

4. **Reward Shaping**:
   - Consider implementing reward shaping to provide intermediate rewards for building momentum or reaching certain positions. This can guide the agent towards more effective exploration patterns.

5. **Monitor and Adjust**:
   - Continuously monitor the agent's performance and adjust the exploration strategy based on the observed action distribution and rewards. If the agent starts showing improvement, gradually shift towards a more exploitation-focused strategy.

By implementing these recommendations, the agent should be able to explore the environment more effectively, leading to faster learning and improved performance in the MountainCar-v0 task.","```json
{
  ""action_probs"": [0.4, 0.2, 0.4]
}
```"
221,-58.34327352565181,-57.57131869272761,0.01,0.015525931492447853,N/A,N/A
222,-39.256239741831095,-58.546190082703255,0.01,0.03795265778899193,N/A,N/A
223,-57.087332720790094,-58.06573415056067,0.01,0.027827635407447815,N/A,N/A
224,-56.33240145778152,-61.71406061237808,0.01,0.015323392115533352,N/A,N/A
225,-57.42554194430952,-59.636045425190005,0.01,0.008415678516030312,"Based on the provided data and the task description, the goal is to help the DQN agent learn faster in the MountainCar-v0 environment. The key challenge in this task is to build sufficient momentum to reach the goal, which requires strategic exploration of actions. Let's analyze the data and propose an exploration strategy:

### Analysis of Current Action Distribution:
1. **Current Action Distribution**:
   - Action 0 (Push Left): 41 times
   - Action 1 (No Push): 6 times
   - Action 2 (Push Right): 53 times

2. **Observations**:
   - There is a significant bias towards Action 2 (Push Right), which is used 53 times.
   - Action 0 (Push Left) is used 41 times, which is slightly less frequent.
   - Action 1 (No Push) is rarely used, with only 6 occurrences.

3. **Performance**:
   - The total reward in the last episode is -57.43, indicating that the agent is not yet reaching the goal efficiently.

### Recommendations for Exploration Strategy:
To improve the learning process, we need a better-balanced exploration strategy that encourages the agent to explore different actions more evenly, allowing it to understand the dynamics of building momentum effectively.

1. **Balanced Exploration**:
   - Increase the frequency of Action 1 (No Push) to allow the agent to explore states where it might conserve momentum or reach a critical position for an effective push.
   - Balance the use of Action 0 (Push Left) and Action 2 (Push Right) to ensure the agent learns to build momentum by swinging back and forth.

2. **Proposed Action Distribution**:
   - **Action 0 (Push Left)**: 35%
   - **Action 1 (No Push)**: 30%
   - **Action 2 (Push Right)**: 35%

3. **Rationale**:
   - By increasing the frequency of Action 1, the agent can explore the effect of inertia and potentially find better positions to apply force.
   - A balanced use of Actions 0 and 2 will help the agent learn the importance of moving back and forth to build momentum.

4. **Implementation**:
   - Use a stochastic policy during exploration with the proposed action distribution for the next 20 training episodes.
   - This approach will encourage the agent to explore a wider range of strategies, potentially leading to faster learning and better performance.

### Additional Suggestions:
- **Monitor Learning Progress**: Continuously monitor the agent's performance and adjust the exploration strategy based on observed improvements or stagnation.
- **Adaptive Exploration**: Consider using an adaptive exploration strategy that gradually shifts towards exploitation as the agent's performance improves.

By following these recommendations, the agent should be able to explore the environment more effectively and learn the optimal strategy to reach the goal faster in the MountainCar-v0 environment.","```json
{
  ""action_probs"": [0.35, 0.3, 0.35]
}
```"
226,-58.95883494640831,-57.75195817826216,0.01,0.009955085813999176,N/A,N/A
227,-57.26130469606722,-59.62862215775836,0.01,0.007530563976615667,N/A,N/A
228,-39.07918339334429,-59.71143777120692,0.01,0.028271198272705078,N/A,N/A
229,-62.48603066118832,-59.57735540651405,0.01,0.029462464153766632,N/A,N/A
230,-57.31862824023035,-60.06538726157264,0.01,0.006858901586383581,"To help the DQN agent learn faster in the MountainCar-v0 environment, we need to improve the exploration strategy based on the given data. Let's analyze the current situation and propose a more effective exploration action distribution.

### Analysis:

1. **Current Action Distribution:**
   - The sampled actions show a distribution where actions 0 (push left) and 2 (push right) are more frequently chosen than action 1 (no push). This is generally good as it encourages movement, which is necessary for the car to build momentum.

2. **Total Reward:**
   - The total reward in the last episode is -57.3186, which suggests that the agent is not yet effectively reaching the goal. In MountainCar-v0, the reward is typically negative, and a higher reward (less negative) indicates better performance.

3. **Momentum Building:**
   - The key to solving MountainCar-v0 is building enough momentum to reach the flag. This requires a coordinated sequence of pushing left and right.

### Recommendations for Exploration Strategy:

1. **Balanced Exploration:**
   - Encourage a more balanced exploration between actions 0 and 2 to ensure the agent learns to build momentum effectively. Action 1 should be used sparingly since it doesn't contribute to building momentum.

2. **Proposed Action Distribution:**
   - Action 0 (Push Left): 40%
   - Action 1 (No Push): 10%
   - Action 2 (Push Right): 50%

   This distribution slightly favors pushing right, which is often needed to reach the goal, but still maintains a substantial amount of pushing left to build initial momentum.

3. **Adaptive Exploration:**
   - Consider implementing an adaptive exploration strategy where the distribution shifts over time based on the agent's performance. For example, start with a higher exploration rate and gradually decrease it as the agent's performance improves.

4. **Incorporate State Information:**
   - While the recommendation above is based on action distribution alone, incorporating state information (position and velocity) into the exploration strategy can further optimize learning. For example, if the agent is moving left with sufficient velocity, prioritize action 2 to push right sooner.

5. **Monitor and Adjust:**
   - Continuously monitor the agent's performance and adjust the exploration strategy as needed. If the total reward doesn't improve, consider experimenting with different distributions or incorporating additional exploration techniques such as epsilon-greedy or softmax action selection.

By implementing these recommendations, the DQN agent should be able to explore the environment more effectively, leading to faster learning and improved performance in the MountainCar-v0 task.","```json
{
  ""action_probs"": [0.4, 0.1, 0.5]
}
```"
231,-57.08412005018574,-60.075591179337906,0.01,0.008869832381606102,N/A,N/A
232,-60.47500849207531,-60.41107287549469,0.01,0.04132366180419922,N/A,N/A
233,-42.944533158870755,-60.605051321677344,0.01,0.007715198211371899,N/A,N/A
234,-59.07933278755684,-63.7976308189195,0.01,0.008851423859596252,N/A,N/A
235,-40.64728962492996,-60.617690220829104,0.01,0.02185714617371559,"Based on the information provided, the agent's recent episode primarily involved taking actions to push left (action 0) at the beginning and then predominantly pushing right (action 2) for the remainder of the episode. The total reward of approximately -40 indicates that the agent has not yet successfully reached the goal, as the MountainCar-v0 environment gives a reward of -1 for each time step until the goal is reached.

### Observations:
1. **Action Imbalance**: The agent predominantly executed action 0 initially and then switched to action 2 for the majority of the episode, with no instances of action 1 (No Push) being taken. This suggests a lack of exploration in terms of the 'No Push' action, which might be useful for fine-tuning the position on the hill.
2. **Momentum Building**: The strategy of moving back and forth to build momentum is crucial, but the current action distribution suggests the agent might not be effectively utilizing this strategy or exploring it fully.

### Recommendations for Exploration Strategy:
To help the DQN agent learn more effectively, consider the following exploration strategy:

1. **Balanced Action Distribution**: Encourage a more balanced exploration of actions. Since the agent is currently under-exploring action 1 (No Push), ensure that this action is sampled more frequently. A suggested distribution could be:
   - Action 0 (Push Left): 40%
   - Action 1 (No Push): 20%
   - Action 2 (Push Right): 40%

2. **Encourage Exploration of 'No Push'**: By increasing the frequency of action 1, the agent might discover nuances in the environment where maintaining momentum without pushing could be beneficial. This can help in achieving finer control over the car’s position and velocity.

3. **Adaptive Exploration**: Implement an exploration strategy that adapts based on the agent's performance. If the agent begins to improve, gradually reduce the exploration rate to allow the learned policy to take precedence.

4. **Reward Shaping**: Consider modifying the reward structure slightly to encourage exploration. For example, provide small positive rewards for reaching higher positions on the left hill, which will incentivize the agent to explore the state space more thoroughly.

5. **Momentum Building Strategy**: Encourage the agent to learn the importance of building momentum by ensuring that the agent explores sequences of alternating actions (e.g., left-right-left) which might help it learn the dynamics of the environment better.

By implementing these recommendations, the agent should be able to explore the environment more effectively, potentially leading to faster learning and improved performance in reaching the goal.","```json
{
  ""action_probs"": [0.4, 0.2, 0.4]
}
```"
236,-61.83846142028088,-60.89358671092555,0.01,0.00830909051001072,N/A,N/A
237,-61.0656476368795,-61.246279535546954,0.01,0.010606933385133743,N/A,N/A
238,-63.94043757164118,-63.2676802079362,0.01,0.004432368092238903,N/A,N/A
239,-57.64683246241434,-62.994581933960944,0.01,0.012726865708827972,N/A,N/A
240,-61.48411969850332,-64.25084903361825,0.01,0.005358512047678232,"To help the DQN agent learn faster in the MountainCar-v0 environment, we need to optimize the exploration strategy based on the provided data. Let's analyze the current situation and propose a better exploration action distribution:

### Analysis of Current Data:

1. **Total Reward**: The total reward in the last episode is -61.48. In MountainCar-v0, the reward per time step is -1, so a higher negative reward indicates that the agent is taking too long to reach the goal or not reaching it at all. This suggests that the current strategy might not be optimal for building the necessary momentum.

2. **Sampled Actions**: The action sequence shows a heavy bias towards actions 0 (Push Left) and 2 (Push Right), with a clear pattern of switching from a series of 0s to a series of 2s. There's almost no occurrence of action 1 (No Push).

3. **Momentum Building**: The MountainCar problem requires the car to build momentum by oscillating between left and right before it can reach the flag on the right hill. The current action sequence indicates some oscillation, but it might not be effectively timed or balanced.

### Recommendations for Exploration Strategy:

1. **Balanced Exploration**: The agent should explore all actions more evenly to better learn the dynamics of the environment. Given the current pattern, action 1 (No Push) is underexplored and could be useful in certain states to maintain momentum without overshooting.

2. **Suggested Action Distribution**:
   - Action 0 (Push Left): 40%
   - Action 1 (No Push): 20%
   - Action 2 (Push Right): 40%

   This distribution encourages more balanced exploration, allowing the agent to better understand the effects of each action. It also slightly increases the exploration of action 1, which might help in fine-tuning the momentum.

3. **Adaptive Exploration**: Consider implementing an epsilon-greedy strategy where the exploration rate (epsilon) decreases over time. This allows the agent to explore more in the early episodes and gradually exploit learned strategies as it becomes more confident.

4. **Reward Shaping**: If possible, provide additional rewards for reaching higher positions on the left hill. This can encourage the agent to build more momentum, which is crucial for reaching the goal.

5. **Monitor Learning Progress**: Continuously monitor the total reward and adjust the exploration strategy if necessary. If the agent's performance improves, consider gradually reducing exploration in favor of exploitation.

By implementing these recommendations, the DQN agent should be able to learn the optimal strategy more efficiently, ultimately leading to faster convergence and better performance in the MountainCar-v0 environment.","```json
{
  ""action_probs"": [0.4, 0.2, 0.4]
}
```"
241,-64.65906990840408,-61.19099846650663,0.01,0.01695752702653408,N/A,N/A
242,-60.982853250624615,-63.10027797259024,0.01,0.006764196790754795,N/A,N/A
243,-64.11394730025246,-61.177789215011614,0.01,0.014849559403955936,N/A,N/A
244,-60.20259393231054,-61.16467018254134,0.01,0.006800481583923101,N/A,N/A
245,-60.07932478650637,-60.844900295211005,0.01,0.007779172621667385,"To help the DQN agent learn faster in the MountainCar-v0 environment, we need to focus on improving exploration strategies based on the provided data. The current sampled actions show a pattern where the agent predominantly uses action 0 (Push Left) and action 2 (Push Right), with very few instances of action 1 (No Push). Here are some observations and recommendations:

### Observations:
1. **Action Distribution**: The sampled actions are heavily skewed towards actions 0 and 2, with action 1 being underrepresented.
2. **Momentum Building**: The MountainCar-v0 environment requires the agent to build momentum by oscillating between the left and right hills. This is reflected in the frequent use of actions 0 and 2.
3. **Exploration-Exploitation Balance**: The current strategy might be overly deterministic, leading to suboptimal exploration. The agent might be missing opportunities to explore different strategies that could lead to better momentum building.

### Recommendations:
1. **Action Distribution Adjustment**: 
   - Increase the probability of selecting action 1 (No Push) during exploration. This will allow the car to maintain its velocity and potentially discover more efficient ways to build momentum.
   - A suggested distribution could be: 0.4 for action 0, 0.2 for action 1, and 0.4 for action 2. This distribution encourages more balanced exploration while still allowing the agent to build momentum effectively.

2. **Adaptive Exploration Strategy**:
   - Implement an epsilon-greedy strategy with a decaying epsilon value. Start with a higher epsilon (e.g., 0.3) to encourage exploration and gradually reduce it over the episodes to focus more on exploitation of learned strategies.
   - Consider using a stochastic policy that samples from a probability distribution over actions, which can help the agent explore less frequently used actions.

3. **Reward Shaping**:
   - Ensure that the reward function encourages reaching the goal state efficiently. Consider providing small rewards for reaching higher positions on the right hill, which could incentivize the agent to explore actions that help build momentum more effectively.

4. **Monitor and Adjust**:
   - Continuously monitor the performance of the agent over the next 20 episodes. If the total reward does not improve, consider further adjusting the action distribution or exploration parameters.
   - Analyze the state-action pairs to identify any patterns or states where the agent frequently fails, and adjust the exploration strategy accordingly.

By implementing these recommendations, the agent should be able to explore more effectively and potentially learn a more optimal policy for solving the MountainCar-v0 task.","```json
{
  ""action_probs"": [0.4, 0.2, 0.4]
}
```"
246,-42.46739582081459,-60.89587785730912,0.01,0.008139906451106071,N/A,N/A
247,-47.6196148425873,-60.880249075488244,0.01,0.008613405749201775,N/A,N/A
248,-37.86034831660799,-62.031884935102404,0.01,0.02725892886519432,N/A,N/A
249,-61.99164500551164,-61.11118144838616,0.01,0.004904408473521471,N/A,N/A
250,-75.15582563495316,-60.86613548783038,0.01,0.011385811492800713,"Based on the data provided, it seems like the current exploration strategy is heavily biased towards two actions: ""Push Left"" (action 0) and ""Push Right"" (action 2). The ""No Push"" action (action 1) is not being utilized at all. This could be problematic because it might lead to suboptimal exploration and learning, especially in a task like MountainCar-v0 where building momentum is crucial.

### Analysis:

1. **Biased Action Distribution**: The sampled actions show a strong bias towards actions 0 and 2, with no instances of action 1. This suggests that the agent might not be exploring all possible states effectively.

2. **Reward Analysis**: The total reward of -75.16 indicates that the agent is not performing optimally. In MountainCar-v0, the reward is -1 for each time step, so a less negative reward would indicate better performance.

3. **Momentum Building**: The task requires the agent to build momentum by swinging back and forth. The lack of ""No Push"" actions might hinder the agent's ability to effectively build and maintain this momentum.

### Recommendations:

1. **Balanced Exploration**: Introduce a more balanced action distribution to ensure that all actions are explored adequately. This can help the agent learn the effects of each action more effectively. Consider an exploration distribution like:
   - Action 0 (Push Left): 40%
   - Action 1 (No Push): 20%
   - Action 2 (Push Right): 40%

2. **Exploration Strategy**: Use a strategy that encourages exploration, such as an epsilon-greedy approach with a higher epsilon value. This will allow the agent to explore more and potentially discover better strategies for building momentum.

3. **Adaptive Exploration**: Consider adjusting the exploration rate based on the agent's performance. If the agent's performance improves, gradually reduce exploration to allow exploitation of learned strategies.

4. **State-Dependent Exploration**: Implement a state-dependent exploration strategy where the choice of action is influenced by the current position and velocity. For example, if the car is moving left, prioritize actions that will help it build momentum to the right.

5. **Reward Shaping**: Although not directly related to action distribution, consider implementing reward shaping to provide additional feedback when the agent makes progress towards the goal, encouraging more effective exploration.

By adjusting the action distribution and exploration strategy, the agent should be able to explore the state space more effectively, leading to faster learning and improved performance in the MountainCar-v0 environment.","```json
{
  ""action_probs"": [0.4, 0.2, 0.4]
}
```"
