episode,train_return,eval_return,epsilon,loss,llm1_full_response,llm2_full_response
1,-132.29173753069483,-114.93102794554083,0.9835,nan,N/A,N/A
2,-121.62348613544269,-114.93102794554083,0.967,nan,N/A,N/A
3,-133.71636090768737,-126.2952824739765,0.9505,0.0020486945286393166,N/A,N/A
4,-134.37944933481953,-133.57977554681926,0.9339999999999999,0.0007519758655689657,N/A,N/A
5,-131.8799868259318,-135.29086906993584,0.9175,0.0005941176787018776,"To help the DQN agent learn faster in the MountainCar-v0 environment, we need to focus on an exploration strategy that encourages the agent to effectively build momentum by oscillating between the left and right sides of the valley. Let's analyze the provided data and make recommendations:

### Analysis of Sampled Actions
The action distribution from the sampled actions is as follows:
- **Push Left (0):** 37 times
- **No Push (1):** 38 times
- **Push Right (2):** 35 times

This distribution is relatively balanced, but given the nature of the MountainCar problem, a more strategic distribution might be beneficial.

### Recommendations for Exploration Strategy

1. **Prioritize Momentum Building Actions:**
   - The key to solving MountainCar-v0 is to build enough momentum by oscillating between pushing left and right. Therefore, we should emphasize actions that contribute to this behavior.
   - **Action Distribution Recommendation:**
     - **Push Left (0):** 40%
     - **No Push (1):** 20%
     - **Push Right (2):** 40%

2. **Adaptive Exploration:**
   - Consider using an adaptive exploration strategy where the action distribution is adjusted based on the agent's position and velocity. For instance:
     - **If the car is moving right with positive velocity:** Increase probability of ""Push Right"" to further build momentum.
     - **If the car is moving left with negative velocity:** Increase probability of ""Push Left"" to reverse momentum.
     - **If the car is near the peak of the hill on either side:** Reduce ""No Push"" probability to maintain momentum.

3. **Exploration vs. Exploitation:**
   - Start with a higher exploration rate to allow the agent to experience various states and actions. Gradually decrease this rate as the agent's performance improves, allowing it to exploit learned behaviors more effectively.

4. **Reward Shaping:**
   - Consider implementing a reward shaping strategy that provides small rewards for increasing velocity or reaching new positions further to the right. This can encourage behaviors that lead to success.

5. **Monitor and Adjust:**
   - Continuously monitor the agent's performance and adjust the exploration strategy as needed. If the agent is not improving, consider increasing exploration again to gather more diverse experiences.

By focusing on these strategies, the agent should be able to learn the necessary behaviors to solve the MountainCar-v0 task more efficiently.","```json
{
  ""action_probs"": [0.4, 0.2, 0.4]
}
```"
6,-134.71515485233567,-129.98053051643825,0.901,0.0005789111601188779,N/A,N/A
7,-130.24432259988382,-111.1143916008411,0.8845,0.00041747867362573743,N/A,N/A
8,-130.14691391697153,-136.05493519374085,0.868,0.0003264594415668398,N/A,N/A
9,-124.2509699959009,-91.89118728220443,0.8515,0.00035997270606458187,N/A,N/A
10,-134.03690223200326,-106.09109321932878,0.835,0.0002775815373752266,"To help the DQN agent learn faster in the MountainCar-v0 environment, we need to focus on a balanced exploration strategy that encourages the agent to build momentum by moving back and forth efficiently. Analyzing the provided data and the context of the problem, here are some observations and recommendations:

### Observations:
1. **Current Action Distribution**: From the sampled actions, we can see the following approximate distribution:
   - Push Left (0): ~31%
   - No Push (1): ~22%
   - Push Right (2): ~47%

2. **Reward and Task Objective**: The total reward of -134.03 indicates that the agent is not yet efficiently reaching the goal, as the optimal reward is closer to zero. The task requires the agent to build momentum by oscillating back and forth.

3. **Momentum Building**: To reach the goal, the car needs to oscillate between the left and right hills, which means that actions pushing the car to the left and right are crucial.

### Recommendations:
1. **Balanced Exploration**: Ensure a more balanced distribution between ""Push Left"" and ""Push Right"" actions to facilitate better momentum building. The ""No Push"" action is less useful in the initial learning stages as it doesn't contribute to momentum.

2. **Action Distribution Proposal**:
   - **Push Left (0)**: 40%
   - **No Push (1)**: 10%
   - **Push Right (2)**: 50%

   This distribution emphasizes active momentum building by prioritizing actions that directly affect the car's motion. The slight preference for ""Push Right"" is to encourage the agent to eventually reach the goal on the right hill.

3. **Adaptive Exploration**: Consider using an adaptive exploration strategy, such as epsilon-greedy with a decaying epsilon, to gradually reduce exploration as the agent's performance improves. This allows the agent to exploit learned policies more over time.

4. **Reward Shaping**: If possible, incorporate reward shaping to provide additional feedback when the agent successfully builds momentum or reaches higher velocities, encouraging more effective exploration patterns.

5. **Monitor and Adjust**: Continuously monitor the agent's performance over the next 20 episodes and adjust the action distribution if necessary. If the agent shows improvement, gradually decrease exploration to allow for more exploitation of learned strategies.

By implementing these recommendations, the agent should be able to explore more effectively and learn the optimal strategy for solving the MountainCar-v0 task more quickly.","```json
{
  ""action_probs"": [0.4, 0.1, 0.5]
}
```"
11,-129.117866015595,-133.1444447144288,0.8185,0.0002731580752879381,N/A,N/A
12,-119.59635949865081,-114.93102794554083,0.802,0.0003282252873759717,N/A,N/A
13,-134.44085764918876,-114.93102794554083,0.7855,0.000277151440968737,N/A,N/A
14,-120.17425726422098,-113.91958587603233,0.769,0.00042838306399062276,N/A,N/A
15,-121.4199789226336,-114.78293388308275,0.7525,0.00048010959289968014,"To help the DQN agent learn faster in the MountainCar-v0 environment, it is crucial to ensure that the exploration strategy allows the agent to effectively build momentum by swinging back and forth. The current sampled actions suggest a predominance of action 0 (Push Left) and action 2 (Push Right), with action 1 (No Push) being less frequent. This is a good starting point, as the agent needs to alternate between pushing left and right to gain enough momentum to reach the goal.

Here's an analysis and recommendations based on the provided data:

### Analysis:
1. **Action Distribution**: 
   - Action 0 (Push Left): High frequency
   - Action 1 (No Push): Low frequency
   - Action 2 (Push Right): Moderate frequency

2. **Reward**: The total reward of -121.42 indicates that the agent is not yet reaching the goal efficiently. In MountainCar-v0, a reward closer to zero is better, as it means fewer time steps to reach the goal.

3. **Momentum Building**: The agent needs to swing back and forth efficiently to build momentum. The current action distribution shows a good amount of left and right actions, but there might be room for improvement in the sequencing and timing of these actions.

### Recommendations:

1. **Balanced Exploration**:
   - Increase the frequency of action 2 (Push Right) slightly more than action 0 (Push Left) to ensure the agent focuses more on moving towards the goal after building sufficient momentum.
   - Maintain a lower frequency for action 1 (No Push) but ensure it is occasionally used to allow the car to coast and potentially save energy when the momentum is adequate.

2. **Exploration Strategy**:
   - Implement a decaying epsilon-greedy strategy where exploration starts high and gradually decreases. This ensures the agent explores various strategies initially and exploits the learned policy as training progresses.

3. **Action Distribution for Next 20 Episodes**:
   - **Action 0 (Push Left)**: 40%
   - **Action 1 (No Push)**: 10%
   - **Action 2 (Push Right)**: 50%

   This distribution encourages more rightward actions to push towards the goal while maintaining enough leftward actions to build momentum.

4. **Monitor and Adjust**:
   - Continuously monitor the agent's performance, specifically the total reward and the number of steps taken to reach the goal.
   - Adjust the action distribution if the agent gets stuck or if there's no noticeable improvement in performance.

By following these recommendations, the agent should be able to learn the optimal strategy for reaching the goal more efficiently in the MountainCar-v0 environment.","```json
{
  ""action_probs"": [0.4, 0.1, 0.5]
}
```"
16,-123.4500771758042,-114.93102794554083,0.736,0.0006910653319209814,N/A,N/A
17,-136.3195474632842,-114.93102794554083,0.7195,0.0006929001538082957,N/A,N/A
18,-128.28781773530326,-114.93102794554083,0.7030000000000001,0.0008061231346800923,N/A,N/A
19,-129.5457431128057,-114.93102794554083,0.6865,0.000964319915510714,N/A,N/A
20,-126.41168439916181,-114.93102794554083,0.67,0.0007241065613925457,"To help the DQN agent learn faster in the MountainCar-v0 environment, we need to focus on encouraging exploration that effectively builds momentum, which is crucial for reaching the goal. Let's analyze the current action distribution and provide a recommendation for an improved exploration strategy.

### Analysis of Current Action Distribution:

- **Sampled Actions:** [2, 0, 0, 0, 2, 0, 2, 2, 0, 2, 0, 0, 0, 0, 0, 2, 0, 2, 0, 0, 0, 0, 0, 2, 2, 0, 2, 0, 0, 0, 2, 0, 2, 2, 0, 0, 0, 2, 2, 2, 0, 1, 1, 1, 1, 2, 2, 2, 2, 0, 2, 0, 0, 0, 2, 0, 2, 1, 1, 2, 2, 0, 0, 0, 2, 0, 0, 0, 0, 0, 2, 0, 0, 2, 2, 2, 0, 0, 1, 0, 2, 0, 2, 2, 2, 2, 2, 0, 2, 0, 2, 2, 2, 0, 2, 0, 2, 0, 2, 0]
- **Action Frequencies:**
  - Action 0 (Push Left): 44 times
  - Action 1 (No Push): 9 times
  - Action 2 (Push Right): 47 times

The current distribution shows a slight preference for action 2 (Push Right) and action 0 (Push Left), with action 1 (No Push) being used less frequently. This suggests the agent is attempting to build momentum by pushing left and right, but the balance could be improved.

### Recommendations for Improved Exploration Strategy:

1. **Balanced Momentum Building:**
   - Encourage a more balanced exploration between actions 0 and 2 to effectively build momentum. This could be achieved by slightly increasing the probability of action 0 (Push Left) to ensure the car gains enough momentum to climb the hill.

2. **Reduce No Push Frequency:**
   - Since action 1 (No Push) does not contribute to momentum, its frequency should remain low, but not be eliminated, to allow for some exploration of its effects.

3. **Suggested Action Distribution:**
   - Action 0 (Push Left): 45%
   - Action 1 (No Push): 10%
   - Action 2 (Push Right): 45%

This distribution maintains a balanced approach towards building momentum while keeping some exploration for the no push action.

4. **Adaptive Exploration:**
   - Consider using an adaptive exploration strategy where the distribution is adjusted based on the agent's performance over time. If the agent's performance improves, you can gradually reduce exploration in favor of exploiting learned policies.

5. **Monitor and Adjust:**
   - Continuously monitor the agent's performance. If the total reward does not improve, further adjustments may be necessary, such as increasing the exploration rate or altering the action distribution further.

By implementing these recommendations, the agent should be able to explore more effectively, potentially leading to faster learning and better performance in the MountainCar-v0 environment.","```json
{
  ""action_probs"": [0.45, 0.1, 0.45]
}
```"
21,-130.5905958808951,-114.93102794554083,0.6535,0.0006945523200556636,N/A,N/A
22,-128.01122219245903,-114.93102794554083,0.637,0.0008254334097728133,N/A,N/A
23,-132.33209829905863,-114.93102794554083,0.6205,0.0009195713209919631,N/A,N/A
24,-120.99133697072577,-114.93102794554083,0.604,0.001277385512366891,N/A,N/A
25,-126.92927732083857,-114.93102794554083,0.5874999999999999,0.0012154390569776297,"To help the DQN agent learn faster in the MountainCar-v0 environment, we should consider the exploration strategy that balances exploration and exploitation. Given the sampled actions and the total reward in the last episode, here are some insights and recommendations:

### Analysis of the Current Situation:
1. **Action Distribution**: The sampled actions show a tendency to favor action 0 (Push Left) and action 2 (Push Right) significantly more than action 1 (No Push). This is a reasonable pattern since the car needs to build momentum by moving back and forth.

2. **Current Performance**: The total reward of -126.93 indicates that the agent is not yet effectively reaching the goal. This suggests the agent might still be exploring the state space or is not efficiently building momentum to reach the flag.

3. **Exploration-Exploitation Balance**: The current action sampling might be too exploratory with a high frequency of action 0, which could be preventing the agent from learning optimal sequences of actions to reach the goal efficiently.

### Recommendations for Exploration Strategy:
1. **Action Distribution Adjustment**:
   - **Increase the Probability of Action 2 (Push Right)**: Encourage more attempts to push right as the car approaches the peak of the right hill. This can help the agent learn to capitalize on built momentum.
   - **Reduce the Frequency of Action 1 (No Push)**: While ""No Push"" can be useful in some scenarios, it appears underutilized in the sampled actions. However, it should still be used sparingly to allow the agent to adjust momentum without losing speed.

2. **Exploration Strategy**:
   - **Epsilon-Greedy with Decay**: Implement an epsilon-greedy strategy where epsilon starts high (e.g., 0.3) and decays over the episodes (e.g., to 0.1). This allows for more exploration initially and gradually shifts towards exploitation as the agent learns more about the environment.
   - **Boltzmann Exploration**: Consider using Boltzmann exploration where actions are chosen based on their expected Q-values, allowing for more nuanced exploration that considers the estimated value of actions.

3. **Reward Shaping**:
   - **Positive Reinforcement for Momentum Building**: Consider adding a small positive reward for achieving higher velocities, which can encourage the agent to build sufficient momentum to reach the goal.

4. **Monitor and Adjust**:
   - Continuously monitor the agent's performance and adjust the exploration strategy based on observed improvements or stagnation in learning.

By adjusting the action distribution and employing a more dynamic exploration strategy, the agent is more likely to learn effective policies to solve the MountainCar-v0 task efficiently.","```json
{
  ""action_probs"": [0.25, 0.15, 0.6]
}
```"
26,-131.33787866074024,-114.93102794554083,0.571,0.001314051216468215,N/A,N/A
27,-110.78298389881218,-114.93102794554083,0.5545,0.0015108834486454725,N/A,N/A
28,-130.94298819290879,-114.93102794554083,0.538,0.0021401492413133383,N/A,N/A
29,-97.28536853536329,-114.93102794554083,0.5215000000000001,0.001911408151499927,N/A,N/A
30,-133.92544030313434,-114.93102794554083,0.505,0.0024164156056940556,"Based on the provided information, the goal is to help the DQN agent learn faster by recommending an exploration action distribution that will be used for the next 20 training episodes. The current performance, indicated by the total reward of -133.93, suggests that the agent is struggling to achieve the goal efficiently. The sampled actions show a heavy bias towards action 0 (Push Left), with occasional actions 2 (Push Right) and very few actions 1 (No Push).

### Analysis:
1. **Current Action Distribution**:
   - **Action 0 (Push Left)**: Dominant action.
   - **Action 1 (No Push)**: Rarely used.
   - **Action 2 (Push Right)**: Occasionally used.

2. **Problem Identification**:
   - The car must build momentum by oscillating between the left and right sides to reach the goal. An over-reliance on pushing left (action 0) may prevent the car from effectively building the necessary momentum.
   - Insufficient exploration of action 2 (Push Right) might hinder the momentum-building process.
   - Action 1 (No Push) is underutilized, which could be beneficial in certain states to maintain or slightly adjust velocity without losing momentum.

### Recommendations:
To enhance exploration and potentially improve learning efficiency, the following action distribution is suggested:

1. **Increase the Probability of Action 2 (Push Right)**:
   - Encourage more frequent use of action 2 to help the agent learn to build momentum by pushing the car to the right hill more often.
   - Suggested probability: ~40%

2. **Maintain a Balanced Use of Action 0 (Push Left)**:
   - While action 0 is necessary, its excessive use should be moderated to prevent the agent from getting stuck in ineffective patterns.
   - Suggested probability: ~30%

3. **Increase the Use of Action 1 (No Push)**:
   - Introduce more instances of action 1 to allow the agent to explore maintaining velocity or making small adjustments.
   - This can help in fine-tuning the car's movements when it is close to the peak of the hills.
   - Suggested probability: ~30%

### Proposed Exploration Strategy:
- **Action 0 (Push Left)**: 30%
- **Action 1 (No Push)**: 30%
- **Action 2 (Push Right)**: 40%

This distribution aims to provide a more balanced exploration strategy that encourages the agent to explore the state space more thoroughly, particularly in building momentum effectively. Adjusting the exploration strategy in this manner should help the agent learn the dynamics of the environment more efficiently, potentially leading to better performance in subsequent episodes.","```json
{
  ""action_probs"": [0.3, 0.3, 0.4]
}
```"
31,-132.85184993111073,-114.93102794554083,0.48849999999999993,0.00207431148737669,N/A,N/A
32,-131.75790988072734,-114.93102794554083,0.472,0.0021975585259497166,N/A,N/A
33,-131.88514559771545,-114.93102794554083,0.4555,0.0017523742280900478,N/A,N/A
34,-130.59729079857044,-114.93102794554083,0.43900000000000006,0.0022721802815794945,N/A,N/A
35,-126.0532801471191,-114.93102794554083,0.4225,0.0019865476060658693,"The MountainCar-v0 environment is a classic reinforcement learning problem where the agent must learn to build momentum by oscillating between the left and right hills to reach the goal. Given the weak engine, simply pushing right won't suffice, especially when starting from a low velocity. It's crucial for the agent to explore actions effectively to learn the dynamics of the environment.

### Analysis of Current Exploration:

1. **Action Distribution:**
   - The sampled actions from the last episode are distributed as follows:
     - Push Left (0): 64 times
     - No Push (1): 12 times
     - Push Right (2): 24 times

2. **Total Reward:**
   - The total reward for the last episode is -126.05, indicating that the agent is still far from solving the task optimally. The reward is negative because the agent didn't reach the goal within the time limit.

3. **Action Imbalance:**
   - There is a noticeable imbalance in the action distribution, with a significant preference for ""Push Left"". This might be due to an exploration strategy that is overly biased towards this action, potentially limiting the agent's ability to explore other useful actions.

### Recommendations for Exploration Strategy:

1. **Balanced Action Distribution:**
   - To facilitate better learning, especially in the early stages, consider a more balanced exploration strategy. This can help the agent experience a variety of states and transitions, crucial for learning the environment dynamics.
   - Suggested action distribution for exploration:
     - Push Left (0): 40%
     - No Push (1): 20%
     - Push Right (2): 40%

2. **Increased Exploration of ""Push Right"":**
   - Increasing the frequency of ""Push Right"" actions can help the agent build momentum more effectively, as it needs to oscillate between the hills to reach the goal. This action is currently underrepresented.

3. **Decaying Exploration Strategy:**
   - Implement an exploration strategy that decays over time, such as epsilon-greedy with a decaying epsilon. Start with a higher exploration rate (e.g., 0.8) and gradually decrease it as the agent learns more about the environment.

4. **Adaptive Exploration:**
   - Consider using an adaptive exploration strategy that adjusts based on the agent's performance. If the agent is not improving, increase exploration; if it is improving, decrease exploration.

5. **Monitor Learning Progress:**
   - Continuously monitor the agent's performance and adjust the exploration strategy accordingly. If the total reward does not improve over several episodes, revisit the exploration parameters.

By implementing these recommendations, the agent should be able to explore the state space more effectively, leading to faster learning and better performance in the MountainCar-v0 environment.","```json
{
  ""action_probs"": [0.4, 0.2, 0.4]
}
```"
36,-127.92426795812801,-114.93102794554083,0.406,0.0015764180570840836,N/A,N/A
37,-121.61496331432146,-114.93102794554083,0.38949999999999996,0.0018126503564417362,N/A,N/A
38,-110.6334823905853,-114.93102794554083,0.373,0.0025325960014015436,N/A,N/A
39,-99.45552656416216,-114.93102794554083,0.35650000000000004,0.002204745542258024,N/A,N/A
40,-88.93295710686529,-114.93102794554083,0.3400000000000001,0.0038313716650009155,"To help the DQN agent learn faster in the MountainCar-v0 environment, we need to analyze the current exploration strategy and make recommendations for an improved action distribution. Here's a breakdown of the analysis and recommendations based on the provided data:

### Analysis:

1. **Current Action Distribution:**
   - **Push Left (0):** 50 occurrences
   - **No Push (1):** 9 occurrences
   - **Push Right (2):** 41 occurrences

2. **Current Strategy:**
   - The current action distribution is biased towards ""Push Left"" (0) and ""Push Right"" (2), with ""No Push"" (1) being less frequent.
   - The car needs to build momentum by oscillating between the left and right hills. This typically means alternating between ""Push Left"" and ""Push Right"" actions.
   - The total reward of -88.93 suggests that the agent is not yet efficiently reaching the goal or is taking too long to do so.

3. **Momentum Building:**
   - To efficiently build momentum, the agent should ideally alternate between ""Push Left"" and ""Push Right"" with a balanced distribution, while occasionally using ""No Push"" to stabilize or alter the car's velocity.

### Recommendations:

1. **Balanced Action Distribution:**
   - Adjust the exploration strategy to ensure a more balanced distribution between ""Push Left"" and ""Push Right"" actions. This will help the agent learn to oscillate effectively and build momentum.
   - Suggested action distribution for exploration:
     - **Push Left (0):** 40%
     - **No Push (1):** 20%
     - **Push Right (2):** 40%

2. **Increased ""No Push"" Exploration:**
   - Increase the frequency of ""No Push"" (1) to 20%. This can help the agent learn to use the car's current momentum more effectively, especially when it is near the peak of a hill.

3. **Adaptive Exploration:**
   - Consider using an adaptive exploration strategy where the action distribution can be dynamically adjusted based on the agent's performance. For instance, if the agent is not reaching the peak velocities necessary, adjust the distribution to encourage more aggressive oscillations.

4. **Monitor and Adjust:**
   - Continuously monitor the agent's performance and adjust the action distribution as needed. If the agent starts to achieve better rewards, reassess the distribution to fine-tune exploration.

By implementing these recommendations, the DQN agent should be able to learn the dynamics of the MountainCar-v0 environment more efficiently, ultimately achieving better performance in fewer episodes.","```json
{
  ""action_probs"": [0.4, 0.2, 0.4]
}
```"
41,-89.43205434157453,-114.93102794554083,0.3235,0.004331449046730995,N/A,N/A
42,-124.90562729220005,-114.93102794554083,0.30700000000000005,0.0025282828137278557,N/A,N/A
43,-100.22800815472357,-114.93102794554083,0.2905,0.0030662992503494024,N/A,N/A
44,-85.23745765489146,-114.93102794554083,0.274,0.00546786654740572,N/A,N/A
45,-87.22699680086896,-114.93102794554083,0.25750000000000006,0.004782472737133503,"Based on the provided data, let's analyze the situation and suggest an exploration strategy for the DQN agent in the MountainCar-v0 environment.

### Analysis

1. **Current Action Distribution:**
   - The sampled actions show a strong bias towards action `0` (Push Left), with some actions `2` (Push Right) and very few actions `1` (No Push). 
   - This distribution indicates that the agent predominantly tries to push the car left, which may not be optimal for building momentum.

2. **Total Reward:**
   - The total reward in the last episode is -87.23, which indicates that the agent is not reaching the goal efficiently. The reward is typically negative in this environment until the car reaches the goal, suggesting that the agent is struggling to build sufficient momentum to reach the flag.

3. **Momentum Building Requirement:**
   - In MountainCar-v0, the car must build momentum by oscillating between the hills. Hence, a balanced use of actions `0` and `2` is crucial to effectively gain enough speed to reach the flag.

### Recommendations for Exploration Strategy

1. **Balanced Exploration:**
   - Encourage a more balanced exploration of actions `0` (Push Left) and `2` (Push Right). This can help the agent better understand the dynamics required to build momentum. A suggested initial distribution could be:
     - Action `0` (Push Left): 40%
     - Action `1` (No Push): 20%
     - Action `2` (Push Right): 40%

2. **Incorporate Action `1` (No Push):**
   - While not frequently used, action `1` can be beneficial in certain situations to maintain velocity without overshooting. Including it in exploration helps the agent learn when it's advantageous to coast.

3. **Adaptive Exploration:**
   - As training progresses, consider using an adaptive exploration strategy where the probability of actions `0` and `2` are dynamically adjusted based on the car's current velocity and position. For example:
     - If velocity is positive and position is near the right hill, increase the probability of action `2`.
     - If velocity is negative and position is near the left hill, increase the probability of action `0`.

4. **Decaying Exploration Rate:**
   - Implement an epsilon-greedy strategy where the exploration rate decays over time. This allows the agent to explore more in the early episodes and exploit learned strategies in later episodes.

5. **Monitor and Adjust:**
   - Continuously monitor the agent's performance and adjust the action distribution and exploration strategies as needed based on performance metrics such as total reward and episode length.

By using these recommendations, the DQN agent should be able to explore the environment more effectively, leading to faster learning and improved performance in the MountainCar-v0 task.","```json
{
  ""action_probs"": [0.4, 0.2, 0.4]
}
```"
46,-120.88497408273479,-114.93102794554083,0.241,0.0047337934374809265,N/A,N/A
47,-101.57192168522033,-114.93102794554083,0.22450000000000003,0.005006801802664995,N/A,N/A
48,-85.24198460363051,-114.93102794554083,0.20865999999999996,0.011722268536686897,N/A,N/A
49,-84.11690514541696,-114.93102794554083,0.1927375,0.009150736033916473,N/A,N/A
50,-92.75239406092028,-114.93102794554083,0.17623750000000005,0.01046927459537983,"To help the DQN agent learn faster in the MountainCar-v0 environment, it's important to ensure that the exploration strategy encourages sufficient exploration of the state space while also guiding the agent towards more effective actions. Based on the provided data, let's analyze the current exploration pattern and recommend a strategy for future exploration:

### Analysis of Current Exploration Pattern:
1. **Action Distribution**:
   - Action 0 (Push Left): 40 occurrences
   - Action 1 (No Push): 7 occurrences
   - Action 2 (Push Right): 33 occurrences

   The current distribution shows a bias towards Action 0 (Push Left), with Action 2 (Push Right) being the second most frequent, and Action 1 (No Push) being significantly underrepresented.

2. **Total Reward**: 
   - The total reward for the last episode is -92.75, indicating that the car is not consistently reaching the goal position. The reward suggests that the agent is likely stuck in suboptimal oscillations or not building enough momentum.

### Recommendations for Exploration Strategy:
1. **Balanced Exploration**:
   - To build momentum effectively, the agent should explore both pushing left and right actions more evenly. Consider a more balanced action distribution such as:
     - Action 0 (Push Left): 35%
     - Action 1 (No Push): 15%
     - Action 2 (Push Right): 50%

   This distribution encourages the agent to push right more often, which is crucial for reaching the goal, while still allowing for sufficient exploration of left pushes to build momentum.

2. **Increased Exploration of 'No Push'**:
   - Increase the frequency of Action 1 (No Push). Although less frequently optimal, it can help the agent learn to conserve momentum, especially when it's close to the peak of a hill. This can be achieved by increasing its probability to around 15%.

3. **Dynamic Exploration Strategy**:
   - Consider implementing an epsilon-greedy strategy where epsilon decreases over time. This allows for more exploration initially and more exploitation as the agent learns which actions are more beneficial.

4. **Reward Shaping**:
   - If possible, provide intermediate rewards for reaching higher positions, which can guide the agent to learn the importance of building momentum.

5. **Monitor and Adjust**:
   - After 20 episodes, reassess the action distribution and performance. Adjust the probabilities based on observed improvements or stagnation in rewards.

By implementing these recommendations, the DQN agent should be able to explore the state space more effectively, build the necessary momentum, and ultimately reach the goal more consistently.","```json
{
  ""action_probs"": [0.35, 0.15, 0.5]
}
```"
51,-124.0906653839303,-114.93102794554083,0.15973749999999998,0.005586767569184303,N/A,N/A
52,-116.48611429855733,-114.93102794554083,0.14323750000000002,0.011508941650390625,N/A,N/A
53,-74.81340935767432,-114.93102794554083,0.12789249999999996,0.08781061321496964,N/A,N/A
54,-76.0673703641007,-114.93102794554083,0.11304249999999993,0.005120972637087107,N/A,N/A
55,-74.32539159867945,-114.93102794554083,0.0983575000000001,0.00804251991212368,"To help the DQN agent learn faster in the MountainCar-v0 environment, we need to focus on improving the exploration strategy. The goal is to encourage the agent to explore the state space more effectively, especially since the car needs to build momentum by moving back and forth to reach the goal. Let's analyze the given data and provide recommendations for an improved exploration strategy.

### Analysis of Current Action Distribution:
- **Sampled Actions:** The current distribution of actions shows a heavy bias towards action `0` (Push Left) and action `2` (Push Right), with a relatively low frequency of action `1` (No Push).
- **Total Reward:** The total reward in the last episode (-74.32) suggests that the agent is not yet efficiently reaching the goal.

### Recommendations for Exploration Strategy:
1. **Balanced Action Distribution:**
   - To encourage better exploration, consider a more balanced distribution of actions during exploration. This can help the agent better understand the effects of each action in different states.
   - Suggested action probabilities: 
     - `0` (Push Left): 0.35
     - `1` (No Push): 0.30
     - `2` (Push Right): 0.35

2. **Increased Exploration of 'No Push':**
   - Increase the frequency of action `1` (No Push). This can help the agent learn the dynamics of the environment when the car is not being actively pushed, which is important for building momentum.

3. **Adaptive Exploration Strategy:**
   - Implement an adaptive exploration strategy that adjusts the action distribution based on the agent's performance. For example, start with a more exploratory distribution and gradually shift towards exploitation as the agent's performance improves.

4. **Incorporate Velocity Information:**
   - Use the velocity information to dynamically adjust the action probabilities. For instance, when the velocity is negative (moving left), increase the probability of action `2` (Push Right) to help the car build momentum in the opposite direction, and vice versa.

5. **Encourage Momentum Building:**
   - Design exploration strategies that encourage the agent to build momentum by alternating between pushing left and right. This can be achieved by temporarily increasing exploration when the car is near the bottom of the valley.

### Implementation:
- Use an epsilon-greedy strategy with the proposed action distribution during exploration. Adjust the epsilon value to control the degree of exploration versus exploitation.
- Monitor the agent's performance over the next 20 episodes to evaluate the effectiveness of the new exploration strategy and make further adjustments if necessary.

By adopting these strategies, the agent should be able to explore the environment more effectively, learn the necessary dynamics to build momentum, and ultimately improve its performance in reaching the goal.","```json
{
  ""action_probs"": [0.35, 0.30, 0.35]
}
```"
56,-115.24806505415377,-114.93102794554083,0.08185750000000003,0.0055532269179821014,N/A,N/A
57,-73.80269066217923,-114.93102794554083,0.06742000000000004,0.07490646839141846,N/A,N/A
58,-75.45271059434327,-113.79473131647964,0.05323,0.05496514216065407,N/A,N/A
59,-115.78584649264315,-92.4214682968458,0.03673000000000004,0.017027683556079865,N/A,N/A
60,-68.72788253631694,-103.59520165468598,0.022705000000000086,0.03247734159231186,"To help the DQN agent learn more effectively in the MountainCar-v0 environment, we can analyze the provided data and recommend a more balanced exploration strategy. The goal is to encourage the agent to explore actions that will help it build momentum and reach the goal more efficiently.

**Analysis of Current Action Distribution:**
1. **Current Action Bias:** The sampled actions show a significant bias towards pushing left (0) and pushing right (2), with fewer instances of no push (1). This might indicate that the agent is overly relying on pushing actions without effectively utilizing the no push action, which can be crucial for maintaining momentum.
2. **Reward Insight:** The total reward of -68.73 suggests that the agent is not yet effectively reaching the goal. In MountainCar-v0, achieving a higher reward typically involves successfully reaching the flag, which requires building momentum by oscillating between the left and right hills.

**Recommendations for Exploration Strategy:**
1. **Balanced Exploration:** Encourage a more balanced exploration of actions. While pushing left and right are necessary for building momentum, the no push action (1) can be strategically used to allow the car to coast and maintain momentum without losing speed.
   
2. **Action Distribution Proposal:** 
   - Push Left (0): 35%
   - No Push (1): 30%
   - Push Right (2): 35%

   This distribution encourages the agent to explore all actions more evenly, allowing it to learn the value of coasting and maintaining momentum.

3. **Adaptive Exploration Strategy:** Consider using an epsilon-greedy strategy with a decaying epsilon value. Start with a higher epsilon (e.g., 0.9) to encourage exploration and gradually decrease it to promote exploitation as the agent learns more about the environment.

4. **Monitor and Adjust:** After implementing the new exploration strategy, monitor the agent's performance over the next 20 episodes. If the agent's performance improves, continue with the strategy. If not, consider further adjustments to the action distribution or additional exploration techniques such as prioritized experience replay.

By adopting a more balanced exploration approach, the agent should be able to learn more effectively how to build and maintain the necessary momentum to reach the goal in MountainCar-v0.","```json
{
  ""action_probs"": [0.35, 0.3, 0.35]
}
```"
61,-67.25576135838803,-99.34909039911079,0.01,0.006453637965023518,N/A,N/A
62,-65.15868505941638,-79.93314045942724,0.01,0.010070967487990856,N/A,N/A
63,-104.25846151393573,-76.18785574377863,0.01,0.013477359898388386,N/A,N/A
64,-69.03797439841068,-73.72402861691624,0.01,0.09679921716451645,N/A,N/A
65,-65.40070825498631,-73.06836351127231,0.01,0.08794472366571426,"Based on the provided data, it appears that the agent is struggling to effectively build momentum and reach the goal in the MountainCar-v0 environment. The sampled actions and the total reward indicate that the agent's current exploration strategy might not be optimal for learning the necessary dynamics to solve the task efficiently.

### Analysis of Sampled Actions:
- **Push Left (0):** The agent frequently selects this action, especially at the beginning of the episode.
- **No Push (1):** This action is used less frequently, which might be reasonable since it does not contribute to building momentum.
- **Push Right (2):** The agent uses this action more towards the end of the sampled sequence, which suggests an attempt to climb the right hill.

### Recommendations for Exploration Strategy:
To help the DQN agent learn faster, consider adjusting the exploration action distribution. The goal is to encourage the agent to explore actions that build momentum more effectively. Here are some recommendations:

1. **Balanced Exploration:**
   - **Increase the probability of 'Push Right (2)'**: Encourage more attempts to climb the right hill to reach the flag.
   - **Maintain a moderate probability for 'Push Left (0)'**: Ensure the agent can still build momentum by moving left.
   - **Reduce the probability of 'No Push (1)'**: Since it contributes less to building momentum, this action can be reduced during exploration.

2. **Suggested Action Distribution:**
   - **Push Left (0):** 35%
   - **No Push (1):** 15%
   - **Push Right (2):** 50%

3. **Adaptive Exploration:**
   - Consider using an adaptive exploration strategy where the action distribution evolves based on the agent's performance. If the agent starts achieving higher rewards, gradually shift towards a more exploitation-focused distribution.

4. **Incorporate State-Dependent Exploration:**
   - Use the state information (position and velocity) to guide exploration. For example, when the car is near the left hill, increase the probability of 'Push Right (2)' to encourage climbing the right hill.

5. **Monitor and Adjust:**
   - Continuously monitor the agent's performance and adjust the exploration strategy as needed. If the agent's learning plateaus, consider revisiting the distribution.

By implementing these recommendations, the agent should be able to explore more effectively and learn the optimal policy for solving the MountainCar-v0 task faster.","```json
{
  ""action_probs"": [0.35, 0.15, 0.5]
}
```"
66,-63.34343002694494,-67.6818543294102,0.01,0.01704176515340805,N/A,N/A
67,-62.21993852347371,-65.61851991151482,0.01,0.010365510359406471,N/A,N/A
68,-62.75451986473717,-64.38098763993227,0.01,0.00792267918586731,N/A,N/A
69,-62.70958919075117,-64.15818693910352,0.01,0.07387062907218933,N/A,N/A
70,-72.47623975734128,-63.24106384783132,0.01,0.01055140607059002,"To help the DQN agent learn faster in the MountainCar-v0 environment, we need to analyze the given data and recommend an exploration action distribution that encourages effective exploration. Here's a breakdown of the current situation and my recommendations:

### Current Situation Analysis:
1. **Total Reward**: The total reward in the last episode is -72.476, which is quite far from the optimal performance. In MountainCar-v0, the reward is maximized (i.e., minimized in terms of negative values) when the car reaches the flag quickly, implying the agent is struggling to reach the goal efficiently.

2. **Sampled Actions**: 
   - The sampled actions show a significant bias towards action 2 (Push Right) and action 0 (Push Left).
   - Action 1 (No Push) is used less frequently.

3. **Exploration Strategy**:
   - The current distribution suggests that the agent might be over-committing to pushing right, which can lead to suboptimal momentum building.
   - The agent needs to explore the state space more effectively to understand how to use the left and right pushes to build sufficient momentum to reach the goal.

### Recommendations for Exploration Strategy:
To improve learning efficiency, the exploration strategy should focus on balancing the action distribution to ensure the agent explores all possible actions effectively. Here are the recommendations:

1. **Balanced Action Distribution**:
   - **Action 0 (Push Left)**: 35%
   - **Action 1 (No Push)**: 30%
   - **Action 2 (Push Right)**: 35%

   This distribution encourages the agent to explore pushing left and right equally while also considering the ""No Push"" action more frequently. Balancing the actions can help the agent learn the importance of building momentum by alternating between pushing left and right.

2. **Encourage Exploration**:
   - Consider using an exploration strategy like epsilon-greedy with a higher epsilon value initially, allowing more random actions. Gradually decrease epsilon as the agent learns.
   - Alternatively, use a stochastic policy gradient method that naturally balances exploration and exploitation.

3. **Monitor Learning Progress**:
   - Continuously monitor the agent's performance and adjust the action distribution based on observed improvements or stagnation in rewards.
   - If the agent starts to perform better, you can shift towards more exploitation (favoring the most rewarding actions).

4. **Use Reward Shaping**:
   - Consider implementing reward shaping to provide intermediate rewards for achieving certain states, such as reaching higher positions on the hills, to guide the agent towards the goal.

By adopting these recommendations, the agent should be able to explore the environment more effectively and improve its learning rate in the MountainCar-v0 task.","```json
{
  ""action_probs"": [0.35, 0.3, 0.35]
}
```"
71,-62.063659201226464,-62.533391981930734,0.01,0.010857843793928623,N/A,N/A
72,-75.79854532583077,-61.749929969751406,0.01,0.0076424842700362206,N/A,N/A
73,-61.44962846452171,-61.35329676250916,0.01,0.011318683624267578,N/A,N/A
74,-60.556530039288496,-60.79819906260026,0.01,0.01172842737287283,N/A,N/A
75,-57.57328745354567,-57.17910173155163,0.01,0.015036124736070633,"To help the DQN agent learn more effectively in the MountainCar-v0 environment, let's analyze the current action distribution and suggest a strategy for exploration.

### Current Action Distribution Analysis
The sampled actions from the last episode are:
- **Action 0 (Push Left):** 45 occurrences
- **Action 1 (No Push):** 14 occurrences
- **Action 2 (Push Right):** 41 occurrences

The current distribution shows a relatively balanced preference between pushing left and right, with a lesser frequency of no push actions. However, the car needs to build momentum by oscillating between the left and right hills to reach the flag.

### Recommendations for Exploration Strategy
1. **Balanced Exploration:** Ensure that the agent has a more balanced exploration of all actions to better understand the dynamics of the environment. This involves slightly increasing the exploration of the ""No Push"" action to allow the car to maintain its momentum without unnecessary energy expenditure.

2. **Action Distribution Proposal:**
   - **Action 0 (Push Left):** 35%
   - **Action 1 (No Push):** 30%
   - **Action 2 (Push Right):** 35%

   This distribution encourages the agent to explore the ""No Push"" action more frequently while maintaining a balance between pushing left and right. This should help the agent learn how to effectively oscillate between the hills to build momentum.

3. **Adaptive Exploration:** Implement a strategy that adapts the exploration distribution based on the agent's performance. If the agent is not improving, the exploration distribution can be adjusted to encourage more diverse action sampling.

4. **Reward Shaping:** Consider providing additional rewards for reaching higher positions on the hills to encourage the agent to explore more effective strategies for building momentum.

5. **Monitor and Adjust:** Continuously monitor the agent's performance and adjust the exploration strategy as needed. If certain actions are underexplored or overexplored, make necessary adjustments to the distribution.

By implementing these recommendations, the agent should be able to learn more effectively and improve its ability to reach the goal in the MountainCar-v0 environment.","```json
{
  ""action_probs"": [0.35, 0.3, 0.35]
}
```"
76,-58.65781213580632,-58.21567127166251,0.01,0.012973669916391373,N/A,N/A
77,-55.70993830081342,-53.92573027119225,0.01,0.0882473886013031,N/A,N/A
78,-57.43808715981431,-58.832020156437956,0.01,0.10559924691915512,N/A,N/A
79,-59.97391854991936,-58.21589175244251,0.01,0.014426021836698055,N/A,N/A
80,-57.480894432464666,-56.333924153310456,0.01,0.10516370832920074,"To help the DQN agent learn faster in the MountainCar-v0 environment, it's important to ensure that the exploration strategy effectively covers the state-action space, allowing the agent to experience a variety of scenarios that contribute to learning an optimal policy. Here's an analysis of the provided data and recommendations for the exploration strategy:

### Analysis:
1. **Action Distribution:**
   - The sampled actions from the last episode show a heavy preference for actions `0` (Push Left) and `2` (Push Right), with very few occurrences of action `1` (No Push). This suggests that the agent is primarily oscillating between pushing left and right, which is typical for MountainCar to build momentum.
   - The sequence of actions indicates that the agent might be stuck in a loop of trying to build momentum without effectively reaching the goal.

2. **Total Reward:**
   - The total reward of `-57.48` indicates that the agent is not yet reaching the goal (which results in a reward of `-200` to `0` depending on how quickly the goal is reached). A higher total reward would suggest progress towards solving the task.

### Recommendations for Exploration Strategy:
To improve the learning process, consider the following exploration strategy adjustments:

1. **Balanced Exploration:**
   - Adjust the action distribution to ensure more balanced exploration. While actions `0` and `2` are necessary for building momentum, including more of action `1` (No Push) can help the agent explore different velocity profiles and potentially discover more efficient paths to the goal.
   - Suggested action distribution for exploration: `Action 0: 40%`, `Action 1: 20%`, `Action 2: 40%`.

2. **Incorporate Epsilon-Greedy Strategy:**
   - Use an epsilon-greedy strategy where the agent mostly exploits the best-known actions but occasionally explores random actions. Start with a higher epsilon (e.g., 0.3) for more exploration and gradually reduce it as learning progresses.

3. **Adaptive Exploration:**
   - Implement an adaptive exploration strategy where the action distribution is adjusted based on the agent's performance. If the agent is not improving, increase exploration (higher epsilon); if the agent is improving, reduce exploration.

4. **Prioritized Experience Replay:**
   - Use a prioritized experience replay buffer to ensure that the agent learns from important transitions more frequently. This can help the agent focus on learning from mistakes and successes that have a significant impact on the reward.

5. **Monitor and Adjust:**
   - Continuously monitor the agent's performance over episodes. If the total reward does not improve, consider adjusting the exploration parameters or incorporating additional techniques such as reward shaping to guide the agent.

By implementing these strategies, the agent should be better equipped to explore the state-action space effectively, leading to faster learning and improved performance in the MountainCar-v0 environment.","```json
{
  ""action_probs"": [0.4, 0.2, 0.4]
}
```"
81,-60.81308617042376,-52.27547747652013,0.01,0.030344124883413315,N/A,N/A
82,-58.27447042697208,-55.047672457566776,0.01,0.010346150025725365,N/A,N/A
83,-50.027200525882634,-78.10266155641872,0.01,0.009571085684001446,N/A,N/A
84,-58.15043621733784,-80.45311975601996,0.01,0.09602253139019012,N/A,N/A
85,-61.62864417969583,-83.50854955104134,0.01,0.0906372144818306,"To help the DQN agent learn faster in the MountainCar-v0 environment, we need to adjust the exploration strategy based on the sampled actions and the total reward from the last episode. Let's break down the current situation and provide recommendations:

### Analysis

1. **Total Reward**: The total reward of -61.63 indicates that the agent is not performing optimally. In MountainCar-v0, the reward is -1 for each time step until the goal is reached, so a more negative reward suggests the agent is taking too long to reach the goal or not reaching it at all.

2. **Sampled Actions**: The distribution of actions in the last episode is as follows:
   - Action 0 (Push Left): 31 times
   - Action 1 (No Push): 14 times
   - Action 2 (Push Right): 55 times

   This distribution shows a bias towards pushing right, which might not be effective for building the necessary momentum to reach the flag since the car needs to oscillate back and forth to gain enough speed.

### Recommendations

To improve the exploration strategy and help the DQN agent learn more effectively, consider the following adjustments:

1. **Balanced Action Distribution**:
   - Encourage a more balanced distribution of actions, especially between pushing left and right. This can help the agent explore the state space more effectively and learn the momentum-building strategy required for this environment.
   - Recommended Action Distribution: 
     - Action 0 (Push Left): 40%
     - Action 1 (No Push): 20%
     - Action 2 (Push Right): 40%

2. **Increase Exploration**:
   - If the agent is still in the early stages of learning, consider increasing the exploration rate (epsilon) temporarily to encourage more diverse action selection. This can help the agent discover the optimal policy faster.

3. **Monitor and Adjust**:
   - Continuously monitor the total reward and action distribution over the next 20 episodes. If there's no improvement, consider further adjustments to the action distribution or exploration strategy.

4. **Leverage State Information**:
   - If possible, incorporate the state information (position and velocity) into the exploration strategy. For example, push left more often when the car is on the right hill with low velocity and vice versa.

By implementing these recommendations, the agent should be able to explore more effectively and potentially learn the optimal policy faster.","```json
{
  ""action_probs"": [0.4, 0.2, 0.4]
}
```"
86,-76.14671316551271,-67.79699077291622,0.01,0.0683908686041832,N/A,N/A
87,-73.19832758261055,-84.3583089889698,0.01,0.046761445701122284,N/A,N/A
88,-59.08744559918665,-81.64247040887658,0.01,0.19037286937236786,N/A,N/A
89,-54.02729706321509,-82.24307658809701,0.01,0.09240001440048218,N/A,N/A
90,-81.3982881907573,-71.98895150657638,0.01,0.012528976425528526,"Based on the task description and the sampled actions from the last episode, it seems that the agent is struggling to efficiently explore the state space in a way that would allow it to build sufficient momentum to reach the goal. The MountainCar-v0 environment requires the agent to oscillate between moving left and right to gain enough kinetic energy to reach the flag at the top of the right hill. Here are some observations and recommendations for the exploration strategy:

### Observations:
1. **Action Distribution**: The sampled actions show a heavy bias towards pushing right (action 2) and pushing left (action 0), with occasional ""no push"" actions (action 1). This indicates that the agent is attempting to move up the right hill but may not be efficiently building momentum by moving left first.

2. **Lack of Balanced Exploration**: The current distribution suggests a lack of balanced exploration. The agent may not be adequately exploring the state space to understand the importance of oscillating between left and right movements.

3. **Momentum Building**: The agent needs to learn the importance of momentum building, which typically involves alternating between actions 0 and 2 more strategically, rather than predominantly choosing one over the other.

### Recommendations:
To help the DQN agent learn faster, consider the following exploration strategy:

1. **Balanced Action Distribution**: Encourage a more balanced distribution of actions during exploration. This can be achieved by slightly increasing the probability of choosing actions 0 and 2 equally, while maintaining a lower probability for action 1. A suggested distribution could be:
   - Push Left (action 0): 40%
   - No Push (action 1): 20%
   - Push Right (action 2): 40%

2. **Oscillation Encouragement**: Implement a mechanism that encourages the agent to oscillate between pushing left and right. This can be done by introducing a reward shaping strategy where the agent receives small positive rewards for alternating between actions 0 and 2 within a certain number of steps.

3. **Adaptive Exploration**: Consider using an exploration strategy that adapts based on the agent's position and velocity. For example, if the car is moving left with high velocity, increase the probability of pushing right to build momentum, and vice versa.

4. **Decay Exploration Rate**: Gradually decrease the exploration rate over the 20 episodes to allow the agent to shift from exploration to exploitation as it learns the optimal policy.

5. **Monitor Learning Progress**: Continuously monitor the agent's performance and adjust the exploration strategy if necessary. If the agent's total reward does not improve, consider further tweaking the action distribution or exploration parameters.

By implementing these strategies, the agent should be better equipped to explore the state space effectively and learn the optimal policy for reaching the goal in the MountainCar-v0 environment.","```json
{
  ""action_probs"": [0.4, 0.2, 0.4]
}
```"
91,-75.7863154981127,-76.39401353402181,0.01,0.03405258432030678,N/A,N/A
92,-58.98852577261529,-80.51182069348565,0.01,0.029453102499246597,N/A,N/A
93,-83.01698571545998,-71.0180131665322,0.01,0.016339018940925598,N/A,N/A
94,-127.89526677352089,-80.02252452831863,0.01,0.016889676451683044,N/A,N/A
95,-85.49805683383023,-84.14793526114825,0.01,0.014448026195168495,"To help the DQN agent learn more effectively in the MountainCar-v0 environment, we need to consider the nature of the task and the current exploration strategy. The goal is to reach the flag on the right hill, which requires the car to build momentum by oscillating back and forth.

### Analysis of Current Exploration:

1. **Action Distribution:**
   - Action 2 (Push Right): 49 times
   - Action 0 (Push Left): 28 times
   - Action 1 (No Push): 23 times

   The current distribution shows a preference for pushing right, which is understandable since the goal is to reach the right hill. However, the car needs to build momentum by oscillating between the left and right hills, which requires a more balanced action distribution.

2. **Performance Indicator:**
   - The total reward in the last episode is -85.50, which suggests that the agent is not yet efficiently reaching the goal. The optimal reward for reaching the goal is -110, indicating that the agent still has room for improvement.

### Recommendations for Exploration Strategy:

1. **Balanced Oscillation:**
   - Encourage more balanced oscillation between actions 0 (Push Left) and 2 (Push Right) to help the car build sufficient momentum. A more even distribution between these actions can help the agent learn the importance of gaining speed by moving back and forth.

2. **Action Distribution Adjustment:**
   - Proposed Action Distribution:
     - Action 0 (Push Left): 40%
     - Action 2 (Push Right): 40%
     - Action 1 (No Push): 20%

   This distribution aims to give more emphasis on building momentum through oscillation while still allowing for some periods of no push to stabilize the car's movement.

3. **Exploration Strategy:**
   - Consider using an epsilon-greedy strategy with a higher epsilon value initially to encourage exploration. This will allow the agent to explore different state-action pairs and potentially discover more efficient paths to the goal.

4. **Monitor and Adjust:**
   - Continuously monitor the agent's performance and adjust the action distribution as needed. If the agent starts consistently reaching the goal, gradually reduce exploration to allow the agent to exploit its learned policy.

By implementing these recommendations, the agent should be able to learn more effectively and improve its performance in the MountainCar-v0 environment.","```json
{
  ""action_probs"": [0.4, 0.2, 0.4]
}
```"
96,-129.12545549028403,-82.57517342944317,0.01,0.0766545906662941,N/A,N/A
97,-86.7615072633664,-76.55293819298625,0.01,0.01738724485039711,N/A,N/A
98,-127.79389965114655,-70.33440190523622,0.01,0.015065625309944153,N/A,N/A
99,-128.8957419357661,-75.47252961935348,0.01,0.01749930903315544,N/A,N/A
100,-73.31643155391127,-82.02275582600873,0.01,0.06590156257152557,"Based on the provided data and the nature of the MountainCar-v0 environment, the goal is to help the DQN agent learn more effectively by optimizing the exploration strategy. Here’s a breakdown of the current situation and recommendations for improvement:

### Current Situation Analysis:
1. **Action Distribution:**
   - The sampled actions indicate a tendency towards pushing right (action 2), with a significant number of consecutive right pushes. 
   - There are fewer instances of pushing left (action 0) and some instances of no push (action 1).

2. **Performance:**
   - The total reward of -73.31 suggests that the agent is not yet reaching the goal efficiently. The reward is negative because the car is likely not building sufficient momentum to reach the flag consistently.

3. **Momentum Building:**
   - In MountainCar-v0, building momentum by oscillating between the left and right actions is crucial. This means a balanced approach in action selection is necessary to effectively climb the right hill.

### Recommendations for Exploration Strategy:
1. **Balanced Action Distribution:**
   - Encourage a more balanced exploration strategy where the agent is nudged to explore all actions more uniformly. This can be achieved by setting an exploration probability distribution that gives a slightly higher preference to actions that are currently underexplored.

2. **Suggested Action Probabilities:**
   - **Action 0 (Push Left):** 35%
   - **Action 1 (No Push):** 30%
   - **Action 2 (Push Right):** 35%
   - This distribution encourages the agent to explore pushing left more frequently to build the necessary momentum while still exploring the other actions sufficiently.

3. **Adaptive Exploration:**
   - Consider using an epsilon-greedy strategy where epsilon is initially high to encourage exploration and is gradually reduced as the agent learns. This can help the agent explore the state-action space more thoroughly in the early stages of learning.

4. **Monitor and Adjust:**
   - After implementing the new exploration strategy, monitor the agent’s performance for improvements in total reward and adjust the action probabilities if necessary. If the agent starts to show improvement, the distribution can be gradually adjusted to favor the most promising actions.

By adopting these recommendations, the agent should be able to learn the optimal policy more efficiently, leveraging the necessary momentum-building dynamics of the MountainCar-v0 environment.","```json
{
  ""action_probs"": [0.35, 0.3, 0.35]
}
```"
101,-89.32924192046382,-79.32048051676284,0.01,0.014575660228729248,N/A,N/A
102,-127.69438109017881,-81.2227868732225,0.01,0.05545817315578461,N/A,N/A
103,-94.44801581110168,-111.85131881441279,0.01,0.05226447433233261,N/A,N/A
104,-70.52799458030744,-67.58605638693726,0.01,0.025684785097837448,N/A,N/A
105,-88.59441842692233,-58.07063688081066,0.01,0.07407605648040771,"To help the DQN agent learn faster in the MountainCar-v0 environment, we need to focus on improving the exploration strategy. The goal is to ensure the agent explores the state space effectively, which helps it learn the optimal policy more efficiently. Here's an analysis of the provided data and recommendations for the action distribution during exploration:

### Analysis of Current Exploration Strategy:

1. **Action Distribution**: 
   - The sampled actions show a heavy bias towards action `2` (Push Right), followed by `0` (Push Left), and very few `1` (No Push) actions.
   - This distribution suggests that the agent is predominantly pushing right, which might not be conducive to building the necessary momentum to reach the flag on the right hill.

2. **Total Reward**:
   - The total reward of `-88.59` indicates that the agent is not yet performing well. In MountainCar-v0, rewards are negative for each time step until the goal is reached, so a higher (less negative) reward signifies better performance.

### Recommendations for Exploration Strategy:

1. **Balanced Action Distribution**:
   - To help the agent explore more effectively, aim for a more balanced action distribution. This could be achieved by setting the exploration probabilities for actions as follows:
     - `Push Left (0)`: 40%
     - `No Push (1)`: 20%
     - `Push Right (2)`: 40%
   - This distribution encourages the agent to explore both directions more equally, which is crucial for building the momentum needed to reach the goal.

2. **Exploration-Exploitation Trade-off**:
   - Ensure that the exploration rate (epsilon in epsilon-greedy strategy) is set appropriately. Initially, it should be high to encourage exploration, and then decay over time to allow the agent to exploit its learned policy as it becomes more confident.

3. **Adaptive Exploration**:
   - Consider implementing an adaptive exploration strategy where the action distribution can be adjusted based on the agent's performance. For example, if the agent is consistently failing to reach the goal, increase the exploration rate temporarily to encourage trying new strategies.

4. **State-Dependent Exploration**:
   - Implement a state-dependent exploration mechanism where the action probabilities are adjusted based on the car's current position and velocity. For instance, if the car has a high velocity to the left, prioritize `Push Right` actions to maintain momentum.

By adopting a more balanced and adaptive exploration strategy, the agent will have a better chance of learning the optimal policy in a shorter amount of time. This approach allows the agent to effectively explore the state space and learn the necessary dynamics to overcome the environment's challenges.","```json
{
  ""action_probs"": [0.4, 0.2, 0.4]
}
```"
106,-87.65762749227991,-56.50049454131937,0.01,0.0502522774040699,N/A,N/A
107,-67.44158446140855,-56.56977186917802,0.01,0.047421932220458984,N/A,N/A
108,-87.0235771162285,-57.06150392796788,0.01,0.01856614463031292,N/A,N/A
109,-58.255315842802496,-57.52739314257242,0.01,0.03807813674211502,N/A,N/A
110,-58.20963411681758,-58.31126355705076,0.01,0.03727830946445465,"Based on the information provided, it appears that the sampled actions are heavily skewed towards action 2 (""Push Right""). This skewness likely contributes to the inability of the car to build the necessary momentum to reach the goal, as the MountainCar environment typically requires the agent to oscillate between pushing left and right to accumulate enough kinetic energy.

### Analysis:
1. **Current Action Distribution**: 
   - The sampled actions are predominantly ""Push Right"" (action 2), with occasional ""Push Left"" (action 0) and very few ""No Push"" (action 1).
   - This pattern suggests that the agent might be getting stuck in a local minimum, repeatedly trying to push right without building the necessary momentum.

2. **Total Reward**: 
   - The reward of -58.21 is indicative of the car not reaching the goal, which suggests that the current strategy is inefficient.

### Recommendations for Exploration Strategy:
To help the DQN agent learn faster, consider the following exploration strategy:

1. **Balanced Action Distribution**:
   - Encourage a more balanced distribution of actions to ensure that the agent explores the state space more effectively. A suggested distribution might be:
     - Action 0 (Push Left): 40%
     - Action 1 (No Push): 20%
     - Action 2 (Push Right): 40%

2. **Incorporate Stochasticity**:
   - Introduce a degree of randomness in action selection to prevent the agent from getting stuck in repetitive patterns. This could be achieved by using an epsilon-greedy strategy where the agent occasionally takes a random action with a probability of epsilon (e.g., 0.1 or 0.2).

3. **Adaptive Exploration**:
   - Implement an adaptive exploration strategy where the action distribution changes based on the agent's performance. For example, if the agent is not improving, increase the probability of exploring less frequently chosen actions.

4. **Momentum Building**:
   - Encourage sequences of alternating actions (left-right) to help the agent learn the concept of building momentum. This can be done by slightly biasing the exploration towards alternating actions when the car is near the bottom of the valley.

5. **Reward Shaping**:
   - Consider shaping the reward function to provide small positive rewards for reaching higher positions on the slope, which can incentivize the agent to explore the oscillating strategy more effectively.

By implementing these recommendations, the agent is more likely to explore the necessary state-action space effectively, thereby improving its learning efficiency and performance in the MountainCar-v0 environment.","```json
{
  ""action_probs"": [0.4, 0.2, 0.4]
}
```"
111,-57.49930985555488,-58.27657669368691,0.01,0.022425806149840355,N/A,N/A
112,-69.28022358770085,-58.63852724207409,0.01,0.05435147508978844,N/A,N/A
113,-67.16546231495573,-58.12043519136737,0.01,0.03942213952541351,N/A,N/A
114,-57.72121321136784,-57.234652997836996,0.01,0.03274253383278847,N/A,N/A
115,-100.60498109933016,-56.78233590630988,0.01,0.09724027663469315,"To help the DQN agent learn more effectively in the MountainCar-v0 environment, it's important to consider the current exploration strategy and how it might be improved. Based on the sampled actions and the total reward from the last episode, let's analyze the situation and recommend an exploration action distribution.

### Analysis:

1. **Current Action Distribution:**
   - **Push Left (0):** 26 times
   - **No Push (1):** 36 times
   - **Push Right (2):** 38 times

2. **Observations:**
   - The current action distribution is relatively balanced, with a slight preference for ""Push Right"" (2).
   - The reward of -100.60 suggests that the agent is still far from solving the task, as the optimal policy would result in higher rewards (closer to -200 indicates the car is not reaching the goal).

3. **Action Patterns:**
   - There is a sequence of ""Push Right"" actions followed by a sequence of ""No Push"" actions, indicating a possible lack of momentum-building strategy.
   - The ""Push Left"" actions are not as frequent and tend to appear in clusters.

### Recommendations:

To improve the exploration strategy and help the agent learn faster, consider the following recommendations for the action distribution:

1. **Increase Exploration of ""Push Left"" (0):**
   - To build momentum, the car needs to move back and forth. Increase the probability of selecting ""Push Left"" to encourage the agent to explore moving towards the left hill more frequently.

2. **Balanced Exploration:**
   - Aim for a more balanced exploration between ""Push Left"" and ""Push Right"" to help the agent learn the momentum-building strategy. A suggested distribution could be:
     - **Push Left (0):** 40%
     - **No Push (1):** 20%
     - **Push Right (2):** 40%

3. **Adaptive Exploration Strategy:**
   - Consider implementing an adaptive exploration strategy where the distribution changes based on the agent's performance. For example, if the agent is not improving, increase exploration towards actions that are less frequent.

4. **Monitor and Adjust:**
   - Continuously monitor the agent's performance and adjust the action distribution after each set of episodes to ensure the exploration strategy remains effective.

By implementing these recommendations, the agent should be able to explore more effectively and potentially learn the optimal strategy for solving the MountainCar-v0 task more quickly.","```json
{
  ""action_probs"": [0.4, 0.2, 0.4]
}
```"
116,-77.40239541392576,-55.821279164854865,0.01,0.021702861413359642,N/A,N/A
117,-76.32391106950652,-54.5182165929895,0.01,0.02011707052588463,N/A,N/A
118,-91.87717450386505,-52.324825295291745,0.01,0.016467591747641563,N/A,N/A
119,-81.10102889733386,-51.96819700412643,0.01,0.021260641515254974,N/A,N/A
120,-45.28268717212737,-51.33025136707126,0.01,0.03749561309814453,"To help the DQN agent learn more effectively in the MountainCar-v0 environment, we need to ensure that the exploration strategy encourages the agent to explore a wide range of actions. This is essential because the agent needs to build momentum by moving back and forth, which requires a balanced exploration of all available actions.

### Analysis of Current Exploration Strategy:
1. **Current Action Distribution**: The sampled actions from the last episode show a strong bias towards actions 0 (Push Left) and 2 (Push Right), with a noticeable lack of action 1 (No Push). Specifically:
   - Action 0: Dominant in the first half.
   - Action 2: Dominant in the second half.
   - Action 1: Very few occurrences, mostly towards the end.

2. **Total Reward**: The total reward of -45.28 indicates that the agent is still far from reaching the goal efficiently. In MountainCar-v0, the goal is to reach the flag with the least number of time steps (and hence the least negative reward).

3. **Momentum Building**: The agent needs to oscillate between the two hills to build enough momentum to reach the flag. This requires a balanced exploration of actions 0 and 2, with occasional action 1 to stabilize or maintain momentum.

### Recommendations for Exploration Strategy:
1. **Balanced Action Distribution**: To encourage more diverse exploration, consider using a more balanced action distribution. For the next 20 training episodes, the following distribution is recommended:
   - Action 0 (Push Left): 40%
   - Action 1 (No Push): 20%
   - Action 2 (Push Right): 40%

   This distribution will ensure that the agent explores pushing left and right equally, while still occasionally choosing to not push, which can be useful in certain momentum-building scenarios.

2. **Adaptive Exploration**: As the agent learns, consider gradually reducing exploration (e.g., using an epsilon-greedy strategy where epsilon decays over time). This allows the agent to exploit learned policies while still exploring new actions.

3. **Monitor Learning Progress**: Regularly evaluate the agent's performance and adjust the exploration strategy if necessary. If the agent continues to struggle, further tweaks to the action distribution or exploration strategy may be needed.

4. **Consider Reward Shaping**: If feasible, consider modifying the reward structure to incentivize reaching higher velocities or specific positions, which can guide the agent towards more effective exploration.

By implementing these recommendations, the agent should be better equipped to learn the optimal policy for solving the MountainCar-v0 environment more efficiently.","```json
{
  ""action_probs"": [0.4, 0.2, 0.4]
}
```"
121,-90.11211093911382,-51.68405138183713,0.01,0.038360316306352615,N/A,N/A
122,-42.70577468508854,-73.54141999594744,0.01,0.020809059962630272,N/A,N/A
123,-42.44483810977877,-53.60428938316231,0.01,0.023616500198841095,N/A,N/A
124,-50.279031486915684,-74.02628187300938,0.01,0.04732918366789818,N/A,N/A
125,-51.083509643731794,-98.64600527906852,0.01,0.04433789849281311,"Based on the provided data, the agent's actions and the total reward in the last episode, here are some observations and recommendations:

### Observations:

1. **Action Distribution**: 
   - The action ""Push Right"" (action 2) is heavily favored, appearing 53 times.
   - The action ""No Push"" (action 1) is used 26 times.
   - The action ""Push Left"" (action 0) is used 19 times.

2. **Total Reward**: 
   - The total reward of -51.08 indicates that the agent has not yet reached the goal efficiently. Since the MountainCar-v0 environment gives a reward of -1 for each timestep until the goal is reached, a more negative reward suggests the agent is taking a long time to reach the goal or not reaching it at all.

3. **Momentum Building**:
   - The MountainCar-v0 environment requires the agent to build momentum by moving back and forth. The current action distribution suggests an imbalance, with a heavy bias towards moving right, which might not be optimal for building the necessary momentum.

### Recommendations:

1. **Balanced Exploration**:
   - Adjust the exploration strategy to encourage more balanced action selection. Given the current bias towards ""Push Right,"" consider increasing the probability of selecting ""Push Left"" to better explore the state space and effectively build momentum.

2. **Suggested Action Distribution**:
   - Consider using a more uniform distribution for exploration:
     - Push Left (action 0): 40%
     - No Push (action 1): 20%
     - Push Right (action 2): 40%

3. **Adaptive Exploration**:
   - Implement an adaptive exploration strategy that adjusts action probabilities based on the agent's current position and velocity. For instance, if the agent's velocity is negative (moving left), increase the probability of ""Push Left"" to help it gain more momentum.

4. **Exploration Schedule**:
   - Consider using an exploration schedule that starts with a higher degree of randomness (e.g., epsilon-greedy with a high epsilon) and gradually reduces it as the agent learns. This can help the agent explore more diverse strategies in the early episodes.

5. **Reward Analysis**:
   - Monitor the total reward across episodes to assess the effectiveness of the new exploration strategy. A less negative reward over time would indicate improved performance.

By implementing these recommendations, the agent should be better equipped to learn the optimal strategy for reaching the goal in the MountainCar-v0 environment.","```json
{
  ""action_probs"": [0.4, 0.2, 0.4]
}
```"
126,-58.11468316746677,-88.19841060632726,0.01,0.05080335959792137,N/A,N/A
127,-67.13506836006918,-60.09519686599042,0.01,0.08080103993415833,N/A,N/A
128,-68.35597584360346,-71.04296184465434,0.01,0.023634593933820724,N/A,N/A
129,-47.95408546393737,-68.00265567188903,0.01,0.06310852617025375,N/A,N/A
130,-53.41149355425355,-66.85919771556237,0.01,0.07789947837591171,"To help the DQN agent learn faster in the MountainCar-v0 environment, it's important to have an effective exploration strategy that allows the agent to experience a wide range of states and actions. From the data provided, we can observe the following:

1. **Action Distribution**: 
   - Action 0 (Push Left): 14 times
   - Action 1 (No Push): 22 times
   - Action 2 (Push Right): 64 times

2. **Current Strategy**: The current exploration strategy seems to be biased towards the ""Push Right"" action, which was chosen 64% of the time. This could lead to an imbalance where the agent might not explore leftward movements sufficiently, which are crucial for building the momentum needed to reach the goal.

3. **Performance**: The total reward in the last episode is -53.41, which suggests that the agent is still struggling to reach the goal effectively. In MountainCar-v0, the optimal policy should aim for a reward close to -110 (the maximum number of steps allowed) if the agent reaches the goal consistently.

### Recommendations for Exploration Strategy:

1. **Balanced Action Distribution**:
   - Encourage a more balanced exploration strategy to ensure the agent explores all possible actions adequately. Consider the following distribution:
     - Action 0 (Push Left): 33%
     - Action 1 (No Push): 33%
     - Action 2 (Push Right): 34%

   This distribution ensures that the agent has a more equal chance of exploring left and right movements, which is essential for gaining momentum.

2. **Increased Exploration**:
   - Given the suboptimal performance, it might be beneficial to increase the exploration rate temporarily. If using an epsilon-greedy strategy, ensure that epsilon is set to a relatively high value (e.g., 0.2 to 0.3) to encourage more exploration during the next 20 episodes.

3. **Adaptive Exploration**:
   - Consider using an adaptive exploration strategy that adjusts the action probabilities based on the agent's performance. If the agent is not improving, increase exploration; if it starts improving, gradually reduce exploration to allow the agent to exploit learned policies.

4. **State-Dependent Exploration**:
   - Implement a state-dependent exploration strategy where the choice of action is influenced by the current state of the car (position and velocity). For example, if the car is moving left and has low velocity, favor ""Push Left"" to build momentum; if moving right, favor ""Push Right.""

By implementing these recommendations, the agent should be able to explore the environment more effectively, leading to faster learning and improved performance in reaching the goal.","```json
{
  ""action_probs"": [0.33, 0.33, 0.34]
}
```"
131,-37.762505617345276,-64.54289143231551,0.01,0.07844372093677521,N/A,N/A
132,-37.34854531473747,-64.97077929772163,0.01,0.024819480255246162,N/A,N/A
133,-66.9720250083312,-64.45384188721331,0.01,0.021726494655013084,N/A,N/A
134,-64.93777275641581,-66.019958269559,0.01,0.033845122903585434,N/A,N/A
135,-39.537792848556165,-64.39198618531532,0.01,0.01879078522324562,"To help the DQN agent learn more effectively in the MountainCar-v0 environment, let's analyze the provided data and develop a strategy for exploration action distribution.

### Analysis

1. **Action Distribution in Last Episode**:
   - Actions sampled: [0, 0, ..., 0, 1, 2, 2, ..., 2]
   - There is a heavy bias towards action `2` (Push Right) after an initial sequence of action `0` (Push Left), with only one instance of action `1` (No Push).

2. **Total Reward**:
   - The total reward in the last episode is -39.54, which indicates that the agent did not reach the goal efficiently. In MountainCar-v0, the reward is calculated based on time steps, so a higher negative reward suggests the agent took many steps to reach the goal or didn't reach it at all.

3. **Momentum Building**:
   - In MountainCar-v0, the car needs to build momentum by moving back and forth. The current action distribution does not seem to effectively utilize both directions to build sufficient momentum.

### Recommendations for Exploration Strategy

To improve learning, the exploration strategy should encourage more balanced exploration of actions, particularly focusing on building momentum by alternating between pushing left and right. Here's a suggested action distribution for the next 20 training episodes:

1. **Balanced Action Distribution**:
   - Increase the frequency of action `0` (Push Left) and action `2` (Push Right) to encourage momentum building.
   - Reduce the frequency of action `1` (No Push), as it doesn't contribute to momentum.

2. **Suggested Action Probabilities**:
   - Action `0` (Push Left): 40%
   - Action `1` (No Push): 10%
   - Action `2` (Push Right): 50%

3. **Implementation**:
   - Use an epsilon-greedy strategy during exploration with the above probabilities. This means that during exploration, the agent should select actions based on these probabilities rather than relying solely on the Q-values.
   - Consider using a decaying epsilon to gradually reduce exploration and increase exploitation as the agent becomes more experienced.

4. **Monitor and Adjust**:
   - After implementing this strategy for 20 episodes, evaluate the performance based on total rewards and the agent's ability to reach the goal.
   - Adjust the action distribution if necessary, based on observed improvements or persistent issues.

By encouraging more balanced exploration, the agent should be able to learn more effective policies for building momentum and reaching the goal more efficiently.","```json
{
  ""action_probs"": [0.4, 0.1, 0.5]
}
```"
136,-59.370637871135436,-64.4025056319871,0.01,0.05454045906662941,N/A,N/A
137,-64.99145838439001,-65.76780464732076,0.01,0.0495939627289772,N/A,N/A
138,-46.14466276002515,-67.778025450901,0.01,0.08199207484722137,N/A,N/A
139,-44.8928160865392,-62.752979169134235,0.01,0.031229283660650253,N/A,N/A
140,-62.83517636278547,-62.23570511619823,0.01,0.017655149102211,"Based on the provided state and action data, we can make some observations and recommendations for improving the exploration strategy of the DQN agent in the MountainCar-v0 environment.

### Observations:
1. **Action Distribution**: 
   - The sampled actions show a significant bias towards actions 0 (Push Left) and 2 (Push Right), with very few instances of action 1 (No Push).
   - Specifically, there is a long sequence of action 0 followed by a long sequence of action 2, indicating a potential pattern or oscillation strategy being employed.
   - The presence of only a few instances of action 1 suggests that the agent is not frequently exploring the ""No Push"" action, which might be important for certain states to maintain momentum or stability.

2. **Total Reward**:
   - The total reward of -62.84 indicates that the agent is still quite far from solving the task optimally (where a reward closer to -110 is typical for unsolved runs and closer to -200 is solved).

3. **Momentum Building**:
   - The task requires the agent to build momentum by swinging back and forth. The current action pattern suggests the agent is attempting this but might not be optimally balancing the swings.

### Recommendations:
1. **Balanced Exploration**:
   - Encourage a more balanced exploration of actions. Since the task requires building momentum, ensure that the agent explores the ""No Push"" action more frequently. This can help the agent learn when it might be beneficial to maintain momentum without an immediate push.
   - Consider an exploration strategy where the probability distribution for selecting actions is more uniform, such as:
     - Action 0 (Push Left): 40%
     - Action 1 (No Push): 20%
     - Action 2 (Push Right): 40%

2. **Adaptive Exploration Strategy**:
   - Implement an adaptive exploration strategy where the action probabilities can be adjusted based on the agent's current position and velocity. For example:
     - If the velocity is low and the position is near the left edge, increase the probability of action 2 (Push Right).
     - If the velocity is low and the position is near the right edge, increase the probability of action 0 (Push Left).

3. **Reward Shaping**:
   - Consider incorporating reward shaping where the agent receives small positive rewards for increasing velocity or reaching higher positions. This can encourage exploration strategies that naturally build momentum.

4. **State-Aware Exploration**:
   - Use state information to guide exploration. For instance, when the car is at the peak of a hill, it might be beneficial to explore the ""No Push"" action to see if the momentum can carry the car further without additional input.

5. **Monitor and Adjust**:
   - Continuously monitor the action distribution and total rewards over the next 20 episodes. Adjust the exploration probabilities if the agent is not showing improvement in total rewards or if it gets stuck in suboptimal oscillation patterns.

By implementing these recommendations, the DQN agent should be able to explore more effectively, helping it learn the optimal policy for solving the MountainCar-v0 task faster.","```json
{
  ""action_probs"": [0.4, 0.2, 0.4]
}
```"
141,-62.07480450314552,-61.76442069152533,0.01,0.027474630624055862,N/A,N/A
142,-46.55125112212428,-64.28549917708212,0.01,0.029444154351949692,N/A,N/A
143,-62.96053299992348,-61.15110748297785,0.01,0.029230225831270218,N/A,N/A
144,-62.08162822842964,-62.19917639562645,0.01,0.026456261053681374,N/A,N/A
145,-36.895839355180854,-61.586780117249404,0.01,0.03036227636039257,"Based on the data provided, it seems that the agent is currently favoring the ""Push Right"" action (action 2) significantly more than the other actions. This is evident from the sampled actions, where there is a long sequence of action 2 after a series of initial action 0s and a single action 1. The total reward of -36.9 suggests that the agent might not be effectively building the necessary momentum to reach the goal, as a higher reward (closer to zero) would indicate better performance.

### Analysis:
1. **Action Bias**: The current action distribution is heavily skewed towards ""Push Right"". This might be limiting the agent's ability to explore the state space effectively, particularly in building the necessary momentum by oscillating between the left and right hills.

2. **Momentum Building**: The MountainCar-v0 environment requires the agent to build momentum by moving back and forth. The current action bias may not be allowing the agent to learn this oscillatory behavior effectively.

### Recommendations for Exploration Strategy:
To improve the learning process of the DQN agent, consider implementing an exploration strategy that encourages a more balanced distribution of actions. Here’s a suggested action distribution for the next 20 training episodes:

1. **Balanced Exploration**: Encourage a more balanced exploration by setting an initial action distribution, such as:
   - 40% for ""Push Left"" (action 0)
   - 10% for ""No Push"" (action 1)
   - 50% for ""Push Right"" (action 2)

2. **Encourage Oscillation**: By increasing the probability of ""Push Left"", the agent will have more opportunities to build momentum by moving left before pushing right. This should help in learning the dynamics needed to reach the goal.

3. **Adaptive Exploration**: Consider using an adaptive exploration strategy like epsilon-greedy with a decaying epsilon value. Start with a higher epsilon (e.g., 0.9) to encourage exploration and gradually decrease it to promote exploitation as the agent learns.

4. **Monitor and Adjust**: After implementing the new exploration strategy, monitor the total rewards and action distribution. Adjust the action probabilities based on the observed performance and the agent's ability to reach higher rewards.

By encouraging a more balanced exploration, the agent should be able to better understand the dynamics of the environment and improve its performance over the next set of episodes.","```json
{
  ""action_probs"": [0.4, 0.1, 0.5]
}
```"
146,-48.60670669716118,-60.86304965717485,0.01,0.11929965019226074,N/A,N/A
147,-66.55319546797489,-67.93721181023724,0.01,0.07812819629907608,N/A,N/A
148,-67.69298793488855,-61.894509811740804,0.01,0.02957923337817192,N/A,N/A
149,-58.138883656981804,-63.00990745663661,0.01,0.021874308586120605,N/A,N/A
150,-60.91581961807098,-65.94712505269317,0.01,0.10779480636119843,"To help the DQN agent learn more effectively in the MountainCar-v0 environment, we need to analyze the current action distribution and suggest a better exploration strategy. The goal is to ensure that the agent explores the state space efficiently, building the necessary momentum to reach the flag on the right hill.

### Analysis of Current Action Distribution

1. **Action Distribution:**
   - The actions sampled in the last episode are heavily skewed towards action 2 (Push Right), especially in the latter part of the episode.
   - There are fewer instances of action 1 (No Push) and action 0 (Push Left).

2. **Performance:**
   - The total reward of -60.9158 indicates that the agent is still far from optimal performance (the optimal reward is closer to -110, which means the agent reached the goal quickly).

### Recommendations for Exploration Strategy

To improve the agent's learning, consider the following exploration strategy:

1. **Balanced Exploration:**
   - Encourage a more balanced exploration among the three actions. This can help the agent discover the importance of building momentum by alternating between pushing left and right.
   - Suggested initial exploration probabilities could be:
     - Action 0 (Push Left): 40%
     - Action 1 (No Push): 20%
     - Action 2 (Push Right): 40%

2. **Adaptive Exploration:**
   - Use an epsilon-greedy strategy where epsilon starts high (e.g., 1.0) and gradually decays to a lower bound (e.g., 0.1). This allows the agent to explore more in the initial episodes and exploit learned strategies later.
   - Consider increasing exploration when the agent's performance plateaus to encourage discovering new strategies.

3. **Momentum Building:**
   - Specifically encourage sequences of alternating actions (0 and 2) to help the agent learn the importance of building momentum. This can be done by slightly increasing the probability of switching actions if the current velocity is low.

4. **State-Dependent Exploration:**
   - Implement a state-dependent exploration strategy where the action probabilities are adjusted based on the current position and velocity. For example, if the car is moving left but has low velocity, increase the probability of action 2 (Push Right) to build momentum.

5. **Diverse Exploration Episodes:**
   - Introduce episodes with different initial exploration distributions to prevent the agent from getting stuck in local optima. For instance, some episodes could favor action 0 more, while others could favor action 2.

By implementing these recommendations, the agent should be able to explore the state space more effectively, leading to faster learning and improved performance in reaching the goal.","```json
{
  ""action_probs"": [0.4, 0.2, 0.4]
}
```"
151,-37.94485486326074,-67.67914797518625,0.01,0.02214837446808815,N/A,N/A
152,-61.302152045241556,-65.87897343702079,0.01,0.024178974330425262,N/A,N/A
153,-61.02449929315396,-64.67516229677496,0.01,0.01945073902606964,N/A,N/A
154,-63.50476469951265,-64.55785135833595,0.01,0.05519112944602966,N/A,N/A
155,-60.69101183377208,-64.91675204609331,0.01,0.08895892649888992,"Based on the data provided, it seems that the sampled actions are heavily skewed towards pushing right (action 2) and pushing left (action 0), with very few ""no push"" (action 1) actions being taken. This distribution indicates that the agent might be struggling to effectively balance momentum between the left and right hills, which is crucial for building enough speed to reach the flag.

### Analysis:
1. **Action Distribution:**
   - **Push Left (0):** 28 actions
   - **No Push (1):** 6 actions
   - **Push Right (2):** 66 actions

2. **Current Strategy:**
   - The agent is predominantly pushing right, which might not be allowing enough momentum to be built up by swinging back and forth between the hills.

3. **Reward:**
   - The total reward is negative, indicating that the agent is not yet reaching the goal efficiently.

### Recommendations for Exploration Strategy:

To help the DQN agent learn faster, it is crucial to encourage a more balanced exploration strategy that allows the agent to better understand the dynamics of the environment. Here are some recommendations:

1. **Balanced Exploration:**
   - Encourage a more balanced distribution of actions to allow the agent to explore the effects of each action more thoroughly.
   - **Proposed Action Distribution:**
     - **Push Left (0):** 40%
     - **No Push (1):** 20%
     - **Push Right (2):** 40%

2. **Increased ""No Push"" Actions:**
   - Increasing the frequency of ""no push"" actions can allow the agent to better explore the natural dynamics of the environment, which might help in understanding when to conserve or build momentum.

3. **Adaptive Exploration:**
   - Consider using an adaptive exploration strategy where the action probabilities are adjusted based on the agent's performance over time. For example, if the agent is not improving, slightly increase the exploration rate to encourage more diverse action sampling.

4. **Momentum Building:**
   - Encourage the agent to experiment with sequences of actions that build momentum, such as alternating between pushing left and right. This can be facilitated by initially guiding the agent with a higher probability of switching actions after a few steps in one direction.

5. **Reward Shaping:**
   - Although not directly related to action distribution, consider implementing reward shaping techniques to provide intermediate rewards when the agent successfully builds momentum or reaches certain positions, encouraging exploration of effective strategies.

By implementing a more balanced exploration strategy, the agent should be able to better understand the environment's dynamics and improve its ability to reach the goal efficiently.","```json
{
  ""action_probs"": [0.4, 0.2, 0.4]
}
```"
156,-37.73988861224746,-64.08024989308007,0.01,0.10325925052165985,N/A,N/A
157,-40.513608182120535,-63.15735910423681,0.01,0.020994044840335846,N/A,N/A
158,-61.071043477287255,-72.20264097315848,0.01,0.02503131330013275,N/A,N/A
159,-58.695594495169026,-65.05954347362044,0.01,0.01714421808719635,N/A,N/A
160,-87.85379470934855,-64.30152139583072,0.01,0.01611771620810032,"Based on the information provided, the agent is currently exploring the action space with a heavy bias towards action 0 (Push Left) and action 2 (Push Right), while action 1 (No Push) is less frequently selected. The total reward in the last episode is -87.85, which indicates that the agent is not yet efficiently reaching the goal.

### Analysis:
1. **Action Distribution**: The distribution of actions seems to be skewed, with a high frequency of actions 0 and 2, and less frequency of action 1. This is somewhat expected since the MountainCar-v0 environment requires the agent to build momentum by moving back and forth, but the low usage of action 1 might indicate an imbalance that could be optimized.

2. **Momentum Building**: The key to solving MountainCar-v0 is to effectively build momentum by oscillating between actions 0 and 2. However, the agent may benefit from slightly more balanced exploration, which includes action 1, to better understand when to stop accelerating and maintain velocity.

3. **Total Reward**: A reward of -87.85 suggests the agent is still far from optimal performance. The task is solved when the agent reaches the flag with a reward of -110 or better, but the agent should aim for a reward closer to 0 for efficiency.

### Recommendations:
To enhance exploration and potentially improve the learning rate of the DQN agent, consider the following strategy for the next 20 training episodes:

1. **Balanced Exploration**:
   - Increase the probability of selecting action 1 (No Push) slightly. This will allow the agent to explore states where maintaining velocity without acceleration is beneficial.
   - Suggested action probabilities: 
     - Action 0 (Push Left): 0.4
     - Action 1 (No Push): 0.2
     - Action 2 (Push Right): 0.4

2. **Adaptive Exploration**:
   - Implement an epsilon-greedy strategy where epsilon starts high (e.g., 0.9) and decays over time. This ensures initial exploration is diverse, gradually allowing the agent to exploit learned policies as it gains more experience.

3. **Reward Shaping**:
   - Consider incorporating a small positive reward for reaching higher positions on the slope, even if the agent doesn't reach the goal. This can encourage the agent to explore more beneficial state-action pairs.

4. **Momentum Strategy**:
   - Encourage oscillatory behavior by ensuring that the agent learns to switch between actions 0 and 2 effectively. Monitor the agent's performance to ensure it is learning the momentum-building strategy effectively.

By implementing these strategies, the agent should gain a better understanding of the environment dynamics and improve its ability to reach the goal more efficiently.","```json
{
  ""action_probs"": [0.4, 0.2, 0.4]
}
```"
161,-40.81744133492799,-66.29678100414405,0.01,0.024566253647208214,N/A,N/A
162,-89.83624295725359,-64.4209324507365,0.01,0.08496139198541641,N/A,N/A
163,-60.81325549378189,-84.28218081474122,0.01,0.02234906330704689,N/A,N/A
164,-44.268396641360575,-65.81485120700853,0.01,0.05658065527677536,N/A,N/A
165,-65.88870726312949,-89.23581775182356,0.01,0.0440182164311409,"Based on the provided data, the sampled actions show a heavy bias toward actions 0 (Push Left) and 2 (Push Right), with very few instances of action 1 (No Push). This indicates that the agent is primarily exploring by pushing the car left or right, which is necessary to build momentum in the MountainCar-v0 environment. However, the lack of action 1 suggests that the agent might not be exploring the state space effectively, as action 1 could be useful in certain situations to maintain momentum or stabilize the car's velocity.

### Analysis:
1. **Action Distribution**: The current distribution heavily favors actions 0 and 2, with very few instances of action 1. This might limit the agent's ability to explore scenarios where maintaining or slightly adjusting velocity without pushing could be beneficial.

2. **Reward**: The total reward of -65.88 suggests that the agent is not yet efficiently reaching the goal. A more balanced exploration strategy might help improve learning.

### Recommendations:
To enhance the exploration strategy and potentially improve learning efficiency, consider the following adjustments to the action distribution:

1. **Balanced Exploration**:
   - Increase the probability of selecting action 1 (No Push) during exploration. This could be done by setting an exploration distribution such as:
     - Action 0: 40%
     - Action 1: 20%
     - Action 2: 40%

   This distribution encourages exploration of all actions, allowing the agent to better understand the effects of maintaining velocity without pushing, which might be useful in optimizing momentum.

2. **Adaptive Exploration**:
   - Implement an adaptive exploration strategy where the probability of selecting action 1 increases if the agent's velocity is within a certain range (e.g., close to zero). This can help the agent learn when it's beneficial to let the car naturally roll down the hill without additional force.

3. **Exploration Strategy Variation**:
   - Alternate between exploration strategies every few episodes. For example, for 10 episodes, use a more balanced action distribution, and for the next 10 episodes, revert to the original distribution. This can help the agent experience a variety of state-action outcomes.

4. **Monitor and Adjust**:
   - Continuously monitor the agent's performance and adjust the exploration distribution based on the reward trends. If the total reward improves, continue with the current strategy; otherwise, make further adjustments.

By implementing these recommendations, the agent may improve its ability to learn the optimal policy for solving the MountainCar-v0 task more efficiently.","```json
{
  ""action_probs"": [0.4, 0.2, 0.4]
}
```"
166,-61.43874465991475,-63.01945387658499,0.01,0.04705619066953659,N/A,N/A
167,-60.11789267914636,-70.17448069957041,0.01,0.05055597797036171,N/A,N/A
168,-41.63088134361565,-84.06712749680072,0.01,0.0203873161226511,N/A,N/A
169,-62.81031235797729,-68.53402504456669,0.01,0.02829115092754364,N/A,N/A
170,-62.90867568096937,-68.59265283635668,0.01,0.017361504957079887,"To help the DQN agent learn faster in the MountainCar-v0 environment, let's analyze the provided data and suggest an exploration action distribution strategy. The goal is to effectively explore the state space, which involves building momentum by moving left and right strategically.

### Current Situation Analysis:
1. **Total Reward**: The total reward in the last episode is -62.91, which indicates that the agent is not yet solving the task efficiently. The MountainCar-v0 environment typically provides a reward of -1 for each time step until the car reaches the goal, so a higher (less negative) reward would indicate better performance.

2. **Sampled Actions**: The distribution of actions in the last episode is:
   - Action 0 (Push Left): 44 times
   - Action 1 (No Push): 4 times
   - Action 2 (Push Right): 52 times

   This distribution shows a tendency towards pushing right more often than left and very few ""No Push"" actions. The agent might be struggling to build sufficient momentum since it does not alternate effectively between pushing left and right.

### Recommendations for Exploration Strategy:
1. **Balanced Action Distribution**: To improve exploration, we should encourage a more balanced distribution between pushing left and right. This helps the car build momentum by swinging back and forth. A suggested distribution could be:
   - Action 0 (Push Left): 40%
   - Action 1 (No Push): 10%
   - Action 2 (Push Right): 50%

2. **Incorporate More ""No Push"" Actions**: Although the ""No Push"" action is less frequently used, it can be beneficial in maintaining momentum once the car has reached a peak on one side. Increasing its usage slightly could help in certain scenarios where maintaining current velocity is beneficial.

3. **Adaptive Exploration**: Consider using an adaptive exploration strategy where the action distribution can be adjusted based on the car's position and velocity. For instance, if the car is moving towards the right hill but losing speed, increase the probability of pushing right; if it's moving left, increase the probability of pushing left.

4. **Exploration-Exploitation Balance**: Ensure that the exploration strategy allows for sufficient exploration early in training but gradually shifts towards exploitation as the agent learns the optimal policy. This can be achieved using techniques like epsilon-greedy with a decay schedule.

5. **Monitor Performance**: Continuously monitor the agent's performance in terms of total reward and adjust the exploration strategy accordingly. If the reward improves, it may indicate that the current strategy is effective.

By implementing these recommendations, the agent should be able to explore the state space more effectively and learn the optimal policy faster.","```json
{
  ""action_probs"": [0.4, 0.1, 0.5]
}
```"
171,-65.72196352594868,-88.8405553731267,0.01,0.18799832463264465,N/A,N/A
172,-38.56464950705744,-99.50098097178093,0.01,0.02455761656165123,N/A,N/A
173,-60.26222686433631,-76.50411509849782,0.01,0.032743342220783234,N/A,N/A
174,-39.16234982543226,-73.28379571743842,0.01,0.13900184631347656,N/A,N/A
175,-59.18955297241922,-73.56360436862617,0.01,0.018281297758221626,"To help the DQN agent learn faster in the MountainCar-v0 environment, we need to ensure that the exploration strategy effectively balances exploration and exploitation, allowing the agent to experience a variety of states and actions. The goal is to help the agent discover the optimal policy for reaching the flag on the right hill.

### Analysis of Current Exploration Strategy:

1. **Action Distribution:**
   - The sampled actions show a heavy bias towards actions 0 (Push Left) and 2 (Push Right), with very few instances of action 1 (No Push).
   - This suggests that the agent is primarily oscillating between pushing left and right, which is expected given the need to build momentum.

2. **Total Reward:**
   - The total reward of -59.19 indicates that the agent is not yet consistently reaching the goal. This is typical in the early stages of learning for MountainCar-v0, where the agent must learn to use momentum effectively.

### Recommendations for Exploration Strategy:

1. **Balanced Action Distribution:**
   - Ensure a more balanced exploration of all actions. While actions 0 and 2 are crucial for momentum, occasionally using action 1 (No Push) can help the agent learn the dynamics of momentum conservation and timing.
   - Suggested exploration action distribution:
     - Action 0 (Push Left): 40%
     - Action 1 (No Push): 20%
     - Action 2 (Push Right): 40%

2. **Exploration Strategy:**
   - Use an epsilon-greedy strategy with a decaying epsilon. Start with a higher epsilon value (e.g., 0.5) to encourage exploration, and gradually decrease it to a lower value (e.g., 0.1) over the 20 episodes to allow for more exploitation as the agent learns.
   - This will help the agent explore different strategies initially and then focus on refining the best strategies it has discovered.

3. **Reward Shaping:**
   - Consider implementing reward shaping to provide intermediate rewards for reaching certain positions or velocities. This can encourage the agent to explore more efficiently and find the optimal path to the goal.

4. **Monitor Learning Progress:**
   - Continuously monitor the agent's performance (total reward and action distribution) across episodes to ensure that the exploration strategy is effective.
   - Adjust the action distribution and exploration parameters if there is no noticeable improvement in performance after a few episodes.

By implementing these recommendations, the agent should be able to explore the environment more effectively, leading to faster learning and improved performance in reaching the goal.","```json
{
  ""action_probs"": [0.4, 0.2, 0.4]
}
```"
176,-64.76651537548751,-99.36714274256188,0.01,0.12474478036165237,N/A,N/A
177,-38.67026265024074,-78.30009423320735,0.01,0.04224641993641853,N/A,N/A
178,-61.688327383630224,-67.77992428604453,0.01,0.019447818398475647,N/A,N/A
179,-41.82275320535325,-90.17040777363778,0.01,0.020717184990644455,N/A,N/A
180,-63.6796331683872,-73.39470474681883,0.01,0.13247381150722504,"To help your DQN agent learn faster in the MountainCar-v0 environment, let's analyze the current exploration strategy and provide recommendations for an improved action distribution.

### Analysis of Current Data

1. **Current Action Distribution**: 
   - **Push Left (0)**: 28 times
   - **No Push (1)**: 2 times
   - **Push Right (2)**: 70 times

2. **Observations**:
   - **Imbalance**: The current action distribution is heavily skewed towards ""Push Right"" (2) with very few ""No Push"" (1) actions. This suggests that the agent might be over-committing to moving right without adequately building momentum.
   - **Momentum Building**: To reach the flag, the car needs to build sufficient momentum by oscillating between the left and right hills. This requires a more balanced approach between pushing left and right.

3. **Performance**: 
   - The total reward of -63.68 indicates that the agent is not yet effectively reaching the goal. A more balanced exploration strategy might help the agent learn the dynamics of the environment better.

### Recommendations for Exploration Strategy

To improve the agent's learning efficiency, consider the following exploration action distribution for the next 20 training episodes:

1. **Balanced Exploration**:
   - **Push Left (0)**: 40%
   - **No Push (1)**: 20%
   - **Push Right (2)**: 40%

2. **Rationale**:
   - **Push Left and Push Right**: Increasing the frequency of ""Push Left"" actions to balance with ""Push Right"" helps the agent to explore the left hill more effectively, which is crucial for gaining the momentum needed to reach the goal.
   - **No Push**: Increasing ""No Push"" actions slightly allows the agent to explore scenarios where it maintains its velocity without additional acceleration, which might be useful in certain states to maintain momentum.

3. **Adaptive Strategy**:
   - Monitor the agent's performance over the next 20 episodes. If the agent shows improvement in terms of total reward and reaching the goal, consider fine-tuning the distribution further based on observed patterns.
   - Gradually decrease exploration (e.g., using epsilon decay) as the agent becomes more proficient, allowing it to exploit learned policies more effectively.

Implementing this revised exploration strategy should provide the agent with a more comprehensive understanding of the environment dynamics, helping it to learn the optimal policy faster.","```json
{
  ""action_probs"": [0.4, 0.2, 0.4]
}
```"
181,-38.08474987108993,-78.60919399436094,0.01,0.01818157359957695,N/A,N/A
182,-72.99134338329375,-88.75851296403641,0.01,0.2935808300971985,N/A,N/A
183,-62.94911492238419,-89.22755204903198,0.01,0.1673385053873062,N/A,N/A
184,-64.82223790610524,-88.91931497238423,0.01,0.015260438434779644,N/A,N/A
185,-62.481050748895264,-61.98290192252936,0.01,0.01939685270190239,"Based on the provided data, we can observe that the current exploration strategy heavily favors the actions ""Push Left"" (0) and ""Push Right"" (2), with little to no usage of the ""No Push"" (1) action. This indicates that the agent is primarily trying to build momentum by moving left and right, which aligns with the goal of the MountainCar-v0 environment. However, the lack of ""No Push"" actions suggests that the agent might not be exploring all possible strategies effectively.

### Analysis:
1. **Action Distribution**: The current distribution is heavily skewed towards actions 0 and 2, with no actions of type 1 being sampled. This might lead to suboptimal exploration as the agent isn't considering staying still, which could be beneficial in certain situations to maintain momentum or wait for a more opportune moment to act.

2. **Reward**: The total reward of -62.48 indicates that the agent is not achieving the goal efficiently. In MountainCar-v0, the goal is to reach the flag as quickly as possible, and a reward closer to zero or positive would indicate better performance.

### Recommendations:
To improve the exploration strategy and help the DQN agent learn faster, consider the following:

1. **Balanced Action Sampling**:
   - Introduce a more balanced action distribution during exploration. This could involve sampling actions with the following approximate probabilities:
     - **Push Left (0)**: 40%
     - **No Push (1)**: 20%
     - **Push Right (2)**: 40%
   - This distribution ensures that the agent occasionally explores the ""No Push"" action, potentially discovering scenarios where maintaining position could be beneficial for building momentum.

2. **Adaptive Exploration**:
   - Implement an adaptive exploration strategy where the probability distribution can change based on the agent's performance. For instance, if the agent shows improvement, gradually reduce exploration to favor exploitation of learned strategies.

3. **Exploration Strategies**:
   - Consider using exploration strategies such as epsilon-greedy with decay, where the exploration probability decreases over time, allowing the agent to exploit more as it learns.
   - Introduce noise to the action selection process, such as using a Gaussian noise model, to encourage exploration of less frequent actions.

4. **Monitor and Adjust**:
   - Continuously monitor the agent's performance and adjust the action distribution if necessary. If the agent's performance plateaus, consider reintroducing more exploration or shifting the balance of action probabilities.

By implementing these recommendations, the agent should be able to explore the state and action space more effectively, leading to faster learning and improved performance in achieving the task goal.","```json
{
  ""action_probs"": [0.4, 0.2, 0.4]
}
```"
186,-68.37426671498774,-88.93789718953921,0.01,0.14784617722034454,N/A,N/A
187,-60.835402837369074,-62.1859150354597,0.01,0.06023949384689331,N/A,N/A
188,-63.37740455979617,-63.38313228020977,0.01,0.018235886469483376,N/A,N/A
189,-40.890240479806174,-62.431471439530256,0.01,0.14997106790542603,N/A,N/A
190,-50.584838560177005,-61.80589379564462,0.01,0.018410541117191315,"Based on the provided data, it seems that the agent is predominantly executing actions in two phases: initially pushing left (action 0) and then pushing right (action 2). This pattern suggests that the agent is attempting to build momentum by moving back and forth, which is a reasonable approach for the MountainCar-v0 environment. However, the total reward of -50.58 indicates that the agent is not yet performing optimally, as it has not reached the goal efficiently.

### Analysis:
1. **Dominant Actions**: The current action distribution is heavily skewed towards actions 0 and 2, with a noticeable absence of action 1 (No Push). This suggests that the agent might not be exploring the state space effectively, potentially missing opportunities to stabilize and control momentum.

2. **Momentum Building**: The agent is correctly attempting to build momentum by alternating between actions 0 and 2. However, the lack of action 1 might indicate that the agent is not pausing to let the car's momentum carry it further up the hill.

3. **Reward**: The total reward suggests that the agent is not yet reaching the top of the hill efficiently. This could be due to suboptimal timing in switching actions or not leveraging the car's momentum effectively.

### Recommendations:
To improve the agent's exploration strategy and facilitate faster learning, consider the following adjustments to the action distribution:

1. **Introduce Action 1 (No Push)**: Encourage the agent to occasionally use action 1 to allow the car's momentum to carry it forward without additional force. This can help in timing the swings more effectively.

2. **Balanced Exploration**: Aim for a more balanced exploration strategy by introducing a stochastic element in action selection. A recommended action distribution could be:
   - Action 0 (Push Left): 40%
   - Action 1 (No Push): 20%
   - Action 2 (Push Right): 40%

3. **Adaptive Exploration**: Implement an adaptive exploration strategy where the probability of selecting each action can change based on the car's position and velocity. For example, if the car is moving right with high velocity, increase the likelihood of action 1 to conserve momentum.

4. **Explore State-Action Space**: Encourage exploration by varying the action probabilities slightly over episodes, ensuring the agent doesn't get stuck in a local optimum.

5. **Monitor Performance**: Continuously monitor the agent's performance and adjust the exploration strategy based on progress. If the agent's reward improves, consider reducing exploration in favor of exploitation of learned strategies.

By implementing these recommendations, the agent should be able to explore the environment more effectively, leading to faster learning and improved performance in reaching the goal.","```json
{
  ""action_probs"": [0.4, 0.2, 0.4]
}
```"
191,-64.40634738436367,-89.10616343447403,0.01,0.17493513226509094,N/A,N/A
192,-39.77822061079952,-60.71765665029416,0.01,0.016607210040092468,N/A,N/A
193,-63.051609703431474,-61.255227326019806,0.01,0.016179559752345085,N/A,N/A
194,-41.847547796355286,-60.25470495875148,0.01,0.1101427674293518,N/A,N/A
195,-38.619150152024154,-61.36821909430063,0.01,0.15926513075828552,"Based on the information provided, we can observe the following:

1. **Action Distribution**: The sampled actions from the last episode show a significant bias towards action '2' (Push Right), especially in the latter part of the episode. Initially, there is a sequence of action '0' (Push Left), followed by a dominance of action '2'.

2. **Total Reward**: The total reward of -38.619 suggests the agent is not performing optimally. In MountainCar-v0, rewards are negative for each time step until the goal is reached, so a less negative reward indicates better performance.

3. **Current Strategy**: The agent appears to be trying to build momentum by pushing left initially, but it heavily favors pushing right after a certain point. This might indicate an imbalance in exploration, where the agent is not adequately exploring all possible actions.

### Recommendations for Exploration Strategy

To help the DQN agent learn faster, we should consider adjusting the exploration strategy to encourage a more balanced exploration of actions. Here are some recommendations:

1. **Balanced Action Distribution**:
   - Encourage a more uniform distribution of actions during exploration to prevent the agent from overly favoring one action. This can be done by adjusting the exploration policy to sample actions more evenly.
   - For the next 20 episodes, consider using a distribution like [0.4, 0.2, 0.4] for actions [0, 1, 2]. This encourages the agent to explore pushing left and right equally, with a smaller probability for no push.

2. **Exploration Strategy**:
   - Implement an epsilon-greedy strategy where the exploration rate (epsilon) starts high and gradually decreases over time. This allows the agent to explore more in the beginning and exploit learned policies as training progresses.
   - Consider using a decaying schedule for epsilon, such as starting at 1.0 and decaying to 0.1 over the course of 100 episodes.

3. **Reward Shaping**:
   - If possible, introduce some form of reward shaping to provide intermediate rewards for reaching certain positions or velocities. This can guide the agent towards more effective exploration by reinforcing beneficial actions.

4. **Observation of State Transitions**:
   - Analyze the state transitions more closely to understand the dynamics of the car's position and velocity. This can provide insights into whether the chosen actions are effectively building momentum.

By implementing these strategies, the agent should be able to explore the environment more effectively, leading to faster learning and improved performance in reaching the goal.","```json
{
  ""action_probs"": [0.4, 0.2, 0.4]
}
```"
196,-64.99449725815295,-59.444233176655175,0.01,0.2106071412563324,N/A,N/A
197,-65.57578151407155,-59.990380453206015,0.01,0.1753992885351181,N/A,N/A
198,-52.50774140805672,-60.051703807250384,0.01,0.25428450107574463,N/A,N/A
199,-37.24366408800768,-60.03540637191418,0.01,0.0386350043118,N/A,N/A
200,-58.35052050159179,-60.8593824131985,0.01,0.057690877467393875,"Based on the data provided, it seems that the agent's exploration strategy is heavily biased towards actions 0 (Push Left) and 2 (Push Right), with very few instances of action 1 (No Push). This imbalance could be hindering the agent's ability to learn the optimal policy effectively. Here are some observations and recommendations to improve the exploration strategy:

### Observations:
1. **Action Distribution Imbalance**: 
   - The sampled actions are predominantly 0 and 2, with action 1 being almost entirely absent. This suggests that the agent is not exploring the ""No Push"" action sufficiently, which could be beneficial in certain states to maintain momentum or stabilize the car's movement.

2. **Reward Signal**:
   - The total reward of -58.35 indicates that the agent is not yet reaching the goal efficiently. This could be due to the lack of exploration in certain parts of the state space, especially where a ""No Push"" might be the optimal action.

### Recommendations for Exploration Strategy:
1. **Balanced Action Sampling**:
   - Introduce a more balanced action distribution during exploration. A suggested distribution could be:
     - Action 0 (Push Left): 40%
     - Action 1 (No Push): 20%
     - Action 2 (Push Right): 40%
   - This distribution ensures that action 1 is explored more frequently, which might help the agent discover states where maintaining current momentum without additional force is beneficial.

2. **Adaptive Exploration**:
   - Implement an adaptive exploration strategy where the probability of choosing each action is adjusted based on the state. For example:
     - If the velocity is low and negative, increase the probability of action 2 (Push Right).
     - If the velocity is low and positive, increase the probability of action 0 (Push Left).
     - If the velocity is high, consider increasing the probability of action 1 (No Push) to maintain momentum.

3. **State-Action Exploration**:
   - Encourage exploration of different state-action pairs by implementing a mechanism like optimistic initialization or a bonus for visiting less-explored state-action pairs. This can help the agent discover beneficial actions in less frequently visited states.

4. **Decay Exploration Rate**:
   - Gradually decay the exploration rate over episodes to allow the agent to exploit learned policies more as training progresses. Start with a higher exploration rate to encourage diverse action sampling, then slowly reduce it to focus on exploiting the learned policy.

5. **Monitor and Adjust**:
   - Continuously monitor the agent's performance and adjust the action distribution as needed. If certain actions or state-action combinations are still under-explored, consider adjusting the exploration strategy accordingly.

By implementing these recommendations, the agent should be able to explore the environment more effectively, leading to faster learning and improved performance in the MountainCar-v0 task.","```json
{
  ""action_probs"": [0.4, 0.2, 0.4]
}
```"
201,-45.75499038916148,-59.35588433868618,0.01,0.01749063841998577,N/A,N/A
202,-61.44164818295893,-60.14298360303498,0.01,0.18825848400592804,N/A,N/A
203,-38.93862929964172,-59.98350616127614,0.01,0.2377486377954483,N/A,N/A
204,-40.63024393766453,-59.682395104061925,0.01,0.12849053740501404,N/A,N/A
205,-60.1277941041826,-60.469110218918146,0.01,0.02981484867632389,"Based on the provided data, the sampled actions indicate a strong bias towards action 2 (Push Right), with a lesser extent towards action 0 (Push Left), and very few instances of action 1 (No Push). This distribution suggests that the agent might be overly focused on pushing right, potentially limiting its ability to effectively explore the state space and build the necessary momentum to reach the goal.

### Analysis:
1. **Action Distribution**:
   - **Action 0 (Push Left)**: 22 instances
   - **Action 1 (No Push)**: 2 instances
   - **Action 2 (Push Right)**: 74 instances

2. **Current Strategy**:
   - The agent is predominantly choosing to push right, which may lead to suboptimal exploration, especially in the initial stages where building momentum by oscillating between left and right is crucial.

3. **Total Reward**:
   - The total reward of -60.1277941041826 indicates that the agent is not yet achieving the goal efficiently, likely due to the imbalance in action selection.

### Recommendations:
To improve exploration and help the DQN agent learn faster, consider the following action distribution strategy:

1. **Balanced Exploration**:
   - Increase the use of action 0 (Push Left) and action 1 (No Push) to encourage more balanced exploration. This can help the agent learn the dynamics of building momentum by moving back and forth.

2. **Proposed Action Distribution**:
   - **Action 0 (Push Left)**: 40%
   - **Action 1 (No Push)**: 20%
   - **Action 2 (Push Right)**: 40%

3. **Rationale**:
   - **Action 0 and 2 (Push Left and Push Right)**: By having equal probabilities for pushing left and right, the agent can better explore the environment and learn the necessary oscillations to build momentum.
   - **Action 1 (No Push)**: Introducing a moderate probability for no push can help the agent to learn when it might be beneficial to maintain its current state, which is sometimes necessary for fine-tuning its position and velocity.

4. **Adaptive Exploration**:
   - As the agent's performance improves, gradually shift towards a more greedy policy where the action selection is more influenced by the learned Q-values rather than exploration.

By implementing this more balanced exploration strategy, the agent is more likely to effectively learn the task dynamics and improve its performance over the next 20 training episodes.","```json
{
  ""action_probs"": [0.4, 0.2, 0.4]
}
```"
206,-65.37530278098174,-59.099488562661485,0.01,0.021410249173641205,N/A,N/A
207,-59.404328653376034,-59.44828799073093,0.01,0.17524057626724243,N/A,N/A
208,-65.1328847170791,-60.57247940733565,0.01,0.1824505478143692,N/A,N/A
209,-58.890685175186285,-60.27264001768613,0.01,0.07411421835422516,N/A,N/A
210,-62.13349186812827,-59.641627794616355,0.01,0.1776522547006607,"Based on the data provided, it appears that the agent is primarily exploring actions 0 (Push Left) and 2 (Push Right), with very few instances of action 1 (No Push). The total reward in the last episode is quite low at -62.13, indicating that the agent is struggling to achieve the goal efficiently.

### Analysis:
1. **Action Distribution**: 
   - The sampled actions show a heavy bias towards actions 0 and 2, with action 1 being underrepresented.
   - This suggests that the agent is trying to build momentum by alternating between pushing left and right, which is necessary for the MountainCar-v0 environment.
   - However, the lack of ""No Push"" actions could mean that the agent is not adequately exploring the potential benefits of maintaining velocity by coasting at certain points.

2. **Reward**:
   - The negative reward indicates that the agent is not reaching the goal consistently or efficiently.
   - The reward structure in MountainCar-v0 penalizes the agent for each time step until it reaches the goal, so achieving the goal faster results in higher rewards.

### Recommendations:
To improve the exploration strategy and help the DQN agent learn faster, consider the following action distribution adjustments for the next 20 training episodes:

1. **Balanced Exploration**:
   - Increase the exploration of action 1 (No Push) to allow the agent to discover situations where maintaining velocity without pushing can be beneficial. 
   - Suggested action distribution: 
     - 40% Push Left (Action 0)
     - 20% No Push (Action 1)
     - 40% Push Right (Action 2)

2. **Encourage Exploration of Diverse Strategies**:
   - Introduce a small degree of randomness or noise in the action selection process to encourage exploration of diverse strategies. This can help prevent the agent from getting stuck in suboptimal patterns.

3. **Adaptive Exploration**:
   - Consider using an epsilon-greedy strategy where the probability of choosing a random action decreases over time as the agent learns. This can help balance exploration and exploitation.

4. **Monitor Performance**:
   - Continuously monitor the agent's performance and adjust the action distribution as needed based on changes in total rewards and action patterns.

By implementing these strategies, the agent may develop a better understanding of the environment dynamics and improve its performance in reaching the goal more efficiently.","```json
{
  ""action_probs"": [0.4, 0.2, 0.4]
}
```"
211,-62.944307068715396,-59.35887364693542,0.01,0.1791314333677292,N/A,N/A
212,-59.060246024299055,-60.015607668326524,0.01,0.18986687064170837,N/A,N/A
213,-66.35754036840912,-61.04709899435917,0.01,0.17651298642158508,N/A,N/A
214,-38.87949392810863,-60.26853778844101,0.01,0.1738213151693344,N/A,N/A
215,-39.80499455342069,-59.93229285242004,0.01,0.02104763686656952,"Based on the provided data, it seems that the agent predominantly sampled the actions ""Push Left"" (0) and ""Push Right"" (2), with a significant bias towards ""Push Right"" in the latter part of the episode. The absence of ""No Push"" (1) actions suggests that the exploration strategy might be overly aggressive or unbalanced, potentially leading to suboptimal learning.

### Analysis:
1. **Action Imbalance**: The action distribution is heavily skewed towards actions 0 and 2, with no actions of type 1 being sampled. This might indicate that the agent is not exploring the state space effectively, especially in scenarios where maintaining velocity without additional force could be beneficial.

2. **Momentum Building**: The MountainCar environment requires the car to build momentum through oscillations. A lack of ""No Push"" actions might prevent the agent from learning the subtleties of maintaining momentum without continuous force application.

3. **Current Reward**: The total reward of -39.80 suggests that the agent is not yet reaching the goal efficiently, which aligns with the observed action imbalance.

### Recommendations for Exploration Strategy:

1. **Balanced Action Distribution**:
   - Encourage a more balanced sampling of actions to ensure all possible strategies are explored. A recommended distribution could be:
     - Push Left (0): 40%
     - No Push (1): 20%
     - Push Right (2): 40%

2. **Incorporate Exploration Noise**:
   - Introduce some noise or randomness in action selection to encourage exploration of less frequently used actions. This can help the agent discover more effective strategies.

3. **Adaptive Exploration**:
   - Implement an adaptive exploration strategy that adjusts the action distribution based on the agent's performance. For example, if the agent's performance improves, gradually reduce the exploration rate to allow the agent to exploit learned strategies.

4. **Monitor and Adjust**:
   - Continuously monitor the agent's performance and adjust the exploration strategy as needed. If certain actions are underrepresented, consider increasing their probability temporarily.

By adopting a more balanced and adaptive exploration strategy, the agent is likely to learn more effective strategies for building momentum and reaching the goal in the MountainCar environment.","```json
{
  ""action_probs"": [0.4, 0.2, 0.4]
}
```"
216,-61.123756203642984,-61.634240059798046,0.01,0.017001796513795853,N/A,N/A
217,-46.586332887678886,-60.937138485419396,0.01,0.5033484697341919,N/A,N/A
218,-41.97402747959299,-61.55209938063861,0.01,0.01771119236946106,N/A,N/A
219,-59.18259650422923,-62.545535522985745,0.01,0.17164504528045654,N/A,N/A
220,-57.76638894049018,-62.302629669650514,0.01,0.35393738746643066,"Based on the data provided, we can observe the following:

1. **Action Distribution**: There is a noticeable imbalance in the sampled actions. The agent predominantly uses actions 0 (Push Left) and 2 (Push Right), with very few instances of action 1 (No Push). This indicates that the agent is focusing heavily on pushing left and right, which is necessary to build momentum in the MountainCar environment. However, the lack of action 1 suggests that the agent might not be exploring states where the car's velocity could be stabilized or where a pause could be beneficial.

2. **Total Reward**: The total reward of -57.77 indicates that the agent is still struggling to reach the goal efficiently. In MountainCar, a reward closer to 0 is better, as it indicates fewer time steps taken to reach the goal.

### Recommendations for Exploration Strategy:

1. **Balanced Exploration**: Introduce a more balanced exploration strategy by adjusting the action distribution to encourage more exploration of action 1 (No Push). This can help the agent learn when it's beneficial to let the car coast and potentially reach higher positions on the hills. A suggested distribution could be:
   - Action 0 (Push Left): 40%
   - Action 1 (No Push): 20%
   - Action 2 (Push Right): 40%

2. **Exploration-Exploitation Balance**: Consider using an epsilon-greedy strategy where epsilon is initially set to a higher value (e.g., 0.2 to 0.3) to encourage exploration. Gradually decrease epsilon over the episodes to shift towards exploitation as the agent learns the environment better.

3. **Momentum Building**: Ensure that the agent is effectively building momentum. This involves alternating between pushing left and right at the right times. Encourage exploration of state-action pairs where the car is near the hill tops to learn the timing of switching actions.

4. **Reward Shaping**: If possible, implement reward shaping to provide intermediate rewards for reaching certain positions or velocities, encouraging exploration of states that contribute to building momentum.

5. **Monitor Learning Progress**: Continuously monitor the learning progress and adjust the exploration strategy based on the agent's performance. If the agent's performance plateaus, consider increasing exploration temporarily to discover new strategies.

By implementing these recommendations, the agent should be able to explore more effectively and learn a better policy for reaching the goal in the MountainCar-v0 environment.","```json
{
  ""action_probs"": [0.4, 0.2, 0.4]
}
```"
221,-39.6754000610805,-61.34383046774754,0.01,0.18608322739601135,N/A,N/A
222,-61.41481071143974,-61.0921662974139,0.01,0.3603750467300415,N/A,N/A
223,-59.18574553676882,-61.223468222921795,0.01,0.1953641027212143,N/A,N/A
224,-59.902206531685906,-61.173082360607246,0.01,0.18364317715168,N/A,N/A
225,-58.551790722885286,-84.82238879122755,0.01,0.05018911510705948,"To help the DQN agent learn more effectively in the MountainCar-v0 environment, it's important to ensure that the exploration strategy enables the agent to adequately explore the state-action space. Let's analyze the data provided and derive a strategy for exploration:

### Analysis of Current Data

1. **Total Reward**: The total reward for the last episode is -58.55, which suggests that the agent is not yet reaching the goal efficiently. In MountainCar-v0, a reward closer to zero indicates better performance.

2. **Action Distribution**: The sampled actions show a heavy bias toward actions 0 (Push Left) and 2 (Push Right), with a notable absence of action 1 (No Push). This suggests that the agent is primarily oscillating between pushing left and right, which is typical for MountainCar to build momentum. However, the lack of ""No Push"" actions might indicate that the agent is not exploring all possible actions effectively, which could be limiting the learning process.

### Recommendations for Exploration Strategy

1. **Incorporate Action 1 (No Push)**: The current action distribution lacks exploration of the ""No Push"" action. Introducing some probability of selecting action 1 can help the agent learn when it's beneficial to let the car coast, which might be optimal in certain situations to conserve momentum.

2. **Balanced Exploration Strategy**: For the next 20 training episodes, consider using a more balanced exploration strategy. You might use a softmax or epsilon-greedy approach with a non-zero probability for each action:
   - Action 0 (Push Left): 40%
   - Action 1 (No Push): 20%
   - Action 2 (Push Right): 40%

   This distribution allows for more exploration of the ""No Push"" action while maintaining the necessary exploration of left and right pushes to build momentum.

3. **Decaying Exploration Rate**: If using an epsilon-greedy strategy, ensure that the exploration rate (epsilon) decays over time. Start with a higher epsilon (e.g., 0.2) to encourage exploration and gradually decrease it to a lower value (e.g., 0.05) as the agent's performance improves.

4. **Monitor Performance**: After implementing the new exploration strategy, closely monitor the agent's performance in terms of total rewards and the distribution of actions taken. Adjust the probabilities based on observed improvements or lack thereof.

By diversifying the action selection during exploration, the agent can potentially discover more effective strategies for reaching the goal, ultimately improving its performance in the MountainCar-v0 environment.","```json
{
  ""action_probs"": [0.4, 0.2, 0.4]
}
```"
226,-62.695142326068286,-60.505885060322306,0.01,0.048351727426052094,N/A,N/A
227,-41.57065364753031,-61.42210089020515,0.01,0.20079481601715088,N/A,N/A
228,-62.35834415054039,-76.42614153711794,0.01,0.08862398564815521,N/A,N/A
229,-55.9473021293425,-94.99282095216445,0.01,0.3824004530906677,N/A,N/A
230,-61.556404480654066,-64.15278263351789,0.01,0.20168417692184448,"Based on the data provided, the agent's recent exploration strategy appears to be skewed towards action 2 (Push Right), with a significant number of consecutive actions being 2. The agent also takes a substantial number of action 0 (Push Left) and action 1 (No Push), but these are clustered together rather than being interspersed.

The total reward in the last episode is -61.556, which indicates that the agent is still struggling to efficiently reach the goal. To help the DQN agent learn faster, it's crucial to ensure a more balanced exploration strategy that allows the agent to experience diverse state-action pairs. This will help it learn the dynamics of the environment more effectively.

### Recommendations for Exploration Strategy:

1. **Balanced Action Distribution:**
   - Aim for a more balanced distribution of actions during exploration. This can be achieved by using a stochastic policy that assigns probabilities to each action. For instance, consider an initial distribution such as:
     - Action 0 (Push Left): 0.3
     - Action 1 (No Push): 0.4
     - Action 2 (Push Right): 0.3

2. **Encourage Exploration of Underrepresented Actions:**
   - Since the recent actions are heavily skewed towards action 2, encourage more frequent selection of actions 0 and 1. This will help the agent learn the importance of building momentum by moving left and right.

3. **Incorporate Exploration Noise:**
   - Introduce some randomness or noise into the action selection process to prevent the agent from getting stuck in local optima. This could be achieved through techniques like epsilon-greedy exploration, where a small percentage of actions are chosen randomly.

4. **Adaptive Exploration:**
   - Consider using an adaptive exploration strategy where the probabilities of selecting each action are adjusted based on the agent's performance. For example, if the agent is not improving, increase the exploration rate to encourage more diverse experiences.

5. **Monitor and Adjust:**
   - Continuously monitor the agent's performance and adjust the action distribution as needed. If certain actions lead to better rewards, slightly increase their probabilities to reinforce successful strategies.

By implementing these recommendations, the agent should be able to explore the state space more effectively, leading to faster learning and improved performance in the MountainCar-v0 environment.","```json
{
  ""action_probs"": [0.3, 0.4, 0.3]
}
```"
231,-78.95193972038282,-64.05559930916095,0.01,0.03259708732366562,N/A,N/A
232,-40.93812641100625,-61.134096469222904,0.01,0.19156725704669952,N/A,N/A
233,-55.778630392798895,-61.78018044494373,0.01,0.03224111348390579,N/A,N/A
234,-40.37824842748898,-60.971316218110736,0.01,0.2003515660762787,N/A,N/A
235,-56.82950301661954,-60.13556673328743,0.01,0.018516279757022858,"Based on the provided data, it appears that the current exploration strategy is heavily biased towards actions 0 (Push Left) and 2 (Push Right), with very few instances of action 1 (No Push). This is evident from the sampled actions, where actions 0 and 2 dominate, and action 1 appears only twice in the entire sequence.

### Analysis:

1. **Action Distribution**:
   - Action 0 (Push Left): Predominant at the beginning and scattered throughout.
   - Action 2 (Push Right): Predominant in the middle and towards the end.
   - Action 1 (No Push): Rarely chosen.

2. **Current Performance**:
   - The total reward of -56.83 suggests that the agent is not yet efficiently solving the task. The goal in MountainCar-v0 is to reach the flag, which typically requires the agent to swing back and forth to build momentum.

3. **Potential Issues**:
   - The lack of action 1 (No Push) might be limiting the agent's ability to explore states where the car maintains its velocity without additional input, which can be crucial for timing the swings and building momentum effectively.

### Recommendations:

To improve the exploration strategy and help the DQN agent learn faster, consider implementing a more balanced action distribution. Here’s a suggested approach:

1. **Balanced Exploration**:
   - **Action 0 (Push Left)**: 40%
   - **Action 1 (No Push)**: 20%
   - **Action 2 (Push Right)**: 40%

   This distribution ensures that the agent has more opportunities to explore the effects of maintaining velocity (action 1) while still focusing on the primary actions needed to build momentum (actions 0 and 2).

2. **Adaptive Exploration**:
   - Consider using an epsilon-greedy strategy where epsilon decreases over time. Initially, the agent explores more (higher epsilon), and as it learns, it exploits its knowledge more (lower epsilon). This can be adapted to favor the above distribution during exploration phases.

3. **Reward Shaping**:
   - If not already implemented, consider providing intermediate rewards for reaching certain positions or velocities. This can guide the agent towards more effective exploration strategies.

4. **Monitor Learning**:
   - Continuously monitor the agent's performance and adjust the action distribution if necessary. If the agent starts showing improvement, further fine-tuning might be required to maintain momentum in learning.

By adjusting the exploration strategy to include more instances of action 1 and balancing the overall action distribution, the agent should be better equipped to discover effective policies for solving the MountainCar-v0 task.","```json
{
  ""action_probs"": [0.4, 0.2, 0.4]
}
```"
236,-59.467985976041675,-60.909748192734604,0.01,0.021949267014861107,N/A,N/A
237,-62.852440500910014,-59.4516856161182,0.01,0.22715122997760773,N/A,N/A
238,-47.76051481908985,-60.042427482712455,0.01,0.024374309927225113,N/A,N/A
239,-59.744684135458144,-62.97396613796708,0.01,0.02637231908738613,N/A,N/A
240,-62.20645677231158,-60.89276452179787,0.01,0.04497284069657326,"To help the DQN agent learn faster in the MountainCar-v0 environment, let's analyze the provided data and suggest an exploration strategy that might improve learning efficiency.

### Analysis of the Current Situation:

1. **Action Distribution**:
   - The sampled actions indicate a significant bias towards actions 0 (Push Left) and 2 (Push Right), with no instances of action 1 (No Push).
   - Specifically, there are 35 instances of action 0, 0 instances of action 1, and 63 instances of action 2.

2. **Reward**:
   - The total reward of -62.21 is relatively high (less negative) compared to the typical reward range in MountainCar-v0, indicating some progress but still far from optimal.

3. **Current Strategy**:
   - The agent seems to be oscillating between pushing left and right, which is necessary to build momentum but lacks exploration of the ""No Push"" action.

### Recommendations for Exploration Strategy:

To improve the learning efficiency of the DQN agent, consider the following exploration action distribution:

1. **Balanced Exploration**:
   - Encourage exploration of all actions, including the ""No Push"" action, which is currently being neglected. This can help the agent learn the dynamics of the environment better.
   - Proposed action probability distribution:
     - Action 0 (Push Left): 35%
     - Action 1 (No Push): 30%
     - Action 2 (Push Right): 35%

2. **Incorporate Exploration Noise**:
   - Introduce some randomness or noise in the action selection process to allow the agent to explore less frequently chosen actions. This can be achieved by using an epsilon-greedy strategy with a relatively high epsilon value (e.g., 0.2 to 0.3) during these exploration episodes.

3. **Decay Exploration Over Time**:
   - Gradually reduce exploration (epsilon decay) as the agent learns more about the environment. This helps in transitioning from exploration to exploitation as the agent's policy improves.

4. **Monitor Performance**:
   - Continuously monitor the performance and adjust the action distribution based on the observed learning rate and reward improvements. If the agent starts to achieve higher rewards, consider reducing exploration to allow for more exploitation of learned policies.

By adopting a more balanced and exploratory approach, the agent is more likely to discover effective strategies for building momentum and reaching the goal more efficiently.","```json
{
  ""action_probs"": [0.35, 0.3, 0.35]
}
```"
241,-57.31704708064831,-61.30620241236088,0.01,0.1804071068763733,N/A,N/A
242,-61.637459877734145,-60.33483229621877,0.01,0.5344374775886536,N/A,N/A
243,-56.878995745120186,-60.97524921068024,0.01,0.01382645033299923,N/A,N/A
244,-59.246555777619186,-59.31727320633115,0.01,0.18197260797023773,N/A,N/A
245,-43.2024147446151,-60.33539485166307,0.01,0.028475793078541756,"Based on the provided data, we can observe the following:

1. **Total Reward**: The total reward in the last episode is -43.202, which indicates the agent is not performing optimally. In MountainCar-v0, the reward is -1 for each time step until the goal is reached, so a higher negative reward suggests the agent is taking many steps without successfully reaching the goal.

2. **Action Distribution**: The sampled actions show a significant bias towards action 2 (""Push Right"") after an initial sequence of action 0 (""Push Left""). There are no instances of action 1 (""No Push"") in the sampled actions.

### Recommendations:

To improve exploration and help the DQN agent learn more effectively, consider the following strategy adjustments:

1. **Balanced Exploration**:
   - Introduce a more balanced action distribution during exploration. The current pattern of actions shows a heavy bias towards pushing right after an initial left push. This may limit the agent's ability to explore different state-action pairs effectively.
   - Suggested action probability distribution: 
     - Action 0 (""Push Left""): 40%
     - Action 1 (""No Push""): 20%
     - Action 2 (""Push Right""): 40%

   This distribution encourages more diverse exploration and allows the agent to experience a wider range of state transitions.

2. **Incorporate Stochasticity**:
   - Incorporate some randomness in action selection to prevent the agent from getting stuck in local minima. This can be achieved by using an epsilon-greedy strategy where a small percentage of actions are selected randomly.

3. **Monitor State Transitions**:
   - Pay attention to the states where the agent tends to get stuck or fails to generate momentum. Adjust exploration strategies in these regions to encourage better momentum building.

4. **Adaptive Exploration**:
   - Consider using an adaptive exploration strategy where the action distribution can change based on the agent's performance. If the agent shows improvement, gradually shift towards more exploitation, but maintain a level of exploration to continue discovering potentially better strategies.

By implementing these strategies, the agent should be able to explore the environment more effectively, potentially leading to improved learning and better performance in reaching the goal.","```json
{
  ""action_probs"": [0.4, 0.2, 0.4]
}
```"
246,-49.84105136236178,-60.262008206458994,0.01,0.35666972398757935,N/A,N/A
247,-37.8742643898486,-61.78412463906092,0.01,0.18333779275417328,N/A,N/A
248,-59.814609073661266,-59.524281234623935,0.01,0.1802142709493637,N/A,N/A
249,-57.49846095542555,-58.76708566381426,0.01,0.35709598660469055,N/A,N/A
250,-56.30561411010234,-59.225788567482276,0.01,0.3547363877296448,"Based on the provided data, we can observe the following:

1. **Action Distribution**: The sampled actions show a heavy bias towards action `0` (Push Left) and action `2` (Push Right), with very few instances of action `1` (No Push). This suggests that the agent is primarily exploring actions that push the car either left or right, with little exploration of maintaining the current state.

2. **Performance**: The total reward in the last episode is -56.31, which indicates that the agent is not yet performing optimally. In the MountainCar-v0 environment, a total reward closer to zero is better, as it indicates fewer time steps to reach the goal.

### Recommendations for Exploration Strategy:

1. **Balanced Exploration**: To improve the learning process, it might be beneficial to ensure a more balanced exploration of actions. Since actions `0` and `2` are already being explored extensively, consider increasing the exploration of action `1` (No Push). This can help the agent better understand when it might be beneficial to maintain its current velocity without accelerating in either direction.

2. **Exploration Action Distribution**: For the next 20 training episodes, consider using an exploration strategy that slightly increases the probability of choosing action `1`. A potential distribution could be:
   - Action `0` (Push Left): 40%
   - Action `1` (No Push): 30%
   - Action `2` (Push Right): 30%

3. **Adaptive Exploration**: Implement an adaptive exploration strategy where the probabilities of selecting each action change based on the agent's performance. If the agent starts improving, gradually shift towards a more exploitative policy that favors actions with higher expected returns.

4. **Monitor and Adjust**: Continuously monitor the agent’s performance and adjust the exploration strategy as needed. If the agent starts to show significant improvement, you can gradually decrease exploration to allow the agent to exploit its learned policy more effectively.

By adopting a more balanced exploration strategy, the agent may gain a more comprehensive understanding of the environment dynamics, potentially leading to faster learning and improved performance in reaching the goal.","```json
{
  ""action_probs"": [0.4, 0.3, 0.3]
}
```"
