episode,train_return,eval_return,epsilon,loss,llm1_full_response,llm2_full_response
1,-126.01994398915346,-118.68975348742913,0.9835,nan,N/A,N/A
2,-132.11563333985762,-118.68975348742913,0.967,nan,N/A,N/A
3,-135.18657376073028,-119.2006200191845,0.9505,0.0014433925971388817,N/A,N/A
4,-132.28817076977828,-124.66059469398934,0.9339999999999999,0.00038484344258904457,N/A,N/A
5,-124.64078343680148,-134.37407913125722,0.9175,0.00043884888873435557,"To help the DQN agent learn faster in the MountainCar-v0 environment, we need to analyze the sampled actions and the current performance. The goal is to adjust the exploration strategy to ensure that the agent experiences a diverse set of states and actions, which should lead to better learning outcomes.

### Analysis of Sampled Actions
The sampled actions from the last episode are as follows:
- Push Left (0): 47 times
- No Push (1): 25 times
- Push Right (2): 32 times

This distribution indicates a slight preference towards pushing left, but it seems relatively balanced between left and right pushes, with fewer ""No Push"" actions.

### Current Performance
The total reward in the last episode was -124.64, which indicates that the agent is still far from reaching the goal efficiently. In MountainCar-v0, the reward is maximized when the agent reaches the flag in fewer steps, so a reward closer to -200 indicates that the agent is struggling.

### Recommendations for Exploration Strategy
1. **Increased Exploration of 'Push Right':**
   - Given that the ultimate goal is to reach the flag on the right hill, ensuring that the agent explores the effects of the ""Push Right"" action more could be beneficial. This can help the agent learn how to effectively build momentum to climb the right hill.

2. **Balanced Exploration:**
   - Maintaining a balance between ""Push Left"" and ""Push Right"" is crucial. The agent needs to learn how to oscillate effectively to gain enough momentum.

3. **Reduced 'No Push' Actions:**
   - The ""No Push"" action is generally less useful in this environment, as continuous movement is needed to build momentum. Reducing its frequency might help the agent focus on actions that contribute more directly to the goal.

### Proposed Exploration Action Distribution
Based on the above analysis, I recommend the following exploration action distribution for the next 20 episodes:
- Push Left (0): 35%
- No Push (1): 15%
- Push Right (2): 50%

This distribution emphasizes the ""Push Right"" action while still allowing for adequate exploration of ""Push Left"" to build the necessary momentum. The reduced focus on ""No Push"" should help the agent maintain momentum and explore more effective strategies for reaching the goal.

### Additional Considerations
- **Adaptive Exploration:** Consider using an adaptive exploration strategy, such as epsilon-greedy with a decaying epsilon, to gradually shift from exploration to exploitation as the agent learns.
- **Reward Shaping:** If not already implemented, consider reward shaping to provide intermediate rewards for reaching certain positions, which can guide the agent more effectively toward the goal.
- **Visualization:** Continuously visualize the agent's trajectory and actions to qualitatively assess if the exploration strategy is leading to improved learning.","```json
{
  ""action_probs"": [0.35, 0.15, 0.5]
}
```"
6,-137.2795338030986,-113.32404306913534,0.901,0.00031036933069117367,N/A,N/A
7,-137.88479381045698,-123.33431878725246,0.8845,0.0002715988957788795,N/A,N/A
8,-124.05929461280387,-124.41427863282718,0.868,0.00029229591018520296,N/A,N/A
9,-132.62439068322385,-111.76644804587804,0.8515,0.0002396698109805584,N/A,N/A
10,-136.40541795493087,-134.41223749949253,0.835,0.00035704131005331874,"In the MountainCar-v0 environment, the goal is to reach the flag at the top of the right hill. The car's engine is weak, so it requires building momentum by oscillating between the left and right hills. The challenge is to effectively explore the state-action space to learn a policy that achieves this efficiently.

### Analysis of the Current Exploration Strategy:

1. **Action Distribution**:
   - The sampled actions show a distribution where action 2 (Push Right) is the most frequently taken action, followed by action 0 (Push Left), and then action 1 (No Push).
   - This suggests a bias towards pushing right, which might not be optimal for building sufficient momentum.

2. **Total Reward**:
   - A total reward of -136.4 indicates that the car is not reaching the goal efficiently. The closer the reward is to 0, the better the performance, as reaching the goal in fewer steps results in a higher reward.

3. **Pattern Observation**:
   - There are sequences of actions that repeat, such as multiple consecutive pushes to the right. This might be limiting the exploration of other potentially valuable state-action pairs.

### Recommendations for Exploration Strategy:

1. **Balanced Action Distribution**:
   - Adjust the exploration strategy to ensure a more balanced distribution of actions. This can help in exploring the state space more uniformly and avoid getting stuck in suboptimal behaviors.
   - Suggested action probabilities during exploration:
     - Action 0 (Push Left): 35%
     - Action 1 (No Push): 25%
     - Action 2 (Push Right): 40%

2. **Encourage Momentum Building**:
   - Since the car needs to build momentum by moving back and forth, slightly favoring actions that alternate between left and right could be beneficial. This can be achieved by ensuring that the policy does not overly favor one direction.

3. **Incorporate State Information**:
   - If possible, incorporate state information into the exploration strategy. For instance, if the velocity is negative (moving left), there might be a higher probability of choosing action 2 (Push Right) to build momentum, and vice versa.

4. **Adaptive Exploration**:
   - Implement an adaptive exploration strategy where the action probabilities are adjusted based on the current state of learning. If certain actions consistently lead to higher rewards, their probabilities could be gradually increased.

5. **Monitor and Adjust**:
   - Continuously monitor the performance in terms of total reward and adjust the exploration strategy as needed. If the reward does not improve, consider further adjustments to the action probabilities or exploration strategy.

By implementing these recommendations, the agent should be able to explore the environment more effectively, leading to faster learning and improved performance in the MountainCar-v0 task.","```json
{
  ""action_probs"": [0.35, 0.25, 0.4]
}
```"
11,-130.6559795658981,-118.07192567412001,0.8185,0.000328999973135069,N/A,N/A
12,-132.40091803404337,-122.83245033346638,0.802,0.00022118033666629344,N/A,N/A
13,-137.02815799053337,-122.75113008696476,0.7855,0.0004212991916574538,N/A,N/A
14,-129.85792002839736,-116.81860603440032,0.769,0.0003576614544726908,N/A,N/A
15,-122.85340715717798,-115.06667948810352,0.7525,0.00040151883149519563,"To help the DQN agent learn faster in the MountainCar-v0 environment, we need to consider an exploration strategy that encourages effective exploration of the state-action space. Given the current data, let's analyze the sampled actions and the total reward received.

### Analysis of Sampled Actions:
- **Action Distribution:**
  - Push Left (0): 41 times
  - No Push (1): 20 times
  - Push Right (2): 39 times

- **Observations:**
  - The actions are relatively balanced between ""Push Left"" and ""Push Right,"" which is beneficial as the car needs to build momentum by swinging back and forth.
  - The ""No Push"" action is less frequent, which is expected since it doesn't help in building momentum.

### Total Reward:
- The total reward of -122.85 indicates that the agent is not yet reaching the goal efficiently and needs more exploration to improve its policy.

### Recommendations for Exploration Strategy:
1. **Balanced Exploration:**
   - Maintain a balanced exploration strategy between ""Push Left"" and ""Push Right"" actions, as these are crucial for building the necessary momentum. Ensure that these actions are sampled frequently during exploration.

2. **Increased Exploration of ""No Push"" Action:**
   - Slightly increase the exploration of the ""No Push"" action. While not directly contributing to momentum, it can be useful in specific scenarios where the car is at a peak and needs to pause before reversing direction.

3. **Exploration Strategy:**
   - Use an epsilon-greedy strategy with a decaying epsilon to ensure initial exploration followed by exploitation. This helps the agent explore various strategies before settling on the most effective one.
   - Consider using a softmax or Boltzmann exploration strategy to allow for more nuanced action selection based on the estimated action values.

4. **Action Distribution for Next 20 Episodes:**
   - Push Left (0): 35%
   - No Push (1): 30%
   - Push Right (2): 35%

   This distribution encourages exploration of all actions while maintaining a focus on building momentum through ""Push Left"" and ""Push Right.""

5. **Monitor and Adjust:**
   - Continuously monitor the agent's performance and adjust the exploration strategy if necessary. If the agent starts to converge towards better policies, gradually shift towards more exploitation.

By implementing these recommendations, the DQN agent should be able to explore the state-action space more effectively, leading to faster learning and improved performance in achieving the goal of reaching the flag on the right hill.","```json
{
  ""action_probs"": [0.35, 0.3, 0.35]
}
```"
16,-129.83784431859505,-115.67749512206633,0.736,0.0005026064463891089,N/A,N/A
17,-134.10132691750835,-115.91065620724473,0.7195,0.000336670083925128,N/A,N/A
18,-127.61059076189905,-115.06667948810352,0.7030000000000001,0.000628991168923676,N/A,N/A
19,-99.0960391005568,-115.06667948810352,0.6865,0.0009677731432020664,N/A,N/A
20,-128.55526584495914,-115.06667948810352,0.67,0.0011472339974716306,"To help the DQN agent learn faster in the MountainCar-v0 environment, it's important to focus on an exploration strategy that encourages the agent to effectively build momentum by oscillating between the left and right sides of the valley. Let's analyze the provided data and then recommend a strategy for exploration.

### Analysis:
1. **Total Reward**: The total reward of -128.56 indicates that the agent is not yet effectively reaching the goal. Since the episode length is capped at 200 steps, this reward suggests the agent is not consistently reaching the flag.

2. **Action Distribution**:
   - **Push Right (2)**: 30 times
   - **No Push (1)**: 13 times
   - **Push Left (0)**: 57 times

   The sampled actions show a higher frequency of ""Push Left"" actions, which might be causing the agent to spend too much time moving left without effectively building the necessary momentum to the right.

### Recommendations:
1. **Balanced Exploration**: Encourage a more balanced exploration between ""Push Left"" and ""Push Right"" to help the agent build momentum effectively. The agent needs to oscillate between these actions to gain enough speed to reach the flag.

2. **Exploration Strategy**:
   - **Action Bias**: Consider a slight bias towards ""Push Right"" (2) to counterbalance the current tendency towards ""Push Left"" (0). This can be achieved by modifying the exploration distribution.
   - **Suggested Distribution**: 
     - ""Push Left"" (0): 40%
     - ""No Push"" (1): 10%
     - ""Push Right"" (2): 50%

3. **Exploration Noise**: Introduce some stochasticity in the action selection to prevent the agent from getting stuck in suboptimal repetitive patterns. This can be achieved by adding a small random noise to the action probabilities.

4. **Adaptive Exploration**: As the agent's performance improves, gradually reduce exploration in favor of exploitation by slowly decreasing the exploration rate (e.g., epsilon in epsilon-greedy strategies).

By implementing these strategies, the agent should be better positioned to explore the state space more effectively and learn a policy that allows it to reach the goal more consistently.","```json
{
  ""action_probs"": [0.4, 0.1, 0.5]
}
```"
21,-134.22752109999053,-115.06667948810352,0.6535,0.0009306555148214102,N/A,N/A
22,-125.8718003114469,-115.06667948810352,0.637,0.0009152684942819178,N/A,N/A
23,-131.82797254090704,-114.84596677441543,0.6205,0.0012627688702195883,N/A,N/A
24,-110.31493428498344,-115.06667948810352,0.604,0.0022505808155983686,N/A,N/A
25,-129.15002558743294,-115.06667948810352,0.5874999999999999,0.0014460546663030982,"Based on the data provided, the goal is to help the DQN agent learn faster in the MountainCar-v0 environment by recommending an effective exploration action distribution. Let's analyze the current situation and provide strategy recommendations:

### Analysis:

1. **Action Distribution**:
   - From the sampled actions, the distribution is as follows:
     - Action 0 (Push Left): 52 times
     - Action 1 (No Push): 5 times
     - Action 2 (Push Right): 43 times
   - The current exploration strategy seems to favor pushing left (action 0) slightly more than pushing right (action 2), with very few instances of no push (action 1).

2. **Total Reward**:
   - The total reward in the last episode is -129.15, which indicates that the car is not reaching the goal efficiently. In MountainCar-v0, the reward is typically -1 for each time step until the goal is reached, so a higher (less negative) reward would indicate better performance.

3. **Momentum Building**:
   - The MountainCar-v0 task requires the car to build momentum by moving back and forth. This means that an effective exploration strategy should encourage actions that help the car gain enough speed to reach the hilltop.

### Recommendations:

1. **Balanced Exploration**:
   - Increase the diversity of actions by balancing the action distribution. While it is important to have a slight preference for pushing actions (0 and 2) to build momentum, the agent should also explore the ""No Push"" action (1) more frequently to understand its impact on velocity and position.
   - Suggested Action Distribution:
     - Action 0 (Push Left): 40%
     - Action 1 (No Push): 20%
     - Action 2 (Push Right): 40%

2. **Adaptive Exploration**:
   - Implement an adaptive exploration strategy where the exploration probability changes based on certain criteria, such as the agent's performance or the number of episodes. Start with higher exploration and gradually decrease it as the agent learns.

3. **Incorporate State Information**:
   - Encourage the agent to explore different actions based on state information, such as position and velocity. For instance, when the car is moving left with high velocity, it might be beneficial to push right to increase momentum.

4. **Reward Shaping**:
   - Although not directly related to action distribution, consider using reward shaping to provide additional incentives for reaching certain positions or velocities, which can guide the agent's exploration more effectively.

5. **Monitor Progress**:
   - Continuously monitor the agent's performance and adjust the exploration strategy as needed. If the total reward improves, continue with the current strategy; if not, consider further adjustments.

By implementing these recommendations, the agent should be able to explore more effectively and learn to solve the MountainCar-v0 task more efficiently.","```json
{
  ""action_probs"": [0.4, 0.2, 0.4]
}
```"
26,-130.81036656896214,-114.02569870263133,0.571,0.004615620709955692,N/A,N/A
27,-124.27055785880611,-109.48388476470464,0.5545,0.0026091786567121744,N/A,N/A
28,-118.30737619067948,-115.06667948810352,0.538,0.001986605813726783,N/A,N/A
29,-124.22530910180978,-113.2018513847087,0.5215000000000001,0.003891018219292164,N/A,N/A
30,-121.54669436802044,-110.50973076804269,0.505,0.002730699023231864,"To help the DQN agent learn faster in the MountainCar-v0 environment, it is crucial to design an exploration strategy that encourages the agent to discover effective behaviors for building momentum and reaching the goal. Let's analyze the provided data and suggest an exploration action distribution.

### Analysis of Sampled Actions
- **Action Distribution**: 
  - Action 0 (Push Left): 42 times
  - Action 1 (No Push): 12 times
  - Action 2 (Push Right): 46 times

- **Current Strategy**: The current exploration seems to have a slight preference towards pushing right (Action 2) and pushing left (Action 0), with a lower frequency of no push (Action 1).

### Recommendations for Exploration Strategy
1. **Balanced Exploration**: The current strategy is slightly biased towards pushing right. To ensure that the agent explores a wider range of state-action pairs, we should aim for a more balanced distribution between pushing left and right. This can help the agent better learn how to build momentum by oscillating between the left and right sides.

2. **Increased Use of 'No Push'**: The ""No Push"" action is underrepresented in the current exploration. While it might seem less effective, using it strategically can help the agent learn when to conserve momentum gained from previous actions. Increasing its frequency slightly could lead to more diverse state transitions and potentially uncover beneficial behaviors.

3. **Proposed Action Distribution**:
   - Action 0 (Push Left): 40%
   - Action 1 (No Push): 20%
   - Action 2 (Push Right): 40%

### Rationale
- **Push Left and Push Right**: By maintaining an equal distribution of 40% for actions 0 and 2, the agent can explore building momentum effectively by oscillating between the two hills.
- **No Push**: Increasing the ""No Push"" action to 20% allows the agent to learn about the impact of maintaining velocity without additional force, which is crucial for optimizing the transition between hills.

### Implementation Strategy
- **Epsilon-Greedy with Biased Sampling**: Implement epsilon-greedy exploration where, during exploration, actions are sampled according to the proposed distribution, while still allowing for random exploration to avoid local optima.
- **Adaptive Exploration**: Monitor the learning progress and adjust the distribution based on performance metrics. If the agent starts achieving higher rewards, gradually reduce exploration to allow exploitation of learned policies.

By following these recommendations, the agent should be able to explore more effectively, leading to faster learning and better performance in reaching the goal.","```json
{
  ""action_probs"": [0.4, 0.2, 0.4]
}
```"
31,-101.16824804254568,-113.8935497716891,0.48849999999999993,0.0023909586016088724,N/A,N/A
32,-96.32381879611648,-113.36934303621365,0.472,0.00431651808321476,N/A,N/A
33,-113.62241128692897,-110.8830884380659,0.4555,0.0028215611819177866,N/A,N/A
34,-126.38280257224737,-110.43698459751167,0.43900000000000006,0.007528533227741718,N/A,N/A
35,-126.37768192444145,-113.2414487044141,0.4225,0.004322321154177189,"To help the DQN agent learn more effectively in the MountainCar-v0 environment, let's analyze the provided data and recommend an exploration action distribution strategy.

### Analysis of Current Action Distribution

From the sampled actions list provided:
- Action 0 (Push Left): 63 occurrences
- Action 1 (No Push): 13 occurrences
- Action 2 (Push Right): 24 occurrences

The current distribution suggests a heavy bias towards Action 0 (Push Left), which might not be optimal for effective exploration and momentum building.

### Exploration Strategy Recommendations

1. **Balanced Exploration**: Given the nature of the task, the agent needs to build momentum by effectively using both left and right pushes. The current distribution shows a significant bias towards pushing left. A more balanced exploration strategy could be beneficial. Consider the following distribution for exploration:
   - Action 0 (Push Left): 40%
   - Action 1 (No Push): 20%
   - Action 2 (Push Right): 40%

2. **Incorporate Action 1 (No Push)**: The current exploration has a low frequency of Action 1 (No Push). Increasing the occurrence of this action could allow the agent to better evaluate its impact on the car's momentum and position, especially when at the peak of a hill.

3. **Momentum Building**: Encourage the agent to alternate between pushing left and right more frequently. This can be achieved by slightly increasing the probability of Action 2 (Push Right) to match Action 0 (Push Left), facilitating momentum building.

4. **Adaptive Exploration**: Consider using an adaptive exploration strategy where the distribution can change based on the agent's performance. For instance, if the agent is not reaching higher positions, slightly increase the probability of actions that push the car in the opposite direction to its current velocity.

5. **Reward Shaping**: Although not directly related to action distribution, consider implementing reward shaping to provide intermediate rewards for reaching higher positions, which can guide the agent towards effective exploration strategies.

By implementing a more balanced action distribution and considering adaptive strategies, the agent should be able to explore the environment more effectively, potentially leading to faster learning and improved performance in reaching the goal.","```json
{
  ""action_probs"": [0.4, 0.2, 0.4]
}
```"
36,-99.91977731339867,-113.04908380892853,0.406,0.005133509635925293,N/A,N/A
37,-99.16660107092096,-111.53005555227178,0.38949999999999996,0.00717853382229805,N/A,N/A
38,-98.85893239880184,-107.52104365713471,0.373,0.006202039308845997,N/A,N/A
39,-125.08495425125149,-107.84535421099318,0.35650000000000004,0.008885141462087631,N/A,N/A
40,-118.7781787623155,-101.68280139072685,0.3400000000000001,0.01030392199754715,"To help the DQN agent learn more efficiently in the MountainCar-v0 environment, we need to focus on an exploration strategy that encourages the agent to effectively build momentum by oscillating between the left and right actions. Let's analyze the provided data and propose a suitable exploration action distribution:

### Analysis of Sampled Actions:
The sampled actions from the last episode are as follows:
- **Push Left (0):** 56 times
- **No Push (1):** 10 times
- **Push Right (2):** 34 times

### Observations:
1. **Dominance of Action 0:** The action ""Push Left"" is predominant, occurring 56 times. This suggests the agent is often trying to move left, which is essential initially to build momentum.
2. **Moderate Use of Action 2:** ""Push Right"" is used 34 times, indicating attempts to climb the right hill. However, this may not be sufficient to gain the necessary momentum.
3. **Limited Use of Action 1:** ""No Push"" is used only 10 times. While this action can be useful in certain states to maintain momentum, overuse can stall progress.

### Recommendations for Exploration Strategy:
To improve the learning process, consider adjusting the exploration action distribution to encourage more balanced momentum building. Here's a proposed action distribution for exploration:

1. **Push Left (0): 40%**  
   - Encourage the agent to move left to build initial momentum, but reduce the frequency slightly from the current strategy to allow more rightward pushes.

2. **No Push (1): 10%**  
   - Maintain a low frequency for ""No Push"" as it can be useful in specific states but should not dominate exploration.

3. **Push Right (2): 50%**  
   - Increase the frequency of ""Push Right"" to help the agent develop the ability to climb the right hill more effectively. This is crucial for reaching the goal.

### Rationale:
- **Balanced Momentum Building:** By slightly reducing ""Push Left"" and increasing ""Push Right,"" the agent can better oscillate between hills, building the necessary momentum to reach the goal.
- **Encouragement of Exploration:** A higher frequency of ""Push Right"" encourages the agent to explore rightward movements more aggressively, which is essential for solving the task.
- **Maintaining Essential Actions:** Keeping ""No Push"" at a low frequency ensures that the agent still considers this action without it dominating the exploration process.

By adopting this exploration distribution, the DQN agent should be better positioned to learn the necessary strategies for successfully navigating the MountainCar-v0 environment.","```json
{
  ""action_probs"": [0.4, 0.1, 0.5]
}
```"
41,-94.67219209128203,-101.65181506736258,0.3235,0.005738424137234688,N/A,N/A
42,-110.31262237280106,-96.63600138240571,0.30700000000000005,0.008287403732538223,N/A,N/A
43,-115.32085540311127,-89.10921549115592,0.2905,0.008288312703371048,N/A,N/A
44,-111.01998085473898,-87.13755920295748,0.274,0.008108689449727535,N/A,N/A
45,-124.86550374245016,-84.05495070026129,0.25750000000000006,0.00825587660074234,"Based on the provided data, the agent primarily sampled the ""Push Left"" action (action 0) during the last episode. This action was chosen significantly more often than the others, with very few ""No Push"" (action 1) and ""Push Right"" (action 2) actions being taken. This distribution indicates a potential imbalance in exploration, which might not be optimal for learning an effective policy in the MountainCar-v0 environment.

### Analysis:
1. **Action Imbalance**: The overwhelming preference for action 0 suggests that the agent might not be exploring the state space effectively. This could lead to suboptimal learning because the agent might not be experiencing the full range of state-action pairs necessary for building momentum to reach the goal.

2. **Total Reward**: The total reward of -124.87 suggests that the agent is not yet performing well in the environment, as lower rewards indicate the agent is taking longer to reach the goal or failing to reach it altogether.

### Recommendations for Exploration Strategy:
To improve exploration and help the DQN agent learn faster, consider adjusting the action distribution during exploration. Here are some strategies:

1. **Balanced Action Sampling**:
   - Aim for a more balanced distribution of actions during exploration. This can be achieved by using a uniform distribution over the actions, especially during the early stages of training. This ensures that the agent experiences different state-action pairs.
   - Suggested action probabilities: 
     - Action 0 (Push Left): 33%
     - Action 1 (No Push): 33%
     - Action 2 (Push Right): 34%

2. **Epsilon-Greedy Strategy with Increased Exploration**:
   - Implement an epsilon-greedy strategy with a higher epsilon value for exploration. This means the agent will choose a random action more frequently, helping it to explore different actions more evenly.
   - Start with a high epsilon (e.g., 0.5) and gradually decay it over time as the agent learns.

3. **Encourage Momentum Building**:
   - Specifically encourage actions that build momentum, such as alternating between ""Push Left"" and ""Push Right"", which are crucial for success in MountainCar-v0.
   - You can introduce a heuristic that increases the probability of switching actions if the velocity is low or if the car is positioned near the bottom of the valley.

4. **Reward Shaping**:
   - Although not directly related to action distribution, consider reward shaping to provide intermediate rewards for building momentum or reaching certain positions. This can guide the agent towards more effective exploration.

By implementing these strategies, the agent should be better equipped to explore the environment effectively, leading to faster learning and improved performance in reaching the goal.","```json
{
  ""action_probs"": [0.33, 0.33, 0.34]
}
```"
46,-72.16303771703971,-75.45995072330135,0.24331000000000003,0.012616356834769249,N/A,N/A
47,-74.07080140928655,-74.25532972979518,0.22945000000000004,0.019828610122203827,N/A,N/A
48,-68.05629330522913,-64.64721737110825,0.21616750000000007,0.01033221185207367,N/A,N/A
49,-80.59898321186361,-66.82774394385001,0.20172999999999996,0.012712666764855385,N/A,N/A
50,-65.19041869936088,-64.19005852063756,0.188365,0.015002254396677017,"To help the DQN agent learn faster in the MountainCar-v0 environment, we need to focus on optimizing the exploration strategy. The goal is to ensure that the agent explores the state space effectively, building momentum to reach the flag on the right hill. Here's a detailed analysis and strategy recommendation based on the provided data:

### Analysis:

1. **Current Action Distribution**: 
   - The sampled actions from the last episode are predominantly ""Push Right"" (action 2), with occasional ""Push Left"" (action 0) and very few ""No Push"" (action 1).
   - This suggests a bias towards pushing right, which might not be optimal for building the necessary momentum.

2. **Reward**:
   - The total reward of -65.19 indicates that the agent is not yet reaching the goal efficiently. This reflects the need for a better exploration strategy to effectively navigate the environment.

3. **Momentum Building**:
   - In MountainCar-v0, the car needs to oscillate between the left and right hills to gather enough momentum to reach the goal. This requires a balanced exploration of both ""Push Left"" and ""Push Right"" actions.

### Strategy Recommendations:

1. **Balanced Action Distribution**:
   - Adjust the action distribution to encourage more balanced exploration between ""Push Left"" and ""Push Right"". This can help the agent better understand the dynamics of momentum building.

2. **Exploration Distribution**:
   - Consider using an exploration strategy with the following action distribution for the next 20 episodes:
     - ""Push Left"" (action 0): 40%
     - ""No Push"" (action 1): 20%
     - ""Push Right"" (action 2): 40%
   - This distribution aims to ensure that the agent explores both directions adequately while still allowing for some ""No Push"" actions to stabilize and assess the current state.

3. **Adaptive Exploration**:
   - Implement an adaptive exploration strategy that gradually shifts the action distribution based on the agent's performance. For instance, if the agent starts achieving higher rewards, slightly reduce exploration in favor of exploiting learned policies.

4. **Observation and Adjustment**:
   - After implementing the new exploration strategy, closely monitor the agent's performance over the next 20 episodes. Adjust the action distribution if necessary, based on observed improvements or persistent challenges.

5. **Incorporate State-Dependent Exploration**:
   - If feasible, incorporate a state-dependent exploration mechanism where the choice of action can be influenced by the car's current position and velocity. This can help tailor the exploration to the specific needs of different parts of the state space.

By adopting a more balanced and adaptive exploration strategy, the DQN agent should be able to learn the optimal policy for achieving the goal more efficiently in the MountainCar-v0 environment.","```json
{
  ""action_probs"": [0.4, 0.2, 0.4]
}
```"
51,-73.98497419931735,-67.49144407725392,0.17483499999999996,0.02299436368048191,N/A,N/A
52,-71.65454001428068,-68.64400560155204,0.16113999999999995,0.021540533751249313,N/A,N/A
53,-64.70541834719644,-63.16498521398897,0.1476925,0.021838318556547165,N/A,N/A
54,-63.71896336222503,-58.37427526406581,0.13498749999999993,0.014169251546263695,N/A,N/A
55,-78.60766470703531,-62.23790666130775,0.11964249999999998,0.02596777305006981,"Based on the information provided, the sampled actions and the total reward indicate that the agent is likely struggling to efficiently explore the state space of the MountainCar-v0 environment. The action distribution seems skewed, with a predominance of ""Push Left"" (action 0) and ""Push Right"" (action 2), and less frequent use of ""No Push"" (action 1). This suggests that the agent might not be effectively building the necessary momentum to reach the goal.

### Analysis of Current Action Distribution:
1. **Overuse of Action 0 (Push Left):** The agent frequently uses ""Push Left,"" which might be causing it to regress too often without effectively gaining momentum.
2. **Underuse of Action 1 (No Push):** The agent rarely uses ""No Push,"" which can be crucial for maintaining momentum gained from previous actions.
3. **Effective Use of Action 2 (Push Right):** There is a decent use of ""Push Right,"" but it might not be optimally timed with the state of the car to maximize momentum.

### Recommendations for Exploration Strategy:
To help the DQN agent learn faster, you can adjust the exploration strategy to create a more balanced action distribution. Here are some recommendations:

1. **Balanced Exploration Distribution:**
   - **Action 0 (Push Left):** 30%
   - **Action 1 (No Push):** 20%
   - **Action 2 (Push Right):** 50%

   This distribution encourages more frequent use of ""Push Right"" to build momentum, while still allowing for necessary corrections with ""Push Left"" and maintaining momentum with ""No Push.""

2. **State-Dependent Exploration:**
   - Encourage the agent to use ""Push Right"" more frequently when the velocity is positive and ""Push Left"" when the velocity is negative. This can be achieved by introducing a simple heuristic or reward shaping based on the velocity state.
   - Use ""No Push"" strategically when the car is at the peak of a hill to let gravity assist in gaining momentum.

3. **Incorporate Stochastic Elements:**
   - Introduce some randomness in action selection to ensure diverse exploration. This can prevent the agent from getting stuck in suboptimal local policies and help it discover more effective strategies.

4. **Decay Exploration Over Time:**
   - Gradually decay the exploration rate (epsilon in epsilon-greedy strategy) over the 20 episodes to shift from exploration to exploitation as the agent starts learning effective policies.

By implementing these strategies, the agent should be able to better explore the environment, learn the dynamics of momentum building, and improve its performance in reaching the flag on the right hill.","```json
{
  ""action_probs"": [0.3, 0.2, 0.5]
}
```"
56,-63.046891634848116,-62.82224395291006,0.10759750000000001,0.1703803539276123,N/A,N/A
57,-64.94923594605645,-60.84169907466237,0.09373750000000003,0.152998685836792,N/A,N/A
58,-59.66847717952255,-56.98054770795287,0.08119749999999992,0.016459185630083084,N/A,N/A
59,-60.7983976949605,-60.471197978948055,0.068905,0.025979317724704742,N/A,N/A
60,-69.67008122063129,-57.39835262459273,0.054632500000000084,0.013570249080657959,"To help the DQN agent learn faster in the MountainCar-v0 environment, we need to analyze the current action distribution and the total reward to adjust the exploration strategy.

### Analysis

1. **Current Action Distribution**:
   - The sampled actions show a heavy bias towards action 2 (Push Right), with 65 instances.
   - Action 0 (Push Left) is sampled 25 times.
   - Action 1 (No Push) is sampled only 2 times.

2. **Total Reward**:
   - The total reward in the last episode is -69.67. In MountainCar-v0, the reward is typically -1 per time step until the car reaches the goal. A reward close to -70 indicates that the car is not reaching the goal efficiently.

3. **Exploration Strategy**:
   - The current strategy seems to favor pushing right, which suggests that the agent might not be building enough momentum by swinging back and forth effectively.

### Recommendations

1. **Balanced Exploration**:
   - Increase the exploration of action 0 (Push Left) to allow the car to build momentum by moving left before attempting to reach the goal on the right hill.
   - Ensure action 1 (No Push) is explored more to allow the agent to experience states where maintaining velocity is beneficial.

2. **Revised Action Distribution**:
   - A more balanced action distribution could be: 
     - Action 0 (Push Left): 30%
     - Action 1 (No Push): 20%
     - Action 2 (Push Right): 50%
   - This distribution encourages the agent to explore more diverse strategies, including building momentum and maintaining velocity.

3. **Adaptive Exploration**:
   - Consider implementing an adaptive exploration strategy where the action distribution is adjusted based on the agent's performance. For instance, if the agent starts improving, gradually reduce exploration in favor of exploitation of successful strategies.

4. **Monitor and Adjust**:
   - After implementing the new exploration strategy, closely monitor the agent's performance over the next 20 episodes.
   - If the reward improves, continue with the strategy; if not, consider further adjustments to the action distribution or exploration parameters.

By diversifying the actions during exploration, the agent can better learn the dynamics of the environment and improve its ability to reach the goal efficiently.","```json
{
  ""action_probs"": [0.3, 0.2, 0.5]
}
```"
61,-63.28164433596127,-57.12591324658207,0.04168000000000005,0.020084617659449577,N/A,N/A
62,-61.71287173902465,-58.09490309292471,0.028810000000000002,0.022541753947734833,N/A,N/A
63,-42.10129637497344,-57.184897381904406,0.021467499999999973,0.020605407655239105,N/A,N/A
64,-62.760353063512575,-57.31604115280963,0.01,0.015060056932270527,N/A,N/A
65,-44.34257092062783,-56.78146342141455,0.01,0.04745595529675484,"To help the DQN agent learn faster in the MountainCar-v0 environment, let's analyze the current exploration strategy and suggest improvements based on the provided data.

### Analysis of Current Exploration Strategy:

1. **Action Distribution**:
   - The sampled actions show a heavy bias towards pushing right (action 2) in the latter part of the episode.
   - There is an initial period where the car is predominantly pushed left (action 0).
   - There are very few instances of no push (action 1).

2. **Current Performance**:
   - The total reward in the last episode was -44.34, which indicates suboptimal performance. The closer the reward is to zero, the better the performance.

3. **Momentum Building**:
   - The MountainCar-v0 task requires building momentum by oscillating between the left and right hills. The current strategy seems to focus too much on pushing in one direction (right) after an initial left push, which might not be optimal for momentum building.

### Recommended Exploration Strategy:

To improve the learning efficiency of the DQN agent, we can adjust the exploration action distribution to encourage better momentum building:

1. **Balanced Action Distribution**:
   - Encourage a more balanced distribution between left (action 0) and right (action 2) pushes to facilitate momentum building. For example, aim for an action distribution of approximately 40% left, 40% right, and 20% no push.

2. **Incorporate No Push (action 1)**:
   - Increase the frequency of no push actions. This can help the car maintain momentum when it is at the peak of a hill, allowing gravity to assist in building speed.

3. **Adaptive Exploration**:
   - Consider an exploration strategy that adapts based on the car's position and velocity. For instance, push left more frequently when the car is on the right hill and vice versa.

4. **Exploration Schedule**:
   - Implement an exploration schedule that gradually shifts from exploration to exploitation. Start with a higher exploration rate and gradually decrease it as the agent learns a more optimal policy.

### Implementation:

For the next 20 training episodes, adjust the action selection policy to reflect the recommended distribution. Monitor the agent's performance and adjust the strategy as needed based on the observed learning progress.

By adopting a more balanced and adaptive exploration strategy, the DQN agent should be able to learn the task more efficiently and achieve better performance in the MountainCar-v0 environment.","```json
{
  ""action_probs"": [0.4, 0.2, 0.4]
}
```"
66,-59.97729430010409,-56.56029932252827,0.01,0.013445444405078888,N/A,N/A
67,-45.059717878952085,-56.851991731072374,0.01,0.018797513097524643,N/A,N/A
68,-48.9926608956286,-56.783281357893884,0.01,0.018781842663884163,N/A,N/A
69,-58.9382142500885,-56.281258798600234,0.01,0.016501091420650482,N/A,N/A
70,-40.99313700177839,-56.156777595256486,0.01,0.022161448374390602,"To help the DQN agent learn faster in the MountainCar-v0 environment, we need to focus on a more balanced exploration strategy. The sampled actions from the last episode show a strong bias towards action 2 (""Push Right"") after an initial sequence of action 0 (""Push Left""). This indicates that the agent may not be effectively exploring the state-action space, potentially leading to suboptimal learning.

### Analysis:
1. **Action Distribution**: The current distribution is heavily skewed towards actions 0 and 2, with no instances of action 1 (""No Push""). This lack of diversity in actions can hinder the agent's ability to explore different strategies effectively.

2. **Reward Signal**: The total reward of -40.99 suggests that the agent is not efficiently reaching the goal. In MountainCar-v0, a higher reward (closer to zero) indicates better performance, as the goal is to reach the flag as quickly as possible.

### Recommendations for Exploration Strategy:
1. **Balanced Action Sampling**:
   - Introduce a more balanced action distribution during exploration. This can be achieved by setting a probability distribution that allows the agent to sample all actions more uniformly. For example, consider a distribution like [0.4, 0.2, 0.4] for actions [0, 1, 2] respectively.
   - This encourages the agent to explore the ""No Push"" action, which can be critical for maintaining momentum and reaching the goal efficiently.

2. **Epsilon-Greedy Strategy**:
   - Implement an epsilon-greedy strategy where epsilon starts relatively high (e.g., 0.5) and decays over time. This allows for more exploration initially and gradually shifts towards exploitation as the agent learns.
   - Ensure that the exploration phase includes all actions to gather diverse experiences.

3. **Momentum Building**:
   - Encourage exploration strategies that help the agent learn the importance of momentum. For example, alternating between pushing left and right can help the agent gain enough speed to reach the goal.
   - Consider using a reward shaping technique to provide additional feedback when the agent successfully builds momentum.

4. **Adaptive Exploration**:
   - Use an adaptive exploration strategy that can adjust based on the agent's performance. If the agent's reward doesn't improve over several episodes, increase exploration to avoid local optima.

By implementing these strategies, the agent can better explore the environment, learn the dynamics of momentum, and ultimately improve its performance in reaching the goal.","```json
{
  ""action_probs"": [0.4, 0.2, 0.4]
}
```"
71,-48.82428228882074,-57.08957698237418,0.01,0.02690211683511734,N/A,N/A
72,-61.0516728702334,-56.05561576708202,0.01,0.015129271894693375,N/A,N/A
73,-38.764866156649894,-55.573696836617316,0.01,0.038434162735939026,N/A,N/A
74,-60.96487862196019,-56.823835851148885,0.01,0.017314070835709572,N/A,N/A
75,-61.85106144761002,-56.53820356106134,0.01,0.02579815685749054,"To help the DQN agent learn faster in the MountainCar-v0 environment, it's important to ensure that the agent explores the state and action space effectively. Based on the data provided, let's analyze the current situation and provide recommendations for an improved exploration strategy.

### Data Analysis

1. **Action Distribution**: 
   - The sampled actions show a high frequency of actions 0 (Push Left) and 2 (Push Right), with fewer instances of action 1 (No Push).
   - The sequence of actions suggests a pattern of alternating between pushing left and right, which is typical for this environment as the agent needs to build momentum.

2. **Reward**:
   - The total reward in the last episode is -61.85, which indicates that the agent is not yet reaching the goal efficiently. The reward in MountainCar-v0 is typically negative, with the episode ending when the car reaches the flag or the time step limit is reached.

### Recommendations for Exploration Strategy

To enhance exploration and learning, consider the following strategy:

1. **Balanced Exploration**:
   - Encourage a more balanced exploration of all actions. While actions 0 and 2 are crucial for building momentum, the ""No Push"" action (1) can also be valuable in maintaining momentum once sufficient speed is achieved. 
   - Consider an exploration distribution where actions 0 and 2 are selected more frequently, but ensure action 1 is not neglected. For instance, a distribution like [0.4, 0.2, 0.4] for actions [0, 1, 2] could be a good starting point.

2. **Adaptive Exploration**:
   - Implement an adaptive exploration strategy, such as epsilon-greedy with decaying epsilon, to reduce exploration as the agent becomes more confident in its policy. Start with a higher exploration rate to encourage diverse action selection and gradually decrease it.

3. **Momentum Building**:
   - Focus on sequences that effectively build momentum. Encourage alternating actions (0 and 2) to climb the hills efficiently. This can be achieved by designing exploration policies that favor alternating patterns initially.

4. **Reward Shaping**:
   - If possible, adjust the reward function to provide intermediate rewards for achieving higher velocities or reaching certain positions. This can help guide the exploration towards more promising state-action pairs.

5. **Diverse Initial States**:
   - Introduce randomness in the initial state (if the environment allows) to expose the agent to a variety of scenarios, improving its robustness and generalization.

By implementing these strategies, the agent should be able to explore more effectively, leading to faster learning and improved performance in the MountainCar-v0 environment.","```json
{
  ""action_probs"": [0.4, 0.2, 0.4]
}
```"
76,-49.908573237816555,-58.88760936713876,0.01,0.1644883006811142,N/A,N/A
77,-58.87629677925722,-62.45658366259695,0.01,0.023441651836037636,N/A,N/A
78,-58.40825328854843,-58.138339530197264,0.01,0.023374928161501884,N/A,N/A
79,-57.98293388247921,-58.00424879627663,0.01,0.04017648845911026,N/A,N/A
80,-58.6139593221314,-62.49863056578531,0.01,0.021229036152362823,"Based on the provided data and task description, let's analyze the situation and provide some strategy recommendations for exploration action distribution to help the DQN agent learn faster.

### Analysis:
1. **Current Action Distribution**:
   - The sampled actions show a heavy bias towards action `2` (Push Right), with 59 occurrences out of 100.
   - Action `0` (Push Left) was chosen 30 times, and action `1` (No Push) was chosen only 11 times.

2. **Reward and Performance**:
   - The total reward of -58.61 indicates that the agent is not yet performing optimally. In MountainCar-v0, a reward closer to 0 or a positive reward would indicate better performance as the goal is to reach the flag as quickly as possible.

3. **Task Dynamics**:
   - The MountainCar task requires building momentum by oscillating between pushing left and right. Therefore, a balanced exploration of actions is crucial for learning the dynamics of the environment effectively.

### Strategy Recommendations:

1. **Balanced Action Exploration**:
   - To improve learning, consider a more balanced exploration strategy. The current bias towards `Push Right` might be limiting the agent's ability to explore the necessary state-action space effectively.
   - Suggested action distribution for exploration:
     - Action `0` (Push Left): 40%
     - Action `1` (No Push): 20%
     - Action `2` (Push Right): 40%

2. **Incorporate Stochastic Exploration**:
   - Use an epsilon-greedy strategy with a higher epsilon value (e.g., 0.3 to 0.5) during these 20 episodes. This will encourage more random exploration, allowing the agent to experience different state transitions and potentially discover more effective strategies.

3. **Monitor Learning Progress**:
   - Regularly monitor the agent's performance and adjust the exploration strategy as needed. If performance improves, consider gradually decreasing the exploration rate (epsilon) to allow the agent to exploit learned policies more.

4. **Consider State-Dependent Exploration**:
   - If possible, implement a state-dependent exploration strategy where the choice of action depends on the car's position and velocity. For instance, if the car is moving left with high velocity, it might be beneficial to explore `Push Right` more frequently.

By implementing these recommendations, the agent should be able to explore the environment more effectively and potentially learn a more optimal policy for solving the MountainCar-v0 task.","```json
{
  ""action_probs"": [0.4, 0.2, 0.4]
}
```"
81,-61.74824979600216,-58.749432576667836,0.01,0.02521427720785141,N/A,N/A
82,-59.075167662904946,-68.51431911855533,0.01,0.07631069421768188,N/A,N/A
83,-62.29941862460358,-59.35517407727705,0.01,0.02614622190594673,N/A,N/A
84,-63.25457052459241,-56.0116857170485,0.01,0.023230107501149178,N/A,N/A
85,-51.32825972287184,-57.28458942214295,0.01,0.024405669420957565,"To help the DQN agent learn faster in the MountainCar-v0 environment, it's important to ensure that the exploration strategy allows the agent to effectively explore the state space and learn the dynamics of the environment. The current action distribution seems to be heavily skewed towards action 2 (Push Right), with occasional actions 0 (Push Left) and very few action 1 (No Push). This distribution might not be optimal for building the necessary momentum to reach the goal.

### Analysis of Current Action Distribution:
- **Action 2 (Push Right)**: Dominates the sampled actions. While pushing right is necessary to reach the goal, doing it excessively without building momentum from the left can be inefficient.
- **Action 0 (Push Left)**: Used sporadically, but is crucial for building momentum by moving up the left hill.
- **Action 1 (No Push)**: Very rarely used. While this action is less critical, it can occasionally be useful for maintaining momentum or when the car is at the peak of a hill.

### Recommendations for Exploration Strategy:
1. **Balanced Exploration**: Encourage a more balanced exploration strategy that allows the agent to experience different dynamics of the environment. This can be done by adjusting the action distribution to ensure that actions 0 and 2 are used more evenly, and action 1 is used occasionally.
   
2. **Suggested Action Distribution**:
   - **Action 0 (Push Left)**: 40%
   - **Action 1 (No Push)**: 10%
   - **Action 2 (Push Right)**: 50%

3. **Adaptive Exploration**: Consider implementing an adaptive exploration strategy where the action probabilities are adjusted based on the car's position and velocity. For instance:
   - When the car is moving left and gaining velocity, increase the probability of action 2 to push right.
   - When the car is moving right and losing velocity, increase the probability of action 0 to push left.

4. **Decaying Exploration**: As training progresses, gradually decrease the exploration rate to allow the agent to exploit its learned policy more effectively. This can be done using an epsilon-greedy strategy where epsilon decreases over time.

5. **Reward Shaping**: Consider providing additional intermediate rewards for reaching higher positions on the left hill to encourage momentum building.

By adopting a more balanced and adaptive exploration strategy, the agent can learn the necessary dynamics to solve the MountainCar-v0 task more effectively.","```json
{
  ""action_probs"": [0.4, 0.1, 0.5]
}
```"
86,-58.530880262596284,-66.59798001544979,0.01,0.041965551674366,N/A,N/A
87,-59.39760280111803,-57.68591596007353,0.01,0.02137134224176407,N/A,N/A
88,-59.22257274872139,-53.133692730250026,0.01,0.07464444637298584,N/A,N/A
89,-58.302414831033516,-52.310688290007946,0.01,0.03266371414065361,N/A,N/A
90,-62.767917838932135,-52.366712515150084,0.01,0.024979552254080772,"To help the DQN agent learn faster in the MountainCar-v0 environment, it's essential to have an effective exploration strategy that allows the agent to experience a variety of states and actions. Let's analyze the given data and recommend an exploration action distribution.

### Analysis of Current Exploration Strategy:

1. **Action Distribution:**
   - The sampled actions are predominantly 0 (Push Left) and 2 (Push Right), with very few occurrences of 1 (No Push).
   - There are long sequences of the same action, indicating a lack of variability.

2. **Total Reward:**
   - The total reward in the last episode is -62.77. In MountainCar-v0, rewards are typically negative as the agent is penalized for each time step until it reaches the goal. A reward close to -200 indicates that the agent is not reaching the goal efficiently.

3. **Momentum Building:**
   - The car needs to build momentum by moving back and forth. The current action pattern seems to include long sequences of pushing in one direction, which might not be optimal for momentum building.

### Recommendations:

1. **Balanced Action Distribution:**
   - **Increase Variability:** Introduce more variability in the actions to ensure that the agent explores different state-action pairs. A more balanced distribution between actions 0, 1, and 2 can help the agent learn the dynamics of the environment better.
   - **Suggested Distribution:** 
     - Action 0 (Push Left): 40%
     - Action 1 (No Push): 20%
     - Action 2 (Push Right): 40%

2. **Encourage Oscillation:**
   - To build momentum, encourage the agent to oscillate between pushing left and right more frequently. This can be achieved by alternating actions or using a stochastic approach where the agent randomly chooses between left and right pushes more often.

3. **Introduce Exploration Noise:**
   - Introduce some randomness or noise in the action selection to prevent the agent from getting stuck in repetitive action sequences. This can be done using techniques like epsilon-greedy, where a small percentage of actions are chosen randomly.

4. **Monitor and Adjust:**
   - Monitor the agent's performance over the next 20 episodes. If the total reward improves, continue with the current strategy. If not, consider further adjusting the action distribution or exploration strategy.

By implementing these recommendations, the agent should be able to explore the environment more effectively and learn the optimal policy faster.","```json
{
  ""action_probs"": [0.4, 0.2, 0.4]
}
```"
91,-56.78695353072001,-51.24982540103574,0.01,0.022277839481830597,N/A,N/A
92,-56.66544780618777,-51.2116916356995,0.01,0.10505363345146179,N/A,N/A
93,-48.8001330912346,-50.97702122145932,0.01,0.028204483911395073,N/A,N/A
94,-48.76302344079262,-50.949003360781525,0.01,0.034580837935209274,N/A,N/A
95,-56.71056081043292,-50.732393537573515,0.01,0.037756241858005524,"To help the DQN agent learn faster in the MountainCar-v0 environment, we need to analyze the current exploration strategy and suggest improvements. Based on the provided data, here are some observations and recommendations:

### Observations:

1. **Action Distribution**: 
   - The sampled actions show a heavy inclination towards actions 0 (Push Left) and 2 (Push Right), with a notable lack of action 1 (No Push).
   - Specifically, there is a pattern where the agent predominantly chooses action 0 at the beginning, then switches to action 2, with very few instances of action 1.

2. **Momentum Building**:
   - The MountainCar-v0 task requires the car to build momentum by swinging back and forth. This means that the agent should effectively alternate between pushing left and right.
   - The current strategy shows long sequences of the same action (e.g., multiple consecutive 0s or 2s), which might not be optimal for building the necessary momentum.

3. **Reward Score**:
   - The total reward of -56.71 indicates that the agent is not yet solving the task efficiently. In MountainCar-v0, a reward closer to -200 suggests the car is stuck or not reaching the goal effectively.

### Recommendations:

1. **Balanced Action Exploration**:
   - Encourage a more balanced exploration strategy by increasing the frequency of alternating between actions 0 and 2. This can help the agent learn the importance of momentum building.
   - Introduce action 1 more frequently to allow the agent to explore states where it might benefit from not pushing, especially when at the peak of the hill.

2. **Exploration Strategy**:
   - Implement a stochastic exploration strategy, such as epsilon-greedy, with a bias towards alternating actions. For example, after a sequence of 3-5 actions of one type, introduce a higher probability for the opposite action.
   - Consider using a softmax action selection strategy to ensure all actions have a non-zero probability, allowing for more diverse exploration.

3. **Adaptive Exploration**:
   - Use an adaptive exploration strategy where the probability distribution of actions is adjusted based on the agent's recent performance. If the agent is not improving, increase exploration diversity.

4. **Reward Shaping**:
   - Although not directly related to action distribution, consider reward shaping to provide intermediate rewards for reaching certain positions or velocities. This can guide the agent toward more effective exploration patterns.

By implementing these recommendations, the agent should be able to explore more effectively and learn the optimal policy faster.","```json
{
  ""action_probs"": [0.4, 0.1, 0.5]
}
```"
96,-55.78707732391278,-49.94478417726229,0.01,0.033147506415843964,N/A,N/A
97,-55.27209672161513,-48.95796055679185,0.01,0.050760138779878616,N/A,N/A
98,-50.92737997319867,-51.50178575622401,0.01,0.023016395047307014,N/A,N/A
99,-50.0891034181529,-49.94633923987561,0.01,0.019741810858249664,N/A,N/A
100,-51.61403484364439,-52.80791753288629,0.01,0.022650253027677536,"To help the DQN agent learn more effectively in the MountainCar-v0 environment, it's crucial to ensure a balanced exploration of the action space. The current sampled actions indicate a strong bias towards action 2 (""Push Right""), which might not be optimal for building the necessary momentum to reach the goal.

### Analysis:
1. **Current Action Distribution**:
   - Action 2 (""Push Right""): Dominant choice, leading to potential over-exploration in one direction.
   - Action 0 (""Push Left""): Underrepresented, limiting the agent's ability to explore building momentum from the left.
   - Action 1 (""No Push""): Not present, which might be useful in certain states to maintain velocity or position.

2. **Reward Analysis**:
   - The total reward of -51.61 suggests that the agent is not yet close to solving the task optimally. The bias towards ""Push Right"" might be causing the agent to get stuck or not build sufficient momentum.

### Recommendations:
To enhance exploration and learning, consider the following strategy for the next 20 training episodes:

1. **Balanced Exploration Strategy**:
   - **Action 0 (""Push Left"")**: Increase the probability to encourage exploration in the opposite direction and help build momentum.
   - **Action 1 (""No Push"")**: Introduce this action with a moderate probability to allow the agent to stabilize its velocity when necessary.
   - **Action 2 (""Push Right"")**: Reduce the probability slightly to prevent over-exploration in one direction.

2. **Suggested Action Distribution**:
   - Action 0 (""Push Left""): 40%
   - Action 1 (""No Push""): 20%
   - Action 2 (""Push Right""): 40%

3. **Adaptive Exploration**:
   - Monitor the performance over the next episodes. If the agent's performance improves, continue with this distribution. If not, adjust the probabilities further to ensure all actions are explored adequately.

4. **Consider State-Dependent Exploration**:
   - Implement a strategy where the action probabilities can vary based on the state (position and velocity). For example, if the car is moving left with high velocity, increase the probability of ""Push Right"" to help it climb the hill.

By adopting this more balanced and adaptive exploration strategy, the agent should have a better chance of learning the necessary dynamics to solve the MountainCar-v0 task effectively.","```json
{
  ""action_probs"": [0.4, 0.2, 0.4]
}
```"
101,-61.56126381790675,-63.0043504593677,0.01,0.021898994222283363,N/A,N/A
102,-63.28660899189334,-101.22341191334343,0.01,0.015859922394156456,N/A,N/A
103,-57.77792804492221,-111.18111611570991,0.01,0.021129604429006577,N/A,N/A
104,-53.363709094744564,-91.10912945703032,0.01,0.02502620592713356,N/A,N/A
105,-62.358243437013265,-121.86499830160975,0.01,0.09308084100484848,"To help the DQN agent learn more effectively in the MountainCar-v0 environment, it's crucial to ensure that the exploration strategy allows the agent to experience a variety of state-action pairs. This will help the agent build a better understanding of the environment dynamics and learn an optimal policy. Let's analyze the data and suggest a strategy:

### Analysis of Current Exploration

1. **Current Action Distribution:**
   - The sampled actions show a heavy bias towards action 2 (""Push Right"") and action 0 (""Push Left""), with a notable absence of action 1 (""No Push"").
   - This suggests that the agent is not exploring the ""No Push"" action enough, which could be critical in certain states to maintain momentum or to prepare for a push in the opposite direction.

2. **Reward Analysis:**
   - The total reward of -62.35 indicates the agent is not yet performing optimally. In MountainCar-v0, a higher (less negative) reward is indicative of better performance, as it means the agent reaches the goal faster.
   - The agent might be getting stuck or not effectively building momentum due to the lack of diverse action exploration.

### Recommendations for Exploration Strategy

1. **Balanced Action Distribution:**
   - Encourage a more balanced exploration of actions. A suggested distribution could be:
     - Action 0 (""Push Left""): 35%
     - Action 1 (""No Push""): 30%
     - Action 2 (""Push Right""): 35%
   - This distribution allows the agent to explore the ""No Push"" action more frequently, which might help in learning when to conserve energy and when to build momentum.

2. **Adaptive Exploration Strategy:**
   - Consider implementing an adaptive exploration strategy like epsilon-greedy with a decaying epsilon. Start with a higher epsilon (e.g., 0.3) to encourage exploration and gradually decrease it as the agent learns.
   - This strategy will help the agent explore different actions more thoroughly in the early stages and gradually exploit learned policies as training progresses.

3. **Monitoring and Adjustment:**
   - Continuously monitor the agent's performance and adjust the action distribution if necessary. If the agent starts to perform better, you might want to shift towards more exploitation.
   - Keep track of the total reward over episodes to see if the changes lead to improvement.

By implementing these recommendations, the agent should be able to explore the state space more effectively, leading to faster learning and better performance in the MountainCar-v0 environment.","```json
{
  ""action_probs"": [0.35, 0.3, 0.35]
}
```"
106,-63.556973402761955,-85.28776069766656,0.01,0.053282756358385086,N/A,N/A
107,-62.07949516216093,-86.88517231467577,0.01,0.03200991079211235,N/A,N/A
108,-128.2016674155733,-73.9828043536929,0.01,0.022980548441410065,N/A,N/A
109,-129.26980556891226,-84.44566936534368,0.01,0.022136276587843895,N/A,N/A
110,-129.07901372576123,-70.5328580397755,0.01,0.08671874552965164,"Based on the data provided, it seems that the agent predominantly sampled the ""Push Right"" action (action 2) during the last episode, with a few instances of ""No Push"" (action 1) and ""Push Left"" (action 0) towards the end. This action distribution indicates a strong bias towards pushing right, which is likely not optimal for the MountainCar-v0 environment. The environment requires the agent to build momentum by oscillating between the left and right actions to eventually reach the goal.

### Analysis:

1. **Action Bias**: The agent is heavily biased towards the ""Push Right"" action. This is not conducive to building the necessary momentum to reach the goal, as the car needs to move back and forth to gain enough speed to climb the hill.

2. **Lack of Exploration**: The agent's exploration strategy is not diverse enough. To learn effectively in the MountainCar-v0 environment, the agent should explore all actions more evenly to understand the dynamics of the environment better.

### Recommendations:

To improve exploration and help the DQN agent learn faster, consider the following action distribution strategy for the next 20 training episodes:

1. **Balanced Exploration**: Encourage a more balanced exploration of actions. A suggested distribution could be:
   - 40% ""Push Left"" (action 0)
   - 20% ""No Push"" (action 1)
   - 40% ""Push Right"" (action 2)

   This distribution encourages the agent to explore both directions more thoroughly, which is crucial for building momentum.

2. **Exploration Strategy**: Implement an epsilon-greedy strategy where epsilon is initially set high (e.g., 0.9) to promote exploration and gradually decrease it over time as the agent learns. This will help the agent explore more diverse actions initially and exploit learned strategies later.

3. **Momentum Building**: Encourage the agent to focus on sequences of actions that build momentum. For example, sequences of alternating ""Push Left"" and ""Push Right"" actions can be beneficial.

4. **Reward Shaping**: Consider implementing reward shaping to provide additional feedback for actions that contribute to momentum building, such as rewarding increases in velocity regardless of direction.

5. **Monitor Learning**: Continuously monitor the agent's performance and adjust the exploration strategy based on observed improvements or stagnation in learning.

By adopting a more balanced exploration strategy and focusing on momentum-building actions, the agent should be able to learn more effectively and achieve better performance in the MountainCar-v0 environment.","```json
{
  ""action_probs"": [0.4, 0.2, 0.4]
}
```"
111,-119.79856006039391,-64.3756623628869,0.01,0.03021252155303955,N/A,N/A
112,-59.632980790396694,-67.89065698654547,0.01,0.04163210839033127,N/A,N/A
113,-65.46456395618506,-59.75574462735996,0.01,0.045022256672382355,N/A,N/A
114,-61.62300308617245,-63.30291160536751,0.01,0.022459853440523148,N/A,N/A
115,-54.94551001302565,-69.1350917072762,0.01,0.022649522870779037,"Based on the provided information, we can see that the sampled actions are heavily skewed towards action 2 (Push Right). This indicates that the agent is predominantly trying to push the car to the right, which is necessary to reach the flag. However, the MountainCar-v0 environment requires the car to build momentum by moving back and forth between the hills, which means that the agent also needs to explore actions that push the car to the left (action 0) and occasionally take no action (action 1) to effectively learn the dynamics of the environment.

### Analysis:
1. **Action Skewness**: The sampled actions show a strong preference for action 2 (Push Right), with very few actions for pushing left (action 0) or no push (action 1).
2. **Reward**: The total reward in the last episode is -54.9455, which suggests that the agent is not yet efficiently reaching the goal. A more balanced exploration strategy might help improve the learning process.
3. **Momentum Building**: The MountainCar-v0 environment requires the car to build momentum by oscillating between the hills. This means that the agent should explore actions that push the car in both directions to learn the optimal policy.

### Recommendations for Exploration Strategy:
To help the DQN agent learn faster, we should adjust the exploration distribution to encourage a more balanced exploration of actions. Here is a recommended action distribution for exploration:

1. **Push Left (Action 0)**: 40%
   - Encourage the agent to explore pushing left more frequently to build momentum.

2. **No Push (Action 1)**: 20%
   - Allow the agent to occasionally not push, which can be useful for maintaining momentum or transitioning between pushing directions.

3. **Push Right (Action 2)**: 40%
   - Maintain a strong exploration of pushing right, as reaching the goal requires moving in this direction.

### Implementation:
- Implement an epsilon-greedy strategy with the above action distribution during exploration. This can be achieved by adjusting the probabilities of selecting each action during the exploration phase.
- Consider using a decaying exploration rate (epsilon) to gradually shift from exploration to exploitation as the agent learns the environment dynamics.

By following this adjusted exploration strategy, the agent should be better equipped to learn the optimal policy for the MountainCar-v0 environment by effectively building the necessary momentum.","```json
{
  ""action_probs"": [0.4, 0.2, 0.4]
}
```"
116,-60.350474636823215,-68.7916520661492,0.01,0.05229455232620239,N/A,N/A
117,-109.51179068443052,-83.99456452024462,0.01,0.026934312656521797,N/A,N/A
118,-107.5106613588694,-84.84539516100583,0.01,0.1459985375404358,N/A,N/A
119,-63.269533814681964,-59.452180718070295,0.01,0.017092827707529068,N/A,N/A
120,-62.31896176627903,-60.912269705110155,0.01,0.02122977375984192,"Based on the data provided, we can see that the sampled actions in the last episode are heavily skewed towards actions 0 (Push Left) and 2 (Push Right), with a lesser frequency of action 1 (No Push). The total reward of -62.31 also suggests that the agent is still struggling to efficiently reach the goal. Here’s a breakdown of the observations and recommendations:

### Observations:
1. **Action Distribution**: 
   - Action 0 (Push Left): 40 times
   - Action 1 (No Push): 11 times
   - Action 2 (Push Right): 49 times

2. **Current Strategy**:
   - The agent is predominantly using actions 0 and 2, which is consistent with the need to build momentum by moving back and forth.
   - Action 1 (No Push) is less frequent, which might be leading to inefficient momentum building.

3. **Reward**:
   - A reward of -62.31 indicates that the agent is still far from optimal performance. The goal is to improve the agent's ability to reach the flag efficiently.

### Recommendations for Exploration Strategy:
To help the DQN agent learn faster, we should adjust the exploration strategy to encourage a more balanced exploration of actions that could lead to better momentum building. Here’s a recommended action distribution for the next 20 training episodes:

1. **Increase Action 1 Usage**:
   - Encourage the agent to explore the ""No Push"" action more frequently. This can help the agent learn when it is beneficial to let the car coast, conserving momentum gained from previous pushes.

2. **Balanced Exploration**:
   - **Action 0 (Push Left)**: 35%
   - **Action 1 (No Push)**: 30%
   - **Action 2 (Push Right)**: 35%

3. **Rationale**:
   - **Action 0 and 2**: These actions are crucial for building momentum. Keeping them at a high frequency ensures that the agent continues to explore how to effectively gain speed by oscillating between the hills.
   - **Action 1**: Increasing the frequency of ""No Push"" allows the agent to explore scenarios where maintaining momentum is more beneficial than constant pushing, which can be crucial for fine-tuning the approach to the peak.

4. **Exploration Strategy**:
   - Consider implementing an epsilon-greedy strategy where the agent explores with the above distribution but gradually shifts towards exploitation as learning progresses.

By adopting this more balanced exploration strategy, the agent should be able to learn more effective policies for reaching the goal by leveraging momentum more efficiently.","```json
{
  ""action_probs"": [0.35, 0.3, 0.35]
}
```"
121,-64.7734071955251,-61.99754380623167,0.01,0.031456153839826584,N/A,N/A
122,-60.825769580880056,-57.78428145740169,0.01,0.05194137617945671,N/A,N/A
123,-68.93382131768324,-57.92267288883986,0.01,0.019872820004820824,N/A,N/A
124,-37.55856193613394,-58.06029338092414,0.01,0.019119711592793465,N/A,N/A
125,-38.571504656262015,-57.768400086569805,0.01,0.05292421579360962,"To help the DQN agent learn faster in the MountainCar-v0 environment, we need to ensure that the exploration strategy allows the agent to effectively explore the state-action space. Based on the provided data, here are some observations and recommendations:

### Observations:
1. **Action Distribution**: The sampled actions from the last episode show a heavy bias towards actions 0 (Push Left) and 2 (Push Right), with a significant portion of the actions being 2. There is a minimal occurrence of action 1 (No Push).
2. **Total Reward**: The total reward in the last episode is -38.57, which indicates that the agent is not yet reaching the goal effectively. The reward system in MountainCar-v0 penalizes each time step spent, so a higher negative reward implies inefficient exploration or suboptimal policy execution.

### Recommendations:
1. **Balanced Exploration**:
   - **Increase the Probability of Action 1**: Since action 1 (No Push) is underrepresented, consider increasing its probability during exploration. This can help the agent better understand the dynamics of the environment when not exerting force, which is crucial for building momentum.
   
2. **Exploration Strategy**:
   - **Epsilon-Greedy with Decay**: Implement an epsilon-greedy strategy with a decaying epsilon value. Start with a higher epsilon (e.g., 0.3) to encourage more exploration and gradually decrease it over time to focus on exploitation.
   - **Action Probability Distribution**: For the next 20 episodes, you might consider setting an initial action distribution like:
     - Action 0 (Push Left): 30%
     - Action 1 (No Push): 20%
     - Action 2 (Push Right): 50%
   - This distribution still favors action 2, which is necessary for reaching the goal, but it also increases the chance of action 1 to improve exploration.

3. **Momentum Building**:
   - Encourage the agent to explore sequences of actions that build momentum. This can be achieved by ensuring the agent experiences varied sequences of pushing left and right, interspersed with 'No Push' actions.

4. **Reward Shaping**:
   - Consider implementing reward shaping to provide intermediate rewards for reaching certain positions or velocities that are closer to the goal. This can guide the agent to learn more effectively.

5. **Monitor Learning Progress**:
   - Continuously monitor the total reward trend over the next 20 episodes to ensure that the exploration strategy is contributing to improved learning. Adjust the action distribution and exploration parameters as needed based on performance.

By implementing these strategies, you should be able to facilitate more effective exploration, allowing the DQN agent to learn the optimal policy more efficiently.","```json
{
  ""action_probs"": [0.3, 0.2, 0.5]
}
```"
126,-59.581735421174976,-58.02337273791969,0.01,0.01622072048485279,N/A,N/A
127,-64.21282802597354,-57.122111155567964,0.01,0.044887468218803406,N/A,N/A
128,-39.69608004755406,-56.44348522058171,0.01,0.027299821376800537,N/A,N/A
129,-58.67914998628798,-56.46469342067405,0.01,0.06090898439288139,N/A,N/A
130,-59.15354654560299,-55.98761637209873,0.01,0.02603977546095848,"Based on the provided information, the agent is attempting to solve the MountainCar-v0 environment, which requires building momentum by oscillating between the hills to eventually reach the goal. The sampled actions from the last episode show a heavy bias towards actions 0 (Push Left) and 2 (Push Right), with very few instances of action 1 (No Push). This is somewhat expected since the task requires momentum building, but the distribution is quite imbalanced.

### Analysis of Current Strategy:
1. **Action Distribution**: The current action distribution is heavily skewed towards actions 0 and 2, with action 1 being underrepresented. This suggests that the agent is not exploring the possibility of maintaining its current velocity, which might sometimes be beneficial in maintaining momentum.

2. **Total Reward**: The total reward of -59.15 indicates that the agent is still far from optimal performance. In MountainCar-v0, the reward is typically negative, and a higher (less negative) reward suggests better performance.

3. **Momentum Building**: The sequence of actions seems to support the idea of building momentum. However, the lack of action 1 could mean that the agent might be missing out on opportunities to stabilize its velocity and position at critical moments.

### Strategy Recommendations:
To enhance exploration and potentially improve learning efficiency, consider the following recommendations for the next 20 training episodes:

1. **Balanced Exploration**: Adjust the exploration strategy to include a more balanced distribution of actions. A suggested distribution could be:
   - Action 0 (Push Left): 40%
   - Action 1 (No Push): 20%
   - Action 2 (Push Right): 40%

   This distribution maintains the focus on momentum building (actions 0 and 2) but increases the representation of action 1 to allow the agent to explore the effects of maintaining its current state.

2. **Dynamic Exploration Rate**: Implement a dynamic exploration rate that starts higher and gradually decreases as the agent learns. This helps the agent explore more actions initially and then exploit the learned policy as training progresses.

3. **Reward Shaping**: Consider implementing reward shaping to provide additional feedback for actions that effectively build momentum. This could involve giving small positive rewards when the agent successfully transitions from a low to a high velocity state.

4. **State-Based Exploration**: Introduce a state-based exploration mechanism where the action choice is influenced by the current state (position and velocity). For instance, if the car is moving uphill with sufficient velocity, action 1 might be more favorable to maintain momentum.

5. **Monitor Learning Progress**: Continuously monitor the agent's performance and adjust the exploration strategy based on observed improvements or stagnation in the total reward.

By implementing these recommendations, the agent should be able to explore the action space more effectively, leading to faster learning and improved performance in the MountainCar-v0 environment.","```json
{
  ""action_probs"": [0.4, 0.2, 0.4]
}
```"
131,-57.64350214695521,-55.59365621556602,0.01,0.020840853452682495,N/A,N/A
132,-59.805020772516066,-55.510963621689164,0.01,0.011556271463632584,N/A,N/A
133,-63.793468556499626,-57.40109283603145,0.01,0.012895014137029648,N/A,N/A
134,-59.663936764952304,-57.434198976914296,0.01,0.022923018783330917,N/A,N/A
135,-59.7475070644253,-59.59635844757762,0.01,0.0697094053030014,"Based on the provided data, it appears that the sampled actions from the last episode were heavily biased towards actions 0 (""Push Left"") and 2 (""Push Right""), with very few instances of action 1 (""No Push""). This distribution suggests an imbalance in exploration, which might not be optimal for learning an effective policy in the MountainCar-v0 environment. Here are some observations and recommendations:

### Observations:
1. **Action Imbalance**: The agent predominantly sampled actions 0 and 2, with very few instances of action 1. This indicates a lack of exploration in the ""No Push"" action, which might be necessary in certain states to maintain momentum.
2. **Total Reward**: The total reward of -59.75 suggests that the car is not reaching the goal efficiently. In MountainCar-v0, the reward is -1 for each time step until the car reaches the goal, so a less negative reward would indicate better performance.

### Recommendations for Exploration Strategy:
1. **Balanced Exploration**: Encourage a more balanced exploration strategy across all actions. Consider using a distribution that gives more weight to action 1 (""No Push"") to ensure the agent explores the effects of maintaining velocity without additional acceleration.
   
   Example distribution for exploration:
   - Action 0 (""Push Left""): 40%
   - Action 1 (""No Push""): 20%
   - Action 2 (""Push Right""): 40%

2. **Adaptive Exploration**: Implement an exploration strategy that adapts based on the agent's performance. For example, initially favor actions that help build momentum (0 and 2), but gradually increase the probability of action 1 as the agent learns to balance momentum.

3. **Exploration Decay**: Introduce a mechanism to reduce exploration over time as the agent's policy becomes more refined. This can be done using epsilon-greedy strategies where epsilon decreases over episodes.

4. **State-Dependent Exploration**: Consider a more sophisticated approach where the exploration strategy is state-dependent. For example, if the car is at the peak of a hill, it might be more beneficial to explore action 1 to maintain momentum.

5. **Reward Shaping**: Although not directly related to action distribution, consider shaping the reward to encourage reaching the goal faster. For instance, providing a small positive reward for reaching higher positions might help the agent learn more effectively.

By implementing these recommendations, the agent should be able to explore the state-action space more effectively, potentially leading to faster learning and improved performance in the MountainCar-v0 environment.","```json
{
  ""action_probs"": [0.4, 0.2, 0.4]
}
```"
136,-57.292636401778346,-59.5485008797916,0.01,0.011734448373317719,N/A,N/A
137,-58.58377525840024,-59.11198917254431,0.01,0.014348333701491356,N/A,N/A
138,-61.90979415574942,-59.263978705327176,0.01,0.018337350338697433,N/A,N/A
139,-56.57965231748699,-58.8439509100261,0.01,0.01863010786473751,N/A,N/A
140,-61.329301665530394,-58.714737636915515,0.01,0.012799189426004887,"Based on the provided data and understanding of the MountainCar-v0 environment, here is a detailed analysis and strategy recommendation for exploration action distribution:

### Analysis of the Current Situation:

1. **Action Distribution**:
   - The sampled actions show a heavy bias towards action `2` (Push Right), especially towards the middle and end of the episode.
   - Action `0` (Push Left) is predominantly used at the start and sporadically towards the end.
   - Action `1` (No Push) is infrequently used.

2. **Performance**:
   - The total reward in the last episode is quite low at -61.33, indicating that the agent is struggling to reach the goal efficiently.
   - The distribution suggests a possible lack of effective momentum-building, which is crucial in MountainCar-v0.

### Recommendations for Exploration Strategy:

To help the DQN agent learn faster, the exploration strategy should focus on creating a more balanced action distribution that encourages effective momentum-building. This can be achieved by ensuring the agent explores a diverse set of actions throughout the episode. Here's a recommended strategy:

1. **Balanced Action Distribution**:
   - **Initial Phase (First 1/3 of the episode)**:
     - Encourage exploration of both `Push Left` and `Push Right` more equally to understand the dynamics of building momentum.
     - Suggested distribution: 40% Push Left, 30% No Push, 30% Push Right.

2. **Momentum-Building Phase (Middle 1/3 of the episode)**:
   - Focus on actions that help build momentum, with a slight bias towards pushing in the direction opposite to the current velocity to gain momentum.
   - Suggested distribution: 35% Push Left, 20% No Push, 45% Push Right.

3. **Final Phase (Last 1/3 of the episode)**:
   - Encourage actions that push the car towards the goal, but maintain some exploration to avoid premature convergence on suboptimal policies.
   - Suggested distribution: 30% Push Left, 20% No Push, 50% Push Right.

### Additional Recommendations:

- **Adaptive Exploration**: Consider using an adaptive exploration strategy where the distribution changes based on the agent's current position and velocity. For example, if the car is moving fast towards the left, prioritize `Push Right` to build momentum.

- **Reward Shaping**: If possible, introduce intermediate rewards for reaching higher positions on the hills to encourage momentum-building behavior.

- **Exploration Noise**: Introduce some stochasticity (e.g., epsilon-greedy strategy) to ensure the agent continues to explore different actions even as it starts to learn a policy, preventing premature convergence.

By adopting a more balanced and adaptive exploration strategy, the agent should be able to learn the momentum-building behavior necessary to solve the MountainCar-v0 task more efficiently.","```json
{
  ""action_probs"": [0.35, 0.2, 0.45]
}
```"
141,-60.36108804121943,-56.60933111916542,0.01,0.019846174865961075,N/A,N/A
142,-57.2543893202973,-56.0517435290468,0.01,0.012504428625106812,N/A,N/A
143,-58.843184419155925,-56.2499705551802,0.01,0.016453247517347336,N/A,N/A
144,-60.31358028708493,-55.91717540818166,0.01,0.014376794919371605,N/A,N/A
145,-56.668389415525596,-56.23991312776708,0.01,0.03559248894453049,"To help the DQN agent learn more effectively in the MountainCar-v0 environment, let's analyze the provided data and recommend an exploration action distribution strategy.

### Analysis:
1. **Current Action Distribution**: 
   - From the sampled actions, we observe a pattern where the agent predominantly chooses action `0` (Push Left) and action `2` (Push Right), with very few instances of action `1` (No Push).
   - This suggests that the agent may be over-relying on pushing actions to build momentum, which is a reasonable approach given the task, but the distribution seems unbalanced.

2. **Performance Insight**:
   - The total reward for the last episode is approximately `-56.67`, which indicates a relatively high number of time steps were taken to reach the goal (or the episode ended without reaching the goal). In MountainCar-v0, the reward is `-1` per time step, so a lower reward correlates with longer episodes.

3. **Momentum Building**:
   - To effectively reach the flag, the car needs to build momentum by oscillating between the left and right hills. A balanced approach might help in achieving this more efficiently.

### Recommendations:
1. **Balanced Exploration Strategy**:
   - Adjust the exploration strategy to ensure a more balanced distribution of actions. This can help the agent discover more effective sequences of actions to build momentum.

2. **Suggested Action Distribution**:
   - **Action 0 (Push Left)**: 40%
   - **Action 1 (No Push)**: 20%
   - **Action 2 (Push Right)**: 40%
   
   This distribution encourages the agent to explore the effects of not pushing occasionally, which might help in stabilizing the car's movement and discovering effective momentum-building strategies.

3. **Adaptive Exploration**:
   - Gradually adjust the action distribution based on the agent's learning progress. If the agent begins to improve its performance (higher total rewards), consider decreasing exploration in favor of exploiting learned strategies.

4. **Monitor and Adjust**:
   - Continuously monitor the agent's performance and adjust the exploration strategy as needed. If certain actions are consistently leading to better outcomes, consider increasing their probability.

By implementing a more balanced exploration strategy, the agent should be able to learn more effective policies for reaching the goal in MountainCar-v0.","```json
{
  ""action_probs"": [0.4, 0.2, 0.4]
}
```"
146,-58.74708561400515,-58.47097988398267,0.01,0.016578923910856247,N/A,N/A
147,-59.506120334414305,-58.02072147954921,0.01,0.02885943464934826,N/A,N/A
148,-58.60463312084984,-58.31633368222488,0.01,0.018430501222610474,N/A,N/A
149,-60.82993886439987,-57.881271920314916,0.01,0.04018265753984451,N/A,N/A
150,-56.59082076299072,-58.24621175480199,0.01,0.015518942847847939,"Based on the provided data, we can make some observations about the current exploration strategy and its effectiveness. Here's a breakdown of the situation and some recommendations for improving the exploration strategy:

### Observations:

1. **Action Distribution**:
   - The sampled actions show a heavy bias towards actions `0` (Push Left) and `2` (Push Right), with very few instances of action `1` (No Push). 
   - This suggests that the agent is predominantly trying to build momentum by moving left and right, which is generally a good strategy for the MountainCar environment, but the lack of `No Push` actions might be limiting exploration in certain states.

2. **Total Reward**:
   - The total reward of `-56.59` indicates that the agent is not yet reaching the goal consistently, as a reward closer to `-200` would suggest it's failing to reach the goal entirely, and a reward closer to `0` would indicate success.

3. **Action Sequence**:
   - There is a noticeable pattern where the agent executes a series of `0`s followed by a series of `2`s, indicating a possible oscillation strategy to build momentum.
   - However, the transitions between `0` and `2` are not interspersed with `1`s, which might be useful in stabilizing the car at certain positions or velocities.

### Recommendations:

1. **Balanced Exploration**:
   - Introduce a more balanced exploration strategy that includes a higher frequency of the `No Push` action (action `1`). This can help the agent learn the effects of maintaining its current state without applying force, which might be beneficial in certain positions or velocities to optimize momentum.

2. **Action Distribution**:
   - Consider using a softmax or epsilon-greedy strategy with a slight bias towards actions `0` and `2`, but ensure that `1` is sampled more frequently than it currently is. A possible distribution could be:
     - Action `0`: 40%
     - Action `1`: 20%
     - Action `2`: 40%

3. **Adaptive Exploration**:
   - Implement an adaptive exploration strategy where the distribution changes based on the agent's current position and velocity. For example, if the car is near the peak of a hill, increase the probability of `No Push` to allow the car to naturally roll and gain momentum.

4. **Reward Shaping**:
   - Although not directly related to action distribution, consider implementing reward shaping to provide intermediate rewards for reaching certain positions or velocities, encouraging the agent to explore beneficial states more thoroughly.

5. **Monitor and Adjust**:
   - After implementing the new exploration strategy, closely monitor the agent's performance over the next 20 episodes. If the total reward improves, continue refining the action distribution based on observed patterns. If not, consider further adjustments or alternative strategies such as prioritized experience replay or intrinsic motivation signals.

By implementing these strategies, the agent should be able to explore the state space more effectively, leading to faster learning and improved performance in the MountainCar-v0 environment.","```json
{
  ""action_probs"": [0.4, 0.2, 0.4]
}
```"
151,-57.025078206704755,-58.37955332173401,0.01,0.025233380496501923,N/A,N/A
152,-57.34903168315731,-57.86075619619896,0.01,0.03172726929187775,N/A,N/A
153,-59.369742951402415,-58.2328448278606,0.01,0.034260332584381104,N/A,N/A
154,-57.36661525817722,-57.92237432638508,0.01,0.020729277282953262,N/A,N/A
155,-57.25841047435033,-57.66889372018265,0.01,0.013089649379253387,"Based on the provided data, the sampled actions from the last episode are predominantly ""0"" (Push Left) and ""2"" (Push Right), with no instances of ""1"" (No Push). This indicates that the agent is primarily alternating between pushing left and right, which is a typical strategy for the MountainCar-v0 environment to build the necessary momentum to reach the flag. However, the absence of ""1"" (No Push) actions suggests that the agent might not be exploring the full action space effectively. This lack of exploration could be limiting the agent's ability to learn an optimal policy efficiently.

### Recommendations for Action Distribution:

1. **Balanced Exploration**:
   - Introduce a more balanced action distribution during exploration. While the actions ""0"" and ""2"" are crucial for building momentum, occasionally taking the ""1"" (No Push) action can help the agent explore different state transitions and potentially discover more efficient trajectories.
   - Suggested exploration distribution: 40% ""0"" (Push Left), 40% ""2"" (Push Right), 20% ""1"" (No Push).

2. **Incorporate Stochasticity**:
   - Use a stochastic policy during exploration to ensure the agent does not get stuck in suboptimal patterns. This can be achieved by adding a small probability of selecting any action at random.

3. **Adaptive Exploration**:
   - Consider an adaptive exploration strategy where the action distribution is adjusted based on the agent's performance. If the agent is not improving, increase the exploration rate temporarily to encourage more diverse behavior.

4. **Monitor and Adjust**:
   - Continuously monitor the agent's performance and adjust the exploration strategy as needed. If the agent starts to converge towards a better policy, gradually reduce exploration to allow the agent to exploit learned knowledge.

5. **Use of Exploration Techniques**:
   - Implement exploration techniques such as epsilon-greedy or Boltzmann exploration to systematically decrease exploration over time as the agent learns.

By introducing a more diverse action distribution and adaptive exploration strategies, the agent should be able to explore the state-action space more effectively, potentially leading to faster learning and improved performance in the MountainCar-v0 environment.","```json
{
  ""action_probs"": [0.4, 0.2, 0.4]
}
```"
156,-57.51019288048681,-57.67302144339175,0.01,0.021139921620488167,N/A,N/A
157,-56.68224562676624,-58.957032179514464,0.01,0.0184523556381464,N/A,N/A
158,-60.03464927622113,-56.88819634432904,0.01,0.015464108437299728,N/A,N/A
159,-59.82747218531024,-58.386081071149626,0.01,0.012433873489499092,N/A,N/A
160,-59.32511259698575,-59.16803997821357,0.01,0.01252029836177826,"To help the DQN agent learn faster in the MountainCar-v0 environment, we need to focus on improving the exploration strategy. Based on the provided data, let's analyze and make recommendations:

### Analysis:
1. **Current Action Distribution:**
   - The sampled actions show a high frequency of action `0` (Push Left) and `2` (Push Right), with a much lower frequency of action `1` (No Push).
   - The actions seem to be concentrated in blocks, indicating potential periods of sticking to one action before switching.

2. **Total Reward:**
   - The total reward of approximately -59.33 suggests that the agent is not yet reaching the goal efficiently. In MountainCar-v0, a reward closer to -200 indicates poor performance, while a reward near -110 or better suggests improvement.

3. **Momentum Building:**
   - In MountainCar-v0, building momentum by oscillating between actions `0` and `2` is crucial to reach the goal. However, the current pattern seems unstructured and might not be effectively building the necessary momentum.

### Recommendations:
1. **Balanced Exploration:**
   - Introduce a more balanced exploration strategy that ensures a more even distribution of actions `0` and `2` to facilitate momentum building. Action `1` (No Push) should be used sparingly but strategically to allow for momentum conservation when the car is moving in the desired direction.

2. **Structured Oscillation:**
   - Encourage structured oscillation between `0` and `2` to systematically build momentum. For example, alternate between these actions every few steps to simulate a pendulum effect.

3. **Adaptive Exploration Rate:**
   - Implement an adaptive exploration strategy where the probability of selecting actions `0` and `2` is higher initially and gradually shifts towards more exploitation as the agent learns. This can be achieved by adjusting the epsilon parameter in an epsilon-greedy strategy.

4. **Incorporate Velocity Information:**
   - Use the velocity state information to decide when to apply action `1`. If the velocity is positive and the car is moving right, action `1` can help maintain momentum without additional force. Similarly, use action `1` when the car is moving left with negative velocity.

5. **Reward Shaping:**
   - Consider incorporating reward shaping to provide additional feedback. For instance, give small positive rewards for reaching higher positions to encourage climbing the hill.

By implementing these recommendations, the exploration strategy should become more effective, allowing the DQN agent to learn the optimal policy faster and improve its performance in reaching the goal.","```json
{
  ""action_probs"": [0.4, 0.1, 0.5]
}
```"
161,-58.50046725482017,-59.89608560174234,0.01,0.02502920664846897,N/A,N/A
162,-54.43984776330597,-59.003560636905,0.01,0.01274881325662136,N/A,N/A
163,-70.61146679814425,-58.28140246614595,0.01,0.01234152726829052,N/A,N/A
164,-52.9334003932009,-62.789982005919185,0.01,0.012410381808876991,N/A,N/A
165,-58.3297680236116,-58.67491408097554,0.01,0.027124855667352676,"To help the DQN agent learn faster in the MountainCar-v0 environment, we need to analyze the sampled actions and the resulting total reward to adjust the exploration strategy. Here's a breakdown of the current situation and the recommended strategy:

### Current Analysis:
1. **Action Distribution**:
   - Action 0 (Push Left): 44 times
   - Action 1 (No Push): 18 times
   - Action 2 (Push Right): 38 times

2. **Total Reward**: -58.3297680236116
   - A negative reward indicates that the agent is still far from reaching the goal efficiently.

3. **Observations**:
   - The agent seems to favor Action 0 (Push Left) and Action 2 (Push Right), which is expected since building momentum is crucial in this task.
   - Action 1 (No Push) is less frequent, which might be beneficial in certain states to maintain momentum or prevent unnecessary loss of speed.

### Recommendations for Exploration Strategy:
To improve the learning efficiency of the DQN agent, we should adjust the exploration action distribution to encourage more diverse and potentially beneficial behaviors:

1. **Balanced Exploration**:
   - Encourage a more balanced exploration of actions to ensure the agent experiences different state-action outcomes. This can help the agent learn the dynamics of the environment more effectively.

2. **Proposed Action Distribution**:
   - Action 0 (Push Left): 35%
   - Action 1 (No Push): 20%
   - Action 2 (Push Right): 45%

3. **Rationale**:
   - **Increase Action 2 (Push Right)**: Since the goal is on the right hill, slightly increasing the frequency of pushing right can help the agent explore more ways to gain momentum towards the goal.
   - **Include Action 1 (No Push)**: Maintaining a non-zero probability for ""No Push"" can help the agent learn when it's beneficial to conserve momentum or avoid over-correcting.
   - **Slightly Decrease Action 0 (Push Left)**: While pushing left is necessary to build momentum, ensuring it's not overly dominant allows the agent to explore other strategies.

4. **Use of Epsilon-Greedy**:
   - Continue using an epsilon-greedy approach during exploration, but adjust the epsilon decay rate to ensure the agent explores sufficiently in the early stages.

5. **Monitor and Adjust**:
   - Continuously monitor the performance (total rewards) after implementing the new distribution. Be ready to adjust the strategy based on observed improvements or stagnation in learning.

By implementing a more balanced exploration strategy, the agent is more likely to discover effective policies that lead to reaching the goal more efficiently.","```json
{
  ""action_probs"": [0.35, 0.2, 0.45]
}
```"
166,-57.988561332777934,-60.19688597910815,0.01,0.011463414877653122,N/A,N/A
167,-60.905163163322534,-58.52359940753369,0.01,0.012020456604659557,N/A,N/A
168,-57.15781494953801,-57.414779620919184,0.01,0.011043768376111984,N/A,N/A
169,-58.02634998202866,-55.060519225229015,0.01,0.011883954517543316,N/A,N/A
170,-56.49662811638304,-54.55213692591509,0.01,0.017255349084734917,"Based on the provided data, let's analyze the current exploration strategy and make recommendations to help the DQN agent learn more effectively.

### Analysis

1. **Current Action Distribution:**
   - The sampled actions from the last episode show a heavy bias towards action `2` (Push Right), with some actions being `0` (Push Left) and very few `1` (No Push).
   - This distribution indicates that the agent is predominantly trying to push the car to the right, which might not be effective given the need to build momentum by swinging back and forth.

2. **Total Reward:**
   - The total reward of `-56.4966` suggests that the agent is not yet effectively reaching the goal or optimizing its movements. In MountainCar-v0, the reward is typically negative, and a less negative value indicates better performance.

3. **Exploration Strategy:**
   - The current exploration strategy seems unbalanced, with insufficient exploration of the `0` (Push Left) and `1` (No Push) actions. This imbalance could limit the agent's ability to learn the dynamics of building momentum by moving back and forth.

### Recommendations

1. **Balanced Exploration:**
   - Adjust the action distribution to encourage more balanced exploration. A suggested distribution could be:
     - `Action 0 (Push Left)`: 40%
     - `Action 1 (No Push)`: 20%
     - `Action 2 (Push Right)`: 40%
   - This distribution allows the agent to explore both pushing directions more equally, which is crucial for building the necessary momentum.

2. **Adaptive Exploration:**
   - Consider using an adaptive exploration strategy, such as epsilon-greedy with a decaying epsilon. Start with a higher epsilon (e.g., 0.3) to encourage more exploration and gradually decrease it to focus on exploitation as the agent learns.

3. **Momentum Building:**
   - Encourage the agent to explore sequences of actions that involve alternating between `Push Left` and `Push Right`. This can be achieved by implementing a short-term memory or policy that prefers alternating actions when the car's velocity is low.

4. **Reward Shaping:**
   - If possible, implement reward shaping to provide additional feedback when the agent successfully builds momentum or reaches higher positions on the left hill. This can accelerate learning by highlighting successful strategies.

5. **Monitoring and Adjustment:**
   - Continuously monitor the agent's performance and adjust the exploration strategy based on the observed trends in rewards and action distributions. If the agent starts to perform better, gradually shift towards more exploitation.

By implementing these recommendations, the agent should be able to explore the state space more effectively and learn the optimal policy for solving the MountainCar-v0 task faster.","```json
{
  ""action_probs"": [0.4, 0.2, 0.4]
}
```"
171,-56.65465552450292,-54.6386049828166,0.01,0.024468649178743362,N/A,N/A
172,-58.475139708880164,-57.30385678299304,0.01,0.024037210270762444,N/A,N/A
173,-51.32707522397396,-54.51687331085443,0.01,0.051270339637994766,N/A,N/A
174,-47.03406661011811,-53.723724803579145,0.01,0.03247832506895065,N/A,N/A
175,-49.07846826063636,-58.3095071068059,0.01,0.008267082273960114,"To help the DQN agent learn faster in the MountainCar-v0 environment, let's analyze the provided data and devise an exploration strategy:

### Analysis:

1. **Action Distribution in Last Episode:**
   - Actions sampled: 100 actions total.
   - Push Right (2): 72 times
   - No Push (1): 1 time
   - Push Left (0): 27 times

2. **Total Reward:**
   - The total reward of -49.078 indicates that the agent has not yet reached the goal, as the reward is negative and quite far from the optimal reward of -200 (which would be the worst-case scenario for a full episode without success).

3. **Current Strategy:**
   - The agent predominantly uses ""Push Right"" (action 2), which suggests that it might be over-committing to moving right, possibly getting stuck or not building enough momentum to overcome the hill.

### Recommendations:

To improve the exploration and learning process, consider the following strategy:

1. **Balanced Exploration:**
   - Modify the action distribution to encourage more balanced exploration between left and right actions. This could be crucial for building the necessary momentum to reach the goal.
   - Suggested action probabilities for exploration:
     - Push Left (0): 40%
     - No Push (1): 10%
     - Push Right (2): 50%

2. **Increased Exploration:**
   - Since the agent is still learning, ensure that exploration is adequately prioritized over exploitation. Consider using an epsilon-greedy strategy with a relatively high epsilon value (e.g., 0.3 to 0.5) for these 20 episodes to encourage more exploration.

3. **Momentum Building:**
   - Encourage the agent to explore oscillating between pushing left and right. This can be achieved by slightly favoring the ""Push Left"" action more than before, as it seems underrepresented in the current strategy.

4. **Adaptive Exploration:**
   - Monitor the agent’s performance over these episodes and adjust the exploration strategy dynamically. If the agent starts showing signs of improvement (e.g., reaching higher rewards), gradually reduce exploration and increase exploitation.

5. **Reward Shaping:**
   - If possible, consider using reward shaping to provide additional feedback to the agent when it successfully reaches higher positions on the hill, encouraging momentum-building behavior.

By implementing these recommendations, the agent should have a better chance of effectively exploring the state space and learning the optimal policy to solve the MountainCar-v0 task.","```json
{
  ""action_probs"": [0.4, 0.1, 0.5]
}
```"
176,-51.724181366618716,-81.4774879079648,0.01,0.012478889897465706,N/A,N/A
177,-74.53545097688472,-51.5676357671216,0.01,0.01640460267663002,N/A,N/A
178,-52.0031583533589,-52.74699948447774,0.01,0.011252952739596367,N/A,N/A
179,-49.33039137674662,-52.98449121576916,0.01,0.02605622448027134,N/A,N/A
180,-53.31837204612422,-52.53154213291168,0.01,0.01055696327239275,"To help the DQN agent learn more effectively in the MountainCar-v0 environment, we need to encourage a more balanced exploration strategy. The sampled actions from the last episode show a heavy bias towards action 2 (Push Right) and a lack of diversity in the chosen actions. This could lead to suboptimal learning because the agent isn't adequately exploring the state-action space.

### Analysis:
1. **Action Distribution**: The current action distribution is heavily skewed towards action 2 (Push Right). This is evident from the sampled actions, where action 2 is chosen most of the time, with very few instances of actions 0 (Push Left) and 1 (No Push).

2. **Reward**: The total reward of -53.32 suggests that the agent is not efficiently reaching the goal. In MountainCar-v0, a more balanced and strategic approach is required to build momentum to reach the flag.

### Recommendations:
1. **Balanced Exploration**: Introduce a more balanced action distribution during exploration. A suggested distribution could be:
   - Action 0 (Push Left): 40%
   - Action 1 (No Push): 20%
   - Action 2 (Push Right): 40%

   This distribution encourages the agent to explore pushing left more often, which is crucial for building momentum, while still allowing for a fair amount of right pushes and some neutral actions.

2. **Exploration Strategy**: Consider using an exploration strategy like epsilon-greedy where the epsilon value starts high (e.g., 1.0) and decays over time. This ensures that the agent explores sufficiently in the early stages of training.

3. **Momentum Building**: Encourage the agent to learn the importance of oscillating back and forth to build momentum. This can be achieved by ensuring that the agent has enough opportunities to try different sequences of actions.

4. **Reward Shaping**: If possible, consider incorporating some form of reward shaping to provide the agent with intermediate rewards for gaining momentum or reaching higher positions on the slope.

5. **Monitoring and Adjusting**: Continuously monitor the agent’s performance and adjust the exploration strategy if necessary. If the agent starts to show signs of learning (e.g., higher rewards), gradually reduce exploration to allow for more exploitation of the learned policy.

By implementing these recommendations, the agent should be able to explore more effectively and learn a policy that allows it to reach the goal in fewer episodes.","```json
{
  ""action_probs"": [0.4, 0.2, 0.4]
}
```"
181,-52.728308146997435,-52.960284507872835,0.01,0.011996159330010414,N/A,N/A
182,-45.49828334253812,-52.266534028435956,0.01,0.01333655882626772,N/A,N/A
183,-58.70565368668508,-52.47048266664363,0.01,0.013471875339746475,N/A,N/A
184,-52.874905977295086,-50.543568201272116,0.01,0.009125633165240288,N/A,N/A
185,-45.310168357592595,-53.63481748428952,0.01,0.010578997433185577,"Based on the provided data, it seems that the agent is currently favoring actions 0 (Push Left) and 2 (Push Right) more frequently than action 1 (No Push). The sampled actions indicate a sequence where the agent initially pushes left, then switches to pushing right, and finally performs some no-push actions. This pattern suggests that the agent is trying to build momentum to reach the goal, which is a necessary strategy given the weak engine in the MountainCar environment.

The total reward of -45.31 indicates that the agent is still not performing optimally, as it hasn't managed to reach the goal efficiently. To help the DQN agent learn faster, we can adjust the exploration strategy to encourage a more balanced exploration of the action space. Here's a recommended strategy:

### Exploration Strategy Recommendations:

1. **Balanced Exploration:**
   - Encourage a more balanced exploration of all actions to ensure the agent adequately samples different strategies. This can be achieved by adjusting the action distribution during exploration.

2. **Action Distribution:**
   - Assign probabilities to each action to promote exploration:
     - Action 0 (Push Left): 0.4
     - Action 1 (No Push): 0.2
     - Action 2 (Push Right): 0.4

   This distribution gives a slight preference to pushing actions (0 and 2), which are crucial for building momentum, while still allowing for some exploration of the ""No Push"" action (1).

3. **Adaptive Exploration:**
   - Consider implementing an adaptive exploration strategy where the action distribution can change based on the agent's performance. For example, if the agent is not improving, increase the exploration probability for under-utilized actions.

4. **Monitor Performance:**
   - After applying the new exploration strategy, closely monitor the agent's performance over the next 20 episodes. Look for improvements in total reward and analyze the action sequences to ensure diversity and effectiveness.

5. **Exploration Decay:**
   - Gradually decay the exploration rate over time to allow the agent to exploit learned strategies as it becomes more proficient at the task.

By implementing these recommendations, the agent should be able to explore the environment more effectively, potentially leading to faster learning and improved performance in the MountainCar-v0 task.","```json
{
  ""action_probs"": [0.4, 0.2, 0.4]
}
```"
186,-47.38118481505662,-51.40623526329192,0.01,0.010528674349188805,N/A,N/A
187,-48.82297690256963,-53.08063754189484,0.01,0.010876563377678394,N/A,N/A
188,-39.51628681941989,-50.97431346314493,0.01,0.011324578896164894,N/A,N/A
189,-68.10873924883995,-48.8803095264105,0.01,0.008671361953020096,N/A,N/A
190,-59.57403272115957,-49.64058563669142,0.01,0.012265767902135849,"To help the DQN agent learn faster in the MountainCar-v0 environment, we need to ensure that the exploration strategy effectively covers the action space and encourages the agent to experience a variety of state transitions. Let's analyze the provided data and then recommend an exploration action distribution.

### Analysis of Sampled Actions

The sampled actions from the last episode are distributed as follows:
- Action 0 (Push Left): 33 occurrences
- Action 1 (No Push): 9 occurrences
- Action 2 (Push Right): 56 occurrences

The current distribution seems to favor ""Push Right"" (action 2) significantly more than the other actions. ""No Push"" (action 1) is underrepresented, which might limit the agent's ability to explore states where maintaining velocity is beneficial. The car needs to build momentum by moving back and forth, so a balanced exploration of actions is crucial.

### Recommendations for Exploration Strategy

1. **Balanced Action Distribution**:
   - Aim for a more balanced action distribution to ensure the agent explores the effects of each action equally. A suggested distribution could be:
     - Action 0 (Push Left): 33%
     - Action 1 (No Push): 33%
     - Action 2 (Push Right): 34%
   - This ensures that the agent can explore the benefits of building momentum by alternating between pushing left and right, as well as maintaining its current state.

2. **Epsilon-Greedy Strategy**:
   - Continue using an epsilon-greedy strategy but adjust the epsilon value to encourage more exploration. If epsilon is currently low, consider increasing it temporarily for the next 20 episodes to ensure diverse state-action pairs are visited.

3. **Adaptive Exploration**:
   - Implement an adaptive exploration strategy where the action distribution can be adjusted based on the agent's performance. If the agent struggles to reach the goal, slightly increase exploration in underrepresented actions (like ""No Push"").

4. **Reward Shaping**:
   - Consider incorporating reward shaping to encourage exploration. Providing small rewards for moving towards the goal or reaching new high positions can help guide the agent's exploration more effectively.

5. **Monitor and Adjust**:
   - Continuously monitor the agent's performance and action distribution. Adjust the exploration strategy based on observed learning progress and the agent's ability to reach the goal.

By implementing these recommendations, the agent should experience a more diverse set of state transitions, which can help it learn the optimal policy more efficiently.","```json
{
  ""action_probs"": [0.33, 0.33, 0.34]
}
```"
191,-58.37350820793762,-52.02978863491211,0.01,0.012023611925542355,N/A,N/A
192,-37.4727077095104,-50.45602158701415,0.01,0.010566170327365398,N/A,N/A
193,-49.77309125588009,-50.60081945272662,0.01,0.06358018517494202,N/A,N/A
194,-57.98495782509316,-50.53921930519739,0.01,0.013550452888011932,N/A,N/A
195,-50.33833930985834,-48.14334502809449,0.01,0.01099157053977251,"Based on the provided data, it appears that the agent is predominantly selecting the action ""Push Right"" (action 2), with occasional ""Push Left"" (action 0) and almost no ""No Push"" (action 1). This unbalanced action distribution suggests that the agent is not effectively exploring the action space, which is crucial for learning in the MountainCar-v0 environment where building momentum is key to reaching the goal.

### Analysis:
1. **Action Imbalance**: The heavy bias towards ""Push Right"" indicates that the agent might be trying to reach the goal directly without building the necessary momentum. This could lead to suboptimal learning as the car needs to oscillate back and forth to gain enough speed to reach the flag.

2. **Lack of Exploration**: The near absence of the ""No Push"" action suggests that the agent is not exploring all possible actions, which is essential for discovering effective strategies in the early stages of training.

### Recommendations for Exploration Strategy:
To improve the agent's learning efficiency, consider the following exploration strategy:

1. **Balanced Action Distribution**: Encourage a more balanced distribution of actions to ensure the agent explores the state-action space more thoroughly. A suggested distribution could be:
   - Push Left (action 0): 40%
   - No Push (action 1): 20%
   - Push Right (action 2): 40%

   This distribution will encourage the agent to explore the effect of both left and right pushes more equally while still occasionally trying the ""No Push"" action.

2. **Incorporate Stochasticity**: Introduce randomness in action selection to prevent the agent from getting stuck in suboptimal policies. This could be achieved using an epsilon-greedy strategy where a portion of actions are selected randomly.

3. **Adaptive Exploration**: Gradually reduce exploration as the agent begins to learn effective policies. Start with a higher exploration rate and decay it over time as the agent's performance improves.

4. **Reward Shaping**: Consider using reward shaping techniques to provide intermediate rewards for actions that help build momentum, such as rewarding the agent for moving away from the valley initially.

5. **Monitor Learning Progress**: Continuously monitor the agent's performance and adjust the exploration strategy as needed. If the agent's learning plateaus, revisit the action distribution and exploration parameters.

Implementing these recommendations should help the agent explore more effectively and learn the optimal strategy for the MountainCar-v0 environment more quickly.","```json
{
  ""action_probs"": [0.4, 0.2, 0.4]
}
```"
196,-39.82510531257306,-47.897530303759446,0.01,0.010689564049243927,N/A,N/A
197,-39.58691225393811,-48.967972145034345,0.01,0.010129711590707302,N/A,N/A
198,-49.729088571182075,-50.33449713551805,0.01,0.010530510917305946,N/A,N/A
199,-37.62927610181339,-47.780445486414415,0.01,0.020108291879296303,N/A,N/A
200,-49.4802681824392,-48.83753705041632,0.01,0.006578617729246616,"Based on the provided data, it seems that the agent predominantly sampled the action ""2"" (Push Right) in the last episode, with some instances of ""0"" (Push Left) and very few ""1"" (No Push). The total reward for the episode is -49.48, which indicates that the agent is not yet performing optimally, as a higher (less negative) reward would indicate better performance in reaching the goal.

### Observations:
1. **Action Imbalance**: There is a heavy skew towards the ""Push Right"" action. This might lead to suboptimal policy learning because the agent is not adequately exploring the other actions, especially ""Push Left,"" which is crucial for building momentum.
2. **Momentum Building**: In MountainCar-v0, the car needs to oscillate between the left and right to build enough momentum to reach the flag. The current action distribution suggests insufficient exploration of this oscillating behavior.

### Recommendations for Exploration Strategy:
To help the DQN agent learn faster, we should adjust the action distribution to encourage more balanced exploration, which can lead to better momentum building. Here are some specific recommendations:

1. **Balanced Exploration**:
   - Increase the probability of selecting ""Push Left"" (action 0) to encourage the agent to explore moving left more often.
   - Reduce the dominance of ""Push Right"" (action 2) to allow the agent to explore other actions more effectively.

2. **Exploration Distribution**:
   - Aim for a more balanced action distribution during exploration. For instance:
     - Action 0 (Push Left): 40%
     - Action 1 (No Push): 20%
     - Action 2 (Push Right): 40%
   - This distribution encourages the agent to oscillate more, which is essential for building the necessary momentum.

3. **Adaptive Exploration**:
   - Consider implementing an adaptive exploration strategy where the exploration distribution slightly shifts based on the agent's performance. For example, if the agent's performance improves, gradually reduce exploration in favor of exploitation.

4. **Exploration Noise**:
   - Introduce some stochasticity or noise in action selection to prevent the agent from getting stuck in local optima and encourage broader state space exploration.

By implementing these recommendations, the agent should be better equipped to learn the oscillating behavior necessary to solve the MountainCar-v0 task more efficiently.","```json
{
  ""action_probs"": [0.4, 0.2, 0.4]
}
```"
201,-46.07073311882892,-49.8135820601504,0.01,0.007966761477291584,N/A,N/A
202,-49.632017491272215,-47.85798772805752,0.01,0.009704144671559334,N/A,N/A
203,-57.25543654493856,-47.799973205132076,0.01,0.011589501984417439,N/A,N/A
204,-50.529558289021104,-51.45349461371511,0.01,0.008878808468580246,N/A,N/A
205,-49.65167099339554,-47.4505227125012,0.01,0.008498407900333405,"Based on the data provided, it seems that the current exploration strategy is heavily biased towards the ""Push Right"" action (action 2). This is evident from the sampled actions, where the majority are action 2, with significantly fewer instances of actions 0 (Push Left) and 1 (No Push). This imbalance may hinder the DQN agent's ability to effectively explore the state space and learn the optimal policy for the MountainCar-v0 environment.

### Analysis:

1. **Action Imbalance**: The current action distribution is skewed towards action 2, which might lead to suboptimal exploration. The car needs to build momentum by moving back and forth, which requires a more balanced use of actions 0 and 2.

2. **Exploration-Exploitation Trade-off**: Overemphasis on a single action can limit exploration, causing the agent to miss learning about potentially beneficial state-action pairs.

3. **Total Reward**: The total reward of -49.65 indicates that the agent is not yet efficiently reaching the goal. This suggests that the exploration strategy might need adjustment to improve learning.

### Recommendations:

1. **Balanced Action Distribution**: 
   - Aim for a more balanced distribution of actions during exploration. This can be achieved by adjusting the exploration policy to sample actions more evenly. A suggested distribution could be:
     - Action 0 (Push Left): 40%
     - Action 1 (No Push): 20%
     - Action 2 (Push Right): 40%

2. **Adaptive Exploration**:
   - Implement an adaptive exploration strategy where the action distribution changes based on the agent's performance. Initially, a balanced approach can be used, and as the agent improves, the distribution can be adjusted to favor more effective actions.

3. **Incorporate Stochastic Exploration**:
   - Use a stochastic exploration strategy such as epsilon-greedy, where with a certain probability (epsilon), the agent selects a random action, and with probability (1-epsilon), it selects the best-known action. Start with a higher epsilon (e.g., 0.3) and decrease it gradually as learning progresses.

4. **Monitor and Adjust**:
   - Continuously monitor the agent's performance and adjust the exploration strategy as needed. If the agent's performance plateaus, consider increasing exploration to discover new strategies.

By implementing these recommendations, the DQN agent should be able to explore the environment more effectively and learn a more optimal policy for solving the MountainCar-v0 task.","```json
{
  ""action_probs"": [0.4, 0.2, 0.4]
}
```"
206,-38.49868327680597,-47.857958518295945,0.01,0.011050005443394184,N/A,N/A
207,-38.44961656667873,-47.7268490499712,0.01,0.010034807026386261,N/A,N/A
208,-39.60300279282965,-47.53016775214795,0.01,0.010369842872023582,N/A,N/A
209,-37.073223764431056,-48.008974744316234,0.01,0.010523482225835323,N/A,N/A
210,-47.65784881564824,-47.88397347398369,0.01,0.008488457649946213,"Based on the provided data, it appears that the current exploration strategy is heavily biased towards action 2 (""Push Right"") after an initial series of action 0 (""Push Left""). This might indicate that the agent is over-exploring one side, potentially leading to suboptimal learning and a lack of sufficient momentum building, which is crucial for solving the MountainCar problem.

Here's a breakdown of the current situation and recommendations for an improved exploration strategy:

### Current Situation:
1. **Action Bias**: The actions are predominantly skewed towards ""Push Right"" (action 2), with a significant portion of the episode executing this action.
2. **Momentum Building**: The MountainCar problem requires effective momentum building by swinging back and forth. The current distribution might not be allowing the agent to adequately explore the benefits of moving left (action 0) and maintaining position (action 1) to build this momentum.
3. **Exploration Effectiveness**: The total reward of -47.66 suggests that the agent is not yet efficiently reaching the goal, likely due to insufficient exploration of all action possibilities.

### Recommendations:
To enhance the exploration strategy and help the DQN agent learn faster, consider the following action distribution adjustments:

1. **Balanced Exploration**: Introduce a more balanced distribution of actions to encourage exploration of all possibilities. For example, aim for an approximate distribution of:
   - 40% for action 0 (""Push Left"")
   - 20% for action 1 (""No Push"")
   - 40% for action 2 (""Push Right"")

2. **Encourage Momentum Building**: By increasing the frequency of action 0, the agent can better explore the leftward movement necessary for momentum building. This should help the agent understand the physics of the environment better and learn to utilize the hills effectively.

3. **Adaptive Exploration**: Consider using an adaptive exploration strategy where the action distribution can be adjusted based on the agent's performance. If the agent is not improving, increase the exploration of less frequent actions (e.g., action 1) to discover potentially beneficial strategies.

4. **Monitor and Adjust**: Continuously monitor the agent's performance and adjust the exploration strategy as needed. If the agent begins to improve significantly, you might gradually shift towards a more exploitation-focused strategy.

By implementing these recommendations, the agent should be better equipped to explore the environment effectively, leading to improved learning and performance in subsequent episodes.","```json
{
  ""action_probs"": [0.4, 0.2, 0.4]
}
```"
211,-40.27007578745084,-47.25988722513945,0.01,0.02047593891620636,N/A,N/A
212,-50.892711441378495,-47.95407609261705,0.01,0.013217182829976082,N/A,N/A
213,-51.571574919389725,-47.650823838867936,0.01,0.012386693619191647,N/A,N/A
214,-39.04928130781544,-47.772154780545144,0.01,0.012302454560995102,N/A,N/A
215,-55.7410728248019,-47.82956300182949,0.01,0.008856271393597126,"To help the DQN agent learn faster in the MountainCar-v0 environment, we need to ensure that the agent explores the state-action space effectively. The goal is to reach the flag on the right hill, which requires building momentum by oscillating between the hills. Let's analyze the provided data and suggest an exploration strategy:

### Analysis of the Current Action Distribution:

1. **Current Action Distribution**:
   - Action 0 (Push Left): 40 times
   - Action 1 (No Push): 1 time
   - Action 2 (Push Right): 58 times

2. **Observation**:
   - The action distribution is skewed towards pushing right (action 2), with significantly fewer actions pushing left (action 0) and almost no actions for no push (action 1).
   - The car needs to oscillate between the hills to build momentum, which requires a more balanced distribution of actions between pushing left and right.

3. **Reward Analysis**:
   - The total reward in the last episode is -55.74, which indicates that the agent is not yet effectively reaching the goal. A reward close to -200 would indicate that the car is not escaping the valley at all, so this is a sign of some progress, but improvement is needed.

### Recommendations for Exploration Strategy:

1. **Balanced Action Distribution**:
   - To improve exploration, consider a more balanced action distribution between pushing left and right. This will help the agent build the necessary oscillation momentum to reach the flag.
   - Suggested Distribution:
     - Action 0 (Push Left): 40%
     - Action 1 (No Push): 10%
     - Action 2 (Push Right): 50%

2. **Increased Exploration**:
   - Since the agent is still learning, ensure that the exploration rate (epsilon) is sufficiently high to encourage trying different actions. This can help avoid local optima and discover the necessary oscillation strategy.

3. **Adaptive Exploration**:
   - Gradually reduce exploration (epsilon decay) as the agent starts to learn the optimal policy. This will help in transitioning from exploration to exploitation of the learned policy.
   - Monitor the agent's performance and adjust the exploration strategy as needed based on the reward trends.

4. **Consider State-based Exploration**:
   - If possible, implement a state-based exploration strategy where the action distribution is adjusted based on the car's current position and velocity. For example, if the car is on the left slope, favor pushing right, and vice versa.

By implementing a more balanced and adaptive exploration strategy, the DQN agent should be able to learn more effectively and reach the goal in fewer episodes. Monitor the agent's performance and adjust the strategy based on observed improvements in total rewards over time.","```json
{
  ""action_probs"": [0.4, 0.1, 0.5]
}
```"
216,-56.79068563573197,-47.771436484422125,0.01,0.019026068970561028,N/A,N/A
217,-55.22859892295634,-47.80670896775754,0.01,0.018828444182872772,N/A,N/A
218,-51.502807242669405,-47.684446826759455,0.01,0.00936245359480381,N/A,N/A
219,-55.52380910257509,-48.49654135362129,0.01,0.01126148272305727,N/A,N/A
220,-39.07918339334429,-48.29628422730187,0.01,0.01939322054386139,"Based on the provided data, the agent's recent behavior in the MountainCar-v0 environment shows a strong bias towards two actions: ""Push Left"" (action 0) and ""Push Right"" (action 2). Specifically, the agent's exploration strategy seems to be heavily skewed towards these actions, with a transition from ""Push Left"" to ""Push Right"" without any instances of ""No Push"" (action 1). This pattern indicates that the agent is attempting to build momentum, which is a necessary strategy to reach the goal given the weak engine.

However, the absence of action 1 (""No Push"") suggests that the agent might be missing opportunities to maintain or adjust momentum effectively. Incorporating ""No Push"" can help the agent better control its position and velocity, especially when transitioning between pushing left and right.

### Recommendations for Exploration Strategy:

1. **Balanced Action Distribution:**
   - Introduce a more balanced action distribution to ensure that the agent explores all possible actions. This can help the agent learn the value of ""No Push"" in maintaining momentum and fine-tuning its position.
   - Suggested action distribution for exploration:
     - Push Left (action 0): 40%
     - No Push (action 1): 20%
     - Push Right (action 2): 40%

2. **Adaptive Exploration:**
   - Consider implementing an adaptive exploration strategy where the distribution shifts based on the agent's performance. For example, if the agent is consistently failing to reach the goal, increase the probability of ""No Push"" to allow for more nuanced control.

3. **Monitor and Adjust:**
   - Continuously monitor the agent's performance and adjust the action distribution as necessary. If the agent starts to show improved performance, gradually reduce exploration in favor of exploitation of learned strategies.

4. **Incorporate State Information:**
   - Use the agent's current state (position and velocity) to influence the exploration strategy. For instance, if the agent is near the peak of a hill, ""No Push"" might be more beneficial to maintain potential energy.

By adopting this more balanced and adaptive approach, the agent should be able to explore the state-action space more effectively, potentially leading to faster learning and improved performance in reaching the goal.","```json
{
  ""action_probs"": [0.4, 0.2, 0.4]
}
```"
221,-45.61190208853222,-48.2584312742907,0.01,0.012768400833010674,N/A,N/A
222,-56.16445180041982,-48.2861508501489,0.01,0.00804884172976017,N/A,N/A
223,-55.72483284109206,-48.36792327174634,0.01,0.006546350661665201,N/A,N/A
224,-46.71934240861527,-48.828502976559925,0.01,0.011897148564457893,N/A,N/A
225,-40.93812641100625,-49.04837006125017,0.01,0.007127799093723297,"Based on the data provided, it appears that the agent is consistently taking a series of actions that result in a suboptimal policy for the MountainCar-v0 environment. The sampled actions show a pattern where the agent predominantly chooses action 0 (Push Left) initially and then switches to action 2 (Push Right) for the majority of the episode. This suggests a lack of exploration and a potential bias towards certain actions, which could be hindering the learning process.

### Analysis:

1. **Action Imbalance**: There is a strong imbalance in the sampled actions, with almost no instances of action 1 (No Push). This indicates that the agent might not be exploring the state space effectively, as it is not considering the ""No Push"" action which could be valuable in certain states to maintain momentum.

2. **Lack of Exploration**: The agent seems to follow a deterministic pattern, which suggests insufficient exploration. This can lead to the agent failing to discover more optimal policies that require a nuanced balance of all three actions.

3. **Reward Feedback**: The total reward of approximately -40.94 indicates that the agent is not achieving the goal of reaching the flag. In MountainCar-v0, a reward closer to 0 suggests better performance, as the agent receives a reward of -1 for each time step until it reaches the goal.

### Recommendations:

To enhance exploration and potentially improve the learning speed of the DQN agent, consider implementing the following exploration strategy:

1. **Epsilon-Greedy Strategy with Decay**:
   - Start with a higher epsilon (e.g., 0.5) to encourage more exploration initially.
   - Gradually decay epsilon over the episodes to reduce exploration as the agent learns a more optimal policy.

2. **Balanced Action Distribution**:
   - Encourage a more balanced distribution of actions by initially setting a uniform probability for each action: [0.33, 0.34, 0.33]. This ensures that the agent explores all possible actions more evenly.
   - Monitor the distribution of actions and adjust if any action becomes significantly underrepresented.

3. **Action Noise Addition**:
   - Introduce a small amount of noise to the action selection process to promote exploration. This could be done by adding a random value to the action values before selecting the action.

4. **Diverse Exploration Techniques**:
   - Consider using other exploration strategies like Boltzmann exploration or Upper Confidence Bound (UCB) to encourage exploration of less visited state-action pairs.

5. **Monitor and Adjust**:
   - Continuously monitor the agent's performance and adjust the exploration strategy as needed. If improvement is observed, gradually reduce exploration to allow the agent to exploit learned policies.

By implementing these recommendations, the agent should be able to explore the state-action space more effectively, potentially leading to faster learning and improved performance in the MountainCar-v0 environment.","```json
{
  ""action_probs"": [0.33, 0.34, 0.33]
}
```"
226,-56.08093035464578,-49.09643450670858,0.01,0.007919439114630222,N/A,N/A
227,-41.0061016196302,-50.66196594776053,0.01,0.012737972661852837,N/A,N/A
228,-59.410536262412926,-51.37065566914057,0.01,0.004809764213860035,N/A,N/A
229,-56.51294062924567,-52.75940989511919,0.01,0.007535524666309357,N/A,N/A
230,-47.299934061669866,-53.346902008898326,0.01,0.04393372684717178,"To help the DQN agent learn faster in the MountainCar-v0 environment, it's important to ensure that the exploration strategy allows the agent to effectively explore the state and action space. Let's analyze the provided data and then suggest an exploration strategy:

### Analysis of Sampled Actions:
1. **Action Distribution**: 
   - Push Right (Action 2): 66 times
   - No Push (Action 1): 6 times
   - Push Left (Action 0): 28 times

2. **Observation**:
   - The action distribution is heavily skewed towards ""Push Right"" (Action 2), which suggests that the agent is predominantly trying to move right.
   - There is a very low frequency of ""No Push"" (Action 1), which might not be sufficient for the agent to explore the effect of maintaining the current velocity.
   - The ""Push Left"" (Action 0) is used more than ""No Push"" but still significantly less than ""Push Right"".

### Recommendations for Exploration Strategy:
To improve the exploration and learning of the DQN agent, we need a more balanced exploration strategy that encourages the agent to explore different actions more evenly. Here’s a suggested approach:

1. **Balanced Action Distribution**:
   - **Push Left (Action 0)**: 33%
   - **No Push (Action 1)**: 33%
   - **Push Right (Action 2)**: 34%

   This distribution ensures that the agent explores all possible actions more evenly, which is crucial for building the necessary momentum to reach the goal.

2. **Exploration Strategy**:
   - **Epsilon-Greedy Strategy**: Implement an epsilon-greedy policy where the epsilon value is adjusted to encourage exploration. Start with a higher epsilon (e.g., 0.5) and decay it over time to encourage more exploitation as the agent learns.
   - **Action Sampling**: During the exploration phase, sample actions based on the balanced distribution. This can be achieved by modifying the action selection mechanism to sample actions according to the specified probabilities.

3. **Monitor Learning**:
   - Continuously monitor the total reward and adjust the action distribution if the agent shows signs of improved learning or stagnation.
   - If the agent starts to perform better, gradually shift towards more exploitation by reducing the epsilon value.

By implementing a more balanced exploration strategy, the agent should be able to better understand the dynamics of the environment, especially the need to move back and forth to build momentum, ultimately leading to faster and more effective learning.","```json
{
  ""action_probs"": [0.33, 0.33, 0.34]
}
```"
231,-57.09533699577607,-54.397391768512804,0.01,0.006965383887290955,N/A,N/A
232,-58.27578828546348,-54.84242207715114,0.01,0.007960928604006767,N/A,N/A
233,-59.27338008026955,-55.713372155055495,0.01,0.009313264861702919,N/A,N/A
234,-57.33611450100182,-55.983561046513884,0.01,0.008897589519619942,N/A,N/A
235,-60.44554960422849,-55.209631205134954,0.01,0.017506016418337822,"Based on the data provided, we can see that the current exploration strategy is heavily skewed towards actions 0 (Push Left) and 2 (Push Right), with very few instances of action 1 (No Push). This might indicate that the agent is trying to build momentum, which is crucial for solving the MountainCar-v0 environment. However, the total reward of -60.45 suggests that there's room for improvement in the exploration strategy to help the DQN agent learn more efficiently.

Here are some observations and recommendations for adjusting the action distribution during exploration:

### Observations:
1. **Action Distribution**: 
   - Action 0 (Push Left) and Action 2 (Push Right) are dominating the action space.
   - Action 1 (No Push) is underrepresented, which might be limiting the agent's ability to explore different states effectively.

2. **Total Reward**: 
   - A reward of -60.45 indicates that the agent is not yet performing optimally. The goal is to reduce the negative reward, ideally reaching close to -110 or better as the agent improves.

3. **Momentum Building**:
   - The agent needs to build sufficient momentum by oscillating between the left and right hills. This requires a balanced exploration strategy that allows the agent to explore the effects of all actions, including when to ""No Push.""

### Recommendations:
1. **Balanced Action Distribution**:
   - Adjust the exploration strategy to ensure a more balanced distribution of actions. Consider using a distribution like 40% for actions 0 and 2, and 20% for action 1. This can encourage the agent to explore the effects of maintaining its velocity without pushing, which might help in certain states.

2. **Incorporate Stochasticity**:
   - Introduce a stochastic element to the action selection process, such as an epsilon-greedy strategy where the agent occasionally selects a random action. This can prevent the agent from getting stuck in suboptimal action sequences.

3. **Adaptive Exploration**:
   - Implement an adaptive exploration strategy that starts with a more exploratory distribution and gradually shifts towards exploitation as the agent's performance improves. This can be achieved by decaying the probability of random actions over time.

4. **Monitor State Transitions**:
   - Pay attention to the state transitions and how different actions affect the car's position and velocity. Adjust the action distribution based on which actions lead to more promising state transitions.

5. **Analyze Reward Trends**:
   - Continuously monitor the reward trends and adjust the exploration strategy if the performance plateaus or deteriorates. This feedback loop can help in fine-tuning the action distribution over time.

By implementing these recommendations, you should be able to help the DQN agent learn more efficiently and improve its performance in the MountainCar-v0 environment.","```json
{
  ""action_probs"": [0.4, 0.2, 0.4]
}
```"
236,-57.702428167759074,-57.07598252651762,0.01,0.009671591222286224,N/A,N/A
237,-61.3963862886486,-56.53321558891147,0.01,0.04857644811272621,N/A,N/A
238,-56.762437125539876,-58.161440534476284,0.01,0.006334107369184494,N/A,N/A
239,-59.746509036555636,-55.79567616132939,0.01,0.0346074253320694,N/A,N/A
240,-37.46822121325614,-56.16937753729792,0.01,0.009748781099915504,"Based on the provided data, it appears that the exploration strategy in the last episode was heavily biased towards two actions: ""Push Left"" (action 0) and ""Push Right"" (action 2), with no instances of ""No Push"" (action 1). The total reward of -37.47 suggests that the agent is not yet efficiently reaching the goal, which is typical in the early stages of learning in the MountainCar-v0 environment.

### Analysis
1. **Action Distribution**: The sampled actions show a strong bias towards ""Push Left"" initially and then ""Push Right"". This indicates that the agent might be attempting to build momentum but is not incorporating the ""No Push"" action, which can be useful in certain states to maintain momentum without overshooting.

2. **Total Reward**: The negative reward indicates that the agent is not reaching the goal efficiently. This is expected as the agent is still in the exploration phase and learning the dynamics of the environment.

### Recommendations for Exploration Strategy
To help the DQN agent learn faster, it's important to ensure a more balanced exploration of the action space. Here are some recommendations:

1. **Balanced Exploration**: Introduce a more balanced action distribution during exploration. This can be achieved by setting probabilities for each action:
   - **Push Left (0)**: 40%
   - **No Push (1)**: 20%
   - **Push Right (2)**: 40%

   This distribution encourages the agent to explore the ""No Push"" action, which can be beneficial in maintaining momentum without losing speed unnecessarily.

2. **Dynamic Exploration**: Consider using a dynamic exploration strategy that adjusts the probabilities based on the agent's performance. For example, if the agent is consistently failing to reach the goal, slightly increase the probability of ""No Push"" to allow the agent to explore the state space more thoroughly.

3. **State-Dependent Actions**: Implement a state-dependent exploration strategy where the action probabilities are adjusted based on the car's position and velocity. For instance, if the car is near the peak of a hill, increasing the probability of ""No Push"" might be beneficial to prevent overshooting.

4. **Incorporate Epsilon-Greedy Strategy**: Use an epsilon-greedy exploration strategy where the agent mostly takes random actions (according to the above distribution) but occasionally takes the action with the highest predicted Q-value. Gradually decrease epsilon over the training episodes to shift from exploration to exploitation.

By implementing these strategies, the agent should be able to explore the environment more effectively, leading to faster learning and improved performance in reaching the goal.","```json
{
  ""action_probs"": [0.4, 0.2, 0.4]
}
```"
241,-62.726872068101386,-56.42329949499113,0.01,0.014991333708167076,N/A,N/A
242,-58.15156070593511,-56.00162490419901,0.01,0.04651182144880295,N/A,N/A
243,-58.861716004351265,-58.774448223583036,0.01,0.008232681080698967,N/A,N/A
244,-62.666118228106214,-59.209459566988166,0.01,0.00942287128418684,N/A,N/A
245,-59.13538391756424,-58.97274337305588,0.01,0.08911599218845367,"Based on the provided data, it appears that the current exploration strategy is heavily biased towards actions 0 (Push Left) and 2 (Push Right), with a strong inclination towards action 2 in the latter part of the episode. This bias suggests that the exploration might be too deterministic or unbalanced, which could hinder the agent's ability to effectively explore the state space and learn optimal policies.

### Analysis:
1. **Action Imbalance**: The action distribution shows a strong bias towards actions 0 and 2, with no instances of action 1 (No Push). This could lead to suboptimal exploration since action 1 might be necessary to stabilize or adjust the car's velocity at certain points.

2. **Momentum Building**: MountainCar-v0 requires the agent to build momentum by oscillating between the left and right hills. The lack of action 1 might prevent the agent from properly learning when to cease pushing to maintain or adjust momentum.

3. **Exploration Strategy**: The current strategy might be too deterministic, leading to insufficient exploration of the state-action space. This can result in the agent converging prematurely to a suboptimal policy.

### Recommendations:
To enhance the exploration and learning process, consider the following strategy adjustments:

1. **Balanced Action Distribution**:
   - Introduce a more balanced action distribution to ensure that all actions are explored adequately. A suggested starting distribution could be:
     - Action 0 (Push Left): 40%
     - Action 1 (No Push): 20%
     - Action 2 (Push Right): 40%

2. **Epsilon-Greedy Strategy**:
   - Implement an epsilon-greedy exploration strategy where, with a probability of epsilon, a random action is selected, and with a probability of (1-epsilon), the agent selects the action with the highest predicted Q-value. Start with a higher epsilon (e.g., 0.3) and gradually decay it over episodes to encourage exploration initially and exploitation later.

3. **Stochastic Exploration**:
   - Consider using a stochastic policy that samples actions from a probability distribution rather than selecting the highest Q-value action deterministically. This can help in exploring less frequently visited states.

4. **Adaptive Exploration**:
   - Monitor the agent's performance and adapt the exploration strategy based on its learning progress. If the total reward improves, reduce exploration; if it stagnates or worsens, increase exploration.

5. **Diverse State Coverage**:
   - Ensure that the exploration strategy allows the agent to visit a diverse set of states, particularly those that are critical for building momentum and reaching the goal.

By implementing these recommendations, the agent should be able to explore more effectively and potentially learn an optimal policy faster.","```json
{
  ""action_probs"": [0.4, 0.2, 0.4]
}
```"
246,-58.93087827441548,-61.51088048113483,0.01,0.005589489825069904,N/A,N/A
247,-59.38707404902006,-61.79884402211862,0.01,0.02795419469475746,N/A,N/A
248,-58.69146514081264,-59.78289611646892,0.01,0.010186877101659775,N/A,N/A
249,-61.69970732448355,-59.32581847203234,0.01,0.028234880417585373,N/A,N/A
250,-59.55767651856129,-58.06891405421978,0.01,0.005718648433685303,"To help the DQN agent learn faster in the MountainCar-v0 environment, we need to consider the sampled actions and the overall goal of building momentum to reach the flag. The data provided shows that the agent predominantly sampled action 0 (Push Left) and action 2 (Push Right), with very few instances of action 1 (No Push). The total reward of -59.56 suggests that the agent is not yet efficiently reaching the goal.

### Analysis:
1. **Current Action Distribution:**
   - Action 0 (Push Left): High frequency at the start and towards the end.
   - Action 1 (No Push): Very low frequency.
   - Action 2 (Push Right): High frequency in the middle and towards the end.

2. **Momentum Building:**
   - The key to solving MountainCar-v0 is to build enough momentum by alternating between pushing left and right. The current distribution shows periods of repeated actions which might not be optimal for momentum building.

3. **Exploration Strategy:**
   - The agent needs to explore more balanced sequences of left and right pushes to effectively build momentum.

### Recommendations:
1. **Balanced Exploration:**
   - Encourage a more balanced distribution between actions 0 and 2 to promote effective momentum building. Consider a distribution where actions 0 and 2 are equally likely, with a small probability for action 1.

2. **Action Distribution Proposal:**
   - Action 0 (Push Left): 45%
   - Action 1 (No Push): 10%
   - Action 2 (Push Right): 45%

3. **Adaptive Exploration:**
   - Monitor the agent's performance and adjust the distribution as needed. If the agent starts to reach the goal more consistently, gradually decrease exploration in favor of exploitation.

4. **Incorporate Reward Signals:**
   - Encourage exploration strategies that increase the total reward. If the agent's reward improves, maintain or slightly adjust the current distribution to ensure continued learning.

By implementing a more balanced exploration strategy, the agent should be able to build momentum more effectively and improve its performance in reaching the goal. This approach should help the DQN agent learn the task more efficiently over the next 20 training episodes.","```json
{
  ""action_probs"": [0.45, 0.10, 0.45]
}
```"
