episode,train_return,eval_return,epsilon,loss,llm1_full_response,llm2_full_response
1,-136.13142998093636,-136.93302382791143,0.9835,nan,N/A,N/A
2,-130.99622813638504,-136.93302382791143,0.967,nan,N/A,N/A
3,-131.13804044610094,-136.56359717633535,0.9505,0.0007380873430520296,N/A,N/A
4,-134.42952131596772,-136.70596519005056,0.9339999999999999,0.00016854263958521187,N/A,N/A
5,-135.2384211980402,-116.91080408878368,0.9175,0.00010827061487361789,"To help the DQN agent learn faster in the MountainCar-v0 environment, we need to analyze the current action distribution and suggest an exploration strategy that balances exploration and exploitation effectively. The goal is to enable the agent to discover useful state-action pairs that can lead to better performance in future episodes.

### Current Action Distribution Analysis:
From the sampled actions provided, we can observe the following approximate distribution:
- **Action 0 (Push Left):** 29 times
- **Action 1 (No Push):** 30 times
- **Action 2 (Push Right):** 41 times

The distribution shows a slight preference for Action 2 (Push Right), but overall the actions are relatively balanced. However, given the nature of the MountainCar problem, where building momentum is crucial, we might want to encourage more exploratory actions that can help the agent better understand the dynamics of accelerating and decelerating on the slopes.

### Recommended Exploration Strategy:
1. **Exploration Bias Towards Momentum Building:**
   - Since the car needs to build momentum to reach the flag, it's crucial to encourage actions that help in gaining that momentum. This involves alternating between pushing left and right effectively.
   - **Suggested Action Probabilities:**
     - **Action 0 (Push Left):** 35%
     - **Action 1 (No Push):** 20%
     - **Action 2 (Push Right):** 45%
   - This distribution encourages more aggressive exploration towards pushing right, as it might help in gaining momentum to climb the right hill, while still maintaining a significant probability for pushing left to ensure the agent explores momentum building.

2. **Decay Exploration Over Time:**
   - Use an epsilon-greedy strategy where epsilon (the exploration rate) starts high and decays over time. For the next 20 episodes, maintain a relatively high epsilon (e.g., 0.3 to 0.5) to encourage exploration, and then gradually reduce it as the agent learns the environment dynamics.

3. **Reward Shaping:**
   - Consider implementing reward shaping to give small positive rewards for achieving higher positions on the hill, which can guide the learning process towards the goal.

4. **Monitor Learning Progress:**
   - Continuously monitor the agent's performance and adjust the exploration strategy based on feedback. If the agent's performance does not improve, consider adjusting the action probabilities or exploration rate.

By implementing these recommendations, the agent should be better equipped to learn the optimal strategy for solving the MountainCar-v0 task in a more efficient manner.","```json
{
  ""action_probs"": [0.35, 0.2, 0.45]
}
```"
6,-130.31523264182576,-134.66666303308892,0.901,9.460088040214032e-05,N/A,N/A
7,-128.23604279085995,-137.1323406770867,0.8845,0.00011026971333194524,N/A,N/A
8,-130.56522866460824,-113.59820043072173,0.868,9.880930156214163e-05,N/A,N/A
9,-136.44209406722803,-136.21823349748473,0.8515,0.00014600789290852845,N/A,N/A
10,-136.59857123150232,-116.97931467420422,0.835,0.00011125726450700313,"To help the DQN agent learn faster in the MountainCar-v0 environment, we need to focus on an exploration strategy that encourages effective exploration while also building the necessary momentum to reach the goal. Let's analyze the given data and suggest an action distribution for exploration:

### Analysis of Sampled Actions:
- The sampled actions are distributed as follows:
  - Action 0 (Push Left): 36 times
  - Action 1 (No Push): 28 times
  - Action 2 (Push Right): 36 times

The distribution is relatively balanced between pushing left and right, with slightly fewer instances of ""No Push."" Given the nature of the MountainCar task, where building momentum is crucial, the distribution should reflect a strategy that encourages more dynamic movement rather than staying idle.

### Recommendations for Action Distribution:
1. **Increase Bias Towards Dynamic Actions (Push Left and Push Right):**
   - Since the goal is to build momentum, we should encourage actions that change the car's position and velocity. Therefore, we can slightly increase the probability of actions 0 and 2 (Push Left and Push Right) compared to action 1 (No Push).

2. **Proposed Action Distribution for Exploration:**
   - Action 0 (Push Left): 40%
   - Action 1 (No Push): 20%
   - Action 2 (Push Right): 40%

### Rationale:
- **Push Left and Push Right (40% each):** These actions help in building the necessary momentum to climb the hills. By increasing their probability, the agent is more likely to explore the state space effectively and learn the importance of oscillating to gain momentum.
- **No Push (20%):** While this action is less useful for building momentum, it can still be beneficial in certain states to maintain velocity. However, its probability is reduced to encourage more active exploration.

### Additional Strategy Recommendations:
- **Adaptive Exploration:** Consider using an epsilon-greedy strategy where the exploration probability decays over time as the agent becomes more confident in its learned policy.
- **Reward Shaping:** Ensure that the reward structure motivates reaching the goal efficiently. Consider providing small positive rewards for increasing velocity or reaching new positions to further encourage exploration.
- **Monitor Learning Progress:** Continuously evaluate the agent's performance and adjust the exploration strategy if the learning curve plateaus or if the agent is not improving.

By implementing these recommendations, you should be able to enhance the exploration efficiency of the DQN agent in the MountainCar-v0 environment, facilitating faster learning and better performance.","```json
{
  ""action_probs"": [0.4, 0.2, 0.4]
}
```"
11,-125.9895524789242,-112.97579345552083,0.8185,0.0001339567097602412,N/A,N/A
12,-124.99353455477022,-120.6554421956301,0.802,0.0001743062020977959,N/A,N/A
13,-132.25453328024142,-113.59820043072173,0.7855,0.00018998316954821348,N/A,N/A
14,-116.33062423989882,-124.26562022191085,0.769,0.00043384317541494966,N/A,N/A
15,-132.32108886184142,-122.92896361427464,0.7525,0.0003563625505194068,"To help the DQN agent learn faster in the MountainCar-v0 environment, we need to consider how exploration can be improved by analyzing the sampled actions and the current strategy. The goal is to ensure that the agent explores the state-action space effectively, which can lead to better learning outcomes.

### Analysis of Current Action Distribution

From the sampled actions, we have the following count:
- Push Left (0): 43 times
- No Push (1): 23 times
- Push Right (2): 34 times

The current distribution indicates a slight preference for ""Push Left"" and ""Push Right,"" with ""No Push"" being the least frequent action. This is somewhat expected, as the task requires building momentum by moving back and forth.

### Recommendations for Exploration Strategy

1. **Balanced Exploration**: The agent needs to explore all actions sufficiently to understand their effects. A more balanced exploration strategy could be beneficial. Consider using a more uniform distribution initially:
   - Push Left (0): 33%
   - No Push (1): 33%
   - Push Right (2): 34%

   This approach ensures that all actions are explored equally, especially ""No Push,"" which might be underrepresented currently.

2. **Decaying Exploration Rate**: Implement an epsilon-greedy strategy with a decaying epsilon. Start with a higher epsilon (e.g., 0.9) and gradually reduce it over episodes to encourage initial exploration and later exploitation of learned policies.

3. **State-Dependent Exploration**: Adjust action probabilities based on the car's position and velocity:
   - When the car is near the left end (position < -0.5), favor ""Push Right"" to build momentum.
   - When the car is near the right end (position > 0.5), favor ""Push Left"" to gain momentum for the next ascent.
   - Use ""No Push"" more when the car is at the peak of its trajectory to maintain momentum.

4. **Reward Shaping**: Consider modifying the reward structure to provide intermediate rewards for reaching certain positions or velocities. This can guide the agent to learn effective strategies faster.

5. **Action Noise**: Introduce a small amount of stochastic noise to the action selection process. This can help the agent escape local optima and explore less frequently visited states.

By implementing these strategies, the agent should be able to explore the environment more effectively, leading to faster learning and improved performance in the MountainCar-v0 task.","```json
{
  ""action_probs"": [0.33, 0.33, 0.34]
}
```"
16,-127.17828351079956,-113.41453589013142,0.736,0.0003200299688614905,N/A,N/A
17,-135.1852456478044,-116.18370847835146,0.7195,0.00041999691165983677,N/A,N/A
18,-131.62738487078914,-116.18370847835146,0.7030000000000001,0.00044311402598395944,N/A,N/A
19,-127.59101896019243,-116.18370847835146,0.6865,0.0007973363972268999,N/A,N/A
20,-126.25128487990168,-113.59820043072173,0.67,0.0006249496364034712,"Based on the provided information, the goal is to recommend an exploration action distribution that can help the DQN agent learn more effectively in the MountainCar-v0 environment. Let's analyze the data and provide strategic recommendations.

### Analysis of Current Action Distribution

1. **Sampled Actions Distribution**:
   - Action 0 (Push Left): 40 times
   - Action 1 (No Push): 22 times
   - Action 2 (Push Right): 38 times

2. **Observations**:
   - The car needs to build momentum by moving back and forth between the hills. This requires a balanced approach of pushing left and right, with strategic use of no push.
   - The current action distribution shows a slight preference for pushing left (action 0) and pushing right (action 2) almost equally, with less frequent use of no push (action 1).

3. **Total Reward**:
   - The total reward in the last episode is -126.25, indicating the agent is not yet consistently reaching the goal.

### Recommendations for Exploration Strategy

To improve learning efficiency, consider the following strategy recommendations:

1. **Balanced Action Distribution**:
   - Encourage a more balanced distribution between actions 0 and 2 to ensure the agent can effectively build momentum. The current distribution is relatively balanced, but a slight increase in action 2 (push right) might help in overcoming the right hill more effectively.
   - Suggested distribution for exploration:
     - Action 0 (Push Left): ~35%
     - Action 1 (No Push): ~20%
     - Action 2 (Push Right): ~45%

2. **Increase Exploration with Action 2**:
   - Given that the ultimate goal is to reach the right hill, slightly favoring action 2 during exploration can help the agent learn the dynamics of reaching the top more efficiently.

3. **Adaptive Exploration**:
   - Consider using an adaptive exploration strategy where the distribution changes based on the agent's current state. For example, if the velocity is negative (moving left), slightly increase the probability of action 2 to encourage moving right.

4. **Reward Shaping**:
   - Implement reward shaping to provide intermediate rewards for achieving higher velocities or reaching certain positions. This can help guide the agent towards more effective strategies.

5. **Monitor and Adjust**:
   - Continuously monitor the agent's performance and adjust the action distribution based on observed improvements in total rewards and the agent's ability to reach the goal.

By implementing these recommendations, the agent should be able to explore the environment more effectively, potentially leading to faster learning and improved performance in the MountainCar-v0 task.","```json
{
  ""action_probs"": [0.35, 0.2, 0.45]
}
```"
21,-134.95737048928274,-112.45933448383899,0.6535,0.000652605202049017,N/A,N/A
22,-129.56235824908433,-116.18370847835146,0.637,0.000678193406201899,N/A,N/A
23,-131.75822187915324,-113.59820043072173,0.6205,0.0008021563407965004,N/A,N/A
24,-116.29334837112273,-113.59820043072173,0.604,0.0009790188632905483,N/A,N/A
25,-123.40267703560649,-112.36521961321537,0.5874999999999999,0.0011199064319953322,"To improve the learning process of the DQN agent in the MountainCar-v0 environment, we need to focus on optimizing the exploration strategy. The goal is to help the agent build sufficient momentum to reach the flag on the right hill, which requires a balanced exploration of the action space. Let's analyze the sampled actions and provide a strategic recommendation for exploration:

### Analysis of Sampled Actions:
1. **Distribution of Actions:**
   - Push Left (0): 41 times
   - No Push (1): 13 times
   - Push Right (2): 46 times

2. **Observation:**
   - The actions ""Push Left"" and ""Push Right"" are used more frequently than ""No Push.""
   - There seems to be a slight bias towards ""Push Right"" over ""Push Left.""

3. **Current Strategy:**
   - The agent is exploring with a higher frequency of directional pushes, which is necessary to build momentum.
   - However, the ""No Push"" action is underrepresented, which might limit the agent's ability to fine-tune its position and velocity.

### Recommended Exploration Strategy:
To help the DQN agent learn more effectively, consider the following adjustments to the action distribution during exploration:

1. **Balanced Action Distribution:**
   - Aim for a more balanced distribution between ""Push Left"" and ""Push Right"" to ensure the agent can explore both directions equally. This can help in building momentum more effectively.
   - Increase the frequency of the ""No Push"" action slightly to allow the agent to stabilize and maintain velocity when needed.

2. **Suggested Action Distribution:**
   - Push Left (0): 35%
   - No Push (1): 20%
   - Push Right (2): 45%

3. **Rationale:**
   - **Push Left (0) and Push Right (2):** By keeping these actions relatively high, the agent can continue to build momentum, which is critical for solving the task.
   - **No Push (1):** Increasing this action to 20% provides the agent with more opportunities to maintain velocity and control its position, which can be crucial when nearing the goal.

4. **Exploration Policy:**
   - Use an epsilon-greedy strategy where the epsilon value starts relatively high (e.g., 0.3) and gradually decays over the 20 episodes. This ensures sufficient exploration before converging to a more exploitative policy.

By implementing this adjusted exploration strategy, the agent should be able to explore the environment more effectively, leading to faster learning and improved performance in achieving the task goal.","```json
{
  ""action_probs"": [0.35, 0.2, 0.45]
}
```"
26,-132.22005113207376,-112.53069923306482,0.571,0.001125431153923273,N/A,N/A
27,-119.39181099047711,-112.38957434457625,0.5545,0.0014101676642894745,N/A,N/A
28,-111.0172787995901,-112.26656274485615,0.538,0.002386383945122361,N/A,N/A
29,-122.1838338899763,-112.36072783048363,0.5215000000000001,0.00184105325024575,N/A,N/A
30,-132.4306420197303,-111.95643006872118,0.505,0.002344391541555524,"Based on the data provided, we can make some observations and recommendations for adjusting the exploration strategy to help the DQN agent learn more effectively in the MountainCar-v0 environment.

### Observations:

1. **Action Distribution**:
   - The sampled actions show a heavy bias towards action `0` (Push Left), which is used significantly more often than actions `1` (No Push) and `2` (Push Right).
   - The current distribution appears to be skewed, with action `0` being chosen approximately 63 times, action `1` around 8 times, and action `2` approximately 29 times.

2. **Total Reward**:
   - The total reward of -132.43 indicates that the agent is not yet performing optimally. In MountainCar-v0, a higher (less negative) reward indicates better performance, as the episode ends when the car reaches the flag.

3. **Exploration Requirement**:
   - Given the nature of the MountainCar-v0 environment, the car needs to build momentum by moving back and forth. This requires a more balanced exploration of actions to effectively learn the dynamics of the environment.

### Recommendations:

1. **Adjust Action Distribution**:
   - Encourage more balanced exploration by adjusting the action probabilities. The current bias towards action `0` might be limiting the agent's ability to explore and learn effective momentum-building strategies.
   - A suggested action distribution for exploration could be more uniform, such as:
     - Action `0` (Push Left): 40%
     - Action `1` (No Push): 20%
     - Action `2` (Push Right): 40%
   - This distribution allows the agent to explore pushing left and right more equally, while still occasionally choosing no push to evaluate its impact.

2. **Incorporate Epsilon-Greedy Strategy**:
   - Use an epsilon-greedy strategy where the agent predominantly exploits the learned policy but occasionally explores random actions. Start with a higher epsilon (e.g., 0.3) and gradually decay it over the episodes to emphasize exploitation as learning progresses.

3. **Monitor and Adjust**:
   - Continuously monitor the agent's performance and action distribution. If the agent starts to improve, gradually reduce the exploration rate (epsilon) to allow it to exploit its learned policy more.

4. **Consider Reward Shaping**:
   - If feasible, consider reward shaping to provide additional feedback for intermediate progress, such as rewarding the agent for reaching higher positions on the slope, encouraging effective exploration and momentum building.

By implementing these recommendations, the agent should be better equipped to explore the action space effectively, potentially leading to faster learning and improved performance in the MountainCar-v0 environment.","```json
{
  ""action_probs"": [0.4, 0.2, 0.4]
}
```"
31,-129.72372263844875,-111.89654281157964,0.48849999999999993,0.001568020903505385,N/A,N/A
32,-102.8670276359289,-111.88462408068986,0.472,0.0018708528950810432,N/A,N/A
33,-129.5491809978557,-111.82620534921261,0.4555,0.002257484942674637,N/A,N/A
34,-101.35229645796767,-111.79498567921905,0.43900000000000006,0.0023789224214851856,N/A,N/A
35,-125.60649253523114,-111.61732247349877,0.4225,0.0025337189435958862,"To assist the DQN agent in learning more efficiently in the MountainCar-v0 environment, we need to analyze the current exploration strategy and suggest improvements based on the action distribution and total reward.

### Analysis of Current Strategy:

1. **Action Distribution:**
   - The sampled actions from the last episode are predominantly '0' (Push Left) and '2' (Push Right), with fewer '1' (No Push) actions.
   - The distribution is skewed towards '0', with a significant number of '2' actions, particularly in the latter part of the sequence.

2. **Total Reward:**
   - The total reward of -125.606 suggests the agent is not yet reaching the goal efficiently. In MountainCar-v0, the reward is -1 for each time step until the goal is reached, indicating that the agent took many steps without reaching the flag.

### Recommendations for Exploration Strategy:

1. **Balanced Action Exploration:**
   - **Current Bias:** There is a strong bias towards action '0' (Push Left), which may limit the agent's exploration of the state space effectively.
   - **Suggested Distribution:** Encourage a more balanced exploration by increasing the probability of taking action '2' (Push Right) to help the agent explore the state space more thoroughly. A potential distribution could be:
     - Action '0' (Push Left): 40%
     - Action '1' (No Push): 20%
     - Action '2' (Push Right): 40%

2. **Incorporate Epsilon-Greedy Strategy:**
   - Use an epsilon-greedy approach where the agent selects a random action with probability epsilon and the action with the highest Q-value with probability 1-epsilon.
   - Start with a higher epsilon (e.g., 0.3) to ensure sufficient exploration and gradually decay it over the 20 episodes to focus more on exploitation as the agent learns the environment dynamics.

3. **Momentum Building:**
   - Encourage actions that help build momentum. Since the car needs to move back and forth to gain enough speed to reach the hill, alternating between '0' and '2' with occasional '1' actions can help.
   - Consider implementing a strategy where sequences of alternating actions ('0' followed by '2' or vice versa) are more probable, especially when the car is near the valley (position close to -0.5).

4. **Adaptive Exploration:**
   - Use the velocity component of the state to adapt the action probabilities. For instance, if the car is moving left (negative velocity), increase the probability of '2' (Push Right) and vice versa to assist in momentum building.

By implementing these strategies, the agent should be able to explore the environment more effectively, potentially leading to improved learning and a faster reduction in the total reward per episode.","```json
{
  ""action_probs"": [0.4, 0.2, 0.4]
}
```"
36,-95.7033712447139,-111.39474197840482,0.406,0.00441693514585495,N/A,N/A
37,-99.3333628598535,-111.25376658554485,0.38949999999999996,0.0027457699179649353,N/A,N/A
38,-89.40263823048281,-110.94962724058902,0.373,0.004047319293022156,N/A,N/A
39,-88.50871051965493,-110.81298496569305,0.35650000000000004,0.002716336864978075,N/A,N/A
40,-97.14354063949177,-110.58583086852846,0.3400000000000001,0.0044498261995613575,"To help the DQN agent learn faster in the MountainCar-v0 environment, we need to focus on an effective exploration strategy. The goal is to encourage the agent to build momentum by moving back and forth, which is essential to overcome the hill and reach the goal.

### Analysis of Current Exploration Strategy:

1. **Action Distribution:**
   - The sampled actions from the last episode show a strong preference for action 0 (Push Left) and action 2 (Push Right), with fewer instances of action 1 (No Push).
   - This indicates the agent is exploring the extremes of the action space, which is generally good for building momentum.

2. **Reward Observation:**
   - The total reward in the last episode is -97.14, which suggests that the agent is not yet efficiently reaching the goal. The maximum reward achievable is -1 per step, so this indicates the agent is taking many steps without reaching the goal.

### Recommendations for Exploration Strategy:

1. **Balanced Action Exploration:**
   - While the current exploration shows a decent distribution between actions 0 and 2, action 1 (No Push) is underrepresented. It is crucial to balance the actions to ensure the agent learns the importance of not always pushing, especially when it's advantageous to maintain momentum.

2. **Action Distribution Adjustment:**
   - For the next 20 training episodes, adjust the exploration strategy to encourage more balanced sampling:
     - Action 0 (Push Left): 35%
     - Action 1 (No Push): 20%
     - Action 2 (Push Right): 45%
   - This distribution slightly favors pushing right, which is necessary to reach the goal, while also including more 'No Push' actions to allow the car to maintain momentum gained from previous pushes.

3. **Incorporate Exploration Decay:**
   - Gradually reduce exploration over time to allow the agent to exploit learned policies. Start with a higher exploration rate and decay it as the agent begins to learn effective strategies.

4. **Monitor Learning Progress:**
   - Continuously monitor the total reward and adjust the exploration strategy based on the agent's performance. If the agent shows improvement, consider decreasing exploration further to allow for more exploitation of the learned policy.

5. **Use of Temporal Patterns:**
   - Encourage exploration strategies that allow the agent to recognize beneficial temporal patterns, such as alternating between actions to build momentum effectively.

Implementing these recommendations should help the DQN agent learn more efficiently and improve its performance in reaching the goal in the MountainCar-v0 environment.","```json
{
  ""action_probs"": [0.35, 0.2, 0.45]
}
```"
41,-130.91258769134333,-110.6446830479993,0.3235,0.0035354923456907272,N/A,N/A
42,-79.51150117345887,-110.41773401388579,0.30881499999999995,0.005545881576836109,N/A,N/A
43,-74.09642306338893,-107.34971240588595,0.29454250000000004,0.003508568275719881,N/A,N/A
44,-77.63619939932335,-99.61793564226724,0.2803525,0.007845358923077583,N/A,N/A
45,-117.68907192156246,-96.80768691428494,0.26385249999999993,0.007735654711723328,"To help the DQN agent learn faster in the MountainCar-v0 environment, we need to focus on improving exploration. The key to solving this task is to effectively build momentum by oscillating between the left and right sides of the valley. Let's analyze the given data and recommend an exploration strategy:

### Analysis of the Given Data:

1. **Action Distribution**:
   - Action 0 (Push Left): 48 times
   - Action 1 (No Push): 18 times
   - Action 2 (Push Right): 34 times

2. **Observations**:
   - The current distribution seems to favor Action 0 (Push Left) significantly more than Action 1 (No Push) and Action 2 (Push Right).
   - Action 2 (Push Right) is used more frequently than Action 1 (No Push), but less than Action 0.
   - The total reward in the last episode is quite low (-117.69), indicating that the agent is struggling to reach the goal.

### Recommendations for Exploration Strategy:

1. **Balanced Exploration**:
   - To encourage better momentum building, it's crucial to balance the usage of actions. The agent should explore pushing both left and right more evenly to effectively oscillate and gain momentum.

2. **Suggested Action Distribution**:
   - Action 0 (Push Left): 35%
   - Action 1 (No Push): 10%
   - Action 2 (Push Right): 55%

   This distribution slightly favors Action 2 (Push Right) to encourage the agent to attempt reaching the goal more aggressively, while still maintaining enough Action 0 (Push Left) to build necessary momentum. The reduced frequency of Action 1 (No Push) minimizes stagnation and encourages active exploration.

3. **Exploration Strategy**:
   - Implement an epsilon-greedy strategy where the agent predominantly follows the suggested action distribution but occasionally takes random actions to ensure exploration of the state space.
   - Gradually decrease the exploration rate (epsilon) over time as the agent's performance improves, allowing it to exploit its learned policy more effectively.

4. **Monitor and Adjust**:
   - Continuously monitor the agent's performance over the next 20 episodes. If the total reward does not improve, consider further adjustments to the distribution or exploration strategy.
   - Pay attention to the agent's ability to reach and maintain the goal state, adjusting the balance of actions if necessary.

By following these recommendations, the agent should be able to explore more effectively and learn the optimal policy for solving the MountainCar-v0 task.","```json
{
  ""action_probs"": [0.35, 0.1, 0.55]
}
```"
46,-81.30352691755233,-96.1479819055468,0.24949750000000004,0.008679110556840897,N/A,N/A
47,-66.96041455256426,-95.66503113508904,0.23555499999999996,0.008122631348669529,N/A,N/A
48,-67.87914002413996,-91.22635992686095,0.22144750000000002,0.018690938130021095,N/A,N/A
49,-79.66302322863734,-95.71683222279616,0.2072575000000001,0.007041411940008402,N/A,N/A
50,-125.81234614203304,-90.6156314906667,0.19075750000000002,0.03000630997121334,"To help the DQN agent learn faster in the MountainCar-v0 environment, it's important to consider how exploration can be improved based on the provided data. Let's break down the current situation and provide recommendations:

### Current Situation Analysis:
1. **Action Distribution**: 
   - The sampled actions heavily favor action `0` (Push Left), with some occurrences of action `2` (Push Right) and very few occurrences of action `1` (No Push).
   - This suggests a strong bias towards pushing left, which might not be optimal for building the necessary momentum to reach the goal.

2. **Reward**:
   - The total reward in the last episode is -125.81, which indicates that the car is not reaching the goal efficiently. In MountainCar-v0, the reward is -1 for each time step until the goal is reached, so a reward closer to zero would indicate better performance.

### Recommendations for Exploration Strategy:
1. **Balanced Exploration**:
   - To better explore the state space and improve the agent's learning, it's important to balance the action distribution. This can be achieved by increasing the probability of selecting actions `1` (No Push) and `2` (Push Right) during exploration.
   - Recommended action distribution:
     - Action `0` (Push Left): 40%
     - Action `1` (No Push): 20%
     - Action `2` (Push Right): 40%

2. **Encourage Momentum Building**:
   - Since the goal requires building momentum to reach the top of the hill, encouraging actions that alternate between left and right pushes (actions `0` and `2`) can help the car gain the necessary speed.
   - Consider a simple heuristic during exploration where the agent alternates between pushing left and right every few steps, unless the agent is in a state where `No Push` is beneficial.

3. **Adaptive Exploration**:
   - Implement an adaptive exploration strategy where the action distribution is adjusted based on the agent's recent performance. If the agent is not improving, increase exploration by diversifying action choices.
   - Use a decaying epsilon-greedy strategy where the exploration rate decreases over time as the agent becomes more confident in its learned policy.

4. **Monitor and Adjust**:
   - Continuously monitor the agent's performance and adjust the exploration strategy as needed. If the agent's reward does not improve, consider further adjustments to the action distribution or exploration strategy.

By implementing these recommendations, the DQN agent should be able to explore more effectively, thereby improving its learning rate and performance in the MountainCar-v0 environment.","```json
{
  ""action_probs"": [0.4, 0.2, 0.4]
}
```"
51,-79.14450647187188,-76.22308115652346,0.17673249999999996,0.005328614264726639,N/A,N/A
52,-68.8532418184082,-71.15860287986021,0.16213,0.046011295169591904,N/A,N/A
53,-62.445744684214645,-70.15355466319274,0.14893,0.1000884547829628,N/A,N/A
54,-67.09834788753149,-64.68150441953779,0.13473999999999997,0.006711908150464296,N/A,N/A
55,-65.9237020715323,-63.47824303856661,0.12178750000000005,0.007426891475915909,"To help the DQN agent learn faster in the MountainCar-v0 environment, we need to improve the exploration strategy based on the data provided. Here's an analysis of the current situation and recommendations for an exploration action distribution:

### Current Analysis:
1. **Action Distribution**: 
   - `Push Left (0)`: 32 times
   - `No Push (1)`: 11 times
   - `Push Right (2)`: 57 times

2. **Current Strategy**:
   - The agent is predominantly choosing the ""Push Right"" action, which might suggest an imbalance in exploration. This could lead to insufficient exploration of the state space, especially the left side of the environment, which is crucial for building momentum.

3. **Total Reward**:
   - The reward of -65.92 indicates that the agent is not efficiently reaching the goal, which is expected given the suboptimal action distribution.

### Recommendations:
To improve the agent's learning efficiency, we should encourage a more balanced exploration strategy:

1. **Balanced Action Distribution**:
   - Aim for a more uniform distribution of actions to ensure the agent explores all possible strategies for building momentum. A suggested distribution could be:
     - `Push Left (0)`: 40%
     - `No Push (1)`: 20%
     - `Push Right (2)`: 40%

2. **Increased Exploration of ""Push Left""**:
   - Given the current imbalance, increasing the frequency of ""Push Left"" actions will help the agent learn to build momentum by moving left initially, which is crucial for success in this environment.

3. **Exploration Strategy**:
   - Consider using an epsilon-greedy strategy with a higher initial epsilon (e.g., 0.3 to 0.4) to encourage exploration. Gradually decay epsilon over episodes to shift towards exploitation as the agent learns.

4. **Adaptive Exploration**:
   - Implement a mechanism to adjust the action distribution dynamically based on the agent's performance. If the agent shows improvement, gradually reduce exploration to allow for more exploitation of learned strategies.

By implementing these recommendations, the agent should be able to explore the environment more effectively, leading to faster learning and improved performance in reaching the goal in the MountainCar-v0 environment.","```json
{
  ""action_probs"": [0.4, 0.2, 0.4]
}
```"
56,-61.19014893442425,-62.906239008271044,0.10867000000000004,0.007622518576681614,N/A,N/A
57,-62.63116237004914,-63.592255376994636,0.09588249999999998,0.005097806919366121,N/A,N/A
58,-72.63381894702471,-60.437972211323405,0.08243500000000004,0.05618518218398094,N/A,N/A
59,-60.24508509068984,-59.817437349419166,0.06973000000000007,0.0048208520747721195,N/A,N/A
60,-61.79273826068221,-59.12377223871315,0.05702499999999999,0.006927075330168009,"Based on the provided data, we can make the following observations and recommendations for the exploration strategy:

### Observations:
1. **Action Distribution**: In the sampled actions, the distribution is heavily skewed towards action 2 (Push Right), especially in the latter part of the episode. The distribution appears to be:
   - Action 0 (Push Left): ~20%
   - Action 1 (No Push): ~2%
   - Action 2 (Push Right): ~78%

2. **Performance**: The total reward of -61.79 suggests that the agent is not yet performing optimally. The agent might not be effectively building momentum to reach the flag, as indicated by the low reward.

3. **Momentum Building**: For the MountainCar-v0 environment, building momentum by alternating between pushing left and right is crucial. The current action distribution shows a lack of balance, with a strong bias towards pushing right.

### Recommendations:
To improve the exploration strategy and help the DQN agent learn faster, consider adjusting the action distribution to encourage better momentum building:

1. **Balanced Action Distribution**:
   - **Action 0 (Push Left)**: Increase the frequency of this action to around 35-40%. This will help the agent learn to move left and build momentum.
   - **Action 1 (No Push)**: Maintain a low frequency, around 5-10%. This action is generally less useful for momentum building but can occasionally help in stabilizing the car.
   - **Action 2 (Push Right)**: Reduce the frequency to around 50-55%. This will still allow the agent to push towards the goal but in a more balanced manner.

2. **Exploration Strategy**:
   - **Epsilon-Greedy**: Implement an epsilon-greedy strategy where the exploration rate (epsilon) starts high (e.g., 1.0) and decays over time. This encourages exploration initially and shifts towards exploitation as the agent learns.
   - **Action Noise**: Introduce some stochasticity by adding noise to the action selection process. This can help the agent explore less frequent actions.

3. **Monitor Learning Progress**:
   - Continuously monitor the agent's performance, particularly the total reward and action distribution, to adjust the exploration strategy dynamically.
   - If the agent's performance does not improve, consider revisiting the reward structure or learning rate adjustments.

By implementing a more balanced exploration strategy, the agent should be able to better learn the dynamics of the MountainCar-v0 environment, ultimately leading to improved performance and faster convergence towards the goal.","```json
{
  ""action_probs"": [0.35, 0.1, 0.55]
}
```"
61,-38.32951709344717,-58.596547280023984,0.04993000000000003,0.05260622128844261,N/A,N/A
62,-67.7057341216194,-58.08150331719063,0.03722499999999995,0.007919683121144772,N/A,N/A
63,-41.620159740060835,-57.70069693334749,0.02980000000000005,0.007719065994024277,N/A,N/A
64,-58.28878211335809,-57.41747377378191,0.01750750000000001,0.005672582425177097,N/A,N/A
65,-57.25319377252268,-60.49716032404599,0.01,0.006192915141582489,"To help the DQN agent learn faster in the MountainCar-v0 environment, it's important to ensure that the exploration strategy effectively encourages the agent to experience a diverse set of states and actions. This will allow the agent to better understand the dynamics of the environment and learn an optimal policy more quickly.

### Analysis of Current Exploration Behavior:

1. **Action Distribution:**
   - The sampled actions from the last episode show a heavy bias towards action `2` (Push Right) with occasional use of action `0` (Push Left) and very rare use of action `1` (No Push).
   - This suggests that the agent is predominantly trying to push the car to the right, likely in an attempt to reach the goal.

2. **Total Reward:**
   - The total reward of `-57.25` indicates that the agent is not yet reaching the goal efficiently. In MountainCar-v0, a higher (less negative) reward indicates better performance since the reward is typically negative for each time step until the goal is reached.

### Recommendations for Exploration Strategy:

1. **Balanced Exploration:**
   - Encourage a more balanced exploration strategy that includes all three actions. This can be achieved by adjusting the exploration policy to sample actions more uniformly. For example, consider using a distribution like:
     - Action `0` (Push Left): 40%
     - Action `1` (No Push): 20%
     - Action `2` (Push Right): 40%

2. **Momentum Building:**
   - The key to solving MountainCar-v0 is building enough momentum by swinging back and forth. The current strategy seems to underutilize the `Push Left` action, which is crucial for gaining momentum. Increasing the probability of taking action `0` will help the agent explore these momentum-building strategies.

3. **Adaptive Exploration:**
   - Implement an adaptive exploration strategy such as epsilon-greedy with a decaying epsilon. Start with a higher epsilon value to encourage exploration and gradually decrease it to focus on exploitation as learning progresses.

4. **State-Dependent Exploration:**
   - Consider using a state-dependent exploration strategy where the choice of action is influenced by the current state of the car. For example, if the car is moving left with high velocity, it might be more beneficial to continue pushing left to build momentum.

5. **Reward Shaping:**
   - While not directly related to action distribution, consider implementing reward shaping to provide intermediate rewards for reaching certain positions or velocities. This can guide the agent towards more effective exploration.

By adjusting the exploration strategy to encourage a more balanced and state-aware action selection, the agent should be able to learn the optimal policy more efficiently and improve its performance in the MountainCar-v0 environment.","```json
{
  ""action_probs"": [0.4, 0.2, 0.4]
}
```"
66,-57.82880688960596,-58.56109083097639,0.01,0.007245457731187344,N/A,N/A
67,-57.267055716605064,-57.65885900346401,0.01,0.006577439606189728,N/A,N/A
68,-57.651594527444935,-59.43647967577167,0.01,0.006164057645946741,N/A,N/A
69,-58.54864158466726,-57.2018780514911,0.01,0.00842498429119587,N/A,N/A
70,-55.812872175107316,-56.87815779931037,0.01,0.017395293340086937,"Based on the data provided, we can see that the sampled actions are heavily skewed towards actions 0 (Push Left) and 2 (Push Right), with very few actions 1 (No Push). This distribution suggests that the agent is primarily switching between pushing left and right, which is typical for the MountainCar-v0 environment as the agent needs to build momentum to reach the flag.

### Observations:
1. **Imbalance in Action Selection**: 
   - There is a significant imbalance in the distribution of actions. The agent predominantly uses actions 0 and 2, with action 1 being rarely chosen. This is not unexpected given the nature of the task, but it may indicate that the agent is not exploring the state space fully.
   
2. **Performance**:
   - The total reward of -55.81 suggests that the agent is not yet efficiently reaching the goal. The reward function in MountainCar-v0 penalizes the agent for each time step until it reaches the goal, so a less negative reward would indicate better performance.

3. **Momentum Building**:
   - The agent needs to build momentum by oscillating between the left and right sides. However, the current strategy might not be optimal in terms of timing these oscillations.

### Recommendations for Exploration Strategy:
1. **Balanced Exploration**:
   - Introduce a more balanced exploration strategy by slightly increasing the probability of selecting action 1 (No Push). This can help the agent better explore the effects of not pushing, which might help in certain state transitions where maintaining momentum is crucial.

2. **Action Distribution**:
   - For the next 20 training episodes, consider the following exploratory action distribution:
     - Action 0 (Push Left): 40%
     - Action 1 (No Push): 20%
     - Action 2 (Push Right): 40%
   - This distribution maintains the focus on building momentum with actions 0 and 2 but allows the agent to explore the impact of action 1 more frequently.

3. **Adaptive Exploration**:
   - Implement an adaptive exploration strategy where the exploration rate decreases over time. This will allow the agent to explore more at the beginning and exploit learned strategies as it improves.

4. **Reward Shaping**:
   - Consider incorporating reward shaping techniques, where intermediate rewards are given for reaching certain positions or velocities. This can help guide the agent more effectively towards the goal.

5. **Monitor Learning Progress**:
   - Continuously monitor the agent’s performance and adjust the exploration strategy as needed. If the agent shows improvement, gradually reduce exploration to focus on exploitation.

By implementing these recommendations, the agent should be able to explore the state space more effectively, leading to faster learning and improved performance in the MountainCar-v0 environment.","```json
{
  ""action_probs"": [0.4, 0.2, 0.4]
}
```"
71,-57.9802385677384,-56.445813731925014,0.01,0.008702621795237064,N/A,N/A
72,-56.43869353003932,-56.283346872020545,0.01,0.006257755681872368,N/A,N/A
73,-54.225708254692805,-54.97925585694344,0.01,0.008673268370330334,N/A,N/A
74,-54.81167027943967,-54.8865780897461,0.01,0.010766150429844856,N/A,N/A
75,-55.380812703339096,-52.54373094782604,0.01,0.024889126420021057,"Based on the provided data, the recent episode had a total reward of approximately -55.38, which indicates that the agent is not yet effectively reaching the goal in the MountainCar-v0 environment. The sampled actions show a tendency towards pushing left (action 0) and right (action 2), with very few instances of no push (action 1). This suggests that the agent is attempting to build momentum, which is a necessary strategy for this environment.

To help the DQN agent learn faster, consider the following strategy recommendations for exploration action distribution over the next 20 training episodes:

1. **Balanced Exploration**: The current action distribution is heavily skewed towards actions 0 and 2. Introducing a more balanced exploration strategy could help the agent discover more effective sequences of actions. Consider setting the exploration distribution to:
   - Action 0 (Push Left): 40%
   - Action 1 (No Push): 20%
   - Action 2 (Push Right): 40%
   
   This distribution encourages the agent to explore actions that might be underutilized (action 1) while still focusing on building momentum.

2. **Encourage Momentum Building**: Ensure that the agent has enough opportunities to build momentum by alternating between pushing left and right. The suggested distribution above allows for this, but it's important to monitor if the agent is effectively utilizing the ""No Push"" action to stabilize or adjust its position.

3. **Dynamic Adjustment**: As the agent learns, consider dynamically adjusting the exploration strategy based on performance. If the agent begins to show improvement, gradually decrease exploration in favor of exploitation (choosing actions that are more likely to lead to higher rewards based on learned policies).

4. **Reward Shaping**: If not already implemented, consider reward shaping to provide intermediate rewards for reaching higher positions on the hills. This can guide the agent towards the goal more effectively.

5. **Monitor Learning Progress**: Continuously monitor the agent's performance, especially how the action distribution impacts the total reward. If the agent's performance does not improve, further adjustments to the exploration strategy may be necessary.

By implementing these recommendations, you should be able to facilitate faster learning for the DQN agent in the MountainCar-v0 environment.","```json
{
  ""action_probs"": [0.4, 0.2, 0.4]
}
```"
76,-53.89334505213026,-54.29820690141328,0.01,0.018831059336662292,N/A,N/A
77,-54.436398584249304,-51.73665769053124,0.01,0.022325024008750916,N/A,N/A
78,-58.37015129070995,-51.86793193656386,0.01,0.010405503213405609,N/A,N/A
79,-55.32901785190085,-51.94661953692694,0.01,0.00913330353796482,N/A,N/A
80,-58.06026678046408,-51.519867184300175,0.01,0.027835382148623466,"Based on the provided data and the nature of the MountainCar-v0 environment, let's analyze the current exploration strategy and suggest improvements.

### Current Situation
1. **Total Reward**: The total reward of -58.06 indicates that the agent is not yet efficiently reaching the goal. In MountainCar-v0, a reward of -58 suggests the agent is taking a significant number of steps before reaching the goal (or not reaching it at all).

2. **Sampled Actions**: The sequence of actions is heavily biased towards actions 0 (""Push Left"") and 2 (""Push Right""), with very few instances of action 1 (""No Push""). This indicates that the agent might be biased towards trying to build momentum by alternating between left and right pushes, but it's not effectively utilizing the ""No Push"" action, which can be useful for maintaining momentum when at the peak of a hill.

### Recommendations for Exploration Strategy
To improve the exploration strategy and help the DQN agent learn faster, consider the following recommendations:

1. **Balanced Exploration**:
   - **Action Distribution**: Adjust the exploration action distribution to encourage a more balanced exploration of all actions. A suggested distribution could be 40% for actions 0 and 2, and 20% for action 1. This means:
     - 40% chance of ""Push Left"" (action 0)
     - 40% chance of ""Push Right"" (action 2)
     - 20% chance of ""No Push"" (action 1)

2. **Encourage Momentum Building**:
   - While the car must build momentum to reach the goal, it's important to explore the effective use of ""No Push"" to maintain momentum when needed. The proposed distribution allows for more exploration of this action.

3. **Adaptive Exploration**:
   - Consider implementing an adaptive exploration strategy where the action distribution can shift based on the agent's performance. If the agent starts improving and consistently reaches the goal, reduce exploration in favor of exploitation of learned policies.

4. **Monitor and Adjust**:
   - After implementing the new exploration strategy for 20 episodes, monitor the agent's performance metrics such as total reward and the number of steps to reach the goal. Use this data to further refine the exploration strategy.

By using a more balanced exploration strategy, the agent can better understand the dynamics of the environment and learn more effective policies for reaching the goal in MountainCar-v0.","```json
{
  ""action_probs"": [0.4, 0.2, 0.4]
}
```"
81,-55.292627077661955,-51.54520087187878,0.01,0.03593416139483452,N/A,N/A
82,-49.66275994474335,-51.60609670957742,0.01,0.02491735853254795,N/A,N/A
83,-55.509975763742936,-51.82834115262604,0.01,0.011623715981841087,N/A,N/A
84,-58.08261124689263,-51.363682948965206,0.01,0.014463902451097965,N/A,N/A
85,-55.68500362995879,-50.55490731236637,0.01,0.012508084066212177,"Based on the information provided, the agent is currently exploring actions in the MountainCar-v0 environment. The sampled actions indicate a bias towards action 2 (Push Right) and action 1 (No Push), with a lesser frequency of action 0 (Push Left). The total reward in the last episode is -55.685, indicating that the agent is not yet reaching the goal efficiently.

### Analysis:
1. **Action Distribution**: The current distribution shows a heavy bias towards action 2 (Push Right). This could potentially lead to suboptimal exploration, as the MountainCar-v0 environment requires the car to swing back and forth to build momentum.

2. **Momentum Building**: The key to solving MountainCar-v0 is to build sufficient momentum by alternating between pushing left and right. The current action distribution may not be adequately facilitating this.

3. **Reward**: The relatively low reward suggests that the agent is not efficiently reaching the goal, likely due to insufficient exploration of actions that could help build momentum.

### Recommendations:
To improve the exploration strategy and help the DQN agent learn faster, consider the following action distribution adjustments:

1. **Balanced Exploration**: Encourage a more balanced exploration of actions to ensure the agent learns to build momentum effectively. A suggested distribution could be:
   - Action 0 (Push Left): 40%
   - Action 1 (No Push): 20%
   - Action 2 (Push Right): 40%

2. **Increased Action 0 Usage**: Increase the frequency of action 0 (Push Left) to help the car gain backward momentum, which is crucial for climbing the hill.

3. **Decrease No Push**: Reduce the frequency of action 1 (No Push) as it does not contribute to momentum building. However, it should still be explored to ensure the agent learns when it's beneficial to not apply force.

4. **Adaptive Exploration**: Consider implementing an adaptive exploration strategy where the action distribution is adjusted based on the agent's performance over episodes. This could involve increasing exploration of less frequently used actions if the agent's performance plateaus.

5. **Reward Shaping**: Optionally, consider providing incremental rewards for reaching higher positions on the hill to encourage exploration of momentum-building strategies.

By adopting a more balanced action distribution, the agent is likely to explore more effective strategies for building momentum, ultimately improving its learning efficiency and performance in the environment.","```json
{
  ""action_probs"": [0.4, 0.2, 0.4]
}
```"
86,-57.174762792073714,-53.65361527506629,0.01,0.030365876853466034,N/A,N/A
87,-60.39395835394308,-48.19046657311807,0.01,0.048014190047979355,N/A,N/A
88,-48.60165544435315,-57.93860450856405,0.01,0.016337517648935318,N/A,N/A
89,-60.98330255824008,-52.616535181333646,0.01,0.025575384497642517,N/A,N/A
90,-65.68554678756544,-49.81505040567403,0.01,0.013442977331578732,"Based on the provided data from the last episode, we can observe the following:

1. **Action Distribution**: The sampled actions show a tendency towards using actions 0 (""Push Left"") and 2 (""Push Right""), with very few instances of action 1 (""No Push""). This suggests that the car is actively being pushed to build momentum, which is necessary given the nature of the MountainCar-v0 environment.

2. **Total Reward**: The total reward of -65.6855 indicates that the agent is not yet efficiently reaching the goal. In MountainCar-v0, rewards are negative for each time step until the goal is reached, so a less negative reward would indicate faster goal achievement.

3. **Momentum Building**: The sequence of actions suggests that the agent is trying to build momentum by alternating between pushing left and right, but it might not be optimizing this pattern effectively.

### Recommendations for Exploration Strategy:

To help the DQN agent learn faster, consider the following exploration action distribution strategy:

1. **Balanced Exploration**:
   - **Action Probability Distribution**: 
     - Action 0 (""Push Left""): 40%
     - Action 1 (""No Push""): 10%
     - Action 2 (""Push Right""): 50%
   - **Rationale**: Increasing the probability of ""Push Right"" slightly more than ""Push Left"" can help the agent focus on reaching the goal since the goal is to the right. However, maintaining a significant probability for ""Push Left"" is necessary to build momentum. The ""No Push"" action should be used sparingly, as it may not contribute effectively to building momentum.

2. **Encourage Momentum Building**:
   - **Action Sequences**: Encourage sequences of alternating actions (e.g., left-right-left-right) to effectively build momentum. This can be achieved by slightly biasing the action selection towards alternating patterns during exploration.

3. **Adaptive Exploration**:
   - As the agent learns and the total reward improves, gradually shift the action distribution towards more deterministic policy-driven actions, reducing exploration.

4. **Monitor and Adjust**:
   - Continuously monitor the total reward and adjust the exploration strategy as needed. If the reward improves, it may indicate that the current distribution is effective. If not, further adjustments might be necessary.

By adopting this exploration strategy, the agent should be able to better learn the dynamics of the environment, build momentum more effectively, and ultimately reach the goal faster.","```json
{
  ""action_probs"": [0.4, 0.1, 0.5]
}
```"
91,-55.00369408111521,-56.316510649065194,0.01,0.01208733581006527,N/A,N/A
92,-58.60180675984093,-64.12474608531646,0.01,0.0430905781686306,N/A,N/A
93,-57.634302109278295,-71.78211819815036,0.01,0.04324477165937424,N/A,N/A
94,-67.54129954116901,-70.57029265657101,0.01,0.044866032898426056,N/A,N/A
95,-97.71308843015362,-71.23743999375614,0.01,0.04071223735809326,"Based on the provided data, it appears that the agent predominantly sampled the ""Push Right"" action (action 2) during the last episode. Here's a breakdown of the sampled actions:

- Push Left (action 0): 24 times
- No Push (action 1): 19 times
- Push Right (action 2): 57 times

This distribution suggests a heavy bias towards pushing right, which might not be optimal for building the necessary momentum to reach the goal in the MountainCar-v0 environment. The car needs to build momentum by oscillating between the left and right hills, which requires a more balanced exploration strategy.

### Recommendations for Exploration Strategy:

1. **Balanced Action Distribution**: To help the DQN agent learn faster, consider a more balanced action distribution. This can be achieved by adjusting the exploration policy to encourage more frequent use of the ""Push Left"" action. A suggested distribution could be:
   - Push Left (action 0): 33%
   - No Push (action 1): 33%
   - Push Right (action 2): 34%

   This distribution ensures that the agent explores all possible actions more evenly, which is crucial for learning the dynamics of the environment effectively.

2. **Encourage Oscillation**: Since the goal is to build momentum, the agent should be encouraged to switch between ""Push Left"" and ""Push Right"" actions more frequently. This can be implemented by modifying the exploration policy to increase the likelihood of switching actions when the velocity is low or when the car is near the bottom of the valley.

3. **Adaptive Exploration**: Implement an adaptive exploration strategy where the action distribution can be adjusted based on the agent's performance and the state of the car (e.g., position and velocity). For example, if the car is moving towards the left hill, increase the probability of ""Push Right"" and vice versa.

4. **Monitor and Adjust**: Continuously monitor the agent's performance and the effectiveness of the exploration strategy. If the total reward does not improve over several episodes, consider further adjustments to the exploration distribution or incorporating additional exploration strategies like epsilon-greedy with decay or softmax action selection.

By adopting a more balanced and adaptive exploration strategy, the agent should be able to learn the necessary momentum-building behavior more effectively, ultimately leading to improved performance in the MountainCar-v0 environment.","```json
{
  ""action_probs"": [0.33, 0.33, 0.34]
}
```"
96,-63.59744683275933,-85.20687431874087,0.01,0.043014030903577805,N/A,N/A
97,-121.47031925607841,-70.7872024851085,0.01,0.01442892849445343,N/A,N/A
98,-129.4204328462323,-68.84914228627841,0.01,0.07419269531965256,N/A,N/A
99,-90.9821443865305,-70.82991152271481,0.01,0.06380952894687653,N/A,N/A
100,-71.86579136912312,-69.0716025166914,0.01,0.04791717976331711,"Based on the task description and the provided data, the goal is to help the DQN agent learn more efficiently in the MountainCar-v0 environment. The key challenge here is to build enough momentum to reach the flag on the right hill, which requires strategic exploration of actions.

### Analysis of Current Action Distribution:
- **Action 2 (Push Right):** This action was heavily favored in the sampled actions, especially at the beginning and end of the sequence.
- **Action 0 (Push Left):** This action was used sparingly and mostly clustered in the middle of the sequence.
- **Action 1 (No Push):** This action was used even less frequently, with a few instances in the middle of the sequence.

### Observations:
1. **Imbalance in Action Usage:** The current distribution is heavily skewed towards pushing right, which might not be optimal for building the necessary momentum to reach the flag.
2. **Lack of Exploration:** The car needs to oscillate between the left and the right to gain enough speed. The current action distribution might not be allowing the agent to explore the state space effectively.
3. **Suboptimal Performance:** The total reward of -71.87 indicates that the agent is not yet performing well, as a higher (less negative) reward would indicate better performance in this environment.

### Recommendations for Action Distribution:
To improve the exploration strategy and help the DQN agent learn faster, consider the following recommendations for the next 20 training episodes:

1. **Balanced Exploration:**
   - Increase the frequency of Action 0 (Push Left) to allow the car to move left and gain momentum. This could be essential for building the necessary speed to climb the right hill.
   - Maintain a moderate frequency of Action 2 (Push Right) to ensure the car can attempt to ascend the right hill after gaining momentum.

2. **Incorporate Action 1 (No Push):**
   - Introduce occasional instances of Action 1 (No Push) to allow the agent to experience different states and potentially discover beneficial state-action pairs that might be overlooked with constant pushing.

3. **Suggested Action Distribution:**
   - Action 0 (Push Left): 40%
   - Action 1 (No Push): 20%
   - Action 2 (Push Right): 40%

This distribution aims to promote a more balanced exploration strategy, allowing the agent to experience a wider range of states and potentially discover more effective policies for solving the task.

4. **Monitor and Adjust:**
   - Continuously monitor the agent's performance and adjust the action distribution based on observed improvements or stagnation in learning. Adaptivity is key to optimizing exploration strategies.

Implementing this more balanced exploration strategy should help the DQN agent learn the necessary dynamics of the environment more effectively, potentially leading to improved performance in reaching the goal.","```json
{
  ""action_probs"": [0.4, 0.2, 0.4]
}
```"
101,-128.45492817505624,-65.77794864198653,0.01,0.07178860902786255,N/A,N/A
102,-93.95271312180023,-62.60266410281368,0.01,0.04697622358798981,N/A,N/A
103,-129.78628198605364,-60.18380750652902,0.01,0.05950600653886795,N/A,N/A
104,-65.72673518742172,-60.9963781164854,0.01,0.23461231589317322,N/A,N/A
105,-70.87264790763273,-59.3496455015495,0.01,0.05111149698495865,"To help the DQN agent learn faster in the MountainCar-v0 environment, we need to ensure that the exploration strategy enables the agent to effectively explore the state-action space. The current sampled actions indicate a strong bias towards action 2 (Push Right), with some actions 1 (No Push) and very few actions 0 (Push Left). This imbalance might not be optimal for exploration, especially given the nature of the MountainCar-v0 task, which requires building momentum by oscillating between left and right.

### Analysis:
1. **Action Distribution**: The current distribution is heavily skewed towards action 2. This can result in the car getting stuck or not building enough momentum to reach the goal. The car needs to oscillate back and forth to build enough kinetic energy to reach the flag.

2. **Reward and Performance**: The total reward of -70.87 suggests that the agent is not performing well, as it is far from reaching the goal quickly. This is consistent with the lack of sufficient exploration of different actions.

### Recommendations:
To improve exploration and learning efficiency, consider the following action distribution strategy for the next 20 training episodes:

1. **Balanced Exploration**: Implement a more balanced action distribution to encourage exploration of all possible actions:
   - Action 0 (Push Left): 40%
   - Action 1 (No Push): 20%
   - Action 2 (Push Right): 40%

   This distribution emphasizes actions that can help the car build momentum by moving left and right, which is crucial for solving the task.

2. **Adaptive Exploration**: Use an exploration strategy that adapts over time, such as an epsilon-greedy strategy with a high starting epsilon (e.g., 0.9) that decays over time. This ensures that initially, the agent explores more, and as it learns, it exploits the learned policy more often.

3. **Prioritized Exploration**: Consider using a strategy where actions are prioritized based on the current state:
   - If the car's position is near the left boundary, prioritize pushing right.
   - If the car's position is near the right boundary, prioritize pushing left.
   - Use ""No Push"" sparingly to allow the car to slow down and reverse direction when needed.

4. **Monitor Learning Progress**: Continuously monitor the total reward and adjust the exploration strategy if there are signs of the agent getting stuck in suboptimal behaviors.

By adopting a more balanced and adaptive exploration strategy, the agent should be able to learn more effectively and improve its performance in the MountainCar-v0 environment.","```json
{
  ""action_probs"": [0.4, 0.2, 0.4]
}
```"
106,-59.55912593683126,-53.709324933800666,0.01,0.03926439955830574,N/A,N/A
107,-64.10169020298301,-54.16447576016007,0.01,0.027044769376516342,N/A,N/A
108,-51.70311503002886,-52.57070193822524,0.01,0.04434558376669884,N/A,N/A
109,-50.46122129367681,-51.13437157645474,0.01,0.05254131555557251,N/A,N/A
110,-49.572288442255065,-53.089174659395724,0.01,0.023507948964834213,"Based on the information provided, it seems that the current exploration strategy is heavily biased towards the ""Push Right"" action (action 2), with a few ""No Push"" (action 1) and ""Push Left"" (action 0) actions mixed in. This could be limiting the agent's ability to adequately explore the state space and learn the optimal policy for solving the MountainCar-v0 environment.

Here are some observations and recommendations for a more balanced exploration strategy:

### Observations:
1. **Action Distribution Imbalance**: The sampled actions are predominantly ""Push Right"" (action 2), with a small number of ""No Push"" (action 1) and even fewer ""Push Left"" (action 0). This suggests a significant imbalance in exploration.

2. **Momentum Building**: The MountainCar-v0 environment requires the agent to move back and forth to build momentum to reach the flag. A strategy focusing too much on ""Push Right"" might not allow the agent to effectively learn the importance of moving left to gain momentum.

3. **Exploration vs. Exploitation**: The agent's exploration strategy seems to be overly exploitative towards one direction, which could be detrimental to learning the optimal policy.

### Recommendations:
1. **Balanced Action Distribution**: For the next 20 training episodes, consider using a more balanced action distribution to encourage exploration of all possible actions. A suggested distribution could be:
   - Push Left (action 0): 40%
   - No Push (action 1): 20%
   - Push Right (action 2): 40%

   This distribution encourages the agent to explore moving left and right equally to build the necessary momentum.

2. **Adaptive Exploration**: Consider implementing an adaptive exploration strategy, such as epsilon-greedy with a decaying epsilon, to balance exploration and exploitation over time. Start with a higher exploration rate and gradually reduce it as the agent learns.

3. **Encourage Momentum Building**: Since building momentum is crucial for success in this environment, ensure that the exploration strategy allows for sequences of actions that facilitate this. For example, alternating between ""Push Left"" and ""Push Right"" could help the agent experience the necessary dynamics.

4. **Monitor Learning Progress**: Continuously monitor the agent's performance and adjust the exploration strategy if necessary. If the agent's performance plateaus or does not improve, consider revisiting the action distribution or exploration parameters.

By implementing these recommendations, the agent should have a better chance of exploring the state space effectively and learning the optimal policy more efficiently.","```json
{
  ""action_probs"": [0.4, 0.2, 0.4]
}
```"
111,-64.51365685402418,-52.91581046350386,0.01,0.04968647658824921,N/A,N/A
112,-60.12256036387763,-49.30662361318686,0.01,0.07264623790979385,N/A,N/A
113,-53.53823494346663,-49.32792311558316,0.01,0.027529580518603325,N/A,N/A
114,-40.26362691487718,-52.386068235943284,0.01,0.024772563949227333,N/A,N/A
115,-50.19258180289762,-51.79956717048928,0.01,0.019170600920915604,"To help the DQN agent learn faster in the MountainCar-v0 environment, we need to focus on encouraging exploration that effectively builds momentum, allowing the car to reach the goal. From your data, it appears that the actions sampled in the last episode are heavily biased towards pushing right (action 2), especially in the latter part of the episode. This might lead to the car getting stuck in local minima without gaining enough momentum to reach the flag.

### Analysis:
1. **Action Distribution:**
   - Action 2 (Push Right): Dominant in the episode, especially towards the end.
   - Action 1 (No Push): Moderately used in the beginning.
   - Action 0 (Push Left): Used sparingly, mostly in the first half.

2. **Current Strategy Issues:**
   - Over-reliance on pushing right may not allow the car to build sufficient momentum to climb the right hill.
   - Lack of balanced exploration between pushing left and right, which is crucial for gaining momentum.

### Recommendations:
1. **Balanced Exploration:**
   - Encourage a more balanced distribution between actions 0 and 2 to ensure the car swings back and forth to build momentum. This can be achieved by adjusting the exploration strategy to sample more evenly from actions 0 and 2.

2. **Exploration Strategy:**
   - **Epsilon-Greedy with Modified Probabilities:**
     - During exploration, consider using an epsilon-greedy strategy where the non-greedy actions (exploration) are distributed with a higher probability for actions 0 and 2.
     - For example, set the probabilities during exploration as:
       - Action 0 (Push Left): 40%
       - Action 1 (No Push): 20%
       - Action 2 (Push Right): 40%

3. **Adaptive Exploration:**
   - Consider dynamically adjusting these probabilities based on the agent's performance. If the agent starts showing improvement in reaching higher positions on the right hill, you might reduce the exploration rate or adjust the distribution to favor the learned policy.

4. **Monitoring and Feedback:**
   - Continuously monitor the agent’s performance (total reward and position) over the next 20 episodes.
   - Adjust the exploration strategy based on observed trends, such as whether the car is consistently reaching higher positions or if it continues to get stuck.

By implementing these recommendations, the agent should have a better chance of learning the necessary momentum-building strategy to reach the goal in the MountainCar-v0 environment.","```json
{
  ""action_probs"": [0.4, 0.2, 0.4]
}
```"
116,-44.27673544058176,-51.857681596482124,0.01,0.05330388993024826,N/A,N/A
117,-50.161027097815136,-50.76659273742605,0.01,0.02455795183777809,N/A,N/A
118,-58.34363429817104,-54.66295346040399,0.01,0.02247590944170952,N/A,N/A
119,-42.22813949396034,-51.38192814017937,0.01,0.03044257126748562,N/A,N/A
120,-63.545360025608844,-59.55437918729423,0.01,0.14401286840438843,"To help the DQN agent learn faster in the MountainCar-v0 environment, it's important to focus on exploration strategies that encourage diverse experiences and help the agent discover effective ways to reach the goal. Here is an analysis of the current situation and recommendations for action distribution during exploration:

### Analysis:
1. **Current Action Distribution**:
   - The sampled actions show a heavy bias towards action `2` (Push Right) and action `0` (Push Left), with fewer instances of action `1` (No Push).
   - The distribution suggests that the car is spending a lot of time trying to push right and left, with less emphasis on holding its position.

2. **Reward Signal**:
   - The total reward of `-63.54` in the last episode indicates that the agent is not yet able to reach the goal efficiently and is likely getting stuck in suboptimal strategies.

3. **Momentum Building**:
   - The car must build momentum by swinging back and forth between the hills. This requires a balanced exploration of all actions to learn when to push left, right, or hold.

### Recommendations:
To improve exploration and learning efficiency, consider the following action distribution strategy for the next 20 training episodes:

1. **Balanced Exploration**:
   - Aim for a more balanced action distribution to encourage the agent to explore different strategies. For example:
     - `Action 0 (Push Left)`: 30%
     - `Action 1 (No Push)`: 20%
     - `Action 2 (Push Right)`: 50%

2. **Increased Randomness**:
   - Introduce a higher level of randomness in action selection (e.g., increase epsilon in an epsilon-greedy strategy) to prevent premature convergence to suboptimal policies and encourage exploration of diverse state-action pairs.

3. **Momentum Building Focus**:
   - Encourage the agent to experiment with sequences of actions that build momentum. For example, alternating between `Push Left` and `Push Right` should be explored more frequently.

4. **Adaptive Exploration**:
   - Consider using an adaptive exploration strategy where the action distribution can be adjusted based on the agent's performance over time. If the agent starts showing improvement, gradually decrease exploration to focus on exploiting learned policies.

5. **Reward Shaping**:
   - If feasible, introduce reward shaping to provide intermediate rewards for building momentum or reaching higher positions on the left hill, guiding the agent towards effective strategies.

By implementing these strategies, the agent should gather more diverse experiences, leading to faster learning and better performance in reaching the goal in the MountainCar-v0 environment.","```json
{
  ""action_probs"": [0.3, 0.2, 0.5]
}
```"
121,-47.64594824178411,-61.43427040175186,0.01,0.009878422133624554,N/A,N/A
122,-41.2496955925998,-56.18141267872768,0.01,0.06303586065769196,N/A,N/A
123,-47.72003804651405,-60.44026824123257,0.01,0.014211834408342838,N/A,N/A
124,-62.17215268145581,-59.5904958074614,0.01,0.023755516856908798,N/A,N/A
125,-51.17836224828248,-59.653343918719884,0.01,0.06865335255861282,"Based on the information provided, the MountainCar-v0 environment requires the agent to build momentum by oscillating between the left and right sides to reach the goal on the right hill. The sampled actions from the last episode show an initial sequence of pushing left (action 0) followed by a long sequence of pushing right (action 2), with no instances of no push (action 1). This pattern suggests that the agent might be overcommitting to pushing right without adequately building momentum by oscillating.

### Analysis:
1. **Action Imbalance**: The agent predominantly uses actions 0 and 2, with a noticeable lack of action 1. This might indicate that the agent is not exploring the ""no push"" action, which could be useful in fine-tuning the car's position and velocity for efficient momentum building.
   
2. **Momentum Building**: To successfully climb the hill, the agent needs to effectively build momentum. The current pattern suggests an initial attempt to build momentum by pushing left, but then it predominantly pushes right, which might not be optimal for reaching the goal.

3. **Total Reward**: The total reward of -51.18 suggests that the agent is not yet efficiently solving the task, as reaching the goal typically yields a higher (less negative) reward.

### Recommendations for Exploration Strategy:
To help the DQN agent learn faster, we should encourage a more balanced exploration strategy that allows the agent to better learn the dynamics of momentum building. Here's a recommended action distribution for the next 20 training episodes:

1. **Diversified Action Distribution**: 
   - Increase the exploration of action 1 (No Push) to allow the agent to learn the impact of maintaining velocity without additional acceleration.
   - Encourage a more balanced use of actions 0 and 2 to facilitate effective oscillation.

2. **Suggested Action Probabilities**:
   - **Action 0 (Push Left)**: 40%
   - **Action 1 (No Push)**: 20%
   - **Action 2 (Push Right)**: 40%

3. **Adaptive Exploration**: 
   - Consider using an epsilon-greedy strategy where epsilon is initially high (e.g., 0.2) to promote exploration, and then gradually decrease epsilon to encourage exploitation of learned policies.

4. **Momentum Monitoring**: 
   - Implement a mechanism to monitor the car's velocity and adjust action selection dynamically to ensure that the car effectively builds momentum before attempting to reach the goal.

5. **Reward Shaping**: 
   - If feasible, incorporate reward shaping techniques to provide intermediate rewards for achieving higher velocities, which could guide the agent toward better momentum-building strategies.

By adopting a more balanced and exploratory action distribution, the agent is likely to gain a better understanding of the environment dynamics, ultimately leading to improved performance in the MountainCar-v0 task.","```json
{
  ""action_probs"": [0.4, 0.2, 0.4]
}
```"
126,-60.35835711900976,-62.589541795602926,0.01,0.08778241276741028,N/A,N/A
127,-60.24718596819188,-62.70140033441182,0.01,0.04131624847650528,N/A,N/A
128,-47.951138401044794,-62.25679979606624,0.01,0.030149050056934357,N/A,N/A
129,-64.9540001341275,-62.803421726615156,0.01,0.025641286745667458,N/A,N/A
130,-37.29075625141018,-94.14181760025306,0.01,0.026416808366775513,"Based on the provided data, it appears that the agent is heavily biased towards taking action 0 (Push Left) initially, and then switches to action 2 (Push Right) for the remainder of the episode. This pattern indicates that the agent is not exploring the action space adequately and is likely getting stuck in a suboptimal policy where it doesn't effectively build momentum by alternating actions, which is crucial for success in the MountainCar-v0 environment.

### Analysis:
1. **Action Distribution**: The current action distribution is highly skewed towards actions 0 and 2, with no instances of action 1 (No Push). This lack of diversity in actions suggests that the agent might not be exploring the state space effectively, which is critical for learning the dynamics of the environment.

2. **Reward**: The total reward of -37.29 indicates that the agent is not reaching the goal or is doing so inefficiently. In MountainCar-v0, the reward is typically -1 per time step until the goal is reached, so a more negative reward implies that the agent is taking too long to reach the goal or failing to reach it entirely.

### Recommendations for Exploration Strategy:
To improve the agent's learning efficiency, consider adjusting the exploration strategy as follows:

1. **Balanced Action Sampling**: Ensure a more balanced distribution of actions during exploration. This can be achieved by sampling actions more uniformly. For example:
   - Action 0 (Push Left): 40%
   - Action 1 (No Push): 20%
   - Action 2 (Push Right): 40%

   This distribution encourages the agent to explore all possible actions, including the often underutilized action 1, which can help in fine-tuning the car's position on the slope.

2. **Incorporate Exploration Mechanisms**:
   - **Epsilon-Greedy Strategy**: Use an epsilon-greedy approach where a certain percentage of actions are chosen randomly to encourage exploration. Start with a higher epsilon (e.g., 0.3) and gradually decrease it as training progresses.
   - **Entropy Regularization**: Incorporate entropy into the action selection process to encourage exploration by penalizing certainty in action selection.

3. **Momentum Building**: Encourage the agent to learn the importance of building momentum by alternating between actions 0 and 2. One way to do this is to implement a reward shaping mechanism that provides additional rewards for achieving higher velocities, which is crucial for reaching the goal.

4. **Monitor and Adjust**: Continuously monitor the agent's performance and adjust the exploration strategy as needed. If certain actions are consistently underutilized or overutilized, adjust the action distribution to promote more balanced exploration.

By implementing these recommendations, the agent should be able to explore the environment more effectively, leading to improved learning and performance in the MountainCar-v0 task.","```json
{
  ""action_probs"": [0.4, 0.2, 0.4]
}
```"
131,-37.54522982760598,-93.05457560899364,0.01,0.012737968005239964,N/A,N/A
132,-61.233717417863325,-93.9391420051229,0.01,0.028554201126098633,N/A,N/A
133,-105.4756417913144,-61.071346793887656,0.01,0.018718920648097992,N/A,N/A
134,-39.8791445483254,-73.41121676713836,0.01,0.029157739132642746,N/A,N/A
135,-63.65648044024794,-102.77230331580867,0.01,0.016881709918379784,"To help the DQN agent learn faster in the MountainCar-v0 environment, we need to focus on improving exploration strategies. Let's analyze the given data and then provide recommendations for an exploration action distribution.

### Analysis

1. **Current Performance**:
   - The total reward in the last episode is -63.656, which indicates that the car is not reaching the goal efficiently. In MountainCar-v0, the reward is -1 for each time step until the car reaches the goal, so a higher negative reward means the car is taking longer to reach the goal or not reaching it at all.

2. **Sampled Actions**:
   - The distribution of actions in the sample is: 
     - Action 0 (Push Left): 35 times
     - Action 1 (No Push): 10 times
     - Action 2 (Push Right): 55 times

   - This distribution shows a bias towards pushing right, which could lead to suboptimal exploration. The car needs to build momentum by oscillating back and forth between the hills, so a more balanced exploration strategy might be beneficial.

### Recommendations

1. **Balanced Action Distribution**:
   - To encourage better exploration, we should aim for a more balanced distribution of actions. This could help the car build the necessary momentum by exploring both left and right pushes more evenly. A suggested distribution could be:
     - Action 0 (Push Left): 40%
     - Action 1 (No Push): 20%
     - Action 2 (Push Right): 40%

   - This distribution encourages the car to explore both directions more equally while still allowing some time for no push to stabilize the car's movement.

2. **Incorporate Exploration Strategies**:
   - **Epsilon-Greedy with Decay**: Start with a higher epsilon (e.g., 0.9) to encourage exploration and gradually decay it over episodes to allow the agent to exploit learned strategies as it becomes more knowledgeable about the environment.
   
   - **Boltzmann Exploration**: Consider using Boltzmann exploration, where actions are selected based on a probability distribution derived from the Q-values. This can provide a more nuanced approach to exploration by favoring actions with higher expected rewards but still allowing for exploration of less certain actions.

3. **Monitor and Adjust**:
   - Continuously monitor the agent's performance and adjust the exploration strategy as needed. If the agent's performance plateaus, consider re-evaluating the action distribution or exploration parameters.

By implementing these strategies, the agent should be able to explore the environment more effectively and learn the optimal policy more quickly.","```json
{
  ""action_probs"": [0.4, 0.2, 0.4]
}
```"
136,-60.65758201065811,-67.73157782272503,0.01,0.025135189294815063,N/A,N/A
137,-62.583689315028344,-107.65539973338863,0.01,0.01441373024135828,N/A,N/A
138,-44.26849544575172,-90.73004853151792,0.01,0.039376046508550644,N/A,N/A
139,-105.33740991602859,-86.55269380461286,0.01,0.09067393094301224,N/A,N/A
140,-59.799843102763376,-86.54129061357031,0.01,0.018372491002082825,"Based on the data provided, it seems that the agent is currently struggling to effectively explore the action space in the MountainCar-v0 environment. The total reward in the last episode of -59.799843102763376 indicates that the agent isn't yet able to consistently reach the goal. The sampled actions show a tendency towards pushing left (0) and pushing right (2), with a smaller number of neutral (1) actions.

### Analysis:
1. **Action Distribution**: The distribution of actions is heavily skewed towards actions 0 and 2, with very few actions being 1. This is somewhat expected, as moving back and forth is necessary to build momentum. However, the distribution appears unbalanced, with long sequences of the same action, which might not be optimal for exploration.

2. **Momentum Building**: The car needs to build momentum to reach the goal. The current action distribution suggests that the agent might be getting stuck in local optima, pushing in one direction for too long before switching.

3. **Exploration Strategy**: A more balanced exploration strategy that encourages the agent to explore different sequences of actions could help in better understanding the dynamics of the environment.

### Recommendations:
1. **Balanced Action Exploration**: Encourage a more balanced action distribution during exploration. Consider using a strategy that occasionally introduces random actions to break cycles of repetitive actions. This could be implemented as:
   - 40% probability for action 0 (Push Left)
   - 20% probability for action 1 (No Push)
   - 40% probability for action 2 (Push Right)

2. **Encourage Alternation**: Introduce a mechanism to encourage alternation between pushing left and right to help the agent build momentum more effectively. This could involve:
   - Using a strategy that alternates between actions 0 and 2 more frequently, interspersed with action 1 to reset velocity.

3. **Adaptive Exploration**: Implement an adaptive exploration strategy where the probabilities of actions are adjusted based on the agent's recent performance. If the agent is not improving, increase exploration by skewing probabilities towards less frequently used actions.

4. **Reward Shaping**: Consider shaping the reward function slightly to provide intermediate rewards for reaching higher positions on the hills, encouraging the agent to build momentum.

5. **Monitor Learning Progress**: Continuously monitor the agent's performance and adjust the exploration strategy based on the observed learning curve. If performance plateaus, consider increasing exploration again.

By implementing these strategies, the agent should be able to explore the environment more effectively and learn the optimal policy faster.","```json
{
  ""action_probs"": [0.4, 0.2, 0.4]
}
```"
141,-41.4896232701971,-86.44778427510185,0.01,0.032798513770103455,N/A,N/A
142,-60.64299573871209,-61.749421602069376,0.01,0.05110500007867813,N/A,N/A
143,-41.767963463646765,-92.10398462340065,0.01,0.09726336598396301,N/A,N/A
144,-37.262374869774455,-61.66787991075828,0.01,0.018511919304728508,N/A,N/A
145,-60.76026980992337,-64.14394246506737,0.01,0.015825267881155014,"Based on the provided data, we can observe the following:

1. **Current Action Distribution**: The sampled actions from the last episode show a heavy bias towards actions 0 (Push Left) and 2 (Push Right), with a few instances of action 1 (No Push). This indicates a strategy that predominantly alternates between pushing left and right, which aligns with the need to build momentum to reach the goal.

2. **Performance**: The total reward in the last episode was -60.76, which suggests that the agent is not yet efficiently reaching the goal. In MountainCar-v0, a reward closer to zero or positive indicates better performance.

### Recommendations for Exploration Strategy:

1. **Balanced Exploration**: To facilitate better learning, especially during the exploration phase, it's beneficial to have a more balanced action distribution. This ensures that the agent experiences a variety of states and can learn the consequences of different actions effectively.

2. **Proposed Action Distribution**:
   - **Push Left (0)**: 40%
   - **No Push (1)**: 20%
   - **Push Right (2)**: 40%

   This distribution still emphasizes building momentum by pushing left and right, but it also slightly increases the probability of ""No Push"" to allow the agent to learn the effects of maintaining velocity without additional force.

3. **Adaptive Exploration**: Consider using an adaptive exploration strategy, such as epsilon-greedy with decay, where the exploration rate decreases over time as the agent becomes more confident in its policy. This approach starts with more exploration and gradually shifts towards exploitation as the agent learns.

4. **Reward Shaping**: If not already implemented, consider reward shaping to encourage behaviors that lead to momentum building. For example, provide small rewards for increasing velocity or reaching new positions.

5. **Monitor Learning**: Keep track of the agent's performance over the next 20 episodes with the new exploration strategy. Adjust the action distribution if necessary based on observed improvements or stagnation in learning.

By implementing these recommendations, the agent should have a more effective exploration phase, leading to faster learning and better performance in achieving the goal.","```json
{
  ""action_probs"": [0.4, 0.2, 0.4]
}
```"
146,-67.1049616787826,-64.64773147474459,0.01,0.015045634470880032,N/A,N/A
147,-104.42768446434509,-61.02978849775191,0.01,0.02845952659845352,N/A,N/A
148,-58.52728715439857,-62.10771793019593,0.01,0.1030818372964859,N/A,N/A
149,-61.61982466849065,-62.113126436179456,0.01,0.05338999629020691,N/A,N/A
150,-38.96515404302461,-69.24550859179536,0.01,0.01427718997001648,"Based on the information provided, it appears that the current exploration strategy is heavily skewed towards actions 0 (Push Left) and 2 (Push Right), with a significant portion of the actions being action 2. This suggests that the agent may be spending too much time pushing to the right without adequately balancing the momentum-building process necessary for the MountainCar task.

Here's an analysis and strategy recommendation for improving the exploration:

### Analysis:
1. **Action Distribution**: The sampled actions show a strong preference for actions 0 and 2, with a noticeable bias towards action 2 in the latter part of the episode. This suggests that the agent might be trying to push towards the goal prematurely without building sufficient momentum.
   
2. **Momentum Building**: The MountainCar environment requires the agent to oscillate back and forth to build enough momentum to reach the flag. If the agent focuses too much on pushing right, it may not gain the necessary momentum from the left hill.

3. **Exploration Balance**: The lack of action 1 (No Push) indicates that the agent might not be exploring states where it can conserve momentum, which can be crucial for learning the dynamics of the environment.

### Recommendations:
1. **Balanced Exploration Strategy**:
   - **Action 0 (Push Left)**: 40%
   - **Action 1 (No Push)**: 20%
   - **Action 2 (Push Right)**: 40%

   This distribution encourages the agent to explore both directions almost equally, with a reasonable chance of not pushing to allow for momentum conservation.

2. **Adaptive Exploration**:
   - Consider using an epsilon-greedy strategy where the epsilon value starts high (e.g., 0.9) and decays over time. This encourages more exploration initially, which is crucial for learning the dynamics of the environment.

3. **Momentum Consideration**:
   - Implement a simple heuristic that favors action 0 when the velocity is positive and action 2 when the velocity is negative. This can help the agent learn to build momentum more effectively.

4. **Reward Shaping**:
   - If possible, provide additional rewards for reaching higher positions on the left hill to encourage the agent to build more momentum.

By adjusting the exploration strategy to be more balanced and incorporating momentum considerations, the agent should be able to learn the dynamics of the MountainCar environment more effectively, leading to faster convergence and improved performance.","```json
{
  ""action_probs"": [0.4, 0.2, 0.4]
}
```"
151,-58.68317729378469,-50.201333682701055,0.01,0.023156704381108284,N/A,N/A
152,-60.1691085581967,-60.56426344644709,0.01,0.018473850563168526,N/A,N/A
153,-61.64331181719983,-61.21901809339221,0.01,0.03016524575650692,N/A,N/A
154,-60.72639474937627,-51.87698782050374,0.01,0.025190580636262894,N/A,N/A
155,-37.538360998723,-61.217796933364106,0.01,0.017743878066539764,"Based on the data provided, it seems that the agent is currently heavily favoring the ""Push Right"" action towards the end of the episode, as seen in the sampled actions. This skewed distribution suggests that the agent might be attempting to reach the goal by pushing right, but it may not be effectively building enough momentum to do so.

### Analysis

1. **Current Action Distribution**: The agent predominantly uses the ""Push Right"" action (action 2) towards the latter part of the episode. However, it starts with a series of ""Push Left"" actions (action 0).

2. **Momentum Building**: The MountainCar environment requires the agent to build momentum by oscillating between the left and right. The current strategy might not be effective in achieving this, as it seems to be overly focused on pushing right.

3. **Total Reward**: The negative reward indicates that the agent is not yet successfully reaching the goal. The reward structure in MountainCar is such that the agent incurs a penalty for each time step until it reaches the goal.

### Recommendations

To help the DQN agent learn faster, I recommend adjusting the exploration action distribution to encourage more balanced exploration. Here’s how:

1. **Balanced Action Exploration**: Encourage a more balanced exploration of actions 0, 1, and 2 to better learn the dynamics of momentum building. A suggested distribution might be:
   - Action 0 (Push Left): 40%
   - Action 1 (No Push): 20%
   - Action 2 (Push Right): 40%

2. **Encourage Oscillation**: The agent should practice oscillating between pushing left and right more frequently to build up the necessary momentum to reach the goal. This can be done by ensuring that the agent doesn't spend too much time on one action.

3. **Adaptive Exploration**: As the agent begins to learn the environment's dynamics, gradually shift the exploration policy towards exploiting the learned policy more. This could involve reducing exploration rates or adjusting the action distribution based on performance improvements.

4. **Monitor Learning Progress**: Keep track of the total rewards over episodes to identify when the agent begins to perform better. Adjust exploration strategies based on observed improvements or stagnation.

5. **Consider State-Based Exploration**: Implement a more sophisticated exploration strategy that takes into account the current state (position and velocity) of the car. For example, if the car is moving left and near the leftmost point, prioritize ""Push Right"" to build momentum.

By following these recommendations, the agent should be better equipped to explore the state-action space effectively, potentially leading to improved learning efficiency and performance in the MountainCar environment.","```json
{
  ""action_probs"": [0.4, 0.2, 0.4]
}
```"
156,-62.65159061836477,-60.858957537334106,0.01,0.015933740884065628,N/A,N/A
157,-58.80185241713602,-51.942342593069114,0.01,0.059201423078775406,N/A,N/A
158,-58.22960501332166,-61.306319628606026,0.01,0.036349400877952576,N/A,N/A
159,-63.391312894622395,-59.932330262080065,0.01,0.014636768959462643,N/A,N/A
160,-41.1682381218674,-53.85102008872862,0.01,0.05101010575890541,"To help the DQN agent learn faster in the MountainCar-v0 environment, we need to focus on improving exploration during the initial episodes. The goal is to encourage the agent to explore different actions more effectively, which can lead to a better understanding of the environment dynamics and ultimately improve performance.

### Analysis of Current Action Distribution:
1. **Current Action Bias**: The sampled actions from the last episode show a significant bias towards action '2' (Push Right), which dominates the action space. This could lead to suboptimal exploration as the agent might not be adequately exploring the other actions.
2. **Insufficient Exploration**: With a majority of actions being '2', the agent might not be building enough momentum by oscillating between left and right, which is crucial for solving the MountainCar-v0 task.

### Recommendations for Exploration Strategy:
1. **Balanced Action Distribution**:
   - Encourage a more balanced initial action distribution to ensure the agent explores all possible actions. This can be achieved by setting a uniform probability distribution for actions during exploration:
     - Action 0 (Push Left): 33%
     - Action 1 (No Push): 33%
     - Action 2 (Push Right): 34%
   - This balanced approach will allow the agent to explore different strategies, such as building momentum by oscillating between left and right.

2. **Epsilon-Greedy Strategy**:
   - Implement an epsilon-greedy strategy with a relatively high epsilon value (e.g., 0.3 to 0.5) for the next 20 episodes. This will ensure that the agent performs random actions frequently enough to explore the state space thoroughly.
   - Gradually decrease epsilon over time as the agent starts learning more about the environment.

3. **Reward Shaping**:
   - Consider incorporating reward shaping to provide incremental feedback on actions that lead to increased momentum or movement towards the goal. This can guide the agent to learn the importance of oscillating between hills.

4. **Monitor and Adjust**:
   - After 20 episodes, assess the agent's performance and action distribution again. Adjust the exploration strategy based on observed improvements or persistent issues.
   - If biased behavior persists, consider introducing additional exploration strategies like Boltzmann exploration or adding noise to the action selection process.

By implementing these strategies, the agent should be able to explore the environment more effectively, leading to improved learning and performance in the MountainCar-v0 task.","```json
{
  ""action_probs"": [0.33, 0.33, 0.34]
}
```"
161,-51.02735690138236,-54.56163651936978,0.01,0.0721152201294899,N/A,N/A
162,-58.75686956049673,-55.508160716864175,0.01,0.08710306882858276,N/A,N/A
163,-60.59321038675094,-77.7519547037455,0.01,0.014110988937318325,N/A,N/A
164,-55.24928753424902,-56.90196021246531,0.01,0.14677058160305023,N/A,N/A
165,-60.10815306268965,-55.28524605868542,0.01,0.051428258419036865,"To help the DQN agent learn faster in the MountainCar-v0 environment, we need to focus on improving the exploration strategy. The current exploration data and the total reward from the last episode provide insights into how the agent is interacting with the environment. Let's analyze the provided data:

### Analysis:
1. **Action Distribution**:
   - The sampled actions are predominantly skewed towards action `2` (Push Right) with a few instances of action `0` (Push Left) and very few of action `1` (No Push).
   - The initial part of the episode shows a sequence of action `0`, followed by a mix of actions `1` and `2`. The latter part is heavily dominated by action `2`.

2. **Total Reward**:
   - The total reward of approximately -60 indicates that the agent is not yet reaching the goal efficiently. In MountainCar-v0, achieving a higher (less negative) reward typically requires building sufficient momentum to reach the flag.

3. **Momentum Building**:
   - The task requires the car to build momentum by oscillating between pushing left and right. The current action distribution suggests insufficient exploration of action `0` (Push Left), which is crucial for gaining momentum.

### Recommendations:
To improve the exploration strategy and help the DQN agent learn faster, consider the following action distribution adjustments:

1. **Balanced Exploration**:
   - Encourage a more balanced exploration of actions `0` and `2` to facilitate momentum building. A recommended distribution could be:
     - Action `0` (Push Left): 40%
     - Action `1` (No Push): 20%
     - Action `2` (Push Right): 40%

2. **Increased Diversity**:
   - Ensure that the agent explores different sequences of actions to discover effective momentum-building patterns. This could involve varying the frequency and timing of switching between actions `0` and `2`.

3. **Adaptive Exploration**:
   - Implement an adaptive exploration strategy where the action probabilities can change based on the agent's current state (e.g., position and velocity). For instance, if the car is moving left, increase the probability of action `2` to push right, and vice versa.

4. **Exploration Noise**:
   - Introduce some stochasticity in action selection to prevent the agent from getting stuck in suboptimal policies. This could be achieved by adding noise to the action probabilities.

5. **Monitor Performance**:
   - Continuously monitor the agent's performance and adjust the exploration strategy based on observed improvements in total rewards and the agent's ability to reach the goal.

By implementing these recommendations, the agent should have a better chance of learning the necessary momentum-building strategies to reach the goal more efficiently in the MountainCar-v0 environment.","```json
{
  ""action_probs"": [0.4, 0.2, 0.4]
}
```"
166,-58.271937021559886,-66.74798453306043,0.01,0.08913644403219223,N/A,N/A
167,-62.16101423697545,-64.19677718932175,0.01,0.013353993184864521,N/A,N/A
168,-54.39997918700598,-55.05018905421407,0.01,0.016908667981624603,N/A,N/A
169,-58.67973057062688,-53.52786282945311,0.01,0.050509847700595856,N/A,N/A
170,-53.30952353436897,-55.76509105577013,0.01,0.023182030767202377,"Based on the provided information, it seems that the agent is not effectively exploring the state space, as indicated by the low total reward in the last episode (-53.31) and the skewed action distribution. The sampled actions show a heavy bias towards action 2 (""Push Right"") and action 1 (""No Push""), with very few instances of action 0 (""Push Left""). This imbalance can hinder the agent's ability to build the necessary momentum to reach the goal, as moving back and forth is crucial for success in the MountainCar-v0 environment.

Here are some recommendations to improve exploration and help the DQN agent learn faster:

1. **Balanced Action Distribution**: Encourage a more balanced exploration strategy by adjusting the action probabilities. A potential distribution could be:
   - Action 0 (""Push Left""): 40%
   - Action 1 (""No Push""): 20%
   - Action 2 (""Push Right""): 40%

   This distribution ensures that the agent explores both directions more evenly, which is essential for building momentum.

2. **Exploration Strategy**: Consider using an exploration strategy that adapts over time. For example:
   - **Epsilon-Greedy Strategy**: Start with a high epsilon value (e.g., 0.9) to encourage exploration and gradually decrease it to a lower value (e.g., 0.1) as the agent learns more about the environment.
   - **Boltzmann Exploration**: Use a softmax distribution over action values to select actions, which naturally balances exploration and exploitation based on action value estimates.

3. **Reward Shaping**: If possible, provide intermediate rewards to encourage the agent to explore both hills. For example, give a small positive reward for increasing velocity or reaching higher positions.

4. **Prioritized Experience Replay**: Implement a prioritized experience replay mechanism to ensure that experiences that are more informative or surprising are replayed more often, helping the agent learn from important transitions.

5. **Monitor Learning Progress**: Regularly evaluate the agent's performance and adjust exploration strategies as needed. If the agent's performance plateaus, consider revisiting the exploration strategy or hyperparameters.

By implementing these strategies, the agent should be able to explore the environment more effectively, leading to improved learning and faster convergence to a successful policy.","```json
{
  ""action_probs"": [0.4, 0.2, 0.4]
}
```"
171,-38.665580124331505,-60.40296205094281,0.01,0.0721275582909584,N/A,N/A
172,-57.295365784887714,-60.000825620112415,0.01,0.019162986427545547,N/A,N/A
173,-38.95479614902286,-54.87022815738768,0.01,0.07601527869701385,N/A,N/A
174,-58.60874765488717,-54.165660378735126,0.01,0.08284395188093185,N/A,N/A
175,-58.328518255307785,-57.911154013285284,0.01,0.012964099645614624,"To help the DQN agent learn more effectively in the MountainCar-v0 environment, it's important to consider the dynamics of the problem and the sampled actions from the last episode. Here are some observations and recommendations based on the provided data:

### Observations:

1. **Current Action Distribution:**
   - The sampled actions show a heavy bias towards action 2 (Push Right), especially in the latter part of the episode.
   - Action 0 (Push Left) is used frequently at the beginning and intermittently throughout the episode.
   - Action 1 (No Push) is used sparingly.

2. **Total Reward:**
   - The total reward of -58.33 suggests that the car is not reaching the goal efficiently and may be getting stuck or oscillating without sufficient momentum.

3. **Momentum Building:**
   - To successfully reach the goal, the car needs to build momentum by oscillating between the left and right sides of the valley.

### Recommendations for Exploration Strategy:

1. **Balanced Action Distribution:**
   - Encourage a more balanced exploration of actions to ensure the agent learns the importance of building momentum. A suggested distribution could be:
     - Action 0 (Push Left): 40%
     - Action 1 (No Push): 20%
     - Action 2 (Push Right): 40%
   - This distribution gives more emphasis to actions that help in building momentum (Push Left and Push Right) while still allowing for some exploration of the No Push action.

2. **Momentum Building Focus:**
   - Emphasize sequences of alternating actions (0 and 2) to help the agent learn to swing back and forth. This can be achieved by slightly increasing the probability of switching between actions 0 and 2.

3. **Adaptive Exploration:**
   - Consider using an adaptive exploration strategy where the action distribution is adjusted based on the agent's performance over the episodes. If the agent starts performing better, gradually reduce exploration and allow the agent to exploit learned policies.

4. **Incorporate Reward Shaping:**
   - If possible, incorporate reward shaping to provide additional feedback when the car gains velocity or reaches higher positions on the left hill, encouraging the agent to explore these states more.

5. **Monitor Learning Progress:**
   - Continuously monitor the agent's performance and adjust the exploration strategy as needed. If the agent's learning plateaus, consider introducing more variability in the action selection.

By following these recommendations, the agent should be able to explore the environment more effectively, leading to faster learning and improved performance in reaching the goal.","```json
{
  ""action_probs"": [0.4, 0.2, 0.4]
}
```"
176,-60.269756536428574,-59.4780028853364,0.01,0.04410561919212341,N/A,N/A
177,-57.425898583938476,-53.438973203497426,0.01,0.04269976168870926,N/A,N/A
178,-59.36383877493707,-55.08468898828448,0.01,0.07306937873363495,N/A,N/A
179,-61.906071156409716,-59.9449365759668,0.01,0.04635115712881088,N/A,N/A
180,-39.26804124195396,-54.15078831187427,0.01,0.0730118602514267,"To help the DQN agent learn faster in the MountainCar-v0 environment, we should focus on improving the exploration strategy. The goal is to ensure the agent effectively explores the state-action space to discover the optimal policy for reaching the flag. Here's an analysis of the current situation and recommendations for the action distribution during exploration:

### Analysis of Current Situation:

1. **Action Distribution**:
   - The sampled actions are heavily skewed towards action 2 (Push Right) in the latter part of the episode.
   - The initial part of the episode has a sequence of action 0 (Push Left), followed by a transition to predominantly action 2.
   - There is minimal use of action 1 (No Push), which might limit exploration of states where maintaining momentum without pushing could be useful.

2. **Performance**:
   - The total reward in the last episode is -39.27, indicating that the agent is not consistently reaching the goal. The reward is negative because the episode ends when the car reaches the flag or after 200 time steps, with penalties for each time step.

3. **Exploration Issue**:
   - The current exploration pattern suggests the agent might be prematurely exploiting a suboptimal strategy (e.g., pushing right excessively) without adequately exploring other actions that could lead to better momentum-building strategies.

### Recommendations for Exploration Strategy:

1. **Balanced Action Distribution**:
   - Implement a more balanced action distribution during exploration to encourage the agent to try different strategies. A good starting point might be:
     - Action 0 (Push Left): 30%
     - Action 1 (No Push): 20%
     - Action 2 (Push Right): 50%
   - This distribution encourages pushing right to build momentum but also allows for sufficient exploration of pushing left and not pushing, which are crucial for gaining momentum.

2. **Epsilon-Greedy Strategy**:
   - Use an epsilon-greedy strategy where epsilon starts high (e.g., 0.5) and decays over time. This encourages exploration in the early episodes and gradually shifts towards exploitation as the agent learns a better policy.

3. **Adaptive Exploration**:
   - Monitor the agent's performance and adjust the action distribution dynamically based on the agent's learning progress. If the agent shows improvement, gradually reduce exploration towards the optimal strategy.

4. **Incorporate Velocity**:
   - Encourage exploration strategies that consider both position and velocity. For instance, when velocity is low, it might be more beneficial to push left to gain momentum, even if the immediate reward seems negative.

5. **Reward Shaping**:
   - Consider reward shaping to provide intermediate rewards for achieving higher velocities or reaching certain positions, which can guide the exploration process more effectively.

By implementing these recommendations, the agent should be able to explore the state-action space more effectively, leading to faster learning of the optimal policy for MountainCar-v0.","```json
{
  ""action_probs"": [0.3, 0.2, 0.5]
}
```"
181,-47.66229084950424,-59.197714166556544,0.01,0.0132540762424469,N/A,N/A
182,-59.76251973816103,-61.10847556349687,0.01,0.028260957449674606,N/A,N/A
183,-59.35303705865849,-60.19111078169989,0.01,0.025895774364471436,N/A,N/A
184,-61.019336541782,-52.73028831052285,0.01,0.0312194786965847,N/A,N/A
185,-47.75501131315585,-52.379073704908464,0.01,0.05568406730890274,"To help the DQN agent learn faster in the MountainCar-v0 environment, we need to focus on improving exploration strategies. Based on the data provided, here are some observations and recommendations:

### Observations:
1. **Action Distribution**: The sampled actions show a heavy bias towards action 2 (Push Right) and action 0 (Push Left), with fewer instances of action 1 (No Push). This suggests that the current exploration strategy might be overly favoring pushing actions, particularly to the right.
   
2. **Total Reward**: The total reward in the last episode is -47.76, which is relatively poor given that the minimum possible reward is -200. This indicates that the agent is likely not reaching the goal consistently and might be getting stuck in suboptimal states.

3. **Momentum Building**: In MountainCar-v0, building sufficient momentum by alternating between pushing left and right is crucial for reaching the goal. The current action distribution may not be effectively facilitating this momentum-building process.

### Recommendations:
1. **Balanced Exploration**:
   - **Increase Action Diversity**: Encourage more balanced exploration by adjusting the action distribution to include more of action 1 (No Push). This will allow the agent to explore the effects of not pushing, which can be beneficial in certain states to maintain or reduce velocity.
   - **Suggested Action Distribution**: Aim for a more balanced distribution, such as 40% Push Left, 40% Push Right, and 20% No Push. This encourages the exploration of different strategies and might help the agent learn the importance of timing and momentum.

2. **Exploration Strategy**:
   - **Epsilon-Greedy with Decay**: Use an epsilon-greedy strategy with a decaying epsilon value. Start with a higher epsilon (e.g., 0.9) to encourage exploration and gradually decrease it over episodes to promote exploitation of learned strategies.
   - **Boltzmann Exploration**: Consider using Boltzmann exploration, where actions are selected based on a probability distribution derived from their Q-values. This can help in exploring actions with higher potential rewards more frequently.

3. **State-Dependent Exploration**:
   - Implement a state-dependent exploration strategy where the action distribution changes based on the current state of the car. For example, if the car is moving up a hill, favor pushing in the direction of the hill to build momentum.

4. **Reward Shaping**:
   - Introduce intermediate rewards for reaching certain positions or velocities that indicate progress towards the goal. This can provide the agent with more informative feedback and encourage exploration of beneficial states.

By implementing these strategies, the agent should be able to explore more effectively, build momentum appropriately, and ultimately learn to solve the environment more efficiently.","```json
{
  ""action_probs"": [0.4, 0.2, 0.4]
}
```"
186,-58.540783978908884,-54.30074937488613,0.01,0.009917458519339561,N/A,N/A
187,-60.88821303221795,-54.181276082198245,0.01,0.013314660638570786,N/A,N/A
188,-37.574906078579716,-54.94998628384856,0.01,0.0361006036400795,N/A,N/A
189,-60.87122616273287,-50.61714396411331,0.01,0.010328120552003384,N/A,N/A
190,-61.76190368354521,-53.24632927432093,0.01,0.009744785726070404,"To help the DQN agent learn faster in the MountainCar-v0 environment, we need to focus on improving the exploration strategy. Let's analyze the provided data and make recommendations.

### Analysis of Current Strategy:

1. **Action Distribution**:
   - The sampled actions from the last episode are heavily skewed towards actions 0 (Push Left) and 2 (Push Right).
   - Action 1 (No Push) is significantly underrepresented.

2. **Total Reward**:
   - The total reward of -61.76 suggests that the car is not reaching the goal consistently. In MountainCar-v0, the reward is -1 for each time step until the goal is reached, so a higher negative reward indicates longer episodes without reaching the goal.

3. **Momentum Building**:
   - The MountainCar-v0 task requires building momentum by oscillating between the left and right hills. Frequent switching between actions 0 and 2 is necessary to build this momentum effectively.

### Recommendations for Exploration Strategy:

1. **Balanced Action Distribution**:
   - Introduce a more balanced action distribution to ensure that the agent explores all possible actions evenly. This can be achieved by setting exploration probabilities as follows:
     - Action 0 (Push Left): 40%
     - Action 1 (No Push): 20%
     - Action 2 (Push Right): 40%
   - This distribution promotes more frequent switching between pushing left and right, while still allowing some exploration of the ""No Push"" action.

2. **Encourage Momentum Building**:
   - Since the goal is to build momentum, ensure that the agent experiments with sequences of alternating actions (0 and 2) to understand the dynamics of gaining speed.

3. **Adaptive Exploration**:
   - Consider using an epsilon-greedy strategy where epsilon (exploration rate) starts high and gradually decreases over time. This allows the agent to explore more in the initial episodes and exploit learned strategies in later episodes.

4. **Reward Shaping**:
   - Although not directly related to action distribution, consider implementing reward shaping to provide additional feedback when the car gains momentum or reaches higher positions. This can help the agent learn the importance of building momentum.

5. **Monitor and Adjust**:
   - Continuously monitor the agent's performance and adjust the exploration strategy based on the observed trends. If the agent starts reaching the goal more consistently, consider reducing exploration to focus on exploitation.

By implementing these recommendations, the DQN agent should be able to explore the environment more effectively, leading to faster learning and improved performance in the MountainCar-v0 task.","```json
{
  ""action_probs"": [0.4, 0.2, 0.4]
}
```"
191,-58.059624530401614,-54.454182486956725,0.01,0.027288861572742462,N/A,N/A
192,-47.28207138690301,-53.553364808448165,0.01,0.01706167310476303,N/A,N/A
193,-39.11598269703932,-54.74620061040402,0.01,0.054868221282958984,N/A,N/A
194,-38.988979149520006,-48.79031981850416,0.01,0.01456671953201294,N/A,N/A
195,-56.69428358731509,-50.23489386936915,0.01,0.04526951164007187,"Based on the provided data, it seems that the current exploration strategy is heavily biased towards action 0 (Push Left), with a significant sequence of action 2 (Push Right) later in the episode. There is minimal use of action 1 (No Push), which could be limiting the agent's ability to explore the state space effectively.

### Analysis:
1. **Action Distribution**: The sampled actions show a predominance of action 0, followed by a block of action 2, and very few instances of action 1. This suggests a lack of balanced exploration, which might hinder the agent from learning the optimal policy efficiently.

2. **Total Reward**: The total reward of -56.69 indicates that the agent is struggling to reach the goal effectively. This reward is relatively low, suggesting that the agent is not yet optimizing its actions to reach the flag quickly.

3. **Momentum Building**: In MountainCar-v0, building momentum is key to reaching the goal. The current strategy might not be allowing the agent to effectively build the necessary momentum due to the imbalanced action selection.

### Recommendations for Exploration Strategy:
To improve the agent's learning efficiency, consider adjusting the exploration strategy as follows:

1. **Balanced Action Distribution**:
   - **Action 0 (Push Left)**: 40%
   - **Action 1 (No Push)**: 20%
   - **Action 2 (Push Right)**: 40%

   This distribution encourages more frequent use of action 1, which can help the agent explore the effects of maintaining its current velocity, potentially leading to more effective momentum building.

2. **Encourage Diverse Exploration**:
   - Implement an epsilon-greedy strategy with a relatively high epsilon value (e.g., 0.3 to 0.5) during these exploration episodes. This will ensure that the agent tries different actions more frequently, allowing it to discover effective sequences of actions that can lead to the goal.

3. **Monitor and Adjust**:
   - After the 20 episodes with the new distribution, evaluate the agent's performance again. If there is an improvement in the total reward and the agent is reaching the goal more consistently, gradually reduce epsilon to allow the agent to exploit its learned policy more.

4. **State-Dependent Exploration**:
   - Consider implementing a state-dependent exploration strategy where the choice of action is influenced by the current position and velocity. For example, if the car is moving uphill, prioritize actions that continue the momentum in the current direction.

By adopting a more balanced and exploratory action distribution, the agent should be able to learn a more effective policy for solving the MountainCar-v0 task.","```json
{
  ""action_probs"": [0.4, 0.2, 0.4]
}
```"
196,-57.060686147484056,-50.26465237768416,0.01,0.009871672838926315,N/A,N/A
197,-57.88917536795074,-48.6330045573911,0.01,0.00897611491382122,N/A,N/A
198,-37.92265477560994,-50.14974985141447,0.01,0.04275786876678467,N/A,N/A
199,-58.15279224528266,-48.604085812374905,0.01,0.011868240311741829,N/A,N/A
200,-56.316066327622906,-48.819167911094546,0.01,0.033603787422180176,"To help the DQN agent learn faster in the MountainCar-v0 environment, we need to focus on improving the exploration strategy based on the sampled actions and the total reward from the last episode. Here’s an analysis of the current situation and a set of recommendations:

### Analysis of Current Exploration:
1. **Action Distribution:**
   - The sampled actions show a heavy bias towards action 2 (Push Right) and action 0 (Push Left), with very few instances of action 1 (No Push).
   - This distribution suggests that the agent is predominantly trying to push the car to the right, likely after building some momentum to the left.

2. **Total Reward:**
   - The total reward of -56.31 indicates that the agent is not yet efficiently reaching the goal. The reward in MountainCar-v0 is typically negative until the goal is reached, so a less negative reward would indicate better performance.

3. **Momentum Building:**
   - The MountainCar task requires building momentum by oscillating between the left and right hills. The current action distribution might not be effectively facilitating this process.

### Recommendations for Exploration Strategy:
To improve the exploration and help the DQN agent learn more efficiently, consider adjusting the exploration strategy as follows:

1. **Balanced Action Distribution:**
   - Increase the probability of action 1 (No Push) to allow the car to maintain its momentum at critical points. This can help the car reach higher positions on the hills without excessive pushing.
   - Aim for a more balanced distribution, such as:
     - Action 0 (Push Left): 35%
     - Action 1 (No Push): 30%
     - Action 2 (Push Right): 35%

2. **Adaptive Exploration:**
   - Implement an exploration strategy that adapts based on the car’s position and velocity. For instance, if the car is moving uphill with sufficient speed, increase the likelihood of action 1 (No Push) to conserve momentum.
   - Use a state-based exploration policy where:
     - If velocity > 0 and position < 0, favor action 2 (Push Right).
     - If velocity < 0 and position > -0.5, favor action 0 (Push Left).
     - If velocity is near zero, increase the chance of action 1 (No Push).

3. **Exploration Decay:**
   - Gradually reduce exploration (e.g., epsilon-greedy strategy) as the agent learns, but ensure it remains high enough initially to encourage diverse experiences. This can be achieved by setting a higher initial epsilon value and decaying it over episodes.

4. **Reward Shaping:**
   - Although not directly related to action distribution, consider implementing reward shaping to provide intermediate rewards for reaching certain positions or velocities. This can help guide the agent towards more optimal behavior patterns.

By implementing these recommendations, the agent should be able to explore the environment more effectively, leading to faster learning and improved performance in reaching the goal in the MountainCar-v0 environment.","```json
{
  ""action_probs"": [0.35, 0.3, 0.35]
}
```"
201,-57.9965067147743,-48.85855005162169,0.01,0.014411017298698425,N/A,N/A
202,-41.00506451273604,-48.63090527628348,0.01,0.10831696540117264,N/A,N/A
203,-40.945283653038295,-48.77984911078587,0.01,0.008309644646942616,N/A,N/A
204,-56.7500864822883,-51.26106020462229,0.01,0.044144947081804276,N/A,N/A
205,-39.093887088747174,-49.250523834366504,0.01,0.05026891827583313,"Based on the information provided, your agent's recent exploration strategy seems to be heavily biased towards the ""Push Right"" action, with a notable lack of diversity in the sampled actions. This indicates that the agent is predominantly trying to move right, which may limit its ability to effectively explore the environment and learn the necessary dynamics to build momentum.

### Analysis:
1. **Action Distribution**: The sampled actions show a significant imbalance:
   - ""Push Left"" (0): 7 times
   - ""No Push"" (1): 8 times
   - ""Push Right"" (2): 67 times

2. **Current Strategy**: The agent is overly focused on pushing right, which may prevent it from reaching the left hill and gaining the momentum needed to reach the goal.

3. **Total Reward**: The reward is negative, indicating that the agent is not successfully reaching the goal. This suggests that the current exploration strategy is not effective.

### Recommendations:
1. **Balanced Exploration**: Encourage a more balanced exploration strategy to allow the agent to better understand the environment dynamics. A suggested action distribution could be:
   - ""Push Left"" (0): 40%
   - ""No Push"" (1): 20%
   - ""Push Right"" (2): 40%

   This distribution should help the agent explore moving back and forth between the hills to build momentum.

2. **Encourage Momentum Building**: By increasing the frequency of ""Push Left"" actions, the agent will have more opportunities to explore moving left to build the necessary momentum to climb the right hill.

3. **Adaptive Exploration**: Consider using an adaptive exploration strategy such as epsilon-greedy with a decaying epsilon, where the agent starts with a high exploration rate and gradually shifts towards exploitation as learning progresses.

4. **Monitor Progress**: After implementing the new exploration strategy, closely monitor the agent's progress over the next 20 episodes. Adjust the action distribution as needed based on the agent's performance and reward trajectory.

By diversifying the exploration actions and encouraging more balanced exploration, the agent should be better equipped to learn the dynamics of the MountainCar environment and improve its performance.","```json
{
  ""action_probs"": [0.4, 0.2, 0.4]
}
```"
206,-56.444676722903786,-47.53870840616263,0.01,0.013340553268790245,N/A,N/A
207,-45.230995564242555,-49.14189309161738,0.01,0.01586994156241417,N/A,N/A
208,-56.9151575535985,-48.07550091767262,0.01,0.03264794126152992,N/A,N/A
209,-58.686024638844124,-47.92137095879415,0.01,0.04680154100060463,N/A,N/A
210,-57.40123756633255,-48.20637200221131,0.01,0.052804749459028244,"To help the DQN agent learn more effectively in the MountainCar-v0 environment, we need to focus on enhancing the exploration strategy. The goal is to ensure the agent experiences a diverse set of states and actions, allowing it to learn optimal strategies more quickly. Here's an analysis and recommendation based on the provided data:

### Analysis of the Current Exploration Strategy

1. **Action Distribution:**
   - The sampled actions indicate a heavy skew towards actions 0 (Push Left) and 2 (Push Right), with very few instances of action 1 (No Push).
   - The sequence of actions suggests that the agent is trying to push the car back and forth to build momentum, which is necessary given the environment's dynamics.

2. **Total Reward:**
   - The total reward of -57.40 suggests that the agent is not yet achieving the goal consistently. The negative reward indicates that the agent still requires more exploration to understand the dynamics better.

3. **Current Exploration Issues:**
   - **Over-reliance on Extreme Actions:** The agent is predominantly using actions 0 and 2, which might not be allowing it to explore the state space fully.
   - **Lack of Balance:** The infrequent use of action 1 (No Push) might limit the agent's ability to learn about the impact of inertia and the natural dynamics of the environment.

### Recommendations for Exploration Strategy

1. **Balanced Action Distribution:**
   - **Increase Action 1 Usage:** Encourage more frequent use of action 1 to allow the agent to experience the effects of inertia and natural momentum. This can be achieved by adjusting the exploration policy to include action 1 more frequently.
   - **Suggested Action Probabilities:**
     - Action 0 (Push Left): 35%
     - Action 1 (No Push): 30%
     - Action 2 (Push Right): 35%

2. **Exploration Policy:**
   - Implement an epsilon-greedy strategy where the epsilon value is adjusted to encourage more exploration initially, gradually decaying to favor exploitation as learning progresses.
   - Consider using an exploration strategy like Boltzmann exploration, which would allow the agent to sample actions based on their estimated value, providing a more nuanced exploration approach.

3. **Diversity in State Coverage:**
   - Ensure that the agent experiences a wide range of positions and velocities. This can be encouraged by occasionally resetting the car to random positions and velocities during training episodes.

4. **Monitor Learning Progress:**
   - Continuously monitor the total rewards and adjust the exploration strategy based on the agent's performance. If the rewards plateau, it might indicate a need for further exploration adjustments.

By implementing these recommendations, the agent should be able to explore more effectively, leading to faster learning and improved performance in the MountainCar-v0 environment.","```json
{
  ""action_probs"": [0.35, 0.3, 0.35]
}
```"
211,-48.87872089161535,-48.23469274707006,0.01,0.024075370281934738,N/A,N/A
212,-45.00657236906451,-48.18744937116247,0.01,0.013997969217598438,N/A,N/A
213,-42.698529184810056,-48.06629630634417,0.01,0.03118133172392845,N/A,N/A
214,-41.39479770553966,-47.75632019554116,0.01,0.008445203304290771,N/A,N/A
215,-46.48132894947442,-48.877247219117464,0.01,0.0451694019138813,"Based on the provided data, it seems that the agent heavily favors action 2 (Push Right) with occasional action 0 (Push Left) and rarely uses action 1 (No Push). This action distribution indicates that the agent might be overly biased towards pushing right, which can be detrimental in the MountainCar-v0 environment where building momentum by swinging back and forth is crucial for success.

### Analysis:
1. **Action Distribution**: The current distribution shows a significant bias towards action 2. There's a need for more balanced exploration to enable the agent to learn the dynamics of the environment better.

2. **Total Reward**: The reward of -46.48 suggests that the agent is not yet performing optimally. In MountainCar-v0, a higher (less negative) reward indicates better performance.

3. **Momentum Building**: The agent needs to learn to build momentum effectively by alternating between pushing left and right. The current strategy might not be allowing sufficient exploration of these dynamics.

### Recommendations:
To improve exploration and help the DQN agent learn faster, consider the following strategy for the next 20 training episodes:

1. **Balanced Action Distribution**:
   - **Action 0 (Push Left)**: 40%
   - **Action 1 (No Push)**: 20%
   - **Action 2 (Push Right)**: 40%

   This distribution encourages the agent to explore pushing left more frequently, which is essential for building momentum. The inclusion of 'No Push' allows the agent to learn when it might be beneficial to conserve energy or maintain a current state.

2. **Exploration Strategy**:
   - Consider using an epsilon-greedy strategy where epsilon is relatively high initially to encourage exploration. Gradually decay epsilon over the episodes to shift towards exploitation as the agent learns the environment's dynamics.

3. **Reward Shaping**:
   - If not already implemented, consider reward shaping to encourage behaviors that lead to momentum building. For instance, provide small positive rewards for reaching higher positions on the left hill.

4. **Monitoring and Adjustment**:
   - Continuously monitor the agent's performance and adjust the action distribution if necessary. If the agent starts showing improved performance, gradually shift towards a more exploitation-focused strategy.

By implementing these recommendations, the agent should be able to explore the environment more effectively and learn the optimal policy faster.","```json
{
  ""action_probs"": [0.4, 0.2, 0.4]
}
```"
216,-57.388778515773744,-48.13336079368335,0.01,0.04357811063528061,N/A,N/A
217,-40.84179267582617,-47.80471667042817,0.01,0.024844663217663765,N/A,N/A
218,-51.24859375245037,-49.19937321960885,0.01,0.043125152587890625,N/A,N/A
219,-51.677373825446054,-48.76771623551255,0.01,0.03083551675081253,N/A,N/A
220,-41.67798499491931,-49.58701770684532,0.01,0.03729186952114105,"Based on the provided data, we can observe the following:

1. **Action Distribution**:
   - The majority of the actions taken in the last episode were ""Push Right"" (action 2), followed by a small number of ""No Push"" (action 1) and ""Push Left"" (action 0).
   - This indicates a strong bias towards pushing the car to the right, which might not be optimal for exploration and building the necessary momentum to reach the goal.

2. **Total Reward**:
   - The total reward of approximately -41.68 suggests that the agent is not performing optimally, as the reward is negative and relatively high in magnitude. In MountainCar-v0, the goal is to minimize the negative reward, ideally reaching the flag in fewer steps.

### Recommendations for Exploration Strategy:

1. **Balanced Exploration**:
   - To help the agent learn more effectively, consider a more balanced exploration strategy. Since the car needs to build momentum by moving back and forth, the agent should explore ""Push Left"" (action 0) more frequently than it currently does.
   - Suggested action distribution for exploration:
     - **Push Left (action 0)**: 40%
     - **No Push (action 1)**: 20%
     - **Push Right (action 2)**: 40%

2. **Exploration-Exploitation Trade-off**:
   - Utilize an epsilon-greedy strategy where epsilon is initially set to encourage exploration (e.g., 0.3 to 0.5) and gradually reduce it as the agent learns more about the environment. This will allow the agent to explore different actions initially and then exploit the learned policy.

3. **Momentum Building**:
   - Encourage the agent to learn the dynamics of building momentum by alternating between ""Push Left"" and ""Push Right"" actions. This can be achieved by implementing a reward shaping mechanism that provides small positive rewards for increasing velocity or reaching higher positions on the left hill before pushing right.

4. **Monitor and Adjust**:
   - Continuously monitor the agent's performance and adjust the exploration strategy if necessary. If the agent starts to perform better (i.e., achieving lower negative rewards), consider shifting the distribution towards more exploitation.

By implementing these recommendations, the agent should be able to explore the environment more effectively, learn the necessary dynamics to build momentum, and ultimately improve its performance in reaching the goal.","```json
{
  ""action_probs"": [0.4, 0.2, 0.4]
}
```"
221,-57.566977786833206,-47.92451847136503,0.01,0.019013457000255585,N/A,N/A
222,-56.86629277201052,-47.37742366287808,0.01,0.013654787093400955,N/A,N/A
223,-57.19461444988515,-47.45129109558642,0.01,0.008566021919250488,N/A,N/A
224,-57.30495814991047,-47.78586279303293,0.01,0.012404387816786766,N/A,N/A
225,-56.838384743039825,-47.970050054937545,0.01,0.010092563927173615,"The data provided indicates that the agent is currently experiencing difficulty in effectively exploring the action space, as evidenced by the negative total reward of -56.838384743039825 in the last episode. The sequence of sampled actions also suggests a lack of balanced exploration, with a high concentration of certain actions (e.g., many consecutive ""Push Right"" actions followed by many ""Push Left"" actions).

### Analysis:
1. **Action Imbalance**: The sampled actions show a tendency to either push left or right in long sequences, with very few ""No Push"" actions. This could lead to suboptimal exploration and potentially getting stuck in local minima.
   
2. **Momentum Building**: In MountainCar-v0, building momentum by oscillating between left and right pushes is crucial to reach the goal. The current action distribution might not be effectively facilitating this.

3. **Exploration Strategy**: The agent might be over-relying on a deterministic pattern, which can hinder learning in environments requiring momentum and exploration of state space.

### Recommendations for Exploration Action Distribution:

To enhance the learning process of the DQN agent, consider the following exploration strategy adjustments for the next 20 training episodes:

1. **Balanced Action Sampling**: 
   - Use an exploration strategy that encourages more balanced sampling of actions. For instance, consider a distribution like:
     - 40% Push Left (Action 0)
     - 20% No Push (Action 1)
     - 40% Push Right (Action 2)
   - This distribution encourages the agent to explore both directions more equally while still allowing for periods of no push, which can help in stabilizing the car when needed.

2. **Incorporate Stochasticity**:
   - Introduce some randomness to prevent the agent from falling into repetitive action patterns. Consider using an epsilon-greedy strategy where the agent takes random actions with a certain probability (epsilon), which slowly decays over time.

3. **Momentum Oscillation**:
   - Encourage oscillation between actions to help the agent build momentum. This could be achieved by alternating between pushing left and right more frequently, especially when the car is at the bottom of the valley.

4. **Adaptive Exploration**:
   - Consider using an adaptive exploration strategy where the action distribution is adjusted based on the agent's performance. If the agent is not improving, increase exploration; if it is, gradually decrease exploration to allow for exploitation of learned strategies.

5. **Reward Shaping**:
   - Though not directly related to action distribution, consider providing intermediate rewards for reaching certain positions or velocities to encourage exploration and momentum building.

By implementing these recommendations, the agent should be better equipped to explore the state space effectively, build the necessary momentum, and ultimately improve its performance in the MountainCar-v0 environment.","```json
{
  ""action_probs"": [0.4, 0.2, 0.4]
}
```"
226,-41.06487294385443,-49.28777198110898,0.01,0.010945137590169907,N/A,N/A
227,-47.52782892791688,-49.38386407664247,0.01,0.06980185210704803,N/A,N/A
228,-57.29083978992507,-48.97652621139514,0.01,0.03615229204297066,N/A,N/A
229,-59.05437823719942,-48.98356481584993,0.01,0.028903506696224213,N/A,N/A
230,-49.46052603746232,-49.92844831528839,0.01,0.008892973884940147,"Based on the provided data, the agent seems to be predominantly selecting the ""Push Right"" action (action 2) with a few instances of ""Push Left"" (action 0) towards the middle of the episode. The total reward of -49.46 indicates that the agent is not yet performing optimally, as the goal is to reach the flag with as few negative rewards as possible.

### Analysis

1. **Imbalance in Action Distribution:**
   - The current action distribution is heavily skewed towards ""Push Right"" (action 2). This suggests that the agent is likely getting stuck in a local strategy that doesn't effectively build the necessary momentum to reach the goal.

2. **Lack of Exploration:**
   - The agent's current strategy lacks sufficient exploration, especially in varying the ""Push Left"" (action 0) and ""No Push"" (action 1) actions. This limits the agent's ability to discover more effective strategies for building momentum.

3. **Momentum Building:**
   - In MountainCar, building momentum by oscillating between left and right is crucial. The current strategy seems to lack this oscillation pattern, which is necessary for the agent to gather enough speed to reach the goal.

### Recommendations

To improve the agent's learning and exploration strategy, consider the following action distribution for the next 20 training episodes:

1. **Balanced Exploration:**
   - Encourage a more balanced exploration by increasing the probability of selecting ""Push Left"" (action 0) and ""No Push"" (action 1). A suggested distribution could be:
     - Action 0 (Push Left): 40%
     - Action 1 (No Push): 20%
     - Action 2 (Push Right): 40%

2. **Encourage Oscillation:**
   - This distribution aims to encourage the agent to explore oscillatory patterns, which are effective in building momentum. The higher probability for ""Push Left"" and ""Push Right"" helps the agent to swing back and forth, while ""No Push"" can be used to maintain momentum.

3. **Adaptive Exploration:**
   - Consider implementing an adaptive exploration strategy where the action probabilities are adjusted based on the agent's performance. If the agent starts improving, gradually shift towards a more greedy strategy that exploits the learned policy.

4. **Monitor and Adjust:**
   - Continuously monitor the agent's performance and adjust the exploration strategy as needed. If the agent's performance plateaus, consider further increasing exploration or adjusting the exploration-exploitation balance.

By implementing these recommendations, the agent should be able to explore more effectively and learn a strategy that better exploits the environment's dynamics to reach the goal.","```json
{
  ""action_probs"": [0.4, 0.2, 0.4]
}
```"
231,-56.758836244153116,-50.17986927180151,0.01,0.073385089635849,N/A,N/A
232,-57.371713467876944,-49.660107417844145,0.01,0.04323695972561836,N/A,N/A
233,-57.021890318919226,-48.3766568982555,0.01,0.06570468097925186,N/A,N/A
234,-52.98288211396137,-49.18320744982334,0.01,0.008881901390850544,N/A,N/A
235,-50.38529788094988,-49.59208405865135,0.01,0.024177854880690575,"To improve the learning efficiency of the DQN agent in the MountainCar-v0 environment, we need to analyze the current exploration strategy and suggest a more balanced action distribution that can help the agent explore the state space more effectively. Here's a breakdown of the analysis and recommendations:

### Analysis

1. **Current Action Distribution**:
   - **Push Right (Action 2)**: 66 times
   - **No Push (Action 1)**: 0 times
   - **Push Left (Action 0)**: 34 times

   The current exploration strategy heavily favors ""Push Right"" (Action 2), with no instances of ""No Push"" (Action 1) being sampled. This imbalance suggests that the agent is not exploring all possible actions, which could hinder its ability to learn effective policies.

2. **Total Reward**: 
   - The total reward in the last episode is -50.39, which indicates that the agent is not yet able to reach the goal effectively. In MountainCar-v0, a higher reward (closer to 0) would suggest better performance.

3. **Lack of Momentum Building**:
   - The MountainCar-v0 environment requires the agent to build momentum by moving back and forth. The lack of ""No Push"" actions might prevent the agent from effectively learning this strategy.

### Recommendations

1. **Balanced Action Distribution**:
   - To encourage better exploration, it's essential to balance the action distribution. A suggested distribution could be:
     - **Push Left (Action 0)**: 30%
     - **No Push (Action 1)**: 20%
     - **Push Right (Action 2)**: 50%

   This distribution encourages the agent to explore the ""No Push"" action, which can be crucial for maintaining velocity and strategically deciding when to apply force.

2. **Incorporate Exploration Techniques**:
   - Consider using exploration strategies like epsilon-greedy with a decaying epsilon to allow the agent to explore more initially and exploit learned policies as training progresses.
   - Use techniques like Boltzmann exploration or entropy-based exploration to diversify action selection.

3. **Monitor and Adjust**:
   - Continuously monitor the agent's performance (total reward) and adjust the action distribution if necessary. If the agent starts to improve, gradually shift towards a more greedy policy to consolidate learning.

4. **Leverage State Information**:
   - Ensure that the DQN is effectively using state information (position and velocity) to make informed decisions. This might involve tuning the network architecture, learning rate, and other hyperparameters.

By implementing these recommendations, the agent should be able to explore the environment more effectively, leading to faster learning and improved performance in reaching the goal in the MountainCar-v0 environment.","```json
{
  ""action_probs"": [0.3, 0.2, 0.5]
}
```"
236,-46.37372534897711,-48.318010746908755,0.01,0.007062705233693123,N/A,N/A
237,-56.753095377755486,-49.008056083170565,0.01,0.014955641701817513,N/A,N/A
238,-47.06678480963621,-47.29761753446788,0.01,0.04045657068490982,N/A,N/A
239,-47.37704693826714,-49.47600522311084,0.01,0.007997330278158188,N/A,N/A
240,-50.80431480220119,-48.53609211416783,0.01,0.031124379485845566,"In the MountainCar-v0 environment, the goal is to drive the car to the flag on the right hill by building enough momentum. The sampled actions from the last episode indicate a heavy skew towards action 2 (Push Right) and action 0 (Push Left), with no instances of action 1 (No Push). The total reward of -50.804 suggests that the agent is not yet able to efficiently reach the goal.

Here are some strategy recommendations to improve exploration and help the DQN agent learn faster:

1. **Balanced Exploration**: The current action distribution is heavily skewed towards actions 2 and 0. Introducing action 1 (No Push) can help the agent learn more diverse state-action pairs. A more balanced exploration strategy could be:
   - 40% Push Left (0)
   - 10% No Push (1)
   - 50% Push Right (2)

2. **Momentum Building**: The agent needs to learn how to build momentum effectively. Encourage more oscillation between the left and right actions to gain speed. This can be achieved by slightly increasing the probability of alternating between actions 0 and 2.

3. **Adaptive Exploration Strategy**: Consider implementing an adaptive exploration strategy where the exploration distribution changes based on the car's position and velocity. For example:
   - If the car's velocity is negative (moving left), prioritize action 2 (Push Right) to build momentum.
   - If the car's velocity is positive (moving right), prioritize action 0 (Push Left) to continue momentum building.
   - Use action 1 (No Push) when the car is at the peak of the hill to allow gravity to assist in building momentum.

4. **State-Dependent Exploration**: Tailor the exploration strategy based on the car's current state:
   - When the car is near the bottom of the valley, emphasize alternating between actions 0 and 2 to build momentum.
   - Near the peaks, consider using action 1 to let the car naturally roll back down and gain speed.

5. **Exploration Decay**: Gradually decay exploration towards a more exploitative strategy as the agent begins to learn effective policies. This can be done by slowly reducing the probability of random actions (e.g., using an epsilon-greedy strategy).

6. **Reward Shaping**: Although not directly related to exploration, consider reward shaping to provide intermediate rewards for achieving higher positions, thus encouraging the agent to explore more effectively.

Implementing these strategies should help the agent learn the dynamics of the MountainCar environment more efficiently, ultimately leading to better performance and faster convergence to an optimal policy.","```json
{
  ""action_probs"": [0.4, 0.1, 0.5]
}
```"
241,-46.676373206717614,-47.103594464475094,0.01,0.04309208318591118,N/A,N/A
242,-50.371576026045076,-47.25572050961382,0.01,0.04171217232942581,N/A,N/A
243,-47.600332186317885,-47.20684140442022,0.01,0.010716473683714867,N/A,N/A
244,-56.91375496228493,-47.17396681573043,0.01,0.03136745095252991,N/A,N/A
245,-56.88746077830186,-46.950252965669584,0.01,0.011939491145312786,"Based on the provided data, it seems that the agent is predominantly taking action 2 (""Push Right"") with some instances of action 0 (""Push Left"") and very few instances of action 1 (""No Push""). The total reward in the last episode is negative, indicating that the agent is not yet successfully reaching the goal.

### Analysis:
1. **Action Distribution**: 
   - Action 2 (""Push Right"") is heavily favored, especially towards the end of the episode.
   - Action 0 (""Push Left"") is used primarily at the beginning and the end.
   - Action 1 (""No Push"") is scarcely used.

2. **Reward**:
   - The negative reward suggests that the agent is not efficiently building the necessary momentum to reach the goal.

### Recommendations:
To improve the exploration strategy and help the DQN agent learn more effectively, consider the following exploration action distribution:

1. **Balanced Exploration**:
   - Increase the frequency of action 0 (""Push Left"") to help the agent build momentum by moving back and forth between the hills. This can help the car gain the necessary speed to eventually reach the flag.
   - Ensure that action 1 (""No Push"") is used more frequently to allow the agent to stabilize and assess its current state, which might help in learning the dynamics of the environment better.

2. **Suggested Action Distribution**:
   - Action 0 (""Push Left""): 40%
   - Action 1 (""No Push""): 20%
   - Action 2 (""Push Right""): 40%

3. **Exploration Strategy**:
   - Implement a decaying epsilon-greedy strategy where the agent initially explores more and gradually exploits learned strategies. This will help the agent to explore diverse states early on and then focus on optimizing the learned policy.

4. **Momentum Building**:
   - Encourage sequences of alternating actions (0 and 2) to help the car build momentum. This can be achieved by adjusting the action probabilities dynamically based on the car's position and velocity.

By adjusting the exploration strategy to encourage more balanced use of actions, particularly increasing the use of ""Push Left"" and ""No Push,"" the agent should be able to learn the dynamics of the MountainCar environment more effectively and improve its performance over the next 20 training episodes.","```json
{
  ""action_probs"": [0.4, 0.2, 0.4]
}
```"
246,-39.94283789701625,-47.18580308289322,0.01,0.008496780879795551,N/A,N/A
247,-48.344081365253906,-52.75039764877929,0.01,0.020832544192671776,N/A,N/A
248,-58.17386776851656,-53.689530934559606,0.01,0.013741496950387955,N/A,N/A
249,-57.17439481502264,-58.01962204541125,0.01,0.013167230412364006,N/A,N/A
250,-60.95433767746934,-58.40984665060627,0.01,0.011004315689206123,"To help the DQN agent learn faster in the MountainCar-v0 environment, we need to focus on improving exploration during the training episodes. Based on the data provided, here are some insights and recommendations:

### Analysis
1. **Current Action Distribution**: 
   - The sampled actions show a high frequency of action `0` (Push Left) at the beginning and action `2` (Push Right) in the latter part of the episode.
   - Action `1` (No Push) is rarely used, which might not be optimal for exploration.

2. **Current Reward**:
   - The total reward of -60.95 indicates that the agent is not yet consistently reaching the goal, as the optimal reward for reaching the goal is -110 or better (considering fewer time steps).

3. **Momentum Building**:
   - The car must build momentum by swinging back and forth to reach the goal. The current action distribution might not be effectively building this momentum.

### Recommendations for Exploration Strategy
To enhance exploration and help the DQN agent learn more efficiently, consider the following action distribution strategy for the next 20 training episodes:

1. **Balanced Exploration**:
   - Increase the exploration of all actions to ensure a balanced approach. This can help the agent learn the effect of each action better.
   - Suggested action distribution: 
     - `Action 0 (Push Left)`: 40%
     - `Action 1 (No Push)`: 20%
     - `Action 2 (Push Right)`: 40%

2. **Encourage Momentum Building**:
   - Encourage alternating actions between `0` and `2` to help the car build momentum. This can be achieved by ensuring that the agent explores sequences like `0, 2, 0, 2` more frequently.

3. **Adaptive Exploration**:
   - Consider using an epsilon-greedy exploration strategy where the epsilon value is initially high to encourage exploration and gradually decreases as the agent learns. This ensures that the agent explores sufficiently early on but exploits more as it becomes more knowledgeable.

4. **Reward Shaping**:
   - While not directly related to action distribution, consider reward shaping to provide intermediate rewards for reaching certain positions or velocities, encouraging the agent to explore beneficial states.

5. **Monitor and Adjust**:
   - Continuously monitor the agent's performance and adjust the exploration strategy based on observed improvements or lack thereof.

By implementing these recommendations, the agent should be able to explore the environment more effectively, leading to faster learning and improved performance in reaching the goal.","```json
{
  ""action_probs"": [0.4, 0.2, 0.4]
}
```"
