episode,train_return,eval_return,epsilon,loss,llm1_full_response,llm2_full_response
1,-137.9388812858246,-115.2168531751712,0.9835,nan,N/A,N/A
2,-125.04743124666561,-115.2168531751712,0.967,nan,N/A,N/A
3,-131.40428448868565,-131.25902354478893,0.9505,0.0012164385989308357,N/A,N/A
4,-126.52893392319922,-129.54764687532074,0.9339999999999999,0.0008212360553443432,N/A,N/A
5,-121.06976627348755,-136.13971502902376,0.9175,0.0008382211090065539,"To help the DQN agent learn faster in the MountainCar-v0 environment, it's critical to have an effective exploration strategy. Let's analyze the action distribution and reward to make recommendations.

### Analysis of the Current Situation:

1. **Current Action Distribution**:
   - The sampled actions show a distribution of actions as follows:
     - Push Left (0): 25 times
     - No Push (1): 37 times
     - Push Right (2): 38 times

2. **Current Reward**:
   - The total reward in the last episode was -121.07. In MountainCar-v0, reaching the flag as quickly as possible yields higher rewards (closer to 0), and a reward of -121.07 indicates the agent is still far from optimal performance.

3. **Exploration Strategy**:
   - The current action distribution shows a slight preference for ""Push Right"" (2) and ""No Push"" (1), with ""Push Left"" (0) being the least frequent.
   - The agent needs to build momentum by moving back and forth between the hills, which requires a balanced approach to using all actions.

### Recommendations for Exploration Strategy:

1. **Balanced Action Exploration**:
   - To encourage the agent to explore more effectively and build the necessary momentum, a more balanced action distribution could be beneficial. Consider adjusting the exploration probabilities to:
     - Push Left (0): 33%
     - No Push (1): 33%
     - Push Right (2): 34%
   - This distribution encourages the agent to explore all actions evenly, allowing it to learn the importance of building momentum by moving left and right.

2. **Adaptive Exploration**:
   - Implement an adaptive exploration strategy where the action probabilities are adjusted based on the agent's performance. For example, if the agent consistently fails to reach the flag, increase the probability of ""Push Left"" to encourage more backward momentum.

3. **Incorporate Exploration Decay**:
   - Use an epsilon-greedy strategy where the exploration rate (epsilon) decays over time. Start with a higher epsilon to encourage exploration and gradually decrease it to allow the agent to exploit learned policies.

4. **Reward Shaping**:
   - Consider incorporating a small positive reward for increasing velocity or reaching certain positions, which might guide the agent to build momentum more effectively.

5. **Monitor and Adjust**:
   - Continuously monitor the agent's performance and adjust the exploration strategy as needed. If the reward improves, it may indicate the current exploration strategy is effective. If not, further adjustments may be necessary.

By adopting a more balanced and adaptive exploration strategy, the DQN agent should be able to learn the optimal policy more efficiently, ultimately improving its performance in the MountainCar-v0 environment.","```json
{
  ""action_probs"": [0.33, 0.33, 0.34]
}
```"
6,-138.34996045859648,-132.00495545321917,0.901,0.0005165991606190801,N/A,N/A
7,-133.93240695009501,-132.28715475183748,0.8845,0.00032044624094851315,N/A,N/A
8,-126.84889312569533,-112.45611427348459,0.868,0.0002926521410699934,N/A,N/A
9,-129.57132958675922,-124.06527856074788,0.8515,0.00016631867038086057,N/A,N/A
10,-130.69897720736247,-118.36780799393992,0.835,0.0003768031601794064,"Based on the provided data, the goal is to help the DQN agent learn faster by recommending an exploration action distribution that balances exploration and exploitation effectively. Here’s an analysis and strategy recommendation:

### Data Analysis
1. **Current Action Distribution**:
   - Push Left (0): 33 times
   - No Push (1): 34 times
   - Push Right (2): 33 times

   The actions are currently being sampled almost uniformly, which suggests a balanced exploration strategy is being used.

2. **Reward Analysis**:
   - The total reward in the last episode is -130.69897720736247. In the MountainCar-v0 environment, this indicates that the agent is still struggling to reach the goal efficiently, as the episode ends when the car reaches the flag or after 200 time steps with no success.

3. **Action Effectiveness**:
   - Given the nature of the MountainCar-v0 environment, the car needs to build momentum by moving back and forth. This typically requires a strategic combination of ""Push Left"" and ""Push Right"" actions. The ""No Push"" action is generally less effective in building momentum.

### Strategy Recommendations
To help the agent learn faster, consider the following exploration strategy:

1. **Bias Towards Momentum-Building Actions**:
   - Increase the probability of selecting ""Push Left"" (0) and ""Push Right"" (2) actions to promote momentum-building. This can help the car gain the necessary speed to reach the flag.
   - Suggested distribution:
     - Push Left (0): 40%
     - No Push (1): 20%
     - Push Right (2): 40%

2. **Dynamic Exploration Strategy**:
   - Implement a decaying exploration rate (epsilon) where the probability of taking random actions decreases over time as the agent becomes more confident in its learned policy. This can be achieved by gradually shifting from exploration to exploitation as training progresses.

3. **Reward Shaping**:
   - Consider providing additional intermediate rewards for reaching higher positions on the hill, which can guide the agent to focus on actions that help climb the hill.

4. **Monitor and Adjust**:
   - Continuously monitor the agent's performance and adjust the action distribution if the learning does not improve. If the agent starts to achieve better rewards, consider shifting towards a more exploitation-focused strategy.

By implementing these recommendations, the agent should be able to build momentum more effectively and improve its ability to reach the goal in fewer episodes.","```json
{
  ""action_probs"": [0.4, 0.2, 0.4]
}
```"
11,-133.20965053782382,-117.66733064906423,0.8185,0.000301254476653412,N/A,N/A
12,-125.22199422122313,-112.45611427348459,0.802,0.0005586451734416187,N/A,N/A
13,-127.01842986753243,-126.75490983422938,0.7855,0.0004010635311715305,N/A,N/A
14,-132.21105153417156,-116.97036331208255,0.769,0.0004411308909766376,N/A,N/A
15,-131.12975338719056,-112.45611427348459,0.7525,0.0006230892613530159,"Analyzing the provided data and considering the MountainCar-v0 environment, the primary challenge is to build enough momentum to reach the goal at the top of the right hill. The sampled actions and the total reward indicate that the agent is currently struggling to achieve this efficiently. Let's break down the data and propose an exploration strategy to help the DQN agent learn faster.

### Data Analysis

1. **Action Distribution**:
   - Actions sampled: `[1, 2, 1, 0, 2, 0, ...]`
   - Count of actions:
     - Action 0 (Push Left): 39 times
     - Action 1 (No Push): 22 times
     - Action 2 (Push Right): 39 times

2. **Current Strategy**:
   - The actions seem to be somewhat balanced between pushing left and right, with a slightly lower frequency of 'No Push'.
   - The total reward of -131.13 suggests the agent is not efficiently reaching the goal, as lower (less negative) rewards indicate better performance in this environment.

3. **Challenges**:
   - The car needs to build momentum by oscillating between the left and right hills.
   - The sampled action distribution might not be effectively encouraging the necessary momentum-building oscillations.

### Strategy Recommendations

To improve the agent's learning speed, we should adjust the exploration strategy to encourage more effective oscillations. Here are specific recommendations:

1. **Action Bias Towards Momentum Building**:
   - Increase the probability of alternating between actions 0 (Push Left) and 2 (Push Right) to promote momentum building.
   - Reduce the probability of action 1 (No Push), as it does not contribute to building momentum.

2. **Proposed Exploration Action Distribution**:
   - Action 0 (Push Left): 45%
   - Action 1 (No Push): 10%
   - Action 2 (Push Right): 45%

3. **Adaptive Exploration**:
   - Start with the proposed distribution and monitor the agent's performance.
   - Adjust the probabilities based on the agent's performance over the next few episodes. If the agent starts to improve, gradually decrease exploration and rely more on the learned policy.

4. **Consider State-Based Exploration**:
   - Implement a simple heuristic where the choice of action is also influenced by the car's current position and velocity:
     - If the car is moving right with enough speed, prefer 'Push Right'.
     - If the car is moving left with enough speed, prefer 'Push Left'.
   - This can be done by introducing a state-dependent bias in the action selection.

By following these recommendations, the agent should be able to explore more effectively, build the necessary momentum, and improve its performance in the MountainCar-v0 environment.","```json
{
  ""action_probs"": [0.45, 0.10, 0.45]
}
```"
16,-129.31648448224152,-124.84681054363261,0.736,0.0006726721185259521,N/A,N/A
17,-116.40963835519085,-112.45611427348459,0.7195,0.0007532564923167229,N/A,N/A
18,-132.71373915640052,-115.0416223211143,0.7030000000000001,0.0010166431311517954,N/A,N/A
19,-131.02053246021947,-114.94355760825559,0.6865,0.0011102552525699139,N/A,N/A
20,-135.57259900582426,-114.43987705409806,0.67,0.0012477999553084373,"Based on the data provided, it seems that the agent is struggling to effectively build momentum to reach the goal in the MountainCar-v0 environment. The total reward in the last episode is quite low, indicating suboptimal performance. The sampled action distribution shows a heavy bias towards action 0 (Push Left), with some occurrences of actions 2 (Push Right) and 1 (No Push). Here's a breakdown of the actions:

- Action 0 (Push Left): 54 times
- Action 1 (No Push): 8 times
- Action 2 (Push Right): 38 times

### Analysis:
1. **Imbalance in Action Distribution**: The agent is predominantly choosing to push left, which might not be helping it to build the necessary momentum to reach the goal.
2. **Lack of Effective Exploration**: The current action distribution suggests that the agent might be stuck in a local minimum, repeatedly choosing suboptimal actions.

### Recommendations for Exploration Strategy:
To help the DQN agent learn faster, we should aim for a more balanced exploration strategy that encourages the agent to explore different actions more effectively. Here is a recommended exploration action distribution:

1. **Increase Exploration of Action 2 (Push Right)**:
   - Since the goal is to reach the flag on the right hill, encouraging more right pushes could help the car build momentum in the desired direction.
   - Recommended Distribution: 40% for Action 2

2. **Moderate Exploration of Action 0 (Push Left)**:
   - Pushing left is still necessary to build momentum, but it should be balanced with pushing right.
   - Recommended Distribution: 30% for Action 0

3. **Incorporate Action 1 (No Push) for Stability**:
   - The ""No Push"" action can be useful for stabilizing the car's movement and should be explored to prevent unnecessary oscillations.
   - Recommended Distribution: 30% for Action 1

### Implementation:
For the next 20 training episodes, implement an exploration strategy where the agent samples actions based on the above distribution. This can be done using a probabilistic approach, such as an epsilon-greedy policy, where the action is chosen based on the specified probabilities during exploration.

### Monitoring:
- Track the total reward and action distribution in subsequent episodes to see if the changes improve learning.
- Adjust the distribution further if necessary based on the agent's performance and observed behavior.

By adopting a more balanced exploration strategy, the agent should be able to gather more diverse experiences, ultimately leading to better policy learning and faster convergence to the optimal strategy.","```json
{
  ""action_probs"": [0.3, 0.3, 0.4]
}
```"
21,-120.06351436454409,-122.42765739563606,0.6535,0.0013627849984914064,N/A,N/A
22,-122.86281862891033,-127.46708053335627,0.637,0.0015765100251883268,N/A,N/A
23,-116.31423364282499,-112.45611427348459,0.6205,0.0022696976084262133,N/A,N/A
24,-124.90274665254405,-111.75065627543435,0.604,0.002082210034132004,N/A,N/A
25,-111.82354001353336,-112.17229193466945,0.5874999999999999,0.0020136528182774782,"To help the DQN agent learn faster in the MountainCar-v0 environment, we need to consider the exploration strategy and action distribution to efficiently explore the state-action space. Here's an analysis and recommendation based on the provided data:

### Analysis of Current Action Distribution:

1. **Current Action Distribution:**
   - Action 0 (Push Left): 30 times
   - Action 1 (No Push): 14 times
   - Action 2 (Push Right): 56 times

   This results in an approximate distribution of:
   - Action 0: 30%
   - Action 1: 14%
   - Action 2: 56%

2. **Observations:**
   - The agent is predominantly choosing Action 2 (Push Right), which suggests an imbalance in exploration.
   - Action 1 (No Push) is underrepresented, which could be crucial for certain states where minimal action is needed to maintain momentum.
   - Action 0 (Push Left) is moderately represented but should be balanced to ensure the agent can effectively build momentum by moving left and right.

### Recommendations for Exploration Strategy:

1. **Balanced Action Distribution:**
   - Aim for a more balanced action distribution to ensure the agent explores the state-action space more effectively. Consider the following distribution for the next 20 episodes:
     - Action 0 (Push Left): 35%
     - Action 1 (No Push): 25%
     - Action 2 (Push Right): 40%

   This distribution encourages more frequent use of Action 1 and slightly reduces the bias towards Action 2.

2. **Encourage Momentum Building:**
   - Ensure the agent is exploring states where it can effectively build momentum. This means occasionally prioritizing sequences of actions that alternate between pushing left and right.

3. **Adaptive Exploration:**
   - Consider using an adaptive exploration strategy like epsilon-greedy with a decaying epsilon value. This allows the agent to explore more in the early stages and exploit learned policies as training progresses.

4. **State-Dependent Exploration:**
   - Implement a state-dependent exploration strategy where the choice of action is influenced by the agent's current position and velocity. For instance, if the velocity is positive and the position is nearing the right hill, encourage actions that maintain or increase the velocity (Action 2).

5. **Monitor Learning Progress:**
   - Continuously monitor the agent's learning progress and adjust the exploration strategy based on the reward trends and sampled actions. If the total reward improves significantly, consider reducing exploration to focus on exploitation.

By implementing these recommendations, the agent should be able to explore more effectively, build the necessary momentum, and ultimately learn the optimal policy for solving the MountainCar-v0 task faster.","```json
{
  ""action_probs"": [0.35, 0.25, 0.4]
}
```"
26,-129.63953183579,-115.0416223211143,0.571,0.0022915867157280445,N/A,N/A
27,-127.96345669742621,-112.45611427348459,0.5545,0.002588968724012375,N/A,N/A
28,-131.09190307765633,-111.81589353464221,0.538,0.0033636740408837795,N/A,N/A
29,-126.0869396556506,-112.45611427348459,0.5215000000000001,0.0032255244441330433,N/A,N/A
30,-130.20469061890634,-112.45611427348459,0.505,0.00279817171394825,"Analyzing the provided data, we can see that the sampled actions are heavily skewed towards action `0` (Push Left), with relatively fewer instances of actions `1` (No Push) and `2` (Push Right). This imbalance in action selection may be contributing to suboptimal exploration and learning, as the agent might not be adequately exploring the state-action space.

To help the DQN agent learn faster, we can adjust the exploration strategy to encourage a more balanced exploration of the action space. Here are some recommendations:

1. **Balanced Action Distribution**: 
   - Aim for a more uniform distribution of actions during exploration. This can be achieved by adjusting the exploration policy to sample actions more evenly. For instance, you could use an epsilon-greedy strategy with a higher probability of selecting actions `1` and `2`.

2. **Exploration Strategy**:
   - **Epsilon-Greedy with Decay**: Start with a higher epsilon value (e.g., 0.3 to 0.5) to encourage exploration of all actions. Gradually decay epsilon over episodes to allow the agent to exploit learned policies as it becomes more confident.
   - **Boltzmann Exploration**: Use a Boltzmann distribution to sample actions based on their estimated value, which can help in exploring actions with higher potential benefits.

3. **Encourage Momentum Building**:
   - Since the MountainCar task requires building momentum, ensure that the agent explores sequences of actions that help in gaining momentum. This might involve alternating between `Push Left` and `Push Right` more frequently.

4. **Reward Shaping**:
   - Consider providing additional intermediate rewards to encourage exploration towards the goal (e.g., small positive rewards for increasing velocity towards the goal or reaching higher positions).

5. **Monitor Learning Progress**:
   - Continuously monitor the agent's performance and adjust the exploration parameters based on the observed learning curve. If the agent's performance plateaus, consider increasing exploration temporarily.

Implementing these strategies should help the agent explore the environment more effectively, leading to faster and more robust learning in the MountainCar-v0 task.","```json
{
  ""action_probs"": [0.33, 0.34, 0.33]
}
```"
31,-123.18451446179436,-111.75634167668531,0.48849999999999993,0.002751318272203207,N/A,N/A
32,-129.92263118088533,-112.45611427348459,0.472,0.002772164298221469,N/A,N/A
33,-118.06178338761342,-112.45611427348459,0.4555,0.0025474794674664736,N/A,N/A
34,-123.39053993973812,-112.45611427348459,0.43900000000000006,0.003680941415950656,N/A,N/A
35,-110.90574968604903,-111.67661990506762,0.4225,0.0037439765874296427,"To help the DQN agent learn faster in the MountainCar-v0 environment, we need to consider an exploration strategy that encourages the agent to explore effective sequences of actions. The goal is to build momentum by moving back and forth, which is crucial for reaching the flag on the right hill.

### Analysis of Current Data:

1. **Action Distribution**:
   - Action 0 (Push Left): 38 times
   - Action 1 (No Push): 15 times
   - Action 2 (Push Right): 47 times

   From the sampled actions, we can see a tendency towards pushing right (Action 2) with a significant number of left pushes (Action 0). However, there is a relatively low frequency of 'No Push' (Action 1).

2. **Reward**:
   - The total reward in the last episode was -110.91, which suggests the agent is not performing optimally yet. In MountainCar-v0, a higher (less negative) total reward indicates better performance.

### Recommendations for Exploration Strategy:

To improve exploration and learning efficiency, consider the following strategy:

1. **Balanced Exploration**:
   - Ensure a more balanced exploration among the three actions. The current distribution is skewed towards Action 2. A more balanced approach might help the agent discover better momentum-building strategies.

2. **Action Distribution Proposal**:
   - **Action 0 (Push Left)**: 35%
   - **Action 1 (No Push)**: 30%
   - **Action 2 (Push Right)**: 35%

   This distribution encourages the agent to explore 'No Push' actions more, which can be crucial for maintaining momentum when the car is at the peak of a hill. It also maintains a balance between pushing left and right to build momentum effectively.

3. **Incorporate Exploration Decay**:
   - Gradually reduce exploration over time to allow the agent to exploit learned strategies. Start with a higher exploration rate and decay it as the agent's performance improves.

4. **Prioritize Momentum Building**:
   - Encourage sequences of actions that help build momentum. For example, pushing left when moving left and pushing right when moving right can be beneficial. Consider using a reward shaping approach to guide the agent towards these sequences.

5. **Monitor and Adjust**:
   - Continuously monitor the agent's performance and adjust the exploration strategy as needed. If the agent's performance does not improve, consider further adjustments to the action distribution or exploration parameters.

By adopting this exploration strategy, the agent should be able to learn more effective policies for solving the MountainCar-v0 task, ultimately improving its performance and reducing the number of episodes required to reach the goal.","```json
{
  ""action_probs"": [0.35, 0.3, 0.35]
}
```"
36,-116.17948794017015,-111.66322370451951,0.406,0.004344810266047716,N/A,N/A
37,-117.72796812007094,-112.45611427348459,0.38949999999999996,0.004543284885585308,N/A,N/A
38,-127.37068994395952,-112.45611427348459,0.373,0.0036162324249744415,N/A,N/A
39,-128.2330988254872,-112.45611427348459,0.35650000000000004,0.004445774480700493,N/A,N/A
40,-90.0074573163293,-112.45611427348459,0.3400000000000001,0.0039254529401659966,"To help the DQN agent learn faster in the MountainCar-v0 environment, we need to analyze the sampled actions and propose a strategy for exploration that promotes better learning. Let's break down the current situation and provide recommendations:

### Current Action Distribution Analysis

- **Sampled Actions**: [1, 0, 0, 0, 1, 2, 0, 0, 2, 0, 0, 0, 0, 0, 0, 0, 0, 0, 0, 0, 1, 0, 0, 0, 2, 0, 0, 0, 2, 2, 0, 1, 0, 2, 1, 1, 0, 2, 2, 2, 2, 2, 2, 0, 2, 2, 2, 2, 2, 0, 2, 0, 0, 0, 0, 0, 0, 0, 0, 2, 0, 0, 0, 0, 0, 0, 0, 0, 0, 0, 2, 0, 0, 0, 0, 0, 0, 0, 0, 0, 1, 0, 0, 2, 2, 2, 2, 2, 2, 2, 2, 2, 0, 2, 2, 2, 2, 2, 2, 0]
- **Action Frequency**:
  - Action 0 (Push Left): 51 times
  - Action 1 (No Push): 8 times
  - Action 2 (Push Right): 41 times

### Observations

1. **Action Imbalance**: The current distribution shows a heavy bias towards Action 0 (Push Left), which is used more than half the time. Action 2 (Push Right) is also used frequently, while Action 1 (No Push) is underutilized.

2. **Exploration Strategy**: The car needs to build momentum by swinging back and forth. A balanced exploration strategy that encourages the agent to explore all actions might help the agent learn the dynamics of momentum building more effectively.

### Recommendations

1. **Balanced Exploration**: Aim for a more balanced distribution of actions during exploration. Consider a distribution like:
   - Action 0 (Push Left): 40%
   - Action 1 (No Push): 20%
   - Action 2 (Push Right): 40%

   This distribution encourages the agent to explore the ""No Push"" action more, which might be beneficial in understanding when to conserve momentum rather than constantly pushing.

2. **Adaptive Exploration**: Implement an exploration strategy that adapts based on the agent's performance. For example, start with a more exploratory approach (e.g., ε-greedy with a higher ε value) and gradually reduce exploration as the agent's performance improves.

3. **Momentum Building**: Encourage the agent to learn the importance of momentum by potentially rewarding sequences of actions that lead to increased velocity, even if they don't immediately lead to the goal.

4. **State-Dependent Exploration**: Implement a state-dependent exploration strategy where the choice of action is influenced by the current state (position and velocity). For instance, when the car is moving left, favor ""Push Left"" less, and when moving right, favor ""Push Right"" less, encouraging the agent to swing back and forth.

By adjusting the exploration strategy to be more balanced and adaptive, the agent should be able to learn the dynamics of the MountainCar-v0 environment more effectively, potentially leading to faster convergence and better performance.","```json
{
  ""action_probs"": [0.4, 0.2, 0.4]
}
```"
41,-87.99164579990988,-112.45611427348459,0.3235,0.004143986850976944,N/A,N/A
42,-119.66856555613926,-111.25274514029547,0.30700000000000005,0.00408547930419445,N/A,N/A
43,-122.3440889831167,-112.45611427348459,0.2905,0.007618993055075407,N/A,N/A
44,-120.82521376757225,-111.1119995225051,0.274,0.004608839750289917,N/A,N/A
45,-93.19202324071823,-112.45611427348459,0.25750000000000006,0.0052581424824893475,"Based on the data provided, it seems that the agent is overly biased towards taking the ""Push Left"" action (action 0) and occasionally ""Push Right"" (action 2), with very few instances of ""No Push"" (action 1). The total reward of -93.19 suggests that the agent is struggling to build the necessary momentum to reach the goal. Here are some observations and recommendations to improve exploration:

### Observations:
1. **Action Distribution**: The sampled actions show a heavy bias towards ""Push Left"" (action 0), with very few ""No Push"" (action 1) actions. This suggests the agent may not be exploring the action space effectively.
2. **Momentum Building**: The MountainCar environment requires the agent to oscillate back and forth to build momentum. The current action distribution might not be optimizing this process effectively.

### Recommendations:
1. **Balanced Action Exploration**: 
   - Increase the exploration of ""No Push"" (action 1) to allow the car to maintain its current velocity and potentially gain momentum naturally through the slope.
   - Encourage a more balanced exploration strategy by adjusting the action probabilities. For example, consider a distribution like 40% ""Push Left"" (action 0), 30% ""No Push"" (action 1), and 30% ""Push Right"" (action 2).

2. **Exploration Strategy**:
   - Implement an epsilon-greedy strategy with a higher epsilon value during these 20 episodes to encourage more diverse action sampling. This will allow the agent to explore different action sequences that might be more effective.
   - Consider using a decaying epsilon schedule, starting with a high exploration rate and gradually reducing it as the agent starts to learn the environment dynamics better.

3. **Momentum Focused Exploration**:
   - Encourage sequences of actions that build momentum. For example, alternate between ""Push Left"" and ""Push Right"" more frequently, with occasional ""No Push"" to stabilize and maintain velocity.

4. **Reward Shaping**:
   - If possible, provide additional rewards for reaching higher positions on the hills, which can help the agent understand the importance of building momentum.

By implementing these recommendations, the agent should have a better chance of exploring the action space effectively, leading to improved learning and potentially better performance in future episodes.","```json
{
  ""action_probs"": [0.4, 0.3, 0.3]
}
```"
46,-115.38113675261596,-112.45611427348459,0.241,0.00494719622656703,N/A,N/A
47,-124.00404239301389,-112.45611427348459,0.22450000000000003,0.004244856536388397,N/A,N/A
48,-125.10957829963256,-112.45611427348459,0.20799999999999996,0.004851371515542269,N/A,N/A
49,-90.56102323963174,-112.45611427348459,0.1915,0.00713321752846241,N/A,N/A
50,-89.73040363041554,-112.45611427348459,0.17499999999999993,0.0026933399494737387,"To help the DQN agent learn faster in the MountainCar-v0 environment, it's important to ensure that the exploration strategy effectively balances exploration and exploitation, allowing the agent to discover useful state-action pairs while also refining its policy. Based on the provided data, here are some observations and recommendations:

### Observations:
1. **Current Action Distribution:**
   - Action 0 (Push Left): 35 times
   - Action 1 (No Push): 6 times
   - Action 2 (Push Right): 59 times

2. **Total Reward:**
   - The total reward in the last episode was -89.73, which suggests that the car is not yet reaching the goal efficiently. The reward is negative because the environment penalizes the agent for each time step taken before reaching the goal.

3. **Action Bias:**
   - There is a strong bias towards Action 2 (Push Right), which was selected 59 times, while Action 0 (Push Left) was selected 35 times, and Action 1 (No Push) was selected only 6 times.

### Recommendations:
1. **Balanced Exploration:**
   - The action distribution is currently skewed towards pushing right, which may not be optimal for building the necessary momentum. It's important to ensure that the car moves back and forth to gain enough speed to reach the hilltop.

2. **Adjust Action Probabilities:**
   - Consider adjusting the exploration strategy to increase the probability of selecting Action 0 (Push Left) and Action 1 (No Push) to encourage more balanced exploration. A suggested distribution for the next 20 episodes could be:
     - Action 0 (Push Left): 40%
     - Action 1 (No Push): 20%
     - Action 2 (Push Right): 40%

3. **Encourage Momentum Building:**
   - By increasing the likelihood of Action 0 and Action 1, the agent may learn to better utilize the environment's dynamics, which require building momentum by swinging back and forth.

4. **Dynamic Exploration Strategy:**
   - Implement a dynamic exploration strategy such as ε-greedy with a decaying ε, or use Boltzmann exploration to ensure that the agent explores more in the early stages and gradually focuses on exploiting learned strategies as it becomes more confident.

5. **Monitor and Adjust:**
   - Continuously monitor the agent's performance and adjust the exploration strategy as needed. If the agent starts to reach the goal more consistently, consider shifting towards a more exploitation-focused strategy.

By implementing these recommendations, the agent should be better positioned to explore the state space effectively and improve its learning efficiency in the MountainCar-v0 environment.","```json
{
  ""action_probs"": [0.4, 0.2, 0.4]
}
```"
51,-113.9192389393799,-111.09981731290046,0.15849999999999997,0.0022068561520427465,N/A,N/A
52,-105.65109394663301,-110.20095088229604,0.14200000000000002,0.004617372993379831,N/A,N/A
53,-104.15333727517073,-110.03540016960267,0.12550000000000006,0.00722357165068388,N/A,N/A
54,-118.32651587450708,-109.8567566423607,0.10899999999999999,0.008709491230547428,N/A,N/A
55,-115.00831794051919,-109.71291613553483,0.09250000000000003,0.003908365033566952,"Based on the data provided, it seems that the agent is predominantly taking the action ""Push Left"" (action 0) with very few instances of ""Push Right"" (action 2) and ""No Push"" (action 1). The total reward in the last episode is -115.008, which suggests that the agent is struggling to reach the goal efficiently.

### Analysis:

1. **Action Distribution**:
   - **Push Left (0)**: Dominant action.
   - **No Push (1)**: Rarely chosen.
   - **Push Right (2)**: Infrequently chosen but necessary to gain momentum and reach the goal.

2. **Current Strategy**:
   - The agent is heavily biased towards pushing left, which might not be optimal for building the necessary momentum to reach the flag on the right hill.

3. **Reward**:
   - A reward of -115.008 indicates that the agent is not effectively reaching the goal.

### Recommendations:

To improve exploration and help the DQN agent learn faster, consider adjusting the action distribution to encourage more balanced exploration. 

1. **Increase Exploration of ""Push Right"" (Action 2)**:
   - Encourage the agent to explore pushing right more often. This can help the agent build momentum to climb the right hill. Consider increasing the probability of selecting this action.

2. **Balanced Exploration Strategy**:
   - Aim for a more balanced distribution of actions to ensure that the agent explores different strategies. A suggested distribution could be:
     - **Push Left (0)**: 40%
     - **No Push (1)**: 20%
     - **Push Right (2)**: 40%

3. **Adaptive Exploration**:
   - Implement an adaptive exploration strategy where the action distribution can be adjusted based on the agent's performance over time. If the agent starts achieving higher rewards, you can gradually shift towards a more exploitation-focused strategy.

4. **Monitor Performance**:
   - Continuously monitor the agent's performance and adjust the exploration strategy accordingly. If the reward improves, consider reducing exploration slightly to allow the agent to exploit learned strategies.

5. **Consider State-Dependent Exploration**:
   - If feasible, implement a state-dependent exploration strategy where actions are chosen based on the current position and velocity of the car. For example, if the car is moving left with high velocity, prioritize ""Push Right"" to gain momentum.

By implementing these recommendations, the agent should be able to explore more effectively, potentially leading to better learning and improved performance in reaching the goal.","```json
{
  ""action_probs"": [0.4, 0.2, 0.4]
}
```"
56,-113.22476889610404,-109.63100551540194,0.07599999999999996,0.005201849155128002,N/A,N/A
57,-77.16491007895338,-109.4788393152869,0.06106749999999994,0.009374955669045448,N/A,N/A
58,-67.93675242089836,-109.32786053006996,0.04663000000000006,0.007584806531667709,N/A,N/A
59,-116.96290764097178,-109.23037898752834,0.03012999999999999,0.14514587819576263,N/A,N/A
60,-67.17909769751802,-101.91896516251823,0.01585749999999997,0.008072558790445328,"Based on the provided data, it seems that the agent is predominantly choosing actions 0 (Push Left) and 2 (Push Right), with a noticeable bias towards action 0 at the beginning of the episode and action 2 towards the end. The agent's total reward of -67.18 suggests that it is still struggling to efficiently solve the MountainCar-v0 task, which typically requires building momentum by oscillating between pushing left and right.

### Analysis:
1. **Action Distribution**: The sampled actions show a sequence where the agent starts with several consecutive ""Push Left"" actions, followed by a switch to ""Push Right"" actions. This pattern indicates that the agent might be trying to build momentum but is not effectively alternating its actions to maximize speed and reach the goal.

2. **Total Reward**: The total reward of -67.18 suggests that the agent is not yet optimizing its movements to reach the flag efficiently. In MountainCar-v0, a higher reward (closer to 0) indicates better performance.

3. **Exploration Strategy**: The current exploration strategy might be too deterministic, leading to suboptimal learning. The agent needs to explore a wider range of actions to better understand the dynamics of the environment.

### Recommendations:
To help the DQN agent learn faster, consider adjusting the exploration strategy as follows:

1. **Balanced Exploration**: Introduce a more balanced exploration strategy that allows the agent to explore all actions more evenly. This can be achieved by setting an exploration action distribution that favors alternating between actions 0 and 2, with occasional action 1 (No Push) to encourage diverse experiences. A suggested distribution could be:
   - Action 0 (Push Left): 40%
   - Action 1 (No Push): 20%
   - Action 2 (Push Right): 40%

2. **Increased Exploration**: Encourage more exploration by temporarily increasing the exploration rate (epsilon) in the epsilon-greedy policy. This will allow the agent to try different actions and discover better strategies for building momentum.

3. **Momentum Building**: Encourage the agent to focus on momentum-building strategies by alternating between actions 0 and 2 more frequently. This can be achieved by implementing a reward shaping mechanism that provides small positive rewards for effective oscillations that increase velocity.

4. **Adaptive Exploration**: Consider using an adaptive exploration strategy that adjusts the action distribution based on the agent's performance. For example, if the agent is stuck in local minima, increase exploration; if it shows improvement, gradually reduce exploration to exploit learned policies.

By implementing these recommendations, the agent should be able to explore the environment more effectively, leading to improved learning and performance in the MountainCar-v0 task over the next 20 training episodes.","```json
{
  ""action_probs"": [0.4, 0.2, 0.4]
}
```"
61,-72.68137593010576,-105.11377774492867,0.01,0.010214568115770817,N/A,N/A
62,-67.75231268390822,-89.21689949491127,0.01,0.04147554561495781,N/A,N/A
63,-65.19769729563266,-92.01253582814341,0.01,0.006444168277084827,N/A,N/A
64,-66.81686446135866,-82.97467680296847,0.01,0.008076585829257965,N/A,N/A
65,-102.38678990706401,-88.52576071933674,0.01,0.006344592198729515,"Based on the data provided, it seems that the agent predominantly took the action ""Push Left"" (action 0) during the last episode, with a few instances of ""Push Right"" (action 2) towards the end, and only one instance of ""No Push"" (action 1). This action distribution indicates a potential imbalance in exploration, which might be hampering the agent's ability to effectively learn how to reach the goal.

Here are some strategy recommendations to improve exploration and help the DQN agent learn faster:

1. **Balanced Exploration Strategy:**
   - Encourage a more balanced distribution of actions to ensure the agent explores different strategies. For the next 20 training episodes, consider using an exploration policy that samples actions with the following probabilities:
     - Push Left (action 0): 0.4
     - No Push (action 1): 0.2
     - Push Right (action 2): 0.4
   - This distribution encourages the agent to explore both left and right movements equally, while still allowing some exploration of the ""No Push"" action.

2. **Adaptive Exploration:**
   - Implement an adaptive exploration strategy where the probabilities of actions change based on the agent's position and velocity. For example:
     - If the car's velocity is negative (moving left), increase the probability of ""Push Right"" to build momentum.
     - If the car's velocity is positive (moving right), increase the probability of ""Push Left"" to prevent overshooting the goal.

3. **Incorporate Reward Shaping:**
   - Introduce intermediate rewards to guide the agent towards the goal more effectively. For instance, provide small rewards for increasing velocity or reaching higher positions on the hills.

4. **Exploration Noise:**
   - Add some stochastic noise to the action selection process. This can be achieved by using a Gaussian noise process or an epsilon-greedy strategy where a small percentage of actions are chosen randomly.

5. **Monitor and Adjust:**
   - Continuously monitor the performance and adjust the exploration strategy based on the agent's learning progress. If the agent starts to show improvement, gradually reduce exploration to allow the agent to exploit learned strategies.

By implementing these strategies, the agent should be able to explore the state-action space more effectively, which can lead to faster learning and improved performance in the MountainCar-v0 environment.","```json
{
  ""action_probs"": [0.4, 0.2, 0.4]
}
```"
66,-68.13466127981499,-83.74948165597146,0.01,0.10754087567329407,N/A,N/A
67,-63.966155496961406,-71.71532560957908,0.01,0.010252714157104492,N/A,N/A
68,-43.67889313442699,-63.89750923258972,0.01,0.11501650512218475,N/A,N/A
69,-65.45881031178207,-63.192720347117344,0.01,0.01324872300028801,N/A,N/A
70,-43.023249190021296,-62.09706042883416,0.01,0.10573641210794449,"Based on the provided data and understanding of the MountainCar-v0 environment, here are some observations and recommendations:

### Observations:

1. **Current Action Distribution**:
   - The sampled actions show a heavy bias towards two specific actions: ""Push Left"" (0) and ""Push Right"" (2).
   - The action ""No Push"" (1) is not being utilized at all, which might indicate a lack of exploration in certain areas of the state space.

2. **Performance**:
   - The total reward in the last episode is -43.023, which suggests that the agent is not yet effectively reaching the goal. The maximum possible reward is -110, and a higher reward (closer to 0) indicates better performance.

3. **Exploration Strategy**:
   - The current exploration strategy seems to be deterministic or heavily biased, with a clear switch from ""Push Left"" to ""Push Right.""

### Recommendations:

1. **Balanced Exploration**:
   - Encourage a more balanced exploration across all possible actions. This can be achieved by adjusting the action distribution to include the ""No Push"" action (1).
   - A suggested action distribution for exploration could be: 
     - 0: 40% (Push Left)
     - 1: 20% (No Push)
     - 2: 40% (Push Right)

2. **Diversity in State Coverage**:
   - Ensure that the agent explores a diverse range of states by allowing it to use the ""No Push"" action. This action can help in exploring the effects of inertia and momentum without actively pushing, which can be crucial in understanding the dynamics of the environment.

3. **Adaptive Exploration**:
   - Consider using an adaptive exploration strategy such as epsilon-greedy, where the epsilon value starts high (encouraging exploration) and gradually decreases as the agent learns. This allows the agent to explore extensively in the early stages and exploit learned policies as training progresses.

4. **Momentum Building**:
   - Since the task requires building momentum to reach the goal, ensure that the exploration strategy allows for alternating actions between left and right pushes. This can be achieved by randomizing the sequence of actions while maintaining the overall distribution.

5. **Monitor Learning Progress**:
   - Continuously monitor the agent's performance metrics, such as total reward and episode length, to adjust the exploration strategy dynamically. If the agent's performance plateaus, consider increasing exploration temporarily.

By implementing these recommendations, the agent should be able to explore the state space more effectively, potentially leading to faster learning and improved performance in the MountainCar-v0 environment.","```json
{
  ""action_probs"": [0.4, 0.2, 0.4]
}
```"
71,-42.680050348277604,-61.689111613697285,0.01,0.013804411515593529,N/A,N/A
72,-59.54649258223198,-61.61762402452884,0.01,0.016964828595519066,N/A,N/A
73,-38.96898169880689,-62.533540184583934,0.01,0.009778663516044617,N/A,N/A
74,-43.924247967202355,-58.9891110781934,0.01,0.010305341333150864,N/A,N/A
75,-58.01260230469716,-58.569111026957025,0.01,0.01321631483733654,"To help the DQN agent learn more effectively in the MountainCar-v0 environment, we need to focus on improving the exploration strategy. Let's analyze the current situation and provide recommendations:

### Analysis:

1. **Current Action Distribution:**
   - The sampled actions show a heavy bias towards action `0` (Push Left) and action `2` (Push Right), with very few instances of action `1` (No Push).
   - This bias might be causing the agent to not explore the state space effectively, especially the impact of maintaining momentum through action `1`.

2. **Current Performance:**
   - The total reward in the last episode is `-58.01`, which indicates that the agent is far from solving the environment optimally (the goal is to reach the flag with as few time steps as possible).

3. **Momentum Building:**
   - In MountainCar-v0, building momentum by alternating between pushing left and right is crucial. However, the current distribution suggests that the agent might not be leveraging the ""No Push"" action effectively, which can help maintain momentum once it is built.

### Recommendations:

1. **Balanced Exploration:**
   - Adjust the exploration strategy to encourage a more balanced distribution of actions. This can be achieved by setting an exploration distribution that allows the agent to sample each action more evenly. For instance, consider a distribution like:
     - Action `0` (Push Left): 40%
     - Action `1` (No Push): 20%
     - Action `2` (Push Right): 40%

2. **Incorporate Exploration Noise:**
   - Introduce some stochasticity or noise in the action selection process to encourage exploration of different state-action pairs. This could involve using a Gaussian noise model or an epsilon-greedy strategy with a higher epsilon value during these 20 episodes.

3. **Adaptive Exploration:**
   - Monitor the agent's performance and adjust the exploration strategy based on observed improvements. If the agent starts showing better performance, gradually reduce the exploration rate to allow for more exploitation of learned policies.

4. **Evaluate Impact of ""No Push"":**
   - Specifically evaluate the impact of the ""No Push"" action on the agent's ability to maintain momentum. If it proves beneficial, consider increasing its probability slightly to see if it contributes positively to the learning process.

By implementing these exploration strategy adjustments, the agent should be able to explore the environment more effectively, which can help it learn the dynamics of the MountainCar-v0 task faster and improve its performance.","```json
{
  ""action_probs"": [0.4, 0.2, 0.4]
}
```"
76,-36.97870006802758,-58.335013326812394,0.01,0.011941296979784966,N/A,N/A
77,-58.26956276008775,-57.87793055397062,0.01,0.03458874672651291,N/A,N/A
78,-46.696519515330756,-57.664237178770044,0.01,0.010431514121592045,N/A,N/A
79,-60.24845919225894,-58.04113872085666,0.01,0.03128357604146004,N/A,N/A
80,-55.77038286222544,-57.79531355795073,0.01,0.013505689799785614,"To help the DQN agent learn more effectively in the MountainCar-v0 environment, we need to optimize the exploration strategy. Based on the provided data, here are some observations and recommendations:

### Observations:
1. **Current Action Distribution**:
   - The sampled actions indicate a strong bias towards actions `0` (Push Left) and `2` (Push Right), with very few instances of action `1` (No Push).
   - The sequence of actions shows a pattern where the agent tends to push left or right for extended sequences, which suggests it might be trying to build momentum but not effectively alternating actions to gain sufficient velocity.

2. **Total Reward**:
   - The reported total reward of `-55.77` suggests suboptimal performance, as the goal is to reach the flag with a higher (less negative) reward. This indicates that the agent is likely not reaching the goal consistently.

### Recommendations:
To improve learning and exploration, consider the following strategy adjustments:

1. **Balanced Exploration**:
   - Introduce a more balanced action distribution to encourage the agent to explore different strategies. A suggested distribution could be:
     - Action `0` (Push Left): 40%
     - Action `1` (No Push): 20%
     - Action `2` (Push Right): 40%
   - This distribution maintains the focus on building momentum (via actions `0` and `2`) but increases the frequency of action `1` to allow for potentially beneficial pauses in action.

2. **Encourage Momentum Building**:
   - Emphasize alternating between `Push Left` and `Push Right` to help the agent discover the oscillation strategy necessary to build momentum.
   - Consider implementing a simple heuristic that encourages alternating actions based on the car's current velocity; for example, if velocity is positive, favor `Push Right`, and if negative, favor `Push Left`.

3. **Variable Exploration Rate**:
   - Implement a decaying exploration rate (epsilon-greedy strategy) where the probability of taking a random action decreases over time. This allows the agent to explore extensively in early episodes and exploit learned strategies in later episodes.

4. **Reward Shaping**:
   - If feasible, consider modifying the reward function to provide small positive rewards for achieving higher velocities or reaching certain positions, which can guide the agent towards more effective strategies.

5. **Monitor Learning Progress**:
   - Continuously monitor the agent's performance and adjust the exploration strategy based on observed improvements or stagnation in learning. If the agent's performance plateaus, consider reintroducing exploration or adjusting the action distribution.

By implementing these strategies, the agent should be able to learn more effectively and improve its performance in reaching the goal in MountainCar-v0.","```json
{
  ""action_probs"": [0.4, 0.2, 0.4]
}
```"
81,-55.592019062358965,-57.15298043019671,0.01,0.03273739665746689,N/A,N/A
82,-60.21472871336487,-57.16732707748455,0.01,0.05752349644899368,N/A,N/A
83,-56.03787514303778,-53.80142662259353,0.01,0.01618746668100357,N/A,N/A
84,-57.12912063267847,-56.369022033084306,0.01,0.054675959050655365,N/A,N/A
85,-59.98731481320488,-65.7823799080433,0.01,0.01272863894701004,"Based on the data provided, it appears that the agent is currently exploring the action space with a strong bias towards action 2 (Push Right) and action 0 (Push Left), with some instances of action 1 (No Push). The total reward of -59.987 suggests that the agent is not yet efficiently reaching the goal, as lower (closer to zero) total rewards typically indicate better performance in MountainCar-v0.

Here are some observations and recommendations for improving the exploration strategy to help the DQN agent learn faster:

### Observations:
1. **Action Distribution**: The distribution of actions is heavily skewed towards actions 0 and 2, with very few instances of action 1. This might be limiting the exploration of states where maintaining velocity is beneficial.
2. **Momentum Building**: The car needs to build momentum by oscillating between moving left and right. The current action distribution suggests that the agent might be struggling to effectively build this momentum.
3. **Total Reward**: The total reward of -59.987 indicates that the agent is not consistently reaching the goal, which typically requires a reward closer to -110 or better.

### Recommendations:
1. **Balanced Exploration**: Encourage more balanced exploration by adjusting the action distribution to allow more frequent sampling of all actions. A suggested distribution could be:
   - Action 0 (Push Left): 40%
   - Action 1 (No Push): 20%
   - Action 2 (Push Right): 40%

   This distribution encourages more frequent use of action 1, which can help the agent learn to maintain momentum without over-relying on constant pushing.

2. **Adaptive Exploration**: Implement an adaptive exploration strategy where the agent's action distribution gradually shifts based on performance. For instance, if the agent starts achieving better rewards, the probability of action 1 can be increased to fine-tune momentum control.

3. **Reward Shaping**: Consider incorporating reward shaping to provide additional feedback for intermediate states, such as rewarding the agent for reaching higher positions on the left hill, which can help it understand the importance of building sufficient momentum.

4. **Exploration Strategy**: Use an epsilon-greedy strategy with a decaying epsilon to ensure that exploration decreases as the agent becomes more confident in its policy. Start with a higher epsilon to encourage exploration and gradually reduce it as performance improves.

5. **State-Dependent Actions**: Implement a state-dependent exploration strategy where the choice of action is influenced by the current position and velocity. For example, if the car is moving uphill, prioritize actions that maintain or increase velocity in the necessary direction.

By implementing these recommendations, the agent should be able to explore the environment more effectively and learn a policy that achieves higher rewards more quickly.","```json
{
  ""action_probs"": [0.4, 0.2, 0.4]
}
```"
86,-58.054400988348895,-51.70292782772482,0.01,0.00951777957379818,N/A,N/A
87,-56.77090306765,-52.731582552602994,0.01,0.009953074157238007,N/A,N/A
88,-52.43436603232821,-53.84230028173696,0.01,0.0854959785938263,N/A,N/A
89,-78.49357905162029,-55.06097556418598,0.01,0.013954068534076214,N/A,N/A
90,-62.3721955580537,-50.96858188725743,0.01,0.06238846480846405,"To help the DQN agent learn faster in the MountainCar-v0 environment, we need to consider the sampled actions and the overall goal of the task. The goal is to reach the flag on the right hill, which requires building momentum by moving back and forth between the hills.

### Analysis of Current Action Distribution:
- **Sampled Actions**: The current distribution of actions appears to be skewed towards action 2 (Push Right), with some occurrences of actions 0 (Push Left) and 1 (No Push).
- **Action Frequency**:
  - Push Left (0): 20 times
  - No Push (1): 14 times
  - Push Right (2): 66 times

### Observations:
1. **Excessive Right Pushes**: The agent is pushing right more frequently than left, which might not be optimal for building the necessary momentum to reach the goal.
2. **Insufficient Left Pushes**: To effectively build momentum, the agent needs to push left more frequently to climb the left hill and gain enough speed to reach the right hill.
3. **Balanced Exploration Needed**: A more balanced exploration strategy might help the agent to better understand the dynamics of the environment and improve learning efficiency.

### Recommended Exploration Strategy:
To improve the agent's learning, I recommend adjusting the action distribution to encourage more balanced exploration. Here is a suggested strategy for the next 20 training episodes:

1. **Action Probabilities**:
   - **Push Left (0)**: 40%
   - **No Push (1)**: 20%
   - **Push Right (2)**: 40%

2. **Rationale**:
   - **Push Left (0) and Push Right (2)**: Both actions should have equal probabilities to ensure the agent explores both directions adequately and can build momentum effectively. This will help the agent learn the importance of moving back and forth to reach the goal.
   - **No Push (1)**: While this action is less critical for momentum building, it should still be included to allow the agent to explore scenarios where maintaining current velocity might be beneficial.

3. **Implementation**:
   - Adjust the exploration policy to use the above probabilities during the exploration phase of training.
   - Monitor the agent's performance and adjust the distribution if necessary, based on the observed learning progress and reward trends.

By implementing this more balanced exploration strategy, the agent should be able to learn the dynamics of the MountainCar-v0 environment more effectively and improve its performance over time.","```json
{
  ""action_probs"": [0.4, 0.2, 0.4]
}
```"
91,-60.8908826351116,-51.089595030544444,0.01,0.08438420295715332,N/A,N/A
92,-53.91642335680912,-50.53824117191887,0.01,0.011054618284106255,N/A,N/A
93,-56.41207555223124,-52.40754151950809,0.01,0.056144777685403824,N/A,N/A
94,-64.05563331805587,-55.43132504417796,0.01,0.010934528894722462,N/A,N/A
95,-112.05282403563565,-63.277207130756416,0.01,0.012836530804634094,"To assist the DQN agent in learning more effectively in the MountainCar-v0 environment, we need to adjust the exploration strategy based on the current action distribution and the reward received. The goal is to encourage the agent to explore actions that can help it build the necessary momentum to reach the goal.

### Analysis of Current Strategy:

1. **Action Distribution**:
   - The sampled actions show a heavy bias towards action 2 (Push Right), with 66 instances.
   - There are fewer instances of action 0 (Push Left) with 21 instances.
   - Action 1 (No Push) is the least frequent with only 13 instances.

2. **Performance**:
   - The total reward in the last episode was -112.05, indicating that the agent is not yet achieving the goal efficiently. In MountainCar-v0, reaching the goal quickly would result in a higher (less negative) reward.

### Recommendations for Exploration Strategy:

1. **Balanced Action Exploration**:
   - To effectively build momentum, the agent needs to explore both directions more evenly. A more balanced distribution between actions 0 and 2 can help the agent learn to swing back and forth to gain the necessary speed to reach the flag.

2. **Proposed Action Distribution**:
   - **Action 0 (Push Left)**: 40%
   - **Action 1 (No Push)**: 20%
   - **Action 2 (Push Right)**: 40%

   This distribution encourages more exploration of the left push, which is currently underexplored, while maintaining a reasonable level of exploration for pushing right.

3. **Incorporate Action 1 (No Push)**:
   - Although less critical, maintaining some exploration of the ""No Push"" action can help the agent learn when to conserve energy and allow momentum to carry the car.

4. **Adaptive Exploration**:
   - Consider using an epsilon-greedy strategy where the exploration probability decreases over time as the agent starts to learn effective policies. This can be combined with the proposed action distribution to ensure that exploration is initially broad but becomes more focused as learning progresses.

5. **Monitor and Adjust**:
   - Continuously monitor the agent's performance and adjust the action distribution if necessary. If the agent starts showing improvement, consider reducing exploration in favor of exploitation of the learned policy.

By implementing these recommendations, the agent should be able to explore more effectively and potentially learn the optimal strategy for solving the MountainCar-v0 task faster.","```json
{
  ""action_probs"": [0.4, 0.2, 0.4]
}
```"
96,-58.65949734869979,-65.66212771818269,0.01,0.013850737363100052,N/A,N/A
97,-60.46874873102978,-65.68649277788043,0.01,0.014198021963238716,N/A,N/A
98,-127.69438109017881,-69.5444130954913,0.01,0.012682002037763596,N/A,N/A
99,-93.15215436732606,-66.09250777975342,0.01,0.013912077993154526,N/A,N/A
100,-105.35201266988652,-77.34667846528083,0.01,0.014780689030885696,"Based on the information provided, the agent's recent exploration strategy appears to be overly biased towards the ""Push Right"" action (action 2), with a lesser but still significant emphasis on ""No Push"" (action 1), and relatively few ""Push Left"" (action 0) actions. This action distribution is likely contributing to the suboptimal performance, as indicated by the total reward of -105.35 in the last episode.

### Analysis:

1. **Action Distribution:**
   - ""Push Right"" (action 2) is the most frequently chosen action. This might lead to the car getting stuck against the right hill without sufficient momentum to reach the flag.
   - ""No Push"" (action 1) is the second most frequent action. While this can help maintain velocity, it doesn't contribute to building momentum.
   - ""Push Left"" (action 0) is underrepresented, which is problematic because moving left is crucial for building the momentum needed to eventually reach the goal on the right hill.

2. **Reward Signal:**
   - The negative reward suggests that the current strategy isn't effective in reaching the goal. The car likely does not build enough momentum to reach the top of the right hill, which is necessary for solving the task.

### Recommendations:

To help the DQN agent learn faster, consider adjusting the exploration strategy to ensure a more balanced sampling of actions. This can encourage the agent to explore the state space more effectively and discover the necessary sequences of actions to reach the goal.

1. **Balanced Action Distribution:**
   - Aim for a more balanced action distribution to ensure adequate exploration of all possible strategies. A suggested distribution could be:
     - ""Push Left"" (action 0): 40%
     - ""No Push"" (action 1): 20%
     - ""Push Right"" (action 2): 40%

2. **Exploration Strategy:**
   - Use an epsilon-greedy strategy with a higher epsilon value during these 20 episodes to encourage exploration. This will help the agent explore more diverse actions rather than exploiting suboptimal policies prematurely.

3. **Monitor and Adjust:**
   - Continuously monitor the agent's performance and adjust the action distribution as needed. If the agent begins to show improvement, you may gradually shift towards more exploitation by reducing the exploration rate.

By implementing a more balanced exploration strategy, the agent should be able to better understand the dynamics of the environment, which should lead to faster learning and improved performance over time.","```json
{
  ""action_probs"": [0.4, 0.2, 0.4]
}
```"
101,-111.44897243037366,-74.36879218354906,0.01,0.017439905554056168,N/A,N/A
102,-128.21415050533773,-89.16823596563067,0.01,0.013024389743804932,N/A,N/A
103,-95.44536816702845,-87.43960077752683,0.01,0.01272662915289402,N/A,N/A
104,-129.9170428055587,-70.69734498532586,0.01,0.04037316143512726,N/A,N/A
105,-63.607346754915696,-78.79407246670704,0.01,0.018060557544231415,"To help the DQN agent learn faster in the MountainCar-v0 environment, we need to adjust the exploration strategy based on the observed action distribution and the total reward received in the last episode. Here's a detailed analysis and recommendation:

### Analysis

1. **Current Action Distribution:**
   - Action 2 (Push Right) was used 47 times.
   - Action 0 (Push Left) was used 13 times.
   - Action 1 (No Push) was used 19 times.

2. **Observations:**
   - The agent predominantly used ""Push Right"" (Action 2), which suggests a bias towards moving in one direction. This could lead to suboptimal learning as the agent might not explore the state space effectively.
   - The ""Push Left"" (Action 0) action was underutilized, which is crucial for building momentum to reach the goal.
   - The ""No Push"" (Action 1) was used moderately, but it may not contribute significantly to building momentum.

3. **Performance:**
   - The total reward of -63.61 indicates that the agent is not yet efficiently reaching the goal. The reward is negative and relatively low, suggesting the agent is spending too much time or not reaching the goal at all.

### Recommendations

To enhance exploration and improve learning efficiency, consider the following strategy:

1. **Balanced Exploration:**
   - Encourage a more balanced action distribution to ensure the agent explores different strategies. A more uniform distribution could prevent premature convergence to suboptimal strategies.

2. **Exploration Action Distribution:**
   - Allocate actions as follows for the next 20 training episodes:
     - Action 0 (Push Left): 40%
     - Action 1 (No Push): 20%
     - Action 2 (Push Right): 40%

3. **Rationale:**
   - Increasing the frequency of ""Push Left"" will help the agent build the necessary momentum by swinging back and forth between the hills.
   - Maintaining a moderate frequency of ""No Push"" allows the car to coast, which can be useful in certain state transitions.
   - Keeping ""Push Right"" at the same level ensures the agent still attempts to move towards the goal while gaining momentum.

4. **Adaptive Exploration:**
   - Consider using an epsilon-greedy strategy where the epsilon value starts high and gradually decreases. This allows for more exploration initially and more exploitation of learned strategies as the agent improves.

5. **Monitor and Adjust:**
   - Continuously monitor the agent's performance and adjust the action distribution as needed based on the observed learning progress and reward improvements.

By implementing these recommendations, the agent should be able to explore the environment more effectively, build the necessary momentum, and ultimately learn to reach the goal more efficiently.","```json
{
  ""action_probs"": [0.4, 0.2, 0.4]
}
```"
106,-59.97690938156281,-72.49607539501974,0.01,0.012557259760797024,N/A,N/A
107,-59.61678372095173,-72.90150433891004,0.01,0.012209022417664528,N/A,N/A
108,-127.78887546417062,-67.61220404380279,0.01,0.022714484483003616,N/A,N/A
109,-77.24632546518636,-65.19850443750921,0.01,0.013801864348351955,N/A,N/A
110,-56.88439317095409,-65.01076933068832,0.01,0.013576142489910126,"Based on the provided data, it seems that the sampled actions are predominantly biased towards action 2 (""Push Right""), with some occurrences of action 0 (""Push Left"") and fewer instances of action 1 (""No Push""). This distribution suggests that the car is primarily attempting to push right, possibly trying to reach the goal without adequately building momentum by moving back and forth.

### Analysis:
1. **Action Distribution**: The current action distribution is heavily skewed towards ""Push Right"" (action 2), with a significant portion of actions being this choice. This can lead to inefficient exploration, as the car needs to build momentum by moving back and forth between the hills.

2. **Momentum Building**: To successfully reach the goal, the car must oscillate between the left and right hills to gain sufficient momentum. The lack of balance in the action distribution may prevent the car from effectively building this momentum.

3. **Total Reward**: The negative reward of -56.88 indicates that the car is not reaching the goal efficiently. A more balanced exploration strategy could help improve this.

### Strategy Recommendations:
To improve the exploration efficiency and help the DQN agent learn faster, consider the following action distribution strategy:

1. **Balanced Exploration**: Adjust the action probabilities to encourage more balanced exploration. For instance, aim for an action distribution such as:
   - Action 0 (""Push Left""): 40%
   - Action 1 (""No Push""): 20%
   - Action 2 (""Push Right""): 40%

   This distribution encourages the car to push both left and right more frequently, which can help in building the necessary momentum.

2. **Adaptive Exploration**: Consider using an adaptive exploration strategy where the action distribution changes based on the car's position and velocity. For example:
   - If the car is moving left and velocity is negative, slightly increase the probability of ""Push Left"" to enhance momentum.
   - If the car is moving right and velocity is positive, slightly increase the probability of ""Push Right.""

3. **Exploration Decay**: Gradually reduce exploration as the agent becomes more proficient. Start with a higher exploration rate and decay it over time to allow the agent to exploit learned strategies.

4. **Reward Shaping**: Although not directly related to action distribution, consider implementing reward shaping to encourage behaviors that lead to successful momentum building and goal achievement.

By implementing these strategies, the agent should be able to explore more effectively, build the required momentum, and learn a policy that achieves the goal more efficiently.","```json
{
  ""action_probs"": [0.4, 0.2, 0.4]
}
```"
111,-128.19811931016633,-63.37063718203923,0.01,0.03642481565475464,N/A,N/A
112,-123.4157769764707,-63.16335729986089,0.01,0.010882864706218243,N/A,N/A
113,-129.9273863074393,-57.793241052404255,0.01,0.014051076024770737,N/A,N/A
114,-129.0562115465727,-56.65032061079886,0.01,0.03710932657122612,N/A,N/A
115,-63.85944029006477,-58.02377740365448,0.01,0.03682946786284447,"Based on the data provided, it seems that the agent is predominantly choosing the ""Push Right"" action (action 2), with occasional ""Push Left"" (action 0) and very few ""No Push"" (action 1) actions. This unbalanced action distribution could be hindering the agent's ability to learn an effective strategy to solve the MountainCar-v0 task, as it needs to build momentum by moving back and forth.

### Analysis:
1. **Dominance of Action 2 (Push Right):** The agent heavily favors pushing right, which could lead to insufficient exploration of the state space and suboptimal learning. The car needs to move left to gain enough momentum to reach the goal on the right hill.

2. **Lack of Action 1 (No Push):** Minimal usage of the ""No Push"" action suggests that the agent is not exploring the potential benefits of maintaining momentum without active acceleration, which could be useful in certain states.

3. **Limited Action 0 (Push Left):** Although there are some instances of pushing left, they are not frequent enough to potentially build the necessary momentum for reaching the goal.

### Recommendations for Exploration Action Distribution:
To improve the agent's learning efficiency, a more balanced action distribution should be adopted during exploration. Here is a recommended strategy:

1. **Balanced Action Distribution:**
   - **Push Left (Action 0):** 40%
   - **No Push (Action 1):** 20%
   - **Push Right (Action 2):** 40%

2. **Rationale:**
   - **Push Left (40%):** Increase the frequency of pushing left to help the agent build momentum by moving back and forth.
   - **No Push (20%):** Introduce more ""No Push"" actions to allow the agent to explore the dynamics of maintaining momentum without constant acceleration.
   - **Push Right (40%):** Maintain a reasonable frequency of pushing right to ensure the agent still attempts to reach the goal.

3. **Implementation Over 20 Episodes:**
   - Implement this distribution for the next 20 training episodes to encourage more diverse exploration and help the agent learn the optimal policy faster.

By adopting this more balanced approach, the agent should be able to explore the state space more effectively, leading to improved learning outcomes and potentially better performance in subsequent episodes.","```json
{
  ""action_probs"": [0.4, 0.2, 0.4]
}
```"
116,-66.427883339434,-57.78181432113657,0.01,0.008947414346039295,N/A,N/A
117,-65.01920954236473,-55.314588504457426,0.01,0.01936757005751133,N/A,N/A
118,-76.79502034125763,-54.6954833729386,0.01,0.01667851209640503,N/A,N/A
119,-69.8442489457377,-53.1563992939532,0.01,0.009206519462168217,N/A,N/A
120,-49.013809080814376,-53.01126419829283,0.01,0.033839475363492966,"To help the DQN agent learn faster in the MountainCar-v0 environment, we need to ensure that the exploration strategy allows the agent to adequately explore the state-action space. The current sampled actions indicate a heavy bias towards pushing right (action 2), with occasional periods of no push (action 1) and pushing left (action 0). This imbalance might lead to suboptimal learning as the agent may not be exploring the entire state space effectively.

### Analysis:
1. **Action Distribution:** 
   - The sampled actions show a strong preference for action 2 (Push Right), which could be limiting the agent's ability to explore the left side of the state space effectively.
   - The agent occasionally uses action 0 (Push Left) and action 1 (No Push), but these are significantly less frequent.

2. **Total Reward:** 
   - The total reward in the last episode is -49.0138, which suggests that the agent is not yet effectively reaching the goal. In MountainCar-v0, a higher (less negative) reward indicates better performance.

3. **Exploration vs. Exploitation:**
   - The current action sampling suggests a potential exploitation bias towards pushing right, which might not be ideal for an exploration phase.

### Recommendations for Exploration Strategy:

1. **Balanced Action Sampling:**
   - Aim for a more balanced action distribution during exploration. This can be achieved by setting a probability distribution that encourages the agent to explore all actions more evenly. For instance:
     - Action 0 (Push Left): 0.33
     - Action 1 (No Push): 0.33
     - Action 2 (Push Right): 0.34

2. **Incorporate Stochastic Exploration:**
   - Use a stochastic exploration strategy such as ε-greedy with a higher epsilon value during these exploration episodes. This will ensure that the agent explores more random actions rather than sticking to a single action.

3. **Adaptive Exploration:**
   - Consider using an adaptive exploration strategy where the probability distribution can be adjusted based on the agent's performance and learning progress. For instance, if the agent starts to perform better, gradually reduce exploration.

4. **Exploration Noise:**
   - Introduce a small amount of noise to the action selection process to encourage exploration of less frequently chosen actions.

5. **Monitor and Adjust:**
   - Continuously monitor the agent's performance and adjust the exploration strategy as needed. If the total reward starts improving, consider reducing exploration to allow for more exploitation of learned policies.

By implementing these recommendations, the agent should be able to explore the state-action space more effectively, potentially leading to faster learning and improved performance in the MountainCar-v0 environment.","```json
{
  ""action_probs"": [0.33, 0.33, 0.34]
}
```"
121,-49.06339922577942,-52.61971475068384,0.01,0.00963505171239376,N/A,N/A
122,-59.418744584297286,-51.66247247319338,0.01,0.03736792504787445,N/A,N/A
123,-54.879088584809296,-49.784715969079485,0.01,0.011644646525382996,N/A,N/A
124,-55.00614780448357,-52.09778365715577,0.01,0.023402391001582146,N/A,N/A
125,-56.678926733437194,-51.40656729329677,0.01,0.009544825181365013,"Based on the provided data, we can make several observations and recommendations to improve the exploration strategy for the MountainCar-v0 task:

### Observations:

1. **Action Distribution**: The sampled actions show a heavy bias towards action 2 (Push Right), with occasional usage of action 0 (Push Left) and very few instances of action 1 (No Push). This indicates that the current exploration strategy is heavily skewed towards pushing the car to the right.

2. **Reward**: The total reward in the last episode is -56.68, which suggests that the agent is not yet performing optimally. In MountainCar-v0, the reward is typically -1 per time step until the goal is reached, so a reward closer to zero would indicate better performance.

3. **Momentum Building**: The task requires building momentum by swinging back and forth. The current distribution doesn't seem to facilitate this effectively, given the low frequency of action 0 (Push Left).

### Recommendations:

1. **Balanced Exploration**: Introduce a more balanced action distribution during exploration. Since the task requires building momentum, ensure that actions 0 and 2 are used more evenly to facilitate the necessary back-and-forth movement. Consider a distribution like:
   - Action 0 (Push Left): 40%
   - Action 1 (No Push): 20%
   - Action 2 (Push Right): 40%

2. **Increased Exploration of 'No Push'**: Increase the exploration of action 1 (No Push). While not as critical as actions 0 and 2, it can occasionally help stabilize the car's movement and prevent overshooting during exploration.

3. **Adaptive Exploration Strategy**: Implement an adaptive exploration strategy where the action distribution can change based on the agent's performance. For example, if the agent is not improving, slightly increase the exploration of less-used actions to encourage diverse experiences.

4. **Monitor Learning**: Continuously monitor the agent's performance and adjust the exploration strategy as needed. If the agent starts to improve, gradually reduce exploration to allow the agent to exploit learned strategies.

5. **Use of Exploration Techniques**: Consider incorporating techniques such as epsilon-greedy with decaying epsilon, where the exploration rate decreases as the agent learns more about the environment. This can help transition from exploration to exploitation as the agent becomes more proficient.

By implementing these recommendations, the agent should be able to explore the environment more effectively, potentially leading to faster learning and improved performance in the MountainCar-v0 task.","```json
{
  ""action_probs"": [0.4, 0.2, 0.4]
}
```"
126,-50.78606549623322,-50.5168501557071,0.01,0.05976201593875885,N/A,N/A
127,-38.21520695219348,-55.54793816768007,0.01,0.014493724331259727,N/A,N/A
128,-38.254487476065485,-55.910648042005256,0.01,0.01049925945699215,N/A,N/A
129,-69.28781468367006,-60.37924477936379,0.01,0.041145678609609604,N/A,N/A
130,-61.810000945973606,-60.163515596118785,0.01,0.007846802473068237,"To help the DQN agent learn more effectively in the MountainCar-v0 environment, it's important to ensure that the exploration strategy allows the agent to experience a diverse set of states and actions. This will help the agent learn the dynamics of the environment and the consequences of different actions more efficiently.

### Analysis of the Given Data

1. **Action Distribution**: 
   - The sampled actions from the last episode are heavily skewed towards action 2 (Push Right). 
   - The counts are approximately:
     - Action 0 (Push Left): 20 times
     - Action 1 (No Push): 9 times
     - Action 2 (Push Right): 66 times

2. **Total Reward**: 
   - The total reward of -61.81 suggests that the agent is not yet effectively reaching the goal. The reward indicates that the agent is spending a significant amount of time in the episode, likely oscillating between the hills without reaching the flag.

### Recommendations for Exploration Strategy

To improve the learning efficiency of the DQN agent, consider the following recommendations for the exploration action distribution:

1. **Balanced Exploration**:
   - Increase the exploration of actions 0 (Push Left) and 1 (No Push) to ensure that the agent experiences a wider range of states and learns how to build momentum effectively.
   - A more balanced action distribution could be:
     - Action 0 (Push Left): 40%
     - Action 1 (No Push): 30%
     - Action 2 (Push Right): 30%

2. **Encourage Momentum Building**:
   - Since the car needs to build momentum by swinging back and forth, ensure that the agent explores actions that facilitate this behavior. This can be achieved by ensuring that both pushing left and right are explored more evenly.

3. **Dynamic Exploration Strategy**:
   - Implement a dynamic exploration strategy where the distribution of actions can be adjusted based on the agent's performance. For example, if the agent is not improving, increase the exploration rate or adjust the distribution to favor less explored actions.

4. **Incorporate State-Dependent Exploration**:
   - Consider using a state-dependent exploration strategy where the choice of action is influenced by the current state (position and velocity). For instance, if the car is moving right but needs to build more momentum, prioritize action 0 (Push Left).

5. **Monitor and Adjust**:
   - Continuously monitor the agent's performance over the next 20 episodes and adjust the exploration strategy as needed. If the agent's performance improves, gradually shift towards a more exploitation-focused strategy.

By implementing these recommendations, the agent should be able to explore the environment more effectively, leading to faster learning and ultimately better performance in reaching the goal in MountainCar-v0.","```json
{
  ""action_probs"": [0.4, 0.3, 0.3]
}
```"
131,-40.59780438898928,-60.16485267441313,0.01,0.00946103222668171,N/A,N/A
132,-71.66710204313611,-60.16899919278238,0.01,0.007394594606012106,N/A,N/A
133,-64.33976458254122,-59.837339721255375,0.01,0.008891608566045761,N/A,N/A
134,-50.807967054451396,-60.33002258303105,0.01,0.0115854162722826,N/A,N/A
135,-43.55039168546209,-60.14249472507284,0.01,0.031207289546728134,"Based on the data provided, it appears that the current exploration strategy is heavily skewed towards the ""Push Right"" action (action 2), with a significant number of actions taken in this direction compared to ""Push Left"" (action 0) and ""No Push"" (action 1). This imbalance could hinder the agent's ability to effectively learn the dynamics of the environment, particularly since the MountainCar-v0 task requires the agent to build momentum by oscillating between the left and right hills.

### Analysis:
1. **Action Distribution**: 
   - ""Push Left"" (action 0): 33 occurrences
   - ""No Push"" (action 1): 4 occurrences
   - ""Push Right"" (action 2): 65 occurrences

2. **Imbalance**: 
   - There is a heavy bias towards ""Push Right,"" which might prevent the car from effectively building momentum by swinging back and forth between the hills.
   - The ""No Push"" action is underrepresented, which could be useful in certain positions to maintain momentum without overcorrecting.

### Recommendations:
To enhance the agent's exploration and learning efficiency, consider implementing the following action distribution strategy for the next 20 training episodes:

1. **Balanced Exploration**:
   - Encourage a more balanced action distribution to allow the agent to explore different strategies for building momentum.
   - Suggested distribution:
     - ""Push Left"" (action 0): 40%
     - ""No Push"" (action 1): 20%
     - ""Push Right"" (action 2): 40%

2. **Action Exploration Strategy**:
   - **Push Left (40%)**: Increase the frequency of this action to help the agent explore the left hill more effectively and gain the necessary momentum.
   - **No Push (20%)**: Allocate a moderate proportion of actions to ""No Push"" to allow the agent to maintain momentum without unnecessary acceleration, which can be crucial in fine-tuning the approach to the goal.
   - **Push Right (40%)**: Maintain a significant proportion of ""Push Right"" actions to ensure the agent continues to explore the right hill and attempts to reach the flag.

3. **Adaptive Exploration**:
   - Consider using an epsilon-greedy strategy where the exploration rate (epsilon) is gradually decreased as the agent learns, allowing for more exploitation of learned policies over time.

By adjusting the action distribution to be more balanced, the agent will have a better chance of learning the optimal strategy to solve the MountainCar-v0 task efficiently.","```json
{
  ""action_probs"": [0.4, 0.2, 0.4]
}
```"
136,-63.780808189414564,-60.07310479670165,0.01,0.029405446723103523,N/A,N/A
137,-63.03909205114633,-60.642686293770055,0.01,0.009535813704133034,N/A,N/A
138,-42.36122352717712,-60.42411881160399,0.01,0.029057493433356285,N/A,N/A
139,-55.33781450398633,-60.82119917230885,0.01,0.008431194350123405,N/A,N/A
140,-41.77263110655895,-62.540232792319365,0.01,0.012338662520051003,"Based on the data provided, it appears that the agent's current exploration strategy is heavily biased towards the ""Push Right"" action (action 2), especially towards the end of the episode. This is evident from the sampled actions, where a significant portion of the actions in the latter part of the sequence are ""Push Right."" The total reward of -41.77 suggests that the agent is not yet achieving the goal efficiently, as the reward indicates the number of time steps it took to end the episode (with a lower absolute value being better).

### Analysis:
1. **Action Bias**: There is a noticeable bias towards the ""Push Right"" action, which might not be conducive to building the necessary momentum. The car needs to oscillate back and forth to gain enough momentum to reach the flag.

2. **Exploration Diversity**: The lack of diversity in the actions, especially the underrepresentation of ""Push Left"" (action 0) and ""No Push"" (action 1), suggests that the agent might not be exploring the state space effectively. 

3. **Momentum Building**: To solve MountainCar-v0, the agent needs to learn the strategy of going back and forth to build momentum. The current action distribution might not be facilitating this learning effectively.

### Recommendations for Exploration Strategy:
To enhance the learning process of the DQN agent, consider the following exploration action distribution for the next 20 training episodes:

1. **Balanced Exploration**:
   - Increase the frequency of ""Push Left"" (action 0) and ""No Push"" (action 1) actions to encourage the agent to explore the full dynamics of the environment.
   - Suggested distribution: 
     - Action 0 (Push Left): 30%
     - Action 1 (No Push): 30%
     - Action 2 (Push Right): 40%

2. **Epsilon-Greedy Strategy**:
   - Implement an epsilon-greedy strategy where the agent occasionally takes random actions. Start with a higher epsilon (e.g., 0.3) and gradually decay it over episodes to encourage exploration initially and exploitation later.

3. **Encourage Oscillation**:
   - Design exploration strategies that encourage oscillatory behavior. For example, alternate between ""Push Left"" and ""Push Right"" more frequently in the early stages of each episode to help the agent learn the momentum-building strategy.

4. **Adaptive Exploration**:
   - Monitor the agent's performance and adapt the exploration strategy based on the observed rewards. If the agent starts performing better, gradually shift towards more exploitation.

By implementing these recommendations, the agent should have a better chance of learning the necessary oscillatory strategy to reach the goal more efficiently in MountainCar-v0.","```json
{
  ""action_probs"": [0.3, 0.3, 0.4]
}
```"
141,-38.19630950094601,-61.211354750427134,0.01,0.027144625782966614,N/A,N/A
142,-70.1210786549649,-71.98928396343497,0.01,0.02561260759830475,N/A,N/A
143,-66.2215704511629,-59.57203698885943,0.01,0.01771710067987442,N/A,N/A
144,-66.90953346137564,-58.88740209791299,0.01,0.019716700538992882,N/A,N/A
145,-62.037229269726346,-58.4540715179405,0.01,0.02238418161869049,"To help the DQN agent learn more effectively in the MountainCar-v0 environment, we need to adjust the exploration strategy to ensure the agent experiences a diverse range of states and actions. This will help the agent to better understand the dynamics of the environment and learn how to build the necessary momentum to reach the goal.

### Analysis of Current Exploration Strategy:

1. **Action Distribution:**
   - The sampled actions indicate a heavy bias towards action `2` (Push Right), with a total of 61 times.
   - Action `0` (Push Left) was sampled 27 times.
   - Action `1` (No Push) was sampled 12 times.

2. **Total Reward:**
   - The total reward of -62.037 indicates that the agent is still far from solving the task, as the optimal reward is closer to zero or positive.

### Recommendations for Improved Exploration Strategy:

1. **Balanced Action Sampling:**
   - The current distribution is skewed towards pushing right, which might not be allowing the agent to build sufficient momentum. A more balanced approach could be beneficial.
   - Suggested action distribution for the next 20 episodes:
     - Action `0` (Push Left): 40%
     - Action `1` (No Push): 20%
     - Action `2` (Push Right): 40%

2. **Increased Exploration:**
   - Consider using an epsilon-greedy strategy where epsilon (the exploration rate) is initially high to encourage exploration of all actions equally. Gradually decrease epsilon over the episodes to shift towards exploitation.

3. **Encourage Momentum Building:**
   - Ensure that the agent experiences sequences where it alternates between pushing left and right, which is crucial for building momentum. This can be achieved by slightly biasing the action selection based on the current state (e.g., if the velocity is negative, favor pushing right).

4. **State-Dependent Exploration:**
   - Implement a strategy where the choice of action depends on the current velocity:
     - If the velocity is negative, slightly favor pushing right.
     - If the velocity is positive, slightly favor pushing left.
   - This can help the agent learn the momentum-building strategy more effectively.

5. **Reward Shaping:**
   - If not already implemented, consider shaping the reward to provide additional feedback for increasing velocity or reaching higher positions, which can guide the agent towards more effective strategies.

By adopting a more balanced and strategic exploration approach, the DQN agent should be able to learn the necessary policy to solve the MountainCar-v0 task more efficiently.","```json
{
  ""action_probs"": [0.4, 0.2, 0.4]
}
```"
146,-60.34449308089512,-58.5457924199325,0.01,0.02705974504351616,N/A,N/A
147,-38.60652980297538,-58.060176230688214,0.01,0.022066384553909302,N/A,N/A
148,-68.93498208401725,-58.78007969711388,0.01,0.02279631793498993,N/A,N/A
149,-59.25663724379844,-58.05315082259234,0.01,0.02188839390873909,N/A,N/A
150,-60.266223933179795,-57.904715751502536,0.01,0.01148015633225441,"Based on the data provided, the current action distribution appears to be heavily skewed towards action 2 (Push Right), with a moderate number of actions 0 (Push Left) and a minimal number of actions 1 (No Push). The total reward in the last episode is relatively low, indicating that the agent is struggling to effectively learn the task. Here are some observations and recommendations for improving the exploration strategy:

### Observations:
1. **Action Distribution**: The current distribution is heavily biased towards pushing right (action 2). While this might help in reaching the flag, it can be counterproductive if the car doesn't have enough momentum to climb the hill effectively.
   
2. **Momentum Building**: The MountainCar environment requires the agent to build momentum by oscillating between pushing left and right. The current distribution suggests insufficient exploration of this oscillation behavior.

3. **Reward Signal**: A total reward of approximately -60 indicates that the car is not reaching the goal efficiently. This suggests that the current policy is not effectively utilizing the state space to build the necessary momentum.

### Recommendations:
1. **Balanced Exploration**: Adjust the exploration action distribution to encourage more balanced exploration between pushing left and right. This will help the agent learn the dynamics of momentum building better.
   
   - **Suggested Action Distribution**: 
     - Action 0 (Push Left): 40%
     - Action 1 (No Push): 20%
     - Action 2 (Push Right): 40%

2. **Increased Exploration**: Consider using an epsilon-greedy strategy with a higher epsilon value for the next 20 episodes to encourage more exploration. This will help the agent explore different state-action pairs and potentially discover more effective strategies.

3. **Momentum Focused Training**: Encourage the agent to learn the importance of momentum by occasionally prioritizing sequences of alternating actions (0 and 2). This can be done by biasing the exploration policy to occasionally favor such sequences.

4. **Monitor and Adjust**: Continuously monitor the reward and adjust the action distribution based on the agent's performance. If the agent begins to improve, gradually reduce exploration to allow for more exploitation of the learned policy.

5. **Reward Shaping**: If possible, consider incorporating reward shaping to provide additional feedback when the car gains momentum, even if it doesn't immediately reach the goal. This can guide the agent towards more effective strategies.

By implementing these recommendations, the agent should be able to explore the environment more effectively and learn the necessary strategies for building momentum and reaching the goal.","```json
{
  ""action_probs"": [0.4, 0.2, 0.4]
}
```"
151,-59.89984496951636,-57.675853807452015,0.01,0.011742496863007545,N/A,N/A
152,-39.82806108485176,-57.712722854870584,0.01,0.0250619575381279,N/A,N/A
153,-44.05054408809104,-57.602784262974794,0.01,0.012719225138425827,N/A,N/A
154,-61.816832011617144,-56.9293433302379,0.01,0.01414029486477375,N/A,N/A
155,-58.6320160424869,-56.68777431084381,0.01,0.00875762477517128,"To help the DQN agent learn faster in the MountainCar-v0 environment, we need to ensure that the exploration strategy effectively encourages the agent to explore the state-action space in a way that builds momentum and eventually reaches the goal. Let's analyze the current situation and provide recommendations:

### Analysis of Current Exploration

1. **Action Distribution:**
   - The sampled actions in the last episode show a high frequency of action `2` (Push Right) towards the end of the episode.
   - There are also clusters of action `0` (Push Left) and some instances of action `1` (No Push), but they are less frequent.

2. **Current Performance:**
   - The total reward of -58.63 indicates that the agent is not yet consistently reaching the goal. In MountainCar-v0, a reward of -200 is the worst-case scenario for an episode, so -58.63 suggests some progress but not optimal performance.

3. **Momentum Building:**
   - To reach the goal, the car needs to build sufficient momentum by oscillating between the left and right hills. This requires a balanced use of actions `0` and `2`.

### Recommendations for Exploration Strategy

1. **Balanced Exploration:**
   - Encourage a more balanced distribution between actions `0` and `2`. This will help the agent learn to build momentum more effectively. A suggested distribution could be:
     - Action `0` (Push Left): 40%
     - Action `1` (No Push): 10%
     - Action `2` (Push Right): 50%

2. **Incorporate Stochasticity:**
   - Introduce some randomness in the action selection to ensure diverse exploration. This can be achieved by using an epsilon-greedy strategy with a moderately high epsilon (e.g., 0.3) during these exploratory episodes.

3. **Adaptive Exploration:**
   - Consider an adaptive exploration strategy where the action distribution can change based on the car's position and velocity. For example, if the car's velocity is negative (moving left), slightly increase the probability of action `2` to encourage momentum building.

4. **Monitor and Adjust:**
   - After implementing the new exploration strategy, monitor the total rewards and sampled actions. Adjust the distribution if needed based on the agent's performance and behavior in subsequent episodes.

By implementing these recommendations, you should see an improvement in the agent's ability to learn the optimal policy more efficiently. The key is to ensure the agent explores the state-action space in a way that encourages momentum building, which is crucial for solving the MountainCar-v0 task.","```json
{
  ""action_probs"": [0.4, 0.1, 0.5]
}
```"
156,-60.637874651520626,-56.82180308005993,0.01,0.012196358293294907,N/A,N/A
157,-91.62936798560966,-56.78286355483177,0.01,0.01779010519385338,N/A,N/A
158,-59.51708627907895,-56.44789779749404,0.01,0.027140390127897263,N/A,N/A
159,-56.94902532302243,-56.44541134825785,0.01,0.011082394048571587,N/A,N/A
160,-48.53063894253492,-56.43149119997845,0.01,0.01308848150074482,"To help the DQN agent learn faster in the MountainCar-v0 environment, we need to consider the current action distribution and its impact on the agent's learning process. From the sampled actions provided, we can observe the following distribution:

- Action 0 (Push Left): 29 times
- Action 1 (No Push): 6 times
- Action 2 (Push Right): 65 times

It appears that the agent is predominantly taking the ""Push Right"" action, with a significant bias towards this action. The ""No Push"" action is underrepresented. This imbalance could be limiting the agent's ability to explore the state space effectively, particularly in building the momentum necessary to reach the goal.

### Recommendations for Exploration Strategy:

1. **Balanced Exploration**:
   - Adjust the action distribution to encourage more exploration of different actions. A more balanced distribution could be:
     - Action 0 (Push Left): 40%
     - Action 1 (No Push): 20%
     - Action 2 (Push Right): 40%

   This distribution encourages the agent to explore actions that help build momentum in both directions, which is crucial for solving the MountainCar-v0 problem.

2. **Incorporate Exploration Noise**:
   - Introduce stochasticity in action selection by adding noise to the action values. This can be achieved by using techniques like epsilon-greedy, where a small percentage of actions are chosen randomly, or by adding Gaussian noise to the action values.

3. **Adaptive Exploration**:
   - Implement an adaptive exploration strategy that adjusts the action distribution based on the agent's recent performance. If the agent is not improving, increase exploration by favoring less frequently chosen actions.

4. **Monitor and Adjust**:
   - Continuously monitor the agent's performance and adjust the exploration strategy accordingly. If there is no improvement over several episodes, consider further increasing the exploration of underrepresented actions.

5. **State-Dependent Exploration**:
   - Consider a more sophisticated approach where the action distribution is dependent on the agent's current state (position and velocity). For example, when the car is near the left boundary, increase the probability of ""Push Right"" and vice versa.

By implementing these recommendations, the agent should be able to explore the environment more effectively, potentially leading to faster learning and improved performance in achieving the goal of reaching the flag on the right hill.","```json
{
  ""action_probs"": [0.4, 0.2, 0.4]
}
```"
161,-59.00818384086016,-56.6359125913645,0.01,0.013794418424367905,N/A,N/A
162,-57.91075074185418,-56.85433372884789,0.01,0.032921962440013885,N/A,N/A
163,-57.9296117347133,-56.6194443483736,0.01,0.01351179275661707,N/A,N/A
164,-43.91201585510114,-58.316814749116205,0.01,0.010226104408502579,N/A,N/A
165,-58.52225227869515,-56.73348445863293,0.01,0.033456042408943176,"To help the DQN agent learn faster in the MountainCar-v0 environment, we need to ensure that the exploration strategy allows the agent to effectively experience different state-action pairs, particularly those that are crucial for building the momentum required to reach the goal. Let's analyze the provided data and make recommendations for an exploration action distribution.

### Analysis of Current Action Distribution

1. **Action Distribution**: 
   - Push Left (0): 24 times
   - No Push (1): 5 times
   - Push Right (2): 69 times

2. **Current Strategy**: 
   - The agent is heavily favoring the ""Push Right"" action, which might not be optimal for building the necessary momentum to climb the hill. The ""Push Left"" action is also being used, but the ""No Push"" action is significantly underrepresented.

3. **Reward**: 
   - The total reward of -58.52 indicates that the agent is not yet effectively reaching the goal, as a higher (less negative) reward would suggest more successful episodes.

### Recommendations for Exploration Strategy

To improve the agent's learning, we should adjust the exploration strategy to encourage a more balanced exploration of actions. This can help the agent learn the dynamics of building momentum more effectively.

1. **Balanced Action Distribution**:
   - **Push Left (0)**: 40%
   - **No Push (1)**: 20%
   - **Push Right (2)**: 40%

   This distribution encourages the agent to explore pushing both left and right equally, while still considering the ""No Push"" option more than it currently does. This balance should help the agent discover effective momentum-building strategies.

2. **Adaptive Exploration**:
   - Consider using an epsilon-greedy strategy with a decaying epsilon over the 20 episodes. Start with a higher epsilon (e.g., 0.5) to encourage exploration and gradually decrease it to focus more on exploitation once the agent starts learning effective strategies.

3. **Encourage Momentum Building**:
   - The agent needs to understand the importance of oscillating between left and right pushes to gain enough momentum to reach the goal. By balancing the action distribution, the agent can better explore these oscillations.

4. **Monitor Learning Progress**:
   - Continuously monitor the agent's performance and adjust the exploration strategy if necessary. If the agent's reward does not improve, consider increasing the exploration rate or adjusting the action distribution further.

By implementing these recommendations, the agent should be able to explore more effectively and learn the optimal strategy for solving the MountainCar-v0 task faster.","```json
{
  ""action_probs"": [0.4, 0.2, 0.4]
}
```"
166,-58.30827547665685,-57.928104357317615,0.01,0.010293718427419662,N/A,N/A
167,-59.80052821943204,-59.56552530148217,0.01,0.013145532459020615,N/A,N/A
168,-56.76332276180118,-59.72997366176774,0.01,0.010581323876976967,N/A,N/A
169,-57.95101881446567,-59.690877792094156,0.01,0.014479393139481544,N/A,N/A
170,-40.13273229029561,-59.779203561450004,0.01,0.009477687999606133,"To help the DQN agent learn faster in the MountainCar-v0 environment, we need to ensure that the exploration strategy allows the agent to effectively explore the state-action space and build the necessary momentum to reach the goal. Here are some observations and recommendations based on the provided data:

### Observations:
1. **Action Distribution**: The sampled actions from the last episode show a heavy bias towards action `2` (Push Right) with 57 instances, followed by action `0` (Push Left) with 29 instances, and a very limited use of action `1` (No Push) with only 2 instances.
2. **Total Reward**: The total reward of approximately -40 indicates that the agent has not yet successfully reached the goal, which is typical in the early stages of learning for this environment.

### Recommendations:
1. **Balanced Exploration**: The current action distribution is heavily skewed towards pushing right. To build the necessary momentum, the agent should explore more evenly between pushing left and right. Consider a more balanced distribution between actions `0` and `2` to allow the agent to gain momentum by oscillating back and forth more effectively.

2. **Increased Use of 'No Push'**: While the ""No Push"" action is generally less useful, it can still play a role in fine-tuning the position and velocity. Increase the frequency of action `1` slightly to allow the agent to explore the effects of not taking an immediate action, which can sometimes help stabilize or maintain momentum.

3. **Exploration Strategy**:
   - **Epsilon-Greedy with Decay**: Use an epsilon-greedy strategy where epsilon starts at a higher value (e.g., 0.9) and decays over time. This encourages more exploration initially, which is crucial for learning effective strategies in MountainCar-v0.
   - **Action Probability Distribution**: For the next 20 episodes, consider an action probability distribution like [0.4, 0.1, 0.5] for actions [0, 1, 2] respectively. This encourages a more balanced exploration between pushing left and right while still allowing some exploration of the ""No Push"" action.

4. **Monitor and Adjust**: As learning progresses, monitor the agent's performance and the distribution of actions. If the agent starts to show improvement in reaching the goal, gradually shift towards more exploitation (i.e., favoring actions that have historically led to higher rewards).

By implementing these recommendations, the DQN agent should be able to explore the environment more effectively, build the necessary momentum, and ultimately learn a policy that achieves the goal more efficiently.","```json
{
  ""action_probs"": [0.35, 0.15, 0.5]
}
```"
171,-58.71774487261259,-60.64887605810363,0.01,0.012384461238980293,N/A,N/A
172,-57.48756815115251,-61.519874556998005,0.01,0.06755373626947403,N/A,N/A
173,-55.81977336106939,-62.201755428953405,0.01,0.010808378458023071,N/A,N/A
174,-57.892813738997184,-68.15456197117909,0.01,0.009834229946136475,N/A,N/A
175,-41.44830618113545,-75.79929607612583,0.01,0.03409206494688988,"Based on the data provided, the agent has predominantly chosen action '2' (Push Right) towards the latter part of the episode, with very few '0' (Push Left) and '1' (No Push) actions. This indicates an imbalance in action selection, which might not be ideal for the MountainCar-v0 environment where the agent needs to build momentum by oscillating between the left and right hills to reach the goal.

### Analysis:
1. **Action Imbalance**: The current action distribution is heavily skewed towards 'Push Right'. This could lead to suboptimal exploration and learning, as the agent might not be effectively learning the dynamics of the environment which require oscillatory motion.
2. **Momentum Building**: The MountainCar task requires the agent to build momentum by moving back and forth. If the agent predominantly selects 'Push Right', it may struggle to climb the left hill sufficiently to gain the necessary speed to reach the goal.

### Recommendations for Exploration Strategy:
To improve the exploration and help the DQN agent learn faster, consider adjusting the exploration strategy as follows:

1. **Balanced Action Distribution**: Aim to create a more balanced distribution of actions during exploration. This can be achieved by:
   - **Increasing the Probability of 'Push Left'**: Encourage the agent to explore moving left more frequently to build momentum.
   - **Reducing the Over-Reliance on 'Push Right'**: Limit the frequency of 'Push Right' actions to prevent the agent from getting stuck in a suboptimal strategy.

2. **Suggested Action Distribution**:
   - **Action 0 (Push Left)**: 40%
   - **Action 1 (No Push)**: 20%
   - **Action 2 (Push Right)**: 40%

3. **Implement Epsilon-Greedy Exploration**: Use an epsilon-greedy strategy where the agent has a higher probability of selecting random actions. This can help in exploring different state-action pairs and learning the optimal policy. Start with a higher epsilon (e.g., 0.3) and decay it gradually over the episodes.

4. **Monitor and Adjust**: Continuously monitor the performance and adjust the action distribution if necessary. If the agent starts to perform better, consider shifting towards more exploitation to consolidate learning.

By implementing these recommendations, the agent should be able to explore the environment more effectively, build the necessary momentum to reach the goal, and improve its learning efficiency.","```json
{
  ""action_probs"": [0.4, 0.2, 0.4]
}
```"
176,-79.894417318888,-62.60787543170445,0.01,0.012064570561051369,N/A,N/A
177,-38.26207602173089,-61.87585607317095,0.01,0.02162826992571354,N/A,N/A
178,-79.08884985991209,-62.361020079117466,0.01,0.01893635466694832,N/A,N/A
179,-65.25817585958451,-63.34622471409117,0.01,0.017221245914697647,N/A,N/A
180,-59.41832642196347,-63.256473326265464,0.01,0.03052848018705845,"Based on the data you've provided, we can observe the following patterns and make recommendations for an exploration strategy:

### Analysis
1. **Action Distribution**:
   - A significant portion of the actions sampled are biased towards action `2` (Push Right), especially in the latter part of the episode.
   - There is a cluster of `0` (Push Left) actions at the beginning and intermittently throughout the episode.
   - Action `1` (No Push) is infrequently used.

2. **Reward**:
   - The total reward of `-59.42` indicates that the agent is still far from solving the task optimally. A reward of `-59` suggests that the agent is reaching the goal but not efficiently.

3. **Momentum Building**:
   - The MountainCar-v0 environment requires the agent to build momentum by moving back and forth to reach the flag. The current action distribution seems to reflect some understanding of this requirement but might be overly biased towards pushing right.

### Recommendations
To enhance exploration and potentially improve learning speed, consider the following action distribution strategy:

1. **Balanced Exploration**:
   - Encourage a more balanced exploration strategy by sampling actions more evenly. This can help the agent better understand the dynamics of building momentum by experimenting with different sequences of actions.
   - Suggested exploratory action distribution:
     - Action `0` (Push Left): 40%
     - Action `1` (No Push): 20%
     - Action `2` (Push Right): 40%

2. **Incorporate Randomness**:
   - Introduce a small amount of randomness or noise in the action selection process to prevent the agent from getting stuck in suboptimal patterns. This can be achieved through techniques like epsilon-greedy exploration, where the agent occasionally takes a random action.

3. **Adaptive Exploration**:
   - Gradually adjust the exploration strategy based on the agent's performance. If the agent starts achieving higher rewards consistently, consider decreasing exploration and allowing the policy to exploit learned behaviors more.

4. **Monitor Learning**:
   - Continuously monitor the agent's performance and adjust the exploration strategy as needed. If the agent's performance plateaus or worsens, consider revisiting the exploration strategy and action distribution.

By implementing these recommendations, the agent should be better equipped to explore the environment effectively, potentially leading to faster learning and improved performance in the MountainCar-v0 task.","```json
{
  ""action_probs"": [0.4, 0.2, 0.4]
}
```"
181,-65.52040373249748,-63.1085581640785,0.01,0.012789574451744556,N/A,N/A
182,-67.21534492286577,-71.22318632691955,0.01,0.013210371136665344,N/A,N/A
183,-59.73918492196663,-65.98842316722879,0.01,0.011602028273046017,N/A,N/A
184,-58.88166608817412,-64.45405048537546,0.01,0.013910223729908466,N/A,N/A
185,-39.23614161077089,-75.38254422528688,0.01,0.03114279918372631,"Based on the provided data, we can observe the following:

1. **Action Imbalance**: There is a significant imbalance in the sampled actions, with a strong bias towards action 2 (Push Right). Out of 91 actions, 61 are action 2, 4 are action 1 (No Push), and 26 are action 0 (Push Left). This suggests that the exploration strategy is heavily favoring pushing right, which might not be optimal for building the necessary momentum to reach the goal.

2. **Momentum Building**: The MountainCar-v0 environment requires the agent to build momentum by oscillating between the left and right hills. This means that a more balanced exploration strategy that includes more left pushes (action 0) is likely to be beneficial in learning an effective policy.

3. **Current Performance**: The total reward of -39.24 from the last episode indicates that the agent is not yet performing optimally. The reward is negative, which is expected in this environment, but it suggests that there is room for improvement in the exploration strategy to help the agent learn faster.

### Recommendations for Exploration Strategy

1. **Balanced Action Distribution**: For the next 20 training episodes, adjust the exploration action distribution to be more balanced. A suggested distribution could be:
   - Action 0 (Push Left): 40%
   - Action 1 (No Push): 20%
   - Action 2 (Push Right): 40%

   This distribution encourages the agent to explore pushing left more frequently, which is essential for building momentum, while still allowing for plenty of right pushes and some periods of no push to stabilize the car's velocity.

2. **Adaptive Exploration**: Consider using an adaptive exploration strategy where the distribution is dynamically adjusted based on the agent's performance or the car's position and velocity. For instance:
   - If the car's velocity is negative (moving left), slightly increase the probability of action 2 to help it move right.
   - If the car's velocity is positive (moving right), increase the probability of action 0 to ensure it gains enough momentum.

3. **Incorporate State Information**: Use the car's position and velocity to inform exploration decisions. For example, if the car is near the left boundary, prioritize action 2 to push right, and vice versa.

4. **Monitor and Adjust**: After implementing the new exploration strategy, closely monitor the agent's performance and adjust the action distribution as needed. If the agent starts achieving better rewards, continue with the current strategy. If not, consider further adjustments.

By adopting a more balanced and adaptive exploration strategy, the agent is likely to learn a more effective policy for solving the MountainCar-v0 task.","```json
{
  ""action_probs"": [0.4, 0.2, 0.4]
}
```"
186,-57.03621622498947,-70.6166817723346,0.01,0.025552304461598396,N/A,N/A
187,-60.83253910810285,-75.19671708889963,0.01,0.013265895657241344,N/A,N/A
188,-39.37605640568238,-65.84712052575782,0.01,0.01617727056145668,N/A,N/A
189,-117.45901960618376,-64.03663616101835,0.01,0.01391118299216032,N/A,N/A
190,-39.91573394119208,-62.27976004015225,0.01,0.02747454307973385,"Based on the provided data, we notice a few key points in the sampled actions distribution during the last episode:

1. **Action Distribution:**
   - Action 0 (Push Left): 33 instances
   - Action 1 (No Push): 3 instances
   - Action 2 (Push Right): 60 instances

2. **Total Reward:**
   - The total reward for the last episode was -39.91, which indicates that the agent is not yet performing optimally, as the reward is negative and likely far from the optimal performance.

3. **Current Behavior:**
   - The agent predominantly uses Action 2 (Push Right), which might suggest that it is trying to push towards the goal on the right but lacks momentum.
   - There is a significant imbalance in the action distribution, with very few instances of Action 1 (No Push).

### Recommendations for Exploration Strategy:

To improve the learning efficiency of the DQN agent, consider the following exploration strategy adjustments:

1. **Balanced Exploration:**
   - Encourage a more balanced exploration of actions. Given the current distribution, it seems the agent is over-exploring Action 2. A more balanced distribution could help the agent learn the dynamics of the environment better.
   - Suggested action distribution for exploration:
     - Action 0 (Push Left): 35%
     - Action 1 (No Push): 30%
     - Action 2 (Push Right): 35%

2. **Momentum Building:**
   - The MountainCar-v0 environment requires building momentum to reach the goal. Encourage the agent to explore sequences of alternating actions (e.g., left-right-left) to effectively build momentum.

3. **Increased Exploration of No Push:**
   - Increase the exploration of Action 1 (No Push). This can help the agent learn when to conserve momentum and allow the car to naturally roll back to gather speed.

4. **Adaptive Exploration:**
   - Consider using an epsilon-greedy strategy with a decaying epsilon value. Start with a higher epsilon to encourage exploration and gradually decrease it as the agent starts to learn the environment dynamics.

5. **Reward Shaping:**
   - If possible, consider implementing reward shaping to provide intermediate rewards that encourage the agent to build momentum effectively. For example, giving small rewards for reaching higher positions on the left hill.

By adjusting the exploration strategy to be more balanced and encouraging momentum-building behavior, the agent should be able to learn more effectively and improve its performance in future episodes.","```json
{
  ""action_probs"": [0.35, 0.3, 0.35]
}
```"
191,-38.49536529984324,-61.36357205810477,0.01,0.017041198909282684,N/A,N/A
192,-41.48988728140747,-61.57170276021374,0.01,0.02513997256755829,N/A,N/A
193,-56.44628364089214,-61.99467728010531,0.01,0.011713533662259579,N/A,N/A
194,-56.326015828032645,-62.746174535019726,0.01,0.0136148976162076,N/A,N/A
195,-37.961737055620844,-60.609541823693064,0.01,0.011438006535172462,"Based on the provided data, it seems that the agent is predominantly executing the ""Push Right"" action (action 2) in the latter part of the episode, with a significant number of ""Push Left"" actions (action 0) at the beginning, and only a single ""No Push"" action (action 1) in between. This pattern suggests that the agent is trying to build momentum by first moving left and then predominantly moving right, which is a typical strategy for the MountainCar-v0 environment. However, the total reward indicates that the agent is still struggling to reach the goal efficiently.

Here are some recommendations for adjusting the exploration strategy to help the DQN agent learn faster:

1. **Increase Exploration of ""No Push"" (Action 1):**
   - The ""No Push"" action is underrepresented in the sampled actions. Introducing more ""No Push"" actions could help the agent learn more about the dynamics of slowing down or maintaining velocity without additional force, which might be useful in fine-tuning the car's position and velocity.

2. **Balanced Exploration:**
   - Consider a more balanced action distribution during exploration. For instance, you might aim for a distribution like 30% ""Push Left"", 30% ""No Push"", and 40% ""Push Right"". This distribution encourages the agent to explore a wider range of strategies, which can be beneficial for learning the optimal policy.

3. **Adaptive Exploration Strategy:**
   - Implement an adaptive exploration strategy where the probability of selecting each action changes based on the car's position and velocity. For example, if the car is moving too fast towards the goal, increase the probability of ""No Push"" to allow the agent to explore slowing down.

4. **State-Dependent Exploration:**
   - Tailor the exploration strategy to different regions of the state space. For instance, near the left boundary, increase the probability of ""Push Right"", and near the right boundary, increase the probability of ""Push Left"". This can help the agent build momentum more effectively.

5. **Decay Exploration Over Time:**
   - Gradually decrease the exploration rate over the 20 episodes to allow the agent to exploit learned policies as it becomes more confident in its actions. This could be implemented using an epsilon-greedy strategy where epsilon decays over time.

By implementing these strategies, you can encourage the agent to explore a wider range of actions and state transitions, potentially leading to faster learning and improved performance in the MountainCar-v0 environment.","```json
{
  ""action_probs"": [0.3, 0.3, 0.4]
}
```"
196,-58.12854093914916,-54.58468974914342,0.01,0.012798121199011803,N/A,N/A
197,-55.941376161089686,-50.69814906767345,0.01,0.022823898121714592,N/A,N/A
198,-58.139573398225835,-52.10912713394002,0.01,0.01125502958893776,N/A,N/A
199,-38.73494015676634,-48.684749388388,0.01,0.007668845355510712,N/A,N/A
200,-59.076781163198355,-48.81140134158204,0.01,0.01002457831054926,"To help the DQN agent learn faster in the MountainCar-v0 environment, we need to carefully consider the exploration strategy. The sampled actions and the total reward from the last episode provide some insights into the current exploration-exploitation balance and how it might be adjusted to improve learning.

### Analysis of Sampled Actions:
1. **Action Distribution**: 
   - Action 0 (Push Left): 35 times
   - Action 1 (No Push): 19 times
   - Action 2 (Push Right): 46 times

2. **Current Strategy**:
   - The current strategy seems to favor Action 2 (Push Right) significantly more than the others. This indicates that the agent is likely trying to move towards the goal, but may not be building sufficient momentum by oscillating between the hills.

3. **Reward**:
   - The total reward of -59.08 suggests that the agent is not yet efficiently reaching the goal. The reward in MountainCar is typically negative and increases as the agent reaches the goal faster, so a less negative reward indicates better performance.

### Recommendations for Exploration Strategy:
To improve the learning efficiency of the DQN agent, consider the following strategy adjustments:

1. **Balanced Exploration**:
   - **Increase Exploration of Action 0 (Push Left)**: Encourage more exploration of Action 0 to help the car build momentum by moving left. This will help the agent learn to swing back and forth more effectively.
   - **Maintain Moderate Exploration of Action 1 (No Push)**: This action is useful when the agent needs to let gravity assist in building momentum. Keeping a moderate level of exploration is beneficial.
   - **Reduce Slightly the Exploration of Action 2 (Push Right)**: While this action is crucial for reaching the goal, over-reliance on it without sufficient momentum can be counterproductive.

2. **Proposed Action Distribution**:
   - Action 0 (Push Left): 40%
   - Action 1 (No Push): 30%
   - Action 2 (Push Right): 30%

3. **Exploration Strategy**:
   - **Epsilon-Greedy Approach**: Use an epsilon-greedy strategy where epsilon is initially set to a higher value (e.g., 0.2) to ensure sufficient exploration, and then gradually decrease it over the episodes to favor exploitation of learned policies.
   - **Adaptive Exploration**: Consider dynamically adjusting the probabilities based on the agent's performance in recent episodes. If the agent is not improving, increase exploration; if it is improving, decrease exploration.

4. **Monitor Performance**:
   - Continuously monitor the total reward and sampled actions in each episode to ensure that the agent is learning effectively. Adjust the exploration strategy as needed based on these observations.

By adopting a more balanced action distribution and a dynamic exploration strategy, the agent should be able to learn the optimal policy more efficiently, ultimately achieving better performance in the MountainCar-v0 environment.","```json
{
  ""action_probs"": [0.4, 0.3, 0.3]
}
```"
201,-49.311452811081644,-48.56694895096299,0.01,0.018501363694667816,N/A,N/A
202,-38.597199255188144,-48.791352206073455,0.01,0.009299185127019882,N/A,N/A
203,-48.957657625675864,-48.623481292736834,0.01,0.01420795638114214,N/A,N/A
204,-53.4473884026387,-48.77129534198076,0.01,0.006567074917256832,N/A,N/A
205,-51.307913987448316,-48.217142496221285,0.01,0.020613959059119225,"Based on the provided data and task description, here are some observations and strategy recommendations for improving the exploration strategy in the MountainCar-v0 environment:

### Observations:
1. **Action Distribution**: The sampled actions from the last episode are heavily skewed towards action '2' (Push Right), with occasional '0' (Push Left) actions and only one '1' (No Push) action.
2. **Total Reward**: The total reward of -51.31 suggests that the car did not reach the flag, as reaching the goal quickly would yield a higher reward (closer to 0).
3. **Momentum Building**: The task requires building enough momentum by moving back and forth, which was not effectively achieved given the action distribution.

### Recommendations:
1. **Balanced Exploration**: To help the DQN agent learn faster, it is crucial to ensure a more balanced exploration of actions. The current distribution is too biased towards pushing right, which may hinder the agent's ability to learn effective momentum-building strategies.

2. **Action Distribution Adjustment**:
   - **Push Left (Action 0)**: Increase the proportion of 'Push Left' actions to encourage the agent to explore moving left more often. This can help in building the necessary momentum.
   - **No Push (Action 1)**: Slightly increase the proportion of 'No Push' actions. While not as critical, it may allow the agent to explore the effects of maintaining velocity without acceleration.
   - **Push Right (Action 2)**: Decrease the proportion of 'Push Right' actions to balance the exploration, as the current strategy is overly reliant on pushing right.

3. **Suggested Exploration Distribution**:
   - **Push Left (Action 0)**: 40%
   - **No Push (Action 1)**: 20%
   - **Push Right (Action 2)**: 40%

4. **Adaptive Exploration**: Consider implementing an adaptive exploration strategy where the action distribution is dynamically adjusted based on the agent's performance. For example, if the agent frequently fails to build sufficient momentum, increase the likelihood of 'Push Left' actions temporarily.

5. **Monitor and Adjust**: After implementing the new exploration strategy, closely monitor the agent's performance over the next 20 episodes. If the total reward improves, continue with the strategy; if not, further adjustments may be needed.

By implementing these recommendations, the agent should be able to explore the state space more effectively, potentially leading to faster learning and improved performance in the MountainCar-v0 environment.","```json
{
  ""action_probs"": [0.4, 0.2, 0.4]
}
```"
206,-58.11192395725853,-47.83470173990319,0.01,0.011068230494856834,N/A,N/A
207,-58.771852576175476,-48.630498944008295,0.01,0.00797525979578495,N/A,N/A
208,-48.315697373203655,-48.58784815469432,0.01,0.012130734510719776,N/A,N/A
209,-38.70866202781244,-47.73922537630972,0.01,0.00912585761398077,N/A,N/A
210,-40.85610136819472,-49.20085697738923,0.01,0.010446150787174702,"To help the DQN agent learn more effectively in the MountainCar-v0 environment, we need to focus on an exploration strategy that encourages the agent to experience a diverse range of states and actions. Based on the sampled actions provided and the total reward, here are some observations and recommendations:

### Observations:
1. **Action Imbalance**: The sampled actions show a heavy bias towards actions 0 (Push Left) and 2 (Push Right), with very few or no instances of action 1 (No Push). This suggests that the agent is primarily exploring the extremes of the action space and not adequately exploring the ""No Push"" action.

2. **Reward Indicator**: The total reward of -40.8561 suggests that the agent is not yet efficiently reaching the goal. This is expected in the early stages of learning, but it also indicates that the current exploration strategy might not be optimal.

3. **Momentum Building**: In MountainCar-v0, building momentum by oscillating between pushing left and right is crucial. However, the lack of ""No Push"" actions might mean the agent is not learning to effectively use the ""coast"" state to maintain or build momentum.

### Recommendations:
To improve exploration and potentially accelerate learning, consider the following action distribution strategy for the next 20 training episodes:

1. **Balanced Exploration**: Encourage a more balanced exploration by adjusting the probability distribution of actions. A suggested distribution could be:
   - Action 0 (Push Left): 40%
   - Action 1 (No Push): 20%
   - Action 2 (Push Right): 40%

2. **Incorporate Randomness**: Introduce a small degree of randomness to allow the agent to occasionally explore less frequent actions, which could help in discovering new strategies.

3. **Adaptive Exploration**: As the agent starts to learn and improve its performance (indicated by higher rewards), gradually adjust the exploration strategy to reduce randomness and rely more on the learned policy.

4. **Monitor and Adjust**: Continuously monitor the agent's performance and adjust the exploration strategy based on observed rewards and action distributions. If the agent starts achieving higher rewards consistently, consider reducing exploration in favor of exploitation.

By implementing these recommendations, the agent should be able to explore the state space more effectively, potentially leading to faster convergence to an optimal policy.","```json
{
  ""action_probs"": [0.4, 0.2, 0.4]
}
```"
211,-39.40113845110671,-49.516898767805465,0.01,0.015126718208193779,N/A,N/A
212,-39.38044413909749,-48.068488134244696,0.01,0.010341135784983635,N/A,N/A
213,-45.788302892419914,-48.64303912746637,0.01,0.007467199116945267,N/A,N/A
214,-38.606992068989875,-47.85667269749551,0.01,0.010431969538331032,N/A,N/A
215,-51.06650605263589,-48.503416510447906,0.01,0.014648264274001122,"Based on the provided data, the agent's recent exploration strategy seems heavily biased towards the ""Push Right"" action (action 2), with a few instances of ""Push Left"" (action 0) and no ""No Push"" (action 1) actions being sampled. This indicates an imbalanced exploration strategy, which might not be optimal for learning the task effectively. To help the DQN agent learn faster, a more balanced exploration strategy is recommended. Here's a detailed analysis and strategy recommendation:

### Analysis:
1. **Current Action Distribution**:
   - **Push Right (2)**: Dominant action, used extensively.
   - **Push Left (0)**: Used sparingly.
   - **No Push (1)**: Not used at all.

2. **Current Performance**:
   - The total reward in the last episode is -51.07, which indicates that the agent is still struggling to reach the goal efficiently.

3. **Problem Identification**:
   - The heavy bias towards ""Push Right"" suggests that the agent might not be effectively exploring the state space, particularly the left side of the environment, which is crucial for building momentum.
   - Lack of ""No Push"" actions may prevent the agent from learning the importance of maintaining velocity or position without additional force.

### Recommendations:
To improve the exploration strategy, consider the following action distribution for the next 20 training episodes:

1. **Balanced Exploration**:
   - **Push Left (0)**: 30%
   - **No Push (1)**: 20%
   - **Push Right (2)**: 50%

2. **Rationale**:
   - **Push Left (0)**: Increase the frequency to encourage exploration of the left side to build momentum. This will help the agent learn to utilize the left hill effectively.
   - **No Push (1)**: Introduce this action to allow the agent to learn the effects of inertia and potentially maintain beneficial positions without additional force.
   - **Push Right (2)**: Maintain a higher frequency but reduce it to allow for more balanced exploration. This action is still crucial for reaching the goal, but should not dominate exploration.

3. **Adaptive Strategy**:
   - Continuously monitor the agent's performance and adjust the action distribution based on observed improvements or stagnation.
   - If performance improves, gradually transition to a more exploitation-focused strategy where the agent relies more on learned behavior rather than exploration.

By adopting a more balanced exploration strategy, the agent should be able to explore the state space more effectively, leading to improved learning and performance in the MountainCar-v0 environment.","```json
{
  ""action_probs"": [0.3, 0.2, 0.5]
}
```"
216,-49.19563830103892,-48.88962208668219,0.01,0.015205362811684608,N/A,N/A
217,-39.02572593516005,-48.66071119940891,0.01,0.030239537358283997,N/A,N/A
218,-57.82691919067872,-47.5190701429501,0.01,0.010195128619670868,N/A,N/A
219,-58.12701373746216,-47.78880443125969,0.01,0.008821779862046242,N/A,N/A
220,-46.30358273458136,-47.877038728479405,0.01,0.009429460391402245,"To help the DQN agent learn faster in the MountainCar-v0 environment, it's important to ensure that the agent explores the action space effectively. The provided data indicates that the actions sampled in the last episode were heavily biased towards actions 0 (Push Left) and 2 (Push Right), with no instances of action 1 (No Push). This suggests a lack of exploration in the action space, particularly with respect to action 1.

Here are some recommendations for an exploration strategy:

1. **Balanced Action Distribution**: To encourage exploration, consider using a more balanced action distribution. This could mean assigning a non-zero probability to each action. For example:
   - Action 0 (Push Left): 40%
   - Action 1 (No Push): 20%
   - Action 2 (Push Right): 40%

   This distribution ensures that all actions are explored, but still maintains a higher likelihood for the more dynamic actions (0 and 2) that are necessary to build momentum.

2. **Epsilon-Greedy Strategy**: Implement an epsilon-greedy strategy where the agent predominantly exploits the current policy but occasionally explores randomly. Start with a higher epsilon (e.g., 0.3) to encourage exploration and gradually decrease it over time as the agent learns.

3. **Momentum Building**: Given the nature of the task, it's crucial that the agent learns to build momentum by alternating between actions 0 and 2. Ensure that the exploration strategy allows for sequences of these actions to be tried.

4. **Adaptive Exploration**: Consider using an adaptive exploration strategy where the action distribution is dynamically adjusted based on the agent's performance and the environment's feedback. If the agent is not improving, increase the exploration rate.

5. **Reward Shaping**: Although not directly related to action distribution, reward shaping can help guide the agent. Provide intermediate rewards for reaching certain positions or velocities to encourage momentum building.

By implementing these strategies, the agent should be able to explore the environment more effectively, leading to faster learning and improved performance in the MountainCar-v0 task.","```json
{
  ""action_probs"": [0.4, 0.2, 0.4]
}
```"
221,-59.01239284661468,-47.56062592863189,0.01,0.018147137016057968,N/A,N/A
222,-46.804003638993684,-47.45772488434488,0.01,0.01173747144639492,N/A,N/A
223,-39.120282173170054,-48.09105370161385,0.01,0.012244628742337227,N/A,N/A
224,-48.29086151570749,-47.404369318537604,0.01,0.009510310366749763,N/A,N/A
225,-51.39337822916649,-47.89339159925102,0.01,0.010549277067184448,"To help the DQN agent learn faster in the MountainCar-v0 environment, it's important to ensure that the agent explores the state space effectively. Given the task's nature, where the car needs to build momentum by moving back and forth, an effective exploration strategy should encourage the agent to sample actions that facilitate this momentum-building process.

### Analysis of Current Exploration

1. **Action Distribution:**
   - The sampled actions indicate a strong bias towards action `2` (Push Right), with a smaller number of actions `0` (Push Left) and even fewer actions `1` (No Push).
   - This distribution suggests that the agent is primarily attempting to push the car to the right, which may not be effective for building the necessary momentum to reach the goal.

2. **Total Reward:**
   - The total reward of approximately -51.39 indicates that the agent is not yet reaching the goal efficiently. In MountainCar, a higher (less negative) reward indicates better performance, as the episode ends when the car reaches the flag.

### Recommendations for Exploration Strategy

To improve exploration and help the DQN agent learn faster, consider the following recommendations:

1. **Balanced Action Distribution:**
   - Encourage a more balanced distribution of actions. Since the car needs to move back and forth, ensure that actions `0` (Push Left) and `2` (Push Right) are sampled more evenly.
   - A suggested distribution could be:
     - Action `0` (Push Left): 40%
     - Action `1` (No Push): 10%
     - Action `2` (Push Right): 50%
   - This distribution ensures the agent explores both directions adequately while still allowing for some neutral actions.

2. **Incorporate Exploration Noise:**
   - Introduce some randomness or noise in the action selection process to prevent the agent from getting stuck in suboptimal action sequences.
   - Consider using an epsilon-greedy strategy where epsilon gradually decays over time, starting with a higher exploration rate.

3. **Encourage Momentum Building:**
   - Implement strategies or reward shaping that emphasize the importance of building momentum. For example, provide additional rewards for achieving higher velocities.

4. **Monitor and Adjust:**
   - Continuously monitor the agent's performance and adjust the action distribution if necessary. If the agent starts favoring one action too heavily, rebalance the distribution.

5. **Utilize Prior Knowledge:**
   - Incorporate prior knowledge about the environment. For instance, the agent should learn that moving left initially can help gain momentum to eventually move right and reach the goal.

By adjusting the exploration strategy to encourage a more balanced and effective action distribution, the agent should be able to learn the task more efficiently and achieve better performance in the MountainCar-v0 environment.","```json
{
  ""action_probs"": [0.4, 0.1, 0.5]
}
```"
226,-51.89266536688833,-47.91053887465965,0.01,0.014791788533329964,N/A,N/A
227,-48.029166197836666,-48.63218519998074,0.01,0.01362423226237297,N/A,N/A
228,-41.45108442115598,-49.128514954182165,0.01,0.009320840239524841,N/A,N/A
229,-48.72337101943725,-50.58842728024614,0.01,0.007540179882198572,N/A,N/A
230,-40.676921080877705,-48.81160602625452,0.01,0.016258541494607925,"Based on the provided data, it seems that the agent is heavily favoring the ""Push Left"" (action 0) and ""Push Right"" (action 2) actions, with a significant bias towards one direction at a time. In the last episode, the agent performed a sequence of ""Push Left"" actions followed by a sequence of ""Push Right"" actions. This pattern suggests that the agent is attempting to build momentum but may not be effectively alternating between left and right pushes to gain sufficient momentum to reach the goal.

To help the DQN agent learn faster, we need to encourage a more balanced exploration strategy that allows the agent to effectively build momentum. Here are some recommendations for the exploration action distribution:

1. **Balanced Action Distribution**:
   - Encourage a more balanced distribution of actions to help the agent explore different strategies for building momentum. A suggested distribution could be:
     - 40% ""Push Left"" (action 0)
     - 20% ""No Push"" (action 1)
     - 40% ""Push Right"" (action 2)

2. **Incorporate Randomness**:
   - Introduce some randomness to the action selection to prevent the agent from getting stuck in a repetitive pattern. This can be achieved by using a stochastic policy where actions are sampled based on the above probabilities.

3. **Encourage Alternation**:
   - Since building momentum is key, encourage the agent to alternate between ""Push Left"" and ""Push Right"" more frequently. This can be done by slightly increasing the probability of switching actions after a few consecutive actions in one direction.

4. **Adaptive Exploration**:
   - Consider using an adaptive exploration strategy where the action distribution is adjusted based on the agent's performance. If the agent is not improving, increase exploration by favoring a more uniform distribution.

5. **Monitor and Adjust**:
   - Continuously monitor the agent's performance and adjust the exploration strategy as needed. If the agent shows improvement, gradually reduce exploration to allow the agent to exploit learned strategies.

By implementing these recommendations, the agent should be able to explore more effectively and potentially learn a more optimal strategy for reaching the goal in the MountainCar-v0 environment.","```json
{
  ""action_probs"": [0.4, 0.2, 0.4]
}
```"
231,-49.399481411770104,-50.14645837615727,0.01,0.012808564119040966,N/A,N/A
232,-49.64038842247933,-49.269494033845845,0.01,0.014900142326951027,N/A,N/A
233,-51.301520213910486,-47.73613750651763,0.01,0.011761894449591637,N/A,N/A
234,-57.13093992360769,-47.01949071953529,0.01,0.006634429097175598,N/A,N/A
235,-50.92350050423162,-47.15138035747821,0.01,0.007496509701013565,"To improve the exploration strategy for the MountainCar-v0 environment, let's analyze the current situation and suggest a more effective action distribution for the agent to learn faster.

### Analysis of Current Data

1. **Current Action Distribution:**
   - The sampled actions show a heavy bias towards action `2` (Push Right), followed by a cluster of actions `0` (Push Left).
   - There is minimal use of action `1` (No Push).

2. **Total Reward:**
   - The total reward of -50.92 suggests that the agent is not yet efficiently reaching the goal. In MountainCar-v0, rewards are negative until the goal is reached, so a higher (less negative) reward indicates better performance.

3. **Exploration Strategy:**
   - The current strategy might be overly deterministic or biased, as evidenced by the repetitive sequences of the same action. This can lead to suboptimal learning as the agent might not sufficiently explore the state space.

### Recommendations for Action Distribution

To facilitate better exploration and learning, consider the following action distribution strategy for the next 20 training episodes:

1. **Balanced Exploration:**
   - Encourage a more balanced distribution among the actions to ensure that the agent explores various strategies. A recommended initial distribution could be:
     - Action `0` (Push Left): 40%
     - Action `1` (No Push): 20%
     - Action `2` (Push Right): 40%

2. **Adaptive Exploration:**
   - Implement an adaptive exploration strategy where the distribution can be adjusted based on the agent's performance. For example, if the agent starts achieving higher rewards, gradually decrease exploration in favor of exploitation of the learned policy.

3. **Incorporate Exploration Techniques:**
   - Consider using exploration techniques like epsilon-greedy, where the agent mostly follows the current policy but occasionally explores random actions. Start with a higher epsilon (e.g., 0.3) and decay it over time as the agent learns.

4. **Momentum Building:**
   - Since the environment requires building momentum, ensure that the agent experiences sequences of alternating actions (e.g., `0` and `2`) to learn the dynamics of building momentum effectively.

By implementing a more balanced and adaptive exploration strategy, the agent should be able to learn the task more efficiently, leading to improved performance in terms of total rewards over time.","```json
{
  ""action_probs"": [0.4, 0.2, 0.4]
}
```"
236,-46.6545688967287,-47.15034385214447,0.01,0.009730718098580837,N/A,N/A
237,-50.0257558828486,-47.37575127947851,0.01,0.01828858256340027,N/A,N/A
238,-46.297995234852905,-48.836212823193634,0.01,0.013869686052203178,N/A,N/A
239,-50.387806666755516,-47.21298116426174,0.01,0.016208168119192123,N/A,N/A
240,-50.38402318930518,-48.99405406513834,0.01,0.009598895907402039,"Based on the data provided, the sampled actions and the total reward suggest that the agent is predominantly choosing the ""Push Right"" action (action 2) with occasional ""Push Left"" actions (action 0). The ""No Push"" action (action 1) is not being utilized at all. The total reward of approximately -50.38 indicates that the agent is not yet achieving the goal efficiently, as a higher (less negative) reward would be indicative of better performance.

### Analysis:
1. **Action Distribution**: The current action distribution is heavily skewed towards ""Push Right"" (action 2). This can lead to suboptimal learning because the agent is not exploring the state space adequately.
2. **Lack of Exploration**: The absence of the ""No Push"" action (action 1) suggests that the agent is not exploring all possible actions, which can hinder learning as it might miss states where this action is beneficial.
3. **Momentum Building**: Since the environment requires building momentum by moving back and forth, a more balanced action distribution could help the agent learn the dynamics of the environment more effectively.

### Recommendations:
To improve the exploration strategy and help the DQN agent learn faster, consider the following action distribution for the next 20 training episodes:

1. **Balanced Exploration**: Aim for a more balanced action distribution to encourage exploration. A suggested distribution could be:
   - **Push Left (action 0)**: 30%
   - **No Push (action 1)**: 20%
   - **Push Right (action 2)**: 50%

2. **Introduce Stochasticity**: Incorporate some randomness in action selection to ensure that the agent explores different actions in various states. This can be implemented through an epsilon-greedy strategy where:
   - With probability epsilon (e.g., 0.1 to 0.2), choose a random action.
   - With probability 1-epsilon, choose the action according to the policy.

3. **Monitor and Adjust**: After 20 episodes, evaluate the performance. If the agent's performance improves, continue with the current distribution. If not, consider further adjustments based on the agent's behavior and reward trends.

4. **State-Dependent Exploration**: If possible, implement a state-dependent exploration strategy where the action distribution can dynamically change based on the car's position and velocity. This can help the agent learn to apply more force when needed and conserve it when unnecessary.

By diversifying the action selection, the agent should be able to better understand the environment dynamics and improve its ability to reach the goal.","```json
{
  ""action_probs"": [0.3, 0.2, 0.5]
}
```"
241,-53.385915842277726,-48.766408333169736,0.01,0.020693786442279816,N/A,N/A
242,-53.39488630117183,-48.493754040808426,0.01,0.013757852837443352,N/A,N/A
243,-39.25449177208023,-50.394849677179344,0.01,0.01699369214475155,N/A,N/A
244,-50.428884231432214,-48.66652166104892,0.01,0.008343192748725414,N/A,N/A
245,-51.40857603110239,-48.745562463174245,0.01,0.007309800013899803,"Based on the provided data, it appears that the agent is heavily favoring the action ""Push Right"" (action 2) with very few instances of ""Push Left"" (action 0) and no instances of ""No Push"" (action 1). This skewed action distribution suggests that the agent may be overly optimistic about moving to the right, which can hinder its ability to build the necessary momentum to reach the goal.

### Analysis:
1. **Current Action Distribution**:
   - ""Push Right"" (action 2) is overrepresented.
   - ""Push Left"" (action 0) is underrepresented.
   - ""No Push"" (action 1) is absent.

2. **Total Reward**:
   - The total reward of -51.41 indicates that the agent is not yet successful in reaching the goal, as a higher (less negative) reward would imply better performance.

3. **Momentum Building**:
   - The MountainCar-v0 environment requires the agent to swing back and forth to build enough momentum to reach the flag. A balanced exploration strategy is crucial for learning this behavior.

### Recommendations for Exploration Strategy:
To enhance the learning process for the DQN agent, I recommend adjusting the exploration action distribution to encourage more diverse experiences. Here’s a suggested distribution for the next 20 training episodes:

1. **Increase ""Push Left"" (action 0)**:
   - Encourage more leftward movement to help the agent explore the state space more effectively. This can be achieved by increasing the probability of taking action 0.

2. **Introduce ""No Push"" (action 1)**:
   - Introduce some probability for the ""No Push"" action to allow the agent to learn the effects of inertia and passive movement, which can be crucial for fine-tuning the momentum.

3. **Balanced Distribution**:
   - A more balanced action distribution might look like:
     - ""Push Left"" (action 0): 40%
     - ""No Push"" (action 1): 20%
     - ""Push Right"" (action 2): 40%

### Implementation:
- Adjust the exploration policy in the DQN agent to reflect the above distribution. This can be done by modifying the action selection process during the exploration phase, possibly using a weighted random choice based on the recommended probabilities.

By diversifying the action distribution, the agent should be able to explore the environment more thoroughly, leading to better learning and potentially improved performance in reaching the goal.","```json
{
  ""action_probs"": [0.4, 0.2, 0.4]
}
```"
246,-52.952326021962136,-48.67091382467637,0.01,0.010019974783062935,N/A,N/A
247,-49.888391243034434,-48.712373712499726,0.01,0.007767238654196262,N/A,N/A
248,-52.22642876231444,-48.865790516370744,0.01,0.014441268518567085,N/A,N/A
249,-56.98544283171154,-48.65618443469417,0.01,0.008100038394331932,N/A,N/A
250,-54.55585334151981,-48.791227189307946,0.01,0.009895110502839088,"To help the DQN agent learn faster in the MountainCar-v0 environment, we need to focus on improving exploration during the learning process. Based on the provided data, here are some observations and recommendations:

### Observations:

1. **Action Distribution:**
   - The sampled actions show a heavy bias towards action 2 (Push Right), with some instances of action 0 (Push Left) and no instances of action 1 (No Push).
   - This indicates that the exploration strategy is currently favoring pushing the car to the right most of the time, which might not be optimal for building the necessary momentum to reach the goal.

2. **Total Reward:**
   - The total reward in the last episode is -54.56, which suggests that the agent is not yet efficiently reaching the goal. The reward structure in MountainCar-v0 penalizes time steps, so a less negative reward would indicate faster success.

### Recommendations for Exploration Strategy:

1. **Balanced Action Distribution:**
   - To build momentum effectively, the agent should explore actions more evenly. A more balanced distribution could look like:
     - Action 0 (Push Left): 40%
     - Action 1 (No Push): 20%
     - Action 2 (Push Right): 40%
   - This distribution encourages the agent to explore pushing left and right more equally, which is crucial for gaining the momentum needed to reach the flag.

2. **Incorporate Exploration Strategies:**
   - **Epsilon-Greedy Strategy:** Gradually decrease the epsilon value over episodes to shift from exploration to exploitation. Start with a higher epsilon (e.g., 0.5) to encourage exploration.
   - **Boltzmann Exploration:** Use a softmax distribution over Q-values to select actions, allowing for more diverse exploration based on the estimated action values.

3. **Reward Shaping:**
   - Consider augmenting the reward function to provide additional positive feedback for reaching positions closer to the goal. This can help guide the agent's exploration towards more promising states.

4. **Adaptive Exploration:**
   - Implement an adaptive exploration strategy that adjusts the action probabilities based on the agent's performance. If the agent is not improving, increase exploration by adjusting the distribution to favor less explored actions.

5. **Monitor Learning Progress:**
   - Continuously monitor the agent's performance and adjust the exploration strategy based on observed improvements or stagnations. This can involve dynamically tuning exploration parameters or action distributions.

By implementing these recommendations, the agent should be able to explore the environment more effectively, building the necessary momentum to achieve the goal in the MountainCar-v0 environment.","```json
{
  ""action_probs"": [0.4, 0.2, 0.4]
}
```"
