episode,train_return,eval_return,epsilon,loss,llm1_full_response,llm2_full_response
1,-135.65413253098293,-137.1856896183172,0.9835,nan,N/A,N/A
2,-136.62850564999886,-137.1856896183172,0.967,nan,N/A,N/A
3,-134.3826471020423,-137.1856896183172,0.9505,0.0005030418396927416,N/A,N/A
4,-124.99063310109692,-137.1856896183172,0.9339999999999999,0.00018449258641339839,N/A,N/A
5,-130.69725284872652,-134.65227289670685,0.9175,0.00010958890925394371,"Based on the data provided and the task description, we can make several observations and recommendations to improve the exploration strategy for the DQN agent in the MountainCar-v0 environment.

### Observations:

1. **Action Distribution**:
   - The sampled actions from the last episode show the following approximate distribution:
     - Action 0 (Push Left): ~32%
     - Action 1 (No Push): ~34%
     - Action 2 (Push Right): ~34%

2. **Reward**:
   - The total reward in the last episode is -130.70, indicating that the agent is not yet able to reach the goal efficiently. The reward in MountainCar-v0 is negative for each time step until the goal is reached, so higher (less negative) rewards indicate better performance.

3. **Exploration vs. Exploitation**:
   - The current distribution shows a relatively balanced use of actions, which can be beneficial for exploration. However, the agent might not be efficiently building momentum to reach the goal.

### Recommendations:

1. **Bias Towards Momentum Building**:
   - Since the task requires building momentum to reach the goal, the agent should be encouraged to alternate between pushing left and right more effectively. This means slightly reducing the frequency of the ""No Push"" action (Action 1) and increasing the frequency of ""Push Left"" (Action 0) and ""Push Right"" (Action 2).
   - Suggested Action Distribution for Exploration:
     - Action 0 (Push Left): ~40%
     - Action 1 (No Push): ~20%
     - Action 2 (Push Right): ~40%

2. **Adaptive Exploration**:
   - Implement an adaptive exploration strategy where the action distribution is adjusted based on the agent's performance. If the agent starts achieving higher rewards, gradually shift towards more exploitation (e.g., using a more deterministic policy derived from the Q-values).

3. **Reward Shaping**:
   - Consider implementing reward shaping to provide additional feedback for actions that effectively build momentum. For example, provide small positive rewards when the agent's velocity increases in the direction of the goal.

4. **Monitor and Adjust**:
   - Continuously monitor the agent's performance over the next 20 episodes with the new exploration strategy. If the total reward does not improve, consider further adjustments to the action distribution or exploration strategy.

By focusing exploration on actions that promote momentum building, the agent should be able to learn more efficiently and improve its ability to reach the goal in MountainCar-v0.","```json
{
  ""action_probs"": [0.4, 0.2, 0.4]
}
```"
6,-132.40864105078424,-136.5399396004931,0.901,0.00010603340342640877,N/A,N/A
7,-134.67768428259626,-125.5541677496462,0.8845,9.710616723168641e-05,N/A,N/A
8,-137.5554215426022,-128.7793551525861,0.868,0.00011489987082313746,N/A,N/A
9,-128.40575490134904,-129.51192575948252,0.8515,0.00014675372221972793,N/A,N/A
10,-131.68928760978784,-117.21605530588042,0.835,0.0001541470264783129,"To help the DQN agent learn faster in the MountainCar-v0 environment, we can analyze the sampled actions and the total reward to adjust the exploration strategy. Here are some observations and recommendations:

### Observations:
1. **Action Distribution**:
   - The sampled actions show a distribution of: 
     - Push Left (0): 31 times
     - No Push (1): 18 times
     - Push Right (2): 51 times
   - This indicates a higher frequency of the ""Push Right"" action, followed by ""Push Left,"" and the least frequent is ""No Push.""

2. **Total Reward**:
   - The total reward of -131.69 suggests that the car is not reaching the goal efficiently, as the reward is quite negative. This indicates that the agent is likely getting stuck or not building enough momentum to reach the goal.

### Recommendations:
To improve the exploration strategy and help the agent learn more effectively, consider the following adjustments:

1. **Balanced Exploration**:
   - Encourage a more balanced exploration between actions, especially increasing the frequency of the ""No Push"" (1) action. This can help the agent better explore the state space and potentially find more effective ways to build momentum.
   - Suggested Action Distribution:
     - Push Left (0): 33%
     - No Push (1): 33%
     - Push Right (2): 34%

2. **Momentum Building**:
   - Since the key to solving MountainCar is to build momentum by oscillating between the left and right hills, ensure that the exploration strategy allows for this back-and-forth movement. The above distribution should facilitate this by giving equal opportunity to all actions.

3. **Adaptive Exploration**:
   - Consider using an adaptive exploration strategy that adjusts the action probabilities based on recent performance. For instance, if the agent frequently fails to gain momentum, slightly increase the probability of ""Push Left"" and ""Push Right"" to encourage more oscillation.

4. **Exploration Techniques**:
   - Implement exploration techniques such as epsilon-greedy with a decaying epsilon to gradually shift from exploration to exploitation as the agent learns more about the environment.
   - Consider using a softmax action selection strategy to allow for more nuanced exploration based on action-value estimates.

5. **Monitor and Adjust**:
   - Continuously monitor the agent's performance and adjust the action distribution if necessary. If the agent shows improvement, gradually reduce exploration to allow for more exploitation of learned policies.

By implementing these recommendations, the agent should be able to explore the environment more effectively and potentially learn an optimal strategy to reach the goal in fewer episodes.","```json
{
  ""action_probs"": [0.33, 0.33, 0.34]
}
```"
11,-132.1209167910922,-114.32160575686535,0.8185,0.00013977359049022198,N/A,N/A
12,-136.1077296166419,-115.88355351470231,0.802,0.0002110371715389192,N/A,N/A
13,-120.97325570717724,-115.88355351470231,0.7855,0.00031011461396701634,N/A,N/A
14,-124.08126898886698,-120.66322722214468,0.769,0.0003850006323773414,N/A,N/A
15,-112.51676316960115,-135.79351986500723,0.7525,0.00044982018880546093,"To help the DQN agent learn faster in the MountainCar-v0 environment, we need to focus on an exploration strategy that encourages the car to build momentum effectively. Let's analyze the current situation and provide recommendations:

### Analysis

1. **Current Action Distribution:**
   - The sampled actions from the last episode are distributed as follows:
     - Action 0 (Push Left): 39 times
     - Action 1 (No Push): 20 times
     - Action 2 (Push Right): 41 times

2. **Total Reward:**
   - The total reward in the last episode is -112.52, indicating that the car did not reach the goal efficiently. In MountainCar-v0, a less negative reward is better, as it means the car reached the goal in fewer steps.

3. **Momentum Building:**
   - The task requires building momentum by moving back and forth. This means the agent needs to effectively alternate between pushing left and right to gain enough speed to reach the hilltop.

### Recommendations

To improve exploration and help the DQN agent learn faster, consider the following strategies:

1. **Balanced Exploration:**
   - Encourage a more balanced exploration between pushing left and right. Since the car needs to build momentum, ensure that actions are not biased towards one side. Aim for a distribution where actions 0 and 2 are more frequent than action 1, but not overly dominant over each other.

2. **Action Distribution:**
   - **Push Left (Action 0):** 35%
   - **No Push (Action 1):** 20%
   - **Push Right (Action 2):** 45%
   - This distribution slightly favors pushing right to help the car climb the hill but still allows for sufficient left pushes to build momentum.

3. **Encourage Alternation:**
   - Implement a mechanism to encourage alternation between actions 0 and 2. This can be done by slightly increasing the probability of switching actions after a few consecutive identical actions to prevent the agent from getting stuck in a suboptimal pattern.

4. **Adaptive Exploration:**
   - Consider using an adaptive exploration strategy where the action distribution can change based on the agent's performance. For instance, if the agent consistently fails to reach the goal, adjust the distribution to explore more aggressively.

5. **Reward Shaping:**
   - If possible, provide intermediate rewards for reaching certain positions or velocities that indicate effective momentum building. This can guide the agent to learn the importance of momentum.

By implementing these strategies, the agent can explore more effectively, potentially leading to faster learning and improved performance in reaching the goal.","```json
{
  ""action_probs"": [0.35, 0.2, 0.45]
}
```"
16,-132.9185188238996,-114.18904818558151,0.736,0.0004952409653924406,N/A,N/A
17,-131.85947429875804,-115.88355351470231,0.7195,0.0006503831828013062,N/A,N/A
18,-131.97829877553255,-114.04991606640688,0.7030000000000001,0.0007791720563545823,N/A,N/A
19,-134.7449112592144,-114.04991606640688,0.6865,0.0007577261421829462,N/A,N/A
20,-122.62783817913491,-114.04991606640688,0.67,0.0013502090005204082,"To help the DQN agent learn faster in the MountainCar-v0 environment, we need to ensure that the exploration strategy encourages the agent to effectively build momentum to reach the goal. Let's analyze the data and provide a recommendation:

### Analysis

1. **Action Distribution:**
   - The sampled actions from the last episode are: 
     - Push Left (0): 36 times
     - No Push (1): 16 times
     - Push Right (2): 48 times

2. **Current Strategy:**
   - The agent seems to favor ""Push Right"" (2) the most, followed by ""Push Left"" (0), and ""No Push"" (1) the least.
   - The total reward of -122.63 suggests that the agent is not yet efficiently building momentum to reach the goal.

3. **Environment Characteristics:**
   - In MountainCar-v0, the car needs to oscillate back and forth to gain enough momentum to reach the flag on the right hill.
   - The agent should learn to coordinate between pushing left and right to effectively climb the hills.

### Recommendations

1. **Balanced Exploration:**
   - Encourage a more balanced exploration between ""Push Left"" (0) and ""Push Right"" (2). This will help the agent learn the dynamics of gaining momentum.
   - Reduce the frequency of ""No Push"" (1) as it doesn't contribute to building momentum.

2. **Suggested Action Distribution:**
   - Push Left (0): 40%
   - No Push (1): 10%
   - Push Right (2): 50%

3. **Strategy Rationale:**
   - Increasing ""Push Left"" (0) will help the car move back to gain potential energy, which is crucial for building momentum.
   - Maintaining a high frequency of ""Push Right"" (2) will help the car move towards the goal once sufficient momentum is built.
   - Keeping ""No Push"" (1) minimal ensures that the car is actively trying to gain momentum instead of remaining static.

4. **Adaptive Exploration:**
   - Consider using an adaptive exploration strategy where the action distribution can be adjusted based on the agent's performance. If the agent starts to perform better, gradually shift towards more exploitation of the learned policy.

By implementing this exploration strategy, the agent should be better equipped to learn the necessary oscillatory motion needed to solve the MountainCar-v0 task more efficiently.","```json
{
  ""action_probs"": [0.4, 0.1, 0.5]
}
```"
21,-119.06132279061042,-114.04991606640688,0.6535,0.0012703400570899248,N/A,N/A
22,-125.14523957218667,-114.04991606640688,0.637,0.0019070457201451063,N/A,N/A
23,-124.34864150398978,-114.04991606640688,0.6205,0.0016431452240794897,N/A,N/A
24,-127.49057345886244,-114.04991606640688,0.604,0.0017276187427341938,N/A,N/A
25,-129.84216592057192,-114.04991606640688,0.5874999999999999,0.0012866836041212082,"To help the DQN agent learn faster in the MountainCar-v0 environment, let's analyze the current exploration strategy and adjust the action distribution for the next 20 training episodes.

### Current Situation:
1. **Total Reward:** The total reward in the last episode was -129.84, which indicates that the car did not reach the goal efficiently. The reward is negative, suggesting that the agent is still struggling to reach the flag.
2. **Sampled Actions:** The distribution of actions in the last episode was as follows:
   - Push Left (0): 51 times
   - No Push (1): 5 times
   - Push Right (2): 44 times

### Observations:
- The agent predominantly uses actions 0 and 2 (Push Left and Push Right), which is expected as these actions help build momentum.
- The No Push action (1) is used very infrequently, which might be a result of the agent not exploring enough or not finding it beneficial in the current policy.

### Recommendations for Exploration Strategy:
1. **Balanced Exploration:** Encourage a more balanced exploration between pushing left and right to build momentum. Given the weak engine, alternating between these actions can help the agent gain enough speed to reach the goal.
   
2. **Increased Exploration of No Push:** Introduce a slightly higher probability for the No Push action. While it is not the primary means of building momentum, it can be useful in certain states to maintain velocity without losing speed due to friction.

3. **Action Distribution Recommendation:**
   - Push Left (0): 40%
   - No Push (1): 20%
   - Push Right (2): 40%

   This distribution allows the agent to continue building momentum effectively while exploring the potential benefits of the No Push action.

4. **Adaptive Exploration:** Consider using an adaptive exploration strategy where the probability of actions changes based on the agent's performance. For example, increase the probability of actions that lead to higher rewards over time.

5. **Monitor and Adjust:** After implementing the new exploration strategy, monitor the agent's performance over the next 20 episodes. If the total reward improves significantly, continue with the strategy. If not, consider further adjustments based on observed behavior and state transitions.

By following these recommendations, the agent should be able to explore the action space more effectively, potentially leading to improved learning and performance in reaching the goal.","```json
{
  ""action_probs"": [0.4, 0.2, 0.4]
}
```"
26,-120.08242989165302,-114.04991606640688,0.571,0.0015308000147342682,N/A,N/A
27,-131.87935320145667,-114.04991606640688,0.5545,0.0019454903667792678,N/A,N/A
28,-101.74615607674554,-114.04991606640688,0.538,0.0022265266161412,N/A,N/A
29,-125.40390530502222,-114.04991606640688,0.5215000000000001,0.002071418333798647,N/A,N/A
30,-132.30318693077618,-114.04991606640688,0.505,0.001712248777039349,"To help the DQN agent learn more effectively in the MountainCar-v0 environment, we need to consider an exploration strategy that encourages sufficient exploration of the state-action space while promoting actions that can help build momentum to reach the goal. Here's an analysis of the provided data and a recommended strategy:

### Analysis of Current Action Distribution

1. **Current Action Distribution:**
   - Action 0 (Push Left): 64 occurrences
   - Action 1 (No Push): 13 occurrences
   - Action 2 (Push Right): 23 occurrences

2. **Observations:**
   - The agent predominantly chooses Action 0 (Push Left), which might be due to an initial exploration policy that favors this action or the agent's current policy learning.
   - Action 1 (No Push) is the least chosen, which might indicate that the agent does not find it useful in building momentum.
   - Action 2 (Push Right) is chosen more often than Action 1, which is expected as pushing right is necessary to reach the goal eventually.

3. **Performance:**
   - The total reward of -132.30 indicates that the agent is not yet efficiently reaching the goal. The reward is negative because the environment penalizes every time step until the goal is reached.

### Recommendations for Exploration Strategy

To enhance learning, we should adjust the exploration strategy to encourage more balanced exploration, particularly focusing on actions that help build momentum:

1. **Action Distribution Adjustment:**
   - **Push Left (Action 0):** Reduce the frequency slightly to encourage exploration of other actions.
   - **No Push (Action 1):** Increase the frequency modestly. While it doesn't directly help build momentum, it can be useful in certain states to maintain velocity.
   - **Push Right (Action 2):** Increase the frequency to encourage the agent to attempt reaching the goal more aggressively.

2. **Proposed Action Distribution:**
   - **Action 0 (Push Left):** 40%
   - **Action 1 (No Push):** 20%
   - **Action 2 (Push Right):** 40%

3. **Implementation:**
   - Use an epsilon-greedy strategy where the agent explores with the proposed distribution for exploration actions.
   - Consider annealing the exploration rate (epsilon) over time to shift from exploration to exploitation as the agent's policy improves.

4. **Additional Considerations:**
   - Monitor the agent's performance and adjust the distribution based on how well the agent is learning. If the agent struggles to build momentum, consider further increasing the bias towards Action 2.
   - Ensure that the agent experiences a variety of states to learn an effective policy.

By adjusting the exploration strategy as proposed, the agent should be able to build momentum more effectively and improve its ability to reach the goal in fewer episodes.","```json
{
  ""action_probs"": [0.3, 0.2, 0.5]
}
```"
31,-117.99393136855281,-114.04991606640688,0.48849999999999993,0.0016642763512209058,N/A,N/A
32,-124.61155720650272,-114.04991606640688,0.472,0.0017656292766332626,N/A,N/A
33,-131.7524795256967,-114.04991606640688,0.4555,0.0015435854438692331,N/A,N/A
34,-111.59728610527651,-114.04991606640688,0.43900000000000006,0.002295529004186392,N/A,N/A
35,-129.96382388424328,-114.04991606640688,0.4225,0.0026294803246855736,"Based on the provided information, the goal is to help the DQN agent learn faster by recommending an exploration action distribution. In the MountainCar-v0 environment, the key challenge is to build enough momentum to reach the goal on the right hill, which often requires oscillating between moving left and right.

### Analysis of Sampled Actions:
- **Distribution of Actions:** 
  - Action 0 (Push Left): Dominant action in the sampled sequence.
  - Action 1 (No Push): Less frequent.
  - Action 2 (Push Right): Used moderately.

- **Total Reward:** The total reward in the last episode is -129.96, indicating that the agent is not yet reaching the goal efficiently. This reward suggests that the agent might not be effectively building momentum.

### Strategy Recommendations:
1. **Balanced Exploration:**
   - The current distribution seems to favor Action 0 (Push Left) heavily, which might lead to suboptimal exploration. To build momentum, the agent needs a balanced strategy to alternate between pushing left and right.
   - **Recommended Action Distribution:** 
     - Action 0 (Push Left): 30%
     - Action 1 (No Push): 10%
     - Action 2 (Push Right): 60%

2. **Encourage Momentum Building:**
   - The agent needs to learn to alternate actions to build momentum. By increasing the probability of Action 2 (Push Right), the agent can better explore strategies that help it climb the right hill.

3. **Incorporate Exploration Noise:**
   - Introduce some randomness or noise in action selection to ensure diverse state exploration. This can help the agent discover new strategies for momentum building.

4. **Monitor and Adjust:**
   - After implementing the new distribution, monitor the agent's performance for the next 20 episodes. If the reward does not improve, consider further adjustments to the distribution or exploration strategy.

5. **Reward Shaping:**
   - Although not directly related to action distribution, consider reward shaping techniques to encourage behaviors that lead to momentum building, such as rewarding the agent for reaching higher positions.

By adopting a more balanced exploration strategy and focusing on actions that help build momentum, the DQN agent should be able to learn more effective policies for reaching the goal in the MountainCar-v0 environment.","```json
{
  ""action_probs"": [0.3, 0.1, 0.6]
}
```"
36,-127.06336014395764,-114.04991606640688,0.406,0.0037668244913220406,N/A,N/A
37,-113.25055399792288,-114.04991606640688,0.38949999999999996,0.0032763725612312555,N/A,N/A
38,-106.98751105467085,-114.04991606640688,0.373,0.0033820890821516514,N/A,N/A
39,-117.3901060043971,-114.04991606640688,0.35650000000000004,0.0032528049778193235,N/A,N/A
40,-95.23981100403758,-114.04991606640688,0.3400000000000001,0.0042703524231910706,"Based on the data provided, let's analyze the current situation and suggest an exploration strategy to help the DQN agent learn more effectively in the MountainCar-v0 environment.

### Analysis of Current Situation

1. **Action Distribution**: 
   - The sampled actions show a heavy bias towards action `2` (Push Right), with a significant number of consecutive `2`s towards the end of the episode.
   - There are fewer occurrences of action `0` (Push Left) and even fewer of action `1` (No Push).

2. **Total Reward**:
   - The total reward of `-95.24` indicates that the car is not reaching the goal efficiently. In MountainCar-v0, a higher (less negative) reward suggests better performance.

3. **Momentum Building**:
   - The nature of the MountainCar-v0 problem requires the agent to build momentum by oscillating between left and right pushes. The bias towards action `2` suggests that the agent might not be effectively learning this oscillation pattern.

### Recommendations for Exploration Strategy

1. **Balanced Action Distribution**:
   - Encourage a more balanced distribution of actions to ensure the agent explores all possible strategies. This can be achieved by adjusting the exploration policy to distribute actions more evenly.
   - Suggested action distribution for exploration:
     - Action `0` (Push Left): 40%
     - Action `1` (No Push): 20%
     - Action `2` (Push Right): 40%

2. **Increased Exploration**:
   - Consider increasing the exploration rate (epsilon) temporarily to encourage more diverse action sampling. This will help the agent experience different states and transitions more frequently, aiding in learning the necessary momentum-building strategy.

3. **Adaptive Exploration**:
   - Implement an adaptive exploration strategy where the action distribution is adjusted based on the agent's performance. If the agent is not improving, increase exploration; if performance is improving, gradually reduce exploration.

4. **Monitor Performance**:
   - Continuously monitor the agent's performance over the next 20 episodes. If the total reward starts improving, it indicates that the exploration strategy is effective. Adjust the strategy based on observed changes in performance.

By implementing these recommendations, the agent should have a better chance of learning the optimal policy to solve the MountainCar-v0 task more efficiently.","```json
{
  ""action_probs"": [0.4, 0.2, 0.4]
}
```"
41,-104.16603530649695,-114.04991606640688,0.3235,0.0031576647888869047,N/A,N/A
42,-109.72261404816024,-114.04991606640688,0.30700000000000005,0.0037461998872458935,N/A,N/A
43,-108.71739379587984,-114.04991606640688,0.2905,0.0033268448896706104,N/A,N/A
44,-123.98698434307792,-114.04991606640688,0.274,0.0026949357707053423,N/A,N/A
45,-123.91062496024612,-114.04991606640688,0.25750000000000006,0.0038298359140753746,"To help the DQN agent learn faster in the MountainCar-v0 environment, we need to improve the exploration strategy based on the provided data. Let's analyze the given information and then propose an action distribution strategy.

### Analysis of Current Exploration Strategy

1. **Current Action Distribution**:
   - Action 0 (Push Left): Dominant with a high frequency.
   - Action 1 (No Push): Used sparingly.
   - Action 2 (Push Right): Used occasionally.

2. **Current Performance**:
   - The total reward in the last episode is -123.91, which indicates that the agent is not yet reaching the goal efficiently. In MountainCar-v0, the reward is -1 for each time step until the car reaches the flag, so a lower absolute reward indicates better performance.

3. **Action Pattern**:
   - There is a significant bias towards Action 0, which may lead to insufficient exploration of other actions, particularly Action 2, which is crucial for building momentum to reach the goal.

### Strategy Recommendations

To enhance exploration and potentially improve learning speed, consider the following recommendations for the next 20 training episodes:

1. **Balanced Exploration**:
   - Adjust the action distribution to encourage more balanced exploration. A suggested distribution could be:
     - Action 0 (Push Left): 40%
     - Action 1 (No Push): 20%
     - Action 2 (Push Right): 40%

2. **Encourage Momentum Building**:
   - Since the goal requires building momentum, ensure that Actions 0 and 2 are used more frequently than Action 1. This will help the car gain enough speed to eventually reach the flag.

3. **Decrease Bias Toward Action 0**:
   - The current strategy overly favors Action 0. Reducing this bias will allow the agent to explore more diverse state-action pairs and learn the dynamics of the environment better.

4. **Monitor Performance**:
   - After implementing the new action distribution, monitor the agent's performance. If the total reward improves (i.e., becomes less negative), the strategy is likely effective. If not, further adjustments may be necessary.

5. **Adaptive Exploration**:
   - Consider using an epsilon-greedy strategy with a decaying epsilon to gradually shift from exploration to exploitation as the agent learns the task better.

By implementing these recommendations, the agent should be able to explore the environment more effectively, leading to improved learning and performance in the MountainCar-v0 task.","```json
{
  ""action_probs"": [0.4, 0.2, 0.4]
}
```"
46,-78.94843517783698,-114.04991606640688,0.24256750000000005,0.002652307040989399,N/A,N/A
47,-113.60431781862358,-114.04991606640688,0.2260675000000001,0.0070695457980036736,N/A,N/A
48,-114.6249220757758,-114.04991606640688,0.20956750000000002,0.005228053778409958,N/A,N/A
49,-118.2457672521758,-114.04991606640688,0.19306749999999995,0.003991107456386089,N/A,N/A
50,-78.41706540080507,-114.04991606640688,0.17830000000000001,0.0027404907159507275,"To help your DQN agent learn more effectively in the MountainCar-v0 environment, let's analyze the current action distribution, evaluate its effectiveness, and provide a strategy for exploration.

### Analysis of Current Action Distribution:

1. **Action Frequency:**
   - Action 0 (Push Left): 36 times
   - Action 1 (No Push): 11 times
   - Action 2 (Push Right): 51 times

2. **Current Strategy:**
   - The current distribution shows a strong bias towards Action 2 (Push Right), with Action 0 (Push Left) being the next most frequent, and Action 1 (No Push) being the least frequent.
   - This suggests an aggressive strategy aimed at pushing the car to the right, likely to reach the goal. However, the MountainCar problem requires building momentum, which involves moving back and forth effectively.

3. **Performance Insight:**
   - The total reward of -78.42 indicates that the car is not effectively reaching the goal, as higher (less negative) rewards indicate better performance.

### Recommendations for Exploration Strategy:

Given the need to build momentum and the current action distribution, a more balanced exploration strategy might help the agent learn more effectively. Here are some recommendations:

1. **Increase Exploration of Action 1 (No Push):**
   - While Action 1 is currently underrepresented, it's crucial for allowing the car to naturally roll back down the hill to gain momentum. Consider increasing its frequency to see how it impacts performance.

2. **Balanced Action Distribution:**
   - Aim for a more balanced action distribution to allow the agent to explore various strategies for momentum building. A suggested target distribution might be:
     - Action 0 (Push Left): 35%
     - Action 1 (No Push): 30%
     - Action 2 (Push Right): 35%

3. **Adaptive Exploration:**
   - Consider employing an adaptive exploration strategy, where the distribution is adjusted based on the agent's performance over time. For instance, if the agent is not improving, increase exploration by making the distribution more uniform.

4. **Monitor and Adjust:**
   - After implementing the new distribution, closely monitor the agent's performance. If the total reward improves, continue with the strategy. If not, consider further adjustments or incorporate additional exploration techniques like epsilon-greedy with decaying epsilon.

By implementing these changes, the agent should be better positioned to explore the environment effectively and learn the optimal strategy for solving the MountainCar-v0 problem.","```json
{
  ""action_probs"": [0.35, 0.3, 0.35]
}
```"
51,-77.51251489419626,-114.04991606640688,0.1633675,0.005211792886257172,N/A,N/A
52,-115.63066944419968,-110.71535395640771,0.14686750000000004,0.002982422709465027,N/A,N/A
53,-120.94002521712909,-110.29078164756325,0.13036750000000008,0.0034429829102009535,N/A,N/A
54,-118.32461455117986,-110.18450857101831,0.11386750000000001,0.009518185630440712,N/A,N/A
55,-65.43231759729598,-110.08197128993285,0.09992500000000004,0.005661090835928917,"To help the DQN agent learn more effectively in the MountainCar-v0 environment, let's analyze the sampled actions and the total reward from the last episode. The goal is to adjust the exploration strategy to improve learning efficiency.

### Analysis of Sampled Actions:
1. **Action Distribution**: 
   - Push Left (0): 37 times
   - No Push (1): 10 times
   - Push Right (2): 53 times

2. **Observation**:
   - There is a significant bias towards ""Push Right"" (2), which is used 53 times, compared to ""Push Left"" (0) at 37 times, and ""No Push"" (1) at 10 times.
   - The total reward of -65.43 indicates that the agent is not yet optimizing its strategy effectively, as a perfect episode would result in a reward close to -200 (the fewer the steps, the closer to zero the reward).

### Recommendations for Action Distribution:
To improve exploration and learning, it is crucial to encourage more balanced exploration, especially in the early stages of training. Here are some recommendations:

1. **Balanced Exploration**:
   - **Increase Exploration of ""Push Left"" (0)**: Encourage more ""Push Left"" actions to help the car build momentum by moving back and forth effectively.
   - **Increase Use of ""No Push"" (1)**: While this action seems less critical, it can be useful in specific states to maintain momentum without losing speed.

2. **Suggested Action Distribution**:
   - Push Left (0): 40%
   - No Push (1): 20%
   - Push Right (2): 40%

3. **Rationale**:
   - By increasing the exploration of ""Push Left"" and maintaining a balanced approach with ""Push Right,"" the agent can better explore the state space and learn the dynamics of building momentum.
   - Increasing ""No Push"" slightly allows the agent to maintain momentum when appropriate, which might be crucial in certain states.

4. **Adaptive Exploration**:
   - Consider using an epsilon-greedy strategy where epsilon is initially high (e.g., 0.3) to encourage exploration and gradually decays over time as the agent learns more about the environment.

5. **Monitor and Adjust**:
   - Continuously monitor the agent's performance and adjust the action distribution if specific actions are underrepresented or if the learning progress stalls.

By implementing these recommendations, the agent should be able to explore more effectively and learn the optimal strategy to reach the flag on the right hill more efficiently.","```json
{
  ""action_probs"": [0.4, 0.2, 0.4]
}
```"
56,-66.10287180964367,-102.38526738502411,0.08565250000000002,0.0036295827012509108,N/A,N/A
57,-64.4677304722768,-101.3690262182388,0.07187500000000002,0.005994074046611786,N/A,N/A
58,-102.06672086304674,-101.4709066043574,0.05537499999999995,0.006724297534674406,N/A,N/A
59,-65.90078529491353,-92.9705283943538,0.04217499999999996,0.030497975647449493,N/A,N/A
60,-66.76674793865031,-78.36303280791756,0.028727500000000017,0.011300045996904373,"Based on the provided data, it seems that the DQN agent is currently exhibiting a skewed action distribution, heavily favoring actions 0 (Push Left) and 2 (Push Right), with very few instances of action 1 (No Push). This behavior is expected to some extent in the MountainCar-v0 environment, as the car needs to build momentum by oscillating between the left and right hills. However, the current distribution might not be optimal for exploration and learning.

### Observations:
1. **Action Distribution**:
   - Action 0 (Push Left): High frequency at the beginning.
   - Action 1 (No Push): Rarely selected.
   - Action 2 (Push Right): High frequency towards the end.

2. **Reward**: The total reward of -66.77 suggests the agent is not yet reaching the goal efficiently.

### Recommendations for Exploration Strategy:

1. **Balanced Exploration**:
   - Introduce a more balanced action distribution during exploration. While it's important to maintain the momentum-building behavior, ensuring a fair exploration of ""No Push"" could help the agent learn more about the effects of inertia and gravity in the environment.

2. **Action Distribution**:
   - Consider an exploration strategy where actions are distributed as follows:
     - Action 0 (Push Left): 40%
     - Action 1 (No Push): 20%
     - Action 2 (Push Right): 40%
   - This distribution provides a slight bias towards momentum-building actions while ensuring that ""No Push"" is explored enough to understand its impact.

3. **Adaptive Exploration**:
   - Implement an adaptive exploration strategy where the action probabilities can be dynamically adjusted based on the agent's performance. If the agent starts showing improvement, gradually reduce the exploration probability for ""No Push"".

4. **Periodic Evaluation**:
   - Regularly evaluate the agent's performance and adjust the exploration strategy based on the observed reward trends. If the total reward improves, consider reducing exploration in favor of exploitation.

5. **Incorporate State Information**:
   - Consider using the state information (position and velocity) to guide exploration. For example, if the car's velocity is high, ""No Push"" might be more beneficial, allowing the car to coast and gain momentum naturally.

By implementing these recommendations, the agent should be able to explore the state-action space more effectively, potentially leading to faster learning and improved performance.","```json
{
  ""action_probs"": [0.4, 0.2, 0.4]
}
```"
61,-71.34763312482143,-83.5282587826898,0.015197499999999975,0.006140347570180893,N/A,N/A
62,-62.23601416907952,-72.63417727377328,0.01,0.01688404008746147,N/A,N/A
63,-59.799219608383396,-67.45180477493673,0.01,0.010349495336413383,N/A,N/A
64,-44.941281696528726,-67.14935932604428,0.01,0.011441703885793686,N/A,N/A
65,-67.98712736315558,-64.30488358253862,0.01,0.12094379961490631,"To help the DQN agent learn faster in the MountainCar-v0 environment, we need to focus on an exploration strategy that encourages the agent to effectively build momentum by oscillating between the left and right actions. The sampled actions and total reward from the last episode provide some insights into the agent's current behavior and areas for improvement.

### Analysis of Current Behavior:
1. **Action Distribution**: The sampled actions show a heavy preference for action 0 (Push Left) and action 2 (Push Right), with a few instances of action 1 (No Push). This indicates the agent is trying to build momentum by moving back and forth, which is necessary for success in MountainCar-v0.

2. **Reward**: The total reward of -67.99 suggests that the agent is not yet efficiently reaching the goal. In MountainCar-v0, the reward is -1 for each time step, so a higher negative reward indicates the car is taking too long to reach the flag.

3. **Momentum Building**: The agent needs to build sufficient momentum to reach the goal. The current strategy seems to lack the effective timing and sequence of actions needed to maximize momentum.

### Recommendations for Exploration Strategy:
To improve the agent's learning, we should adjust the exploration strategy to better facilitate momentum building. Here are the recommended changes:

1. **Balanced Exploration**:
   - **Action 0 (Push Left)**: 40%
   - **Action 1 (No Push)**: 10%
   - **Action 2 (Push Right)**: 50%

   This distribution encourages a slight preference for pushing right to help the agent gain the necessary momentum to climb the right hill, while still allowing for sufficient left pushes to build momentum.

2. **Incorporate Temporal Patterns**:
   - Encourage sequences of alternating actions (e.g., a few consecutive left pushes followed by right pushes) to help the agent learn the timing required to build momentum effectively.

3. **Adaptive Exploration**:
   - Consider using an epsilon-greedy strategy where exploration is initially high but gradually decreases as the agent learns. This allows the agent to explore different strategies early on and exploit successful ones as learning progresses.

4. **Reward Shaping (if applicable)**:
   - If possible, introduce intermediate rewards for gaining velocity or reaching certain positions. This can guide the agent towards more effective momentum-building strategies.

By implementing these recommendations, the agent should be able to explore more effectively and learn the necessary strategies to reach the goal more efficiently in MountainCar-v0.","```json
{
  ""action_probs"": [0.4, 0.1, 0.5]
}
```"
66,-39.38671039846002,-63.876140796877415,0.01,0.01622040569782257,N/A,N/A
67,-60.43245624824023,-62.37511101235482,0.01,0.13585242629051208,N/A,N/A
68,-58.84721803221616,-62.117163022338524,0.01,0.010387666523456573,N/A,N/A
69,-57.12801030828019,-62.30340595399072,0.01,0.018778186291456223,N/A,N/A
70,-60.54360048240716,-59.71831573502313,0.01,0.013158331625163555,"To help the DQN agent learn faster in the MountainCar-v0 environment, we should focus on an exploration strategy that encourages the car to build momentum by moving back and forth between the hills effectively. Let's analyze the provided data:

### Analysis of Current Exploration:
1. **Action Distribution:**
   - The sampled actions show a heavy bias towards action `0` (Push Left) and action `2` (Push Right), with a significantly smaller number of `1` (No Push) actions.
   - The pattern indicates that the agent is primarily oscillating between pushing left and right, which is generally a good strategy for building momentum. However, the over-reliance on one action (either pushing left or right) without sufficient variability can lead to suboptimal exploration.

2. **Total Reward:**
   - The total reward of -60.54 suggests that the agent is still far from optimal performance, as a reward of -200 indicates the car never reached the flag, and a higher (less negative) reward indicates better performance.

### Recommended Exploration Strategy:
To improve exploration and help the agent learn faster, consider the following recommendations:

1. **Balanced Action Distribution:**
   - While maintaining a focus on actions `0` and `2` to build momentum, introduce a more balanced distribution to prevent the agent from getting stuck in a suboptimal policy. A suggested distribution could be:
     - Action `0` (Push Left): 40%
     - Action `1` (No Push): 20%
     - Action `2` (Push Right): 40%

2. **Encourage Diverse Exploration:**
   - Introduce a small probability of choosing random actions to encourage the agent to explore different state-action pairs that it might not otherwise encounter. This could be implemented through an epsilon-greedy strategy where epsilon is gradually decreased over time.

3. **Adaptive Exploration:**
   - Consider using an adaptive exploration strategy where the action distribution is adjusted based on the agent's performance. If the agent's reward improves, reduce exploration; if it stagnates or worsens, increase exploration.

4. **Momentum Building:**
   - Ensure that the exploration strategy allows the car to build sufficient momentum. This means that sequences of alternating actions (left-right) should be encouraged to allow the car to climb the hill effectively.

5. **Reward Shaping:**
   - Although not directly related to action distribution, consider shaping the reward function to provide intermediate rewards for reaching higher positions or maintaining higher velocities, which can guide the agent towards a more effective exploration strategy.

By implementing these recommendations, the agent should be able to explore the state space more effectively, leading to faster learning and improved performance in the MountainCar-v0 environment.","```json
{
  ""action_probs"": [0.4, 0.2, 0.4]
}
```"
71,-59.50088692394453,-59.65946751365537,0.01,0.03649968281388283,N/A,N/A
72,-55.40010510817435,-59.11218638762531,0.01,0.011896595358848572,N/A,N/A
73,-56.54285336438503,-57.96745895771352,0.01,0.018230129033327103,N/A,N/A
74,-54.31623803077964,-56.07319627234345,0.01,0.040287502110004425,N/A,N/A
75,-58.05203476945337,-70.51006147186027,0.01,0.017544331029057503,"To help the DQN agent learn more effectively in the MountainCar-v0 environment, we need to ensure that the exploration strategy allows the agent to adequately sample a diverse set of states and actions. This is crucial because the MountainCar task requires the agent to build momentum by oscillating between the hills, which necessitates a balance between exploration and exploitation.

### Analysis of the Current Situation:

1. **Current Action Distribution:**
   - Action 0 (Push Left): 25 occurrences
   - Action 1 (No Push): 6 occurrences
   - Action 2 (Push Right): 67 occurrences

2. **Observations:**
   - The current distribution heavily favors Action 2 (Push Right), which might be leading to suboptimal exploration.
   - Action 1 (No Push) is significantly underrepresented, which could limit the agent's ability to explore states where the car might naturally coast and gain momentum.

3. **Total Reward:**
   - The total reward of -58.05 suggests that the agent is not yet successfully reaching the goal, as a higher (less negative) reward indicates better performance.

### Recommendations for Exploration Strategy:

To improve the learning process, the exploration strategy should be adjusted to ensure a more balanced distribution of actions. This can help the agent explore the state space more effectively, leading to better policy learning. Here is a recommended action distribution for the next 20 training episodes:

1. **Balanced Action Distribution:**
   - Action 0 (Push Left): 35%
   - Action 1 (No Push): 30%
   - Action 2 (Push Right): 35%

2. **Rationale:**
   - **Increase Action 1 (No Push):** Increasing the frequency of Action 1 will allow the agent to explore the dynamics of coasting, which is essential for building momentum in the MountainCar environment.
   - **Balanced Left and Right Pushes:** Having a more equal distribution between Action 0 and Action 2 ensures that the agent can effectively build momentum by moving back and forth between the hills.

3. **Exploration Strategy:**
   - Implement an epsilon-greedy strategy with a higher epsilon value for the next 20 episodes. This will encourage more exploration, allowing the agent to experience a wider variety of state transitions and learn the dynamics of the environment better.

4. **Monitoring and Adjustment:**
   - After 20 episodes, evaluate the agent's performance and adjust the action distribution based on the observed learning progress. If the agent starts to converge towards an optimal policy, gradually reduce exploration to allow for more exploitation of the learned policy.

By adopting this exploration strategy, the agent should be better able to learn the necessary actions to achieve the goal in the MountainCar-v0 environment.","```json
{
  ""action_probs"": [0.35, 0.3, 0.35]
}
```"
76,-57.865310813576386,-78.39566584011146,0.01,0.012858962640166283,N/A,N/A
77,-56.88654420213507,-61.719945185503285,0.01,0.013175693340599537,N/A,N/A
78,-65.36681792631614,-74.51989347938854,0.01,0.016849128529429436,N/A,N/A
79,-56.28966106916779,-86.41228531013914,0.01,0.010723964311182499,N/A,N/A
80,-60.948164414454766,-51.94516044411383,0.01,0.011887062340974808,"To help the DQN agent learn faster in the MountainCar-v0 environment, it's essential to consider the characteristics of the problem and the current exploration strategy. Here, the goal is to reach the flag on the right hill, which requires building momentum by moving back and forth.

### Analysis of the Current Exploration Strategy

1. **Action Distribution**: 
   - The sampled actions show a distribution where action `2` (Push Right) is the most frequent, followed by action `0` (Push Left), and action `1` (No Push) being the least frequent.
   - This distribution suggests a bias towards pushing right, which might not be optimal for building the necessary momentum.

2. **Total Reward**:
   - The total reward of approximately -60.95 indicates that the car is not reaching the goal efficiently. In MountainCar, a higher (less negative) reward indicates better performance.

### Recommendations for Exploration Strategy

To improve the learning process and help the agent build the necessary momentum, consider the following exploration strategy:

1. **Balanced Action Distribution**:
   - Encourage a more balanced distribution between actions `0` (Push Left) and `2` (Push Right) to facilitate the oscillatory movement needed to build momentum.
   - Suggested distribution: 
     - Action `0` (Push Left): 40%
     - Action `1` (No Push): 20%
     - Action `2` (Push Right): 40%

2. **Increased Exploration**:
   - Since the agent is not yet performing well, increasing exploration can help discover more effective strategies. Consider using an epsilon-greedy strategy with a higher epsilon value (e.g., 0.2 to 0.3) to ensure more random actions are taken.

3. **Adaptive Exploration**:
   - Implement a decaying epsilon strategy where epsilon starts higher and gradually decreases over episodes. This allows for more exploration initially and more exploitation of learned strategies as the agent improves.

4. **Momentum Building**:
   - Encourage sequences of alternating actions (e.g., Left-Right-Left) to help the agent learn the importance of momentum. This could be done by biasing the action selection towards switching directions when the velocity is near zero.

5. **Reward Shaping**:
   - Although not directly related to exploration, consider reward shaping to provide intermediate rewards when the agent moves towards the goal or increases its velocity. This can accelerate learning by providing more informative feedback.

By implementing these strategies, the agent should be able to explore more effectively and learn the necessary behavior to solve the MountainCar-v0 task more efficiently.","```json
{
  ""action_probs"": [0.4, 0.2, 0.4]
}
```"
81,-54.141939944444644,-64.30591413181749,0.01,0.013113675639033318,N/A,N/A
82,-87.80777879967913,-54.65036206831782,0.01,0.011726506054401398,N/A,N/A
83,-85.33541293752826,-65.36659286584981,0.01,0.014572796411812305,N/A,N/A
84,-85.94376820725114,-65.89961554906822,0.01,0.010279523208737373,N/A,N/A
85,-83.89052003161052,-78.63643726394878,0.01,0.008018664084374905,"To help the DQN agent learn faster in the MountainCar-v0 environment, let's analyze the current exploration strategy and make recommendations for improvement.

### Current Analysis:
1. **Action Distribution**: 
   - The sampled actions show a heavy bias towards action `2` (Push Right), with occasional actions `0` (Push Left) and very few `1` (No Push). This indicates a tendency to push the car to the right more often than necessary.
   - The sequence of actions suggests that the agent might not be effectively building momentum by oscillating between the left and right hills.

2. **Total Reward**:
   - The total reward of -83.89 indicates that the agent is not reaching the goal efficiently. In MountainCar, rewards closer to zero are better as they indicate reaching the goal faster.

### Recommendations for Exploration Strategy:
1. **Balanced Action Distribution**:
   - Encourage a more balanced exploration strategy to ensure the agent learns to build momentum effectively. A suggested distribution for exploration could be:
     - Action `0` (Push Left): 40%
     - Action `1` (No Push): 10%
     - Action `2` (Push Right): 50%
   - This distribution aims to increase the frequency of pushing left to help the car build momentum by swinging back and forth between the hills.

2. **Adaptive Exploration**:
   - Implement an adaptive exploration strategy where the action distribution can dynamically change based on the agent's performance. For example, increase the probability of pushing left if the agent is not gaining sufficient momentum.

3. **Incorporate Velocity Awareness**:
   - Encourage exploration actions that consider the current velocity of the car. For instance, if the car is moving left with sufficient velocity, prioritize actions that continue this momentum, and vice versa for moving right.

4. **Exploration Noise**:
   - Introduce a small amount of noise or randomness to the action selection process to prevent the agent from getting stuck in local optima and to explore new strategies that could lead to better performance.

5. **Monitor and Adjust**:
   - Continuously monitor the agent's performance and adjust the exploration strategy accordingly. If the agent starts achieving better rewards, consider reducing exploration in favor of exploiting learned strategies.

By implementing these recommendations, the DQN agent should be able to learn more effectively by exploring a wider range of strategies to reach the goal in the MountainCar-v0 environment.","```json
{
  ""action_probs"": [0.4, 0.1, 0.5]
}
```"
86,-91.67371655037194,-81.76168379485998,0.01,0.013540876097977161,N/A,N/A
87,-91.59401191277513,-68.13802752892603,0.01,0.00974063016474247,N/A,N/A
88,-64.97889045873558,-75.36317600208419,0.01,0.010569453239440918,N/A,N/A
89,-91.44124777177429,-69.01215329383066,0.01,0.01116025261580944,N/A,N/A
90,-88.49446360939186,-69.07558970118542,0.01,0.013377451337873936,"To help the DQN agent learn faster in the MountainCar-v0 environment, we need to analyze the current action distribution and suggest a more balanced exploration strategy. The goal is to ensure the agent explores the state-action space effectively, enabling it to learn the dynamics of the environment and improve its performance.

### Analysis of Current Action Distribution:

1. **Current Action Distribution:**
   - Action 0 (Push Left): 29 times
   - Action 1 (No Push): 13 times
   - Action 2 (Push Right): 58 times

2. **Observations:**
   - The agent predominantly selects Action 2 (Push Right), which may indicate a bias towards trying to reach the flag quickly without adequately building momentum.
   - Action 0 (Push Left) is used less frequently than Action 2, but more than Action 1.
   - Action 1 (No Push) is the least used, which might be underutilized in scenarios where maintaining velocity is beneficial.

### Recommendations for Exploration Strategy:

1. **Balanced Action Distribution:**
   - To improve exploration, consider adopting a more balanced action distribution. This can help the agent explore different strategies for building momentum effectively.
   - Suggested Action Distribution:
     - Action 0 (Push Left): 35%
     - Action 1 (No Push): 30%
     - Action 2 (Push Right): 35%

2. **Exploration Strategy:**
   - **Epsilon-Greedy with Decay:** Start with a higher epsilon value (e.g., 0.5) to encourage exploration. Gradually decay epsilon to a lower value (e.g., 0.1) over the next 20 episodes to shift towards exploitation as the agent learns.
   - **Boltzmann Exploration:** Use a softmax distribution over action-values to promote exploration based on the relative value of actions. This can help balance exploration and exploitation based on the learned Q-values.

3. **Encourage Momentum Building:**
   - Encourage the agent to explore sequences of actions that involve moving back and forth (i.e., alternating between Push Left and Push Right) to build momentum. This can be achieved by slightly favoring transitions between Action 0 and Action 2.

4. **Monitor and Adjust:**
   - Continuously monitor the agent's performance and adjust the exploration strategy as needed. If the agent's performance does not improve, consider further adjustments to the action distribution or exploration parameters.

By implementing a more balanced exploration strategy, the agent can learn the importance of momentum building and improve its ability to reach the goal in the MountainCar-v0 environment.","```json
{
  ""action_probs"": [0.35, 0.3, 0.35]
}
```"
91,-86.03871155515249,-62.37111392430512,0.01,0.03278549015522003,N/A,N/A
92,-92.66311019359524,-65.98498164860648,0.01,0.06195848435163498,N/A,N/A
93,-129.5031758509357,-65.11634770906016,0.01,0.01824754849076271,N/A,N/A
94,-59.13480452560055,-64.29471722867905,0.01,0.05727453529834747,N/A,N/A
95,-90.04402592945345,-58.66617644216184,0.01,0.013714363798499107,"To help the DQN agent learn faster in the MountainCar-v0 environment, it's crucial to ensure effective exploration. The goal is to encourage the agent to explore diverse state-action pairs, which can help it learn the dynamics of the environment more effectively. Let's analyze the provided data and propose a strategy:

### Analysis of the Current Exploration

1. **Action Distribution:**
   - The sampled actions show a heavy bias towards action `2` (Push Right), with sporadic instances of actions `0` (Push Left) and `1` (No Push).
   - This distribution suggests that the agent is predominantly trying to push the car to the right, which may not be optimal given the need to build momentum by moving back and forth.

2. **Total Reward:**
   - The total reward of -90.044 indicates that the agent is not performing optimally. In MountainCar-v0, a higher (less negative) reward suggests better performance, as the reward is -1 for each time step until the goal is reached.

### Recommendations for Exploration Strategy

To improve the learning process, we should adjust the exploration strategy to promote a more balanced exploration of actions. Here are some recommendations:

1. **Balanced Action Distribution:**
   - Encourage a more uniform distribution of actions to ensure the agent explores all possible actions adequately. This can be achieved by setting initial exploration probabilities, such as:
     - Action 0 (Push Left): 0.4
     - Action 1 (No Push): 0.2
     - Action 2 (Push Right): 0.4

2. **Incorporate Stochasticity:**
   - Introduce stochasticity in the action selection process, such as using an epsilon-greedy strategy where with probability epsilon, a random action is chosen, and with probability 1-epsilon, the best-known action is selected.
   - Start with a higher epsilon (e.g., 0.5) to encourage exploration and gradually decrease it over time as the agent learns.

3. **Encourage Momentum Building:**
   - Specifically design exploration strategies to encourage momentum building. For example, after several consecutive actions in one direction, encourage switching to the opposite direction to help build momentum.

4. **Monitor and Adjust:**
   - Continuously monitor the agent's performance and adjust the exploration strategy based on observed learning progress. If the agent starts improving, gradually shift towards more exploitation by decreasing the exploration rate.

5. **Diverse Start States:**
   - If possible, start episodes from diverse initial states to help the agent learn to handle various situations and improve generalization.

Implementing these strategies should help the DQN agent learn the dynamics of the MountainCar-v0 environment more efficiently, ultimately leading to improved performance and faster convergence.","```json
{
  ""action_probs"": [0.4, 0.2, 0.4]
}
```"
96,-126.52734075832352,-64.23809574724176,0.01,0.03378438949584961,N/A,N/A
97,-124.9351376174953,-63.27245687369778,0.01,0.0154873700812459,N/A,N/A
98,-128.95431935164942,-63.587425476054875,0.01,0.009238366037607193,N/A,N/A
99,-62.96367724863812,-58.4502022501739,0.01,0.008371243253350258,N/A,N/A
100,-127.64244460750159,-56.38356659824061,0.01,0.013208000920712948,"Based on the data provided, the agent is predominantly selecting the action ""2"" (Push Right) during exploration. This suggests a lack of diversity in action selection, which can hinder the learning process, especially in an environment like MountainCar-v0 where building momentum by moving back and forth is crucial.

### Analysis:
1. **Current Action Distribution**: The sampled actions show a heavy bias towards ""Push Right"" (action 2), which indicates that the agent is not exploring the state space effectively. This could result in the agent getting stuck in local minima and not learning the optimal policy.

2. **Total Reward**: The total reward of -127.64 is significantly lower than the optimal reward. In MountainCar-v0, a reward close to -110 or better is generally considered a good performance. This suggests that the agent is not effectively learning to reach the goal.

### Recommendations for Exploration Strategy:
To improve the learning efficiency of the DQN agent, it's important to encourage more balanced exploration. Here is a recommended action distribution strategy for the next 20 training episodes:

1. **Balanced Action Distribution**: Encourage a more uniform distribution of actions to ensure all potential strategies are explored. A suggested distribution could be:
   - Action 0 (Push Left): 40%
   - Action 1 (No Push): 20%
   - Action 2 (Push Right): 40%

2. **Exploration Strategy**: Consider using an epsilon-greedy strategy with a higher epsilon value (e.g., 0.3 to 0.5) to promote exploration. This will allow the agent to explore different actions more frequently, rather than exploiting the current policy too early.

3. **Adaptive Exploration**: Gradually decrease the epsilon value over the episodes to transition from exploration to exploitation as the agent's policy improves.

4. **Monitor Performance**: Continuously monitor the total reward and adjust the exploration strategy if the agent's performance does not improve. If necessary, tweak the action probabilities based on observed state-action values.

5. **Use of Intrinsic Motivation**: Implement intrinsic motivation techniques like curiosity-driven exploration to encourage the agent to explore less-visited states.

By using a more balanced exploration strategy, the agent should be able to build momentum more effectively and learn the optimal policy faster.","```json
{
  ""action_probs"": [0.4, 0.2, 0.4]
}
```"
101,-129.32748928554778,-55.73232755458273,0.01,0.013402758166193962,N/A,N/A
102,-56.541244708763294,-55.80827917452543,0.01,0.01422105822712183,N/A,N/A
103,-58.0572137242503,-54.88970335902712,0.01,0.01091791782528162,N/A,N/A
104,-127.04402812932692,-55.125054684001284,0.01,0.0254210215061903,N/A,N/A
105,-59.34890359965003,-60.59577712076283,0.01,0.01915871351957321,"To help the DQN agent learn more effectively in the MountainCar-v0 environment, it's important to ensure that the exploration strategy encourages diverse experiences that can help the agent understand the dynamics of the environment. Here's an analysis of the provided data and recommendations for an improved exploration strategy:

### Analysis of the Current Exploration Strategy

1. **Action Distribution**:
   - The sampled actions indicate a strong bias towards action `2` (Push Right). Out of 100 actions, `2` was chosen 69 times, `1` was chosen 4 times, and `0` was chosen 27 times.
   - This imbalance suggests that the agent is predominantly exploring by pushing the car to the right, which might not be optimal for building the necessary momentum to reach the goal on the right hill.

2. **Reward**:
   - The total reward in the last episode was -59.35, which indicates the car is not reaching the goal effectively. In MountainCar-v0, the reward is -1 for each time step until the goal is reached, so a more negative reward suggests longer episodes without reaching the goal.

### Recommendations for Action Distribution

To improve the learning efficiency of the DQN agent, consider the following recommendations for the exploration action distribution over the next 20 training episodes:

1. **Balanced Exploration**:
   - Aim for a more balanced distribution of actions to encourage exploration of different strategies. A suggested distribution could be:
     - Action `0` (Push Left): 30%
     - Action `1` (No Push): 20%
     - Action `2` (Push Right): 50%
   - This distribution encourages the agent to explore pushing left and not pushing at all more frequently, which can help the agent learn to build momentum by moving back and forth.

2. **Encourage Oscillation**:
   - The MountainCar-v0 environment requires the car to oscillate between the hills to build momentum. By increasing the probability of action `0`, the agent may learn to better utilize the left hill to gain momentum.

3. **Temporal Exploration Strategy**:
   - Consider implementing a time-dependent exploration strategy where the agent focuses on different actions at different stages of the episode. For example:
     - Early in the episode, increase the probability of `0` to encourage moving left.
     - Mid-episode, balance between `0` and `2` to promote oscillation.
     - Late in the episode, increase the probability of `2` to push right and attempt to reach the goal.

4. **Adaptive Exploration**:
   - As the agent learns, dynamically adjust the exploration distribution based on performance. If the agent starts reaching the goal more frequently, gradually shift towards exploitation by reducing exploration.

By implementing these recommendations, the agent should be able to gather more diverse experiences and improve its understanding of the environment dynamics, leading to faster learning and better performance in reaching the goal.","```json
{
  ""action_probs"": [0.3, 0.2, 0.5]
}
```"
106,-130.19645747195545,-53.46394092183776,0.01,0.017987672239542007,N/A,N/A
107,-58.99963305495414,-52.72168821632346,0.01,0.021420329809188843,N/A,N/A
108,-127.9417452560583,-52.11666138204438,0.01,0.03395377844572067,N/A,N/A
109,-55.13577913489097,-52.412074361799,0.01,0.014602839015424252,N/A,N/A
110,-130.18119457949393,-51.54055852472966,0.01,0.026792097836732864,"Based on the data provided, it seems that the agent predominantly sampled the action ""Push Right"" (action 2) during the last episode. This indicates a lack of exploration diversity, which can hinder the learning process, especially in a task like MountainCar-v0 where building momentum through back-and-forth movement is crucial.

### Analysis:
1. **Action Distribution**: The overwhelming bias towards action 2 suggests that the agent is not exploring the state-action space effectively. This can lead to suboptimal policy learning, as the agent might not experience the necessary state transitions to understand the dynamics of the environment fully.

2. **Reward**: The total reward of -130.18 indicates that the agent is not performing well. In MountainCar-v0, a higher (less negative) total reward typically indicates better performance, as the episode ends sooner when the goal is reached.

### Recommendations for Exploration Strategy:
To improve the learning process, we should encourage a more balanced exploration strategy. Here’s a recommended action distribution for exploration during the next 20 training episodes:

1. **Balanced Action Sampling**: 
   - Action 0 (Push Left): 40%
   - Action 1 (No Push): 20%
   - Action 2 (Push Right): 40%

   This distribution encourages the agent to explore both directions equally, which is crucial for building the necessary momentum to reach the goal.

2. **Exploration Strategy**:
   - **Epsilon-Greedy with Decay**: Utilize an epsilon-greedy strategy where the epsilon value starts relatively high (e.g., 0.9) and decays over time. This ensures that the agent explores sufficiently in the initial episodes and gradually exploits more as it learns.
   - **Randomized Initial Actions**: Consider starting each episode with a random action for the first few steps to ensure diverse starting conditions, which can help in better exploration.

3. **Adaptive Exploration**: Monitor the agent's performance and adjust the action distribution if necessary. If the agent starts to show improvement, gradually shift towards a more exploitation-focused strategy.

By implementing a more balanced exploration strategy, the agent should be able to learn the environment dynamics more effectively, leading to improved performance in subsequent episodes.","```json
{
  ""action_probs"": [0.4, 0.2, 0.4]
}
```"
111,-50.7299308627133,-52.56666272422011,0.01,0.009625270962715149,N/A,N/A
112,-50.397370859073376,-60.662332772357296,0.01,0.03364287316799164,N/A,N/A
113,-62.06671334892908,-62.50190852449456,0.01,0.048906680196523666,N/A,N/A
114,-43.22731807348986,-61.54418834922499,0.01,0.01939406804740429,N/A,N/A
115,-44.599119701316326,-61.22559464319213,0.01,0.019635923206806183,"Based on the information provided, it seems that the agent is heavily biased towards taking the ""Push Right"" action (action 2) significantly more than the other actions, especially ""Push Left"" (action 0). This imbalance in the action sampling could be detrimental to learning an effective policy for the MountainCar-v0 environment. The car needs to build momentum by moving back and forth, which requires a more balanced exploration of all actions.

### Analysis:
1. **Action Distribution**: The sampled actions show a strong preference for ""Push Right"" after an initial sequence of ""Push Left."" This indicates that the agent might be stuck in a suboptimal strategy where it tries to push right without sufficient momentum.
2. **Total Reward**: The total reward of -44.6 suggests that the agent is not efficiently reaching the goal, which is consistent with the action distribution that lacks sufficient exploration of the ""Push Left"" action.
3. **Momentum Building**: To reach the goal, the car must build up enough momentum by oscillating between the left and right hills. This requires a more balanced approach to action selection.

### Recommendations for Exploration Action Distribution:
To help the DQN agent learn faster, it's crucial to adjust the exploration strategy to ensure a more balanced sampling of actions. Here are my recommendations:

1. **Balanced Exploration**:
   - **Action 0 (Push Left)**: 40%
   - **Action 1 (No Push)**: 20%
   - **Action 2 (Push Right)**: 40%

   This distribution encourages the agent to explore both directions more evenly, which is essential for building the necessary momentum to reach the goal.

2. **Incorporate Exploration Noise**:
   - Introduce a small amount of noise to the action selection process to ensure that the agent does not get stuck in repetitive patterns.

3. **Adaptive Exploration**:
   - Consider using an adaptive exploration strategy that adjusts the action probabilities based on the agent's performance over episodes. For instance, if the agent is not improving, slightly increase the probability of the less chosen actions.

4. **Monitor Learning Progress**:
   - Continuously monitor the agent's performance and the distribution of actions taken. If the agent's performance does not improve, adjust the action distribution further to ensure a more effective exploration.

By implementing these recommendations, the agent should be able to explore the state space more effectively, leading to faster learning and better performance in the MountainCar-v0 environment.","```json
{
  ""action_probs"": [0.4, 0.2, 0.4]
}
```"
116,-62.46434699726026,-61.25977261491115,0.01,0.009065351448953152,N/A,N/A
117,-39.3461868545373,-62.13051037039379,0.01,0.010708349756896496,N/A,N/A
118,-37.7732342952796,-61.67098601516052,0.01,0.00992092676460743,N/A,N/A
119,-38.73832319460012,-61.68996210070988,0.01,0.0102864820510149,N/A,N/A
120,-39.65909089884787,-61.927761959334376,0.01,0.008628125302493572,"Based on the information provided, the car is currently not effectively exploring the action space, as evidenced by the sequence of sampled actions. The sequence shows a strong bias towards either pushing left (action 0) or pushing right (action 2) for extended periods, with no instances of no push (action 1). This pattern suggests that the car is not effectively building momentum by oscillating between the left and right hills, which is crucial for solving the MountainCar-v0 environment.

### Analysis:
1. **Current Action Bias**: The action sequence is heavily skewed towards pushing in one direction for long stretches. This can lead to suboptimal exploration and prevent the agent from learning the necessary oscillatory behavior to build momentum.

2. **Lack of Action 1 (No Push)**: The absence of action 1 (No Push) indicates that the agent is not exploring the potential benefits of maintaining velocity without additional force. This action can be useful when the car is at the peak of a hill, allowing gravity to assist in gaining momentum.

3. **Reward Signal**: The total reward of -39.659 suggests that the agent is not reaching the goal efficiently. The reward structure in MountainCar-v0 is such that the episode ends when the car reaches the flag, and the reward is the negative of the number of time steps taken. Hence, a high negative reward indicates inefficiency.

### Recommendations:
To improve exploration and facilitate faster learning for the DQN agent, consider the following action distribution strategy:

1. **Balanced Exploration**:
   - **Action 0 (Push Left)**: 30%
   - **Action 1 (No Push)**: 20%
   - **Action 2 (Push Right)**: 50%

   This distribution encourages the agent to push right more frequently, which is necessary to reach the goal, but also incorporates enough left pushes and no pushes to allow for momentum building.

2. **Incorporate Randomness**:
   - Introduce a small degree of randomness to ensure the agent does not get stuck in deterministic patterns. This can be achieved by using an epsilon-greedy strategy where a small percentage (e.g., 10%) of actions are chosen randomly.

3. **Adaptive Exploration**:
   - Consider adjusting the exploration strategy based on the agent's performance. If the agent starts reaching the goal more consistently, gradually shift towards more exploitation (e.g., reducing the randomness).

4. **Monitor Learning**:
   - Continuously monitor the agent’s performance metrics such as average reward per episode and the number of steps to reach the goal. Use these metrics to fine-tune the exploration strategy.

By implementing these recommendations, the agent should be able to explore the environment more effectively, leading to improved learning and performance in the MountainCar-v0 task.","```json
{
  ""action_probs"": [0.3, 0.2, 0.5]
}
```"
121,-50.995760591208416,-61.473467222625786,0.01,0.019015701487660408,N/A,N/A
122,-43.184417416043914,-60.91211026519287,0.01,0.024370452389121056,N/A,N/A
123,-45.63912726369951,-61.089041093736874,0.01,0.007348634302616119,N/A,N/A
124,-44.886753312661305,-61.09844696010989,0.01,0.011020354926586151,N/A,N/A
125,-39.86520821485406,-61.24597291715264,0.01,0.06122532859444618,"To help the DQN agent learn faster in the MountainCar-v0 environment, it's important to encourage exploration that allows the agent to gain a better understanding of the environment's dynamics and the effects of different actions. Here's an analysis of the current situation and some recommendations:

### Analysis of Current Situation:
1. **Action Distribution**: The sampled actions from the last episode show a strong bias towards actions 0 (Push Left) and 2 (Push Right), with no instances of action 1 (No Push). Specifically, the sequence starts with a series of action 0 followed by a series of action 2.
   
2. **Total Reward**: The total reward of -39.87 suggests that the agent is not yet efficiently reaching the goal. In MountainCar-v0, the reward is -1 for each time step until the car reaches the goal, so a less negative reward would indicate reaching the goal faster.

3. **Momentum Building**: The car needs to build momentum by moving back and forth. The current action distribution might not be effectively achieving this, as it doesn't explore the potential benefits of not pushing (action 1) at strategic times to maintain or adjust velocity.

### Recommendations for Exploration Strategy:
1. **Balanced Exploration**:
   - Introduce a more balanced exploration strategy that includes all actions. For example, use a distribution like:
     - Action 0 (Push Left): 40%
     - Action 1 (No Push): 20%
     - Action 2 (Push Right): 40%
   
   This distribution encourages the agent to explore the effect of not pushing, which might help in maintaining or adjusting velocity without overshooting the optimal momentum.

2. **Epsilon-Greedy Strategy**:
   - Implement an epsilon-greedy strategy where the agent primarily exploits the current best-known actions but occasionally explores other actions. This can help in discovering new strategies that might improve performance.

3. **Adaptive Exploration**:
   - Consider dynamically adjusting the exploration distribution based on the agent's performance. If the agent's performance improves, gradually reduce exploration in favor of exploitation of the learned policy.

4. **Momentum Awareness**:
   - Encourage exploration that emphasizes understanding the relationship between position, velocity, and the effect of actions. This can be done by analyzing the state transitions when different actions are taken at various positions and velocities.

5. **Reward Shaping**:
   - Although not directly related to action distribution, consider reward shaping to give additional feedback for beneficial behaviors, such as gaining velocity in the right direction or reaching higher positions on the slope, to guide exploration.

By implementing these recommendations, the agent should be better equipped to learn the optimal policy for reaching the goal efficiently in the MountainCar-v0 environment.","```json
{
  ""action_probs"": [0.4, 0.2, 0.4]
}
```"
126,-61.21329640518588,-61.3314962800428,0.01,0.008876504376530647,N/A,N/A
127,-61.71709313986023,-60.87027224510781,0.01,0.007549203932285309,N/A,N/A
128,-57.58785627689209,-60.71046385148453,0.01,0.006542312912642956,N/A,N/A
129,-62.157698286264036,-60.79495274167245,0.01,0.04780583828687668,N/A,N/A
130,-64.80462802471592,-60.21713254015024,0.01,0.028183814138174057,"Analyzing the provided data, we can see the following distribution of actions in the last episode:

- Action 0 (Push Left): 27 times
- Action 1 (No Push): 2 times
- Action 2 (Push Right): 71 times

This distribution is heavily skewed towards Action 2 (Push Right), with Action 1 (No Push) being used very infrequently. The total reward of -64.80 suggests that the agent is not efficiently reaching the goal, likely due to an imbalance in exploration strategy.

### Recommendations for Exploration Strategy

1. **Balanced Exploration:**
   - Encourage a more balanced exploration strategy to ensure the agent explores all possible actions more evenly. This can help the agent learn a more effective policy by understanding the impact of each action in different states.

2. **Suggested Action Distribution:**
   - Action 0 (Push Left): 40%
   - Action 1 (No Push): 20%
   - Action 2 (Push Right): 40%

   This distribution encourages more exploration of the 'No Push' action, which is currently under-explored, and balances the 'Push Left' and 'Push Right' actions to prevent over-reliance on one direction.

3. **Adaptive Exploration:**
   - Implement an adaptive exploration strategy where the action probabilities are adjusted based on the agent's performance over time. If certain actions contribute to higher rewards, their probabilities can be slightly increased.

4. **State-Dependent Exploration:**
   - Consider a state-dependent exploration strategy where the action distribution changes based on the car's position and velocity. For instance, if the car is moving left and gaining momentum, prioritize 'Push Left' to enhance momentum before switching to 'Push Right'.

5. **Incorporate Exploration Noise:**
   - Introduce some stochasticity or noise in the action selection to prevent the agent from getting stuck in local optima and to encourage exploration of less frequently visited states.

By adopting these strategies, the agent should be able to explore the environment more effectively, leading to faster learning and improved performance in the MountainCar-v0 task.","```json
{
  ""action_probs"": [0.4, 0.2, 0.4]
}
```"
131,-50.480650137777296,-60.14637572698816,0.01,0.02944856882095337,N/A,N/A
132,-59.91142846563265,-60.652896099617216,0.01,0.00900007039308548,N/A,N/A
133,-38.68175903120013,-61.535616916563995,0.01,0.02434377186000347,N/A,N/A
134,-38.021292912188386,-58.4188937244124,0.01,0.005969074554741383,N/A,N/A
135,-67.21526770809186,-59.04430129885882,0.01,0.009468335658311844,"In the MountainCar-v0 environment, the goal is to drive the car to the flag on the right hill. Due to the weak engine, the car cannot reach the goal directly and needs to build momentum by oscillating between the two hills. The action distribution and the total reward from the last episode provide insight into the agent's current exploration strategy and its effectiveness.

### Analysis of Current Exploration Strategy:

1. **Action Distribution:**
   - The sampled actions show a heavy bias towards actions 0 (Push Left) and 2 (Push Right), with a significant portion of the episode dominated by action 2. 
   - Action 1 (No Push) is rarely used, appearing only twice in the entire sequence.

2. **Performance:**
   - The total reward of -67.21 suggests that the agent is not yet efficiently reaching the goal, as the optimal policy should yield a higher (less negative) reward.

3. **Momentum Building:**
   - The agent seems to be attempting to build momentum by pushing in one direction for extended periods, but it may not be effectively switching directions at the right times to maximize momentum.

### Recommendations for Exploration Action Distribution:

To help the DQN agent learn faster, it's crucial to encourage more balanced exploration that allows the agent to discover effective momentum-building strategies. Here's a recommended action distribution for exploration during the next 20 training episodes:

1. **Encourage Balanced Exploration:**
   - **Action 0 (Push Left):** 40%
   - **Action 1 (No Push):** 20%
   - **Action 2 (Push Right):** 40%

2. **Rationale:**
   - **Balanced Directional Pushes:** By assigning equal probabilities to actions 0 and 2, the agent is encouraged to explore both directions more evenly, which is critical for building the necessary momentum to reach the goal.
   - **Increased No Push:** Increasing the probability of action 1 allows the agent to explore the effects of not accelerating, which can be useful for fine-tuning position and velocity without overshooting the target.

3. **Adaptive Exploration:**
   - Monitor the agent's performance over these 20 episodes. If improvement is observed, consider further adjusting the distribution to gradually favor actions that lead to higher rewards.
   - If the agent continues to perform poorly, consider introducing more sophisticated exploration strategies, such as epsilon-greedy with a decaying epsilon, to balance exploration and exploitation.

By following this exploration strategy, the agent should have a better chance of discovering effective policies that utilize momentum building to achieve the goal more efficiently.","```json
{
  ""action_probs"": [0.4, 0.2, 0.4]
}
```"
136,-65.53187469190783,-61.10420782796175,0.01,0.009471267461776733,N/A,N/A
137,-39.69608004755406,-58.910682178653886,0.01,0.006388345267623663,N/A,N/A
138,-81.75516132035077,-60.18402469301672,0.01,0.00694134458899498,N/A,N/A
139,-60.467947455881436,-61.22173722252003,0.01,0.005583595018833876,N/A,N/A
140,-49.21923199712099,-61.322373266717875,0.01,0.008039174601435661,"Based on the provided data, it appears that the agent is predominantly choosing action 2 (Push Right), with a few instances of action 0 (Push Left) and a single instance of action 1 (No Push). This skewed action distribution suggests that the agent may not be exploring the state space effectively, which is crucial for learning a successful policy in the MountainCar-v0 environment.

### Analysis:
1. **Current Action Distribution**:
   - Action 2 (Push Right): Dominant
   - Action 0 (Push Left): Rare
   - Action 1 (No Push): Very rare

2. **Total Reward**:
   - The total reward of -49.22 indicates that the agent is not yet reaching the goal consistently. In MountainCar-v0, higher rewards (closer to 0) are achieved by reaching the goal quickly.

3. **Exploration Needs**:
   - The agent needs to build momentum by oscillating between the left and right hills effectively. This requires a balanced exploration of actions 0 and 2.

### Recommendations for Exploration Strategy:
To help the DQN agent learn faster, it's crucial to encourage more balanced exploration. Here’s a recommended action distribution for exploration over the next 20 episodes:

1. **Action Distribution**:
   - Action 0 (Push Left): 40%
   - Action 1 (No Push): 10%
   - Action 2 (Push Right): 50%

2. **Rationale**:
   - **Push Left (40%)**: Increasing the frequency of action 0 will help the agent gain the necessary momentum by moving left, which is crucial for reaching the goal.
   - **No Push (10%)**: Keeping a small probability for action 1 allows the agent to occasionally maintain its current velocity, contributing to varied state exploration.
   - **Push Right (50%)**: Maintaining a high probability for action 2 ensures that the agent still attempts to reach the goal, but not overwhelmingly so.

3. **Implementation**:
   - Use an epsilon-greedy strategy with the above distribution during exploration phases. Adjust the epsilon decay rate to ensure the agent explores sufficiently before settling on a policy.

4. **Monitor and Adjust**:
   - Continuously monitor the agent's performance and adjust the action distribution based on its learning progress. If the agent begins to consistently reach the goal, gradually shift towards more exploitation of the learned policy.

By implementing this more balanced exploration strategy, the agent should be able to better learn the dynamics of the environment and improve its performance over time.","```json
{
  ""action_probs"": [0.4, 0.1, 0.5]
}
```"
141,-43.73856327549686,-58.15103510355897,0.01,0.07671763002872467,N/A,N/A
142,-58.26366359131145,-58.70926413057172,0.01,0.007850122638046741,N/A,N/A
143,-59.182935454558375,-59.73167530584421,0.01,0.007644998840987682,N/A,N/A
144,-41.79862588198987,-59.2043557997289,0.01,0.04028819128870964,N/A,N/A
145,-54.75224326847818,-72.35228227712588,0.01,0.008676493540406227,"Based on the information provided, it seems that the agent is currently exhibiting a biased action selection pattern, predominantly alternating between actions 0 (Push Left) and 2 (Push Right), with very few instances of action 1 (No Push). This pattern may not be optimal for exploration and learning in the MountainCar-v0 environment, as the agent needs to effectively explore the state-action space to learn a good policy.

### Analysis:
1. **Current Action Distribution**: 
   - Actions 0 and 2 are heavily favored, while action 1 is almost neglected.
   - This can lead to suboptimal exploration as the agent might not learn when it is beneficial to not apply any force (action 1).

2. **Current Performance**:
   - The total reward of -54.75 suggests that the agent is not efficiently reaching the goal, which is expected in early learning stages.

### Recommended Strategy for Exploration:
To improve the learning efficiency of the DQN agent, consider the following exploration strategy:

1. **Balanced Action Exploration**:
   - Introduce a more balanced action distribution to ensure the agent explores all possible actions. This can be achieved by encouraging the exploration of action 1 (No Push).
   - Suggested action distribution: 
     - Action 0 (Push Left): 40%
     - Action 1 (No Push): 20%
     - Action 2 (Push Right): 40%

2. **Exploration Techniques**:
   - **Epsilon-Greedy Strategy**: Continue using an epsilon-greedy approach but adjust the epsilon value to encourage more exploration initially, then decay it over time.
   - **Entropy Regularization**: Introduce entropy regularization to encourage a more diverse action selection.

3. **Adaptive Exploration**:
   - Monitor the agent’s performance and adjust the exploration strategy dynamically based on the reward trends. If the agent starts showing improvement, gradually decrease exploration.

4. **Consider State-Dependent Exploration**:
   - Implement a state-dependent exploration strategy where the action selection is influenced by the current state (position and velocity). For instance, when the car is moving up a slope, it might be more beneficial to explore actions that push in the opposite direction to build momentum.

By adjusting the exploration strategy to ensure a more balanced action distribution and employing adaptive exploration techniques, the agent should be able to learn a more effective policy faster, potentially improving its performance in the MountainCar-v0 environment.","```json
{
  ""action_probs"": [0.4, 0.2, 0.4]
}
```"
146,-40.93778513192331,-61.008063655340564,0.01,0.011763334274291992,N/A,N/A
147,-36.99483746566943,-60.0991375708979,0.01,0.009949428029358387,N/A,N/A
148,-49.69957956782143,-61.624077476709395,0.01,0.011557720601558685,N/A,N/A
149,-59.950587306451055,-69.61337901000158,0.01,0.011194689199328423,N/A,N/A
150,-73.89104272622745,-59.54998526973053,0.01,0.05784653127193451,"Based on the provided information, the sampled actions from the last episode show a strong bias towards a particular strategy: initially, there is a preference for the ""No Push"" action (1), followed by a sequence of ""Push Left"" (0) actions, and finally a long sequence of ""Push Right"" (2) actions. This suggests that the agent is not exploring the action space effectively, which may hinder its ability to learn the optimal strategy for the MountainCar-v0 environment.

### Analysis:
1. **Action Bias**: The distribution of actions is heavily skewed towards ""Push Right"" (2), which could lead to suboptimal exploration. The agent seems to be following a deterministic or limited exploration strategy, which is not ideal for building the necessary momentum to reach the flag efficiently.

2. **Lack of Exploration**: The agent is not effectively exploring the action space, particularly the ""Push Left"" (0) and ""No Push"" (1) actions. This could result in the agent not experiencing diverse state transitions, which is crucial for learning in this environment.

3. **Reward Signal**: The total reward of -73.89 indicates that the agent is not performing well, as it is far from the optimal reward (closer to 0 or positive values). This reflects the need for better exploration strategies to improve learning.

### Recommendations for Exploration Strategy:
To help the DQN agent learn faster, it is crucial to encourage more balanced exploration of the action space. Here are some recommendations:

1. **Epsilon-Greedy Strategy with Decay**:
   - Implement an epsilon-greedy strategy where the agent selects a random action with probability epsilon and the best-known action with probability 1-epsilon.
   - Start with a relatively high epsilon (e.g., 0.3) to encourage exploration, and gradually decay it over time to allow for more exploitation as learning progresses.

2. **Action Distribution**:
   - For the next 20 training episodes, aim for a more balanced action distribution. For example:
     - Push Left (0): 30%
     - No Push (1): 40%
     - Push Right (2): 30%
   - This distribution encourages the agent to explore pushing left more often, which is necessary to build momentum, while still allowing for pushing right and no push actions.

3. **Reward Shaping**:
   - Consider implementing reward shaping to provide intermediate rewards for reaching certain positions or velocities. This can help guide the agent towards the goal more effectively.

4. **Policy Gradient Methods**:
   - If feasible, explore using policy gradient methods that inherently encourage exploration by sampling from a probability distribution over actions.

By adopting a more balanced exploration strategy, the agent is likely to discover more effective sequences of actions that can help it reach the goal more efficiently. This should lead to improved learning and better performance in the MountainCar-v0 environment.","```json
{
  ""action_probs"": [0.3, 0.4, 0.3]
}
```"
151,-56.443338922457755,-59.35537053884595,0.01,0.007613965310156345,N/A,N/A
152,-59.42748748287888,-59.897417583874166,0.01,0.029207630082964897,N/A,N/A
153,-38.14859346147362,-59.52412803593588,0.01,0.11155522614717484,N/A,N/A
154,-57.574369824389954,-58.790438361379486,0.01,0.05468084290623665,N/A,N/A
155,-57.98647382618593,-60.443204467343776,0.01,0.008569269441068172,"To help the DQN agent learn more effectively in the MountainCar-v0 environment, we need to consider the dynamics of the task and the current exploration behavior based on the provided data. Let's break down the analysis and recommendations:

### Analysis of Current Behavior:

1. **Action Distribution**:
   - The sampled actions show a heavy bias towards action `2` (Push Right), with some instances of action `0` (Push Left), and very few instances of action `1` (No Push).
   - This distribution indicates that the agent is predominantly trying to move the car to the right, potentially missing opportunities to build momentum by moving left first.

2. **Episode Reward**:
   - The total reward of approximately `-57.99` indicates that the agent is not reaching the goal efficiently. In MountainCar-v0, the reward is `-1` for each time step until the car reaches the goal, so a higher negative reward suggests the car is taking many steps without success.

3. **Momentum Building**:
   - Success in MountainCar-v0 typically requires the agent to oscillate between the left and right to build enough momentum to reach the flag on the right hill. The current action distribution does not effectively support this strategy.

### Recommendations for Exploration Strategy:

1. **Balanced Action Distribution**:
   - Encourage a more balanced exploration strategy that allows the agent to explore the full action space more uniformly. This can be achieved by adjusting the probability distribution of actions during exploration:
     - Action `0` (Push Left): 40%
     - Action `1` (No Push): 20%
     - Action `2` (Push Right): 40%

   This distribution promotes more frequent attempts to move left, which is crucial for building momentum, while still allowing for rightward movement and some neutral actions.

2. **Incorporate Stochasticity**:
   - Introduce some stochasticity in the action selection process to prevent the agent from getting stuck in suboptimal policies. This can be achieved by adding a small probability of random action selection, which is common in exploration strategies like ε-greedy.

3. **Monitor and Adjust**:
   - Continuously monitor the agent's performance and adjust the action distribution as needed. If the agent begins to show improvement in reaching the goal more efficiently, consider gradually shifting towards more exploitation (favoring actions that lead to higher rewards) while maintaining some level of exploration.

4. **Consider State-Dependent Exploration**:
   - If feasible, implement a state-dependent exploration strategy where the action probabilities are adjusted based on the car's position and velocity. For example, if the car is moving to the left, increase the probability of pushing right to help build momentum.

By adopting these recommendations, the DQN agent should be better equipped to explore the environment effectively, learn the necessary momentum-building strategy, and ultimately improve its performance in the MountainCar-v0 task.","```json
{
  ""action_probs"": [0.4, 0.2, 0.4]
}
```"
156,-59.64335225395458,-60.71806237191502,0.01,0.06693635880947113,N/A,N/A
157,-58.74610341208253,-60.70308490108199,0.01,0.006719866301864386,N/A,N/A
158,-37.1373907305167,-60.09406733518051,0.01,0.009598878212273121,N/A,N/A
159,-41.09097789567229,-60.554622413482114,0.01,0.015936948359012604,N/A,N/A
160,-59.39535078321849,-61.38694835837631,0.01,0.015814393758773804,"Based on the provided data, the distribution of actions sampled in the last episode is heavily skewed towards actions 0 (Push Left) and 2 (Push Right), with a significant portion of the episode dedicated to these actions. Action 1 (No Push) is rarely used. This skewed distribution suggests that the agent might be trying to build momentum by oscillating between pushing left and right, which is a common strategy in MountainCar-v0 to reach the goal.

Here are some observations and recommendations for exploration strategy to help the DQN agent learn more effectively:

### Observations:
1. **Action Distribution**: The sampled actions show a heavy use of actions 0 and 2, indicating that the agent is attempting to build momentum. However, the balance between these actions may not be optimal.
2. **Rare Use of No Push (Action 1)**: The infrequent use of action 1 suggests that the agent might be missing opportunities to maintain or adjust its momentum effectively.
3. **Total Reward**: A total reward of -59.39 indicates that the agent is still far from optimal performance, as a higher total reward (closer to zero) would indicate more efficient reaching of the goal.

### Recommendations:
1. **Balanced Exploration**: Adjust the exploration strategy to include a more balanced distribution of actions. While actions 0 and 2 are crucial for building momentum, incorporating action 1 occasionally might help the agent learn when it's beneficial to maintain current velocity rather than always accelerating.

2. **Action Distribution Strategy**:
   - **Action 0 (Push Left)**: 35%
   - **Action 1 (No Push)**: 20%
   - **Action 2 (Push Right)**: 45%

   This distribution slightly increases the exploration of action 1, allowing the agent to learn when maintaining momentum is advantageous, while still emphasizing the need to push right more often to reach the goal.

3. **Adaptive Exploration**: Consider implementing an adaptive exploration strategy where the action distribution can change based on the agent's performance over time. For example, if the agent's performance improves, gradually reduce exploration of suboptimal actions.

4. **State-based Exploration**: Incorporate state-based exploration where the choice of action depends on the current state (position and velocity). For instance, if the car is moving right with high velocity, the probability of choosing action 2 (Push Right) could be reduced in favor of action 1 (No Push) to maintain momentum.

5. **Reward Shaping**: If not already implemented, consider reward shaping to provide intermediate rewards for reaching certain velocities or positions, encouraging the agent to explore different strategies.

By adjusting the exploration strategy with these recommendations, the agent may learn more efficient ways to build momentum and reach the goal faster, ultimately improving its performance in the MountainCar-v0 environment.","```json
{
  ""action_probs"": [0.35, 0.2, 0.45]
}
```"
161,-56.948082256137496,-67.16897054597129,0.01,0.011164799332618713,N/A,N/A
162,-64.763201706043,-67.97118790445991,0.01,0.044471919536590576,N/A,N/A
163,-57.44244044116431,-68.01925952998008,0.01,0.008133023977279663,N/A,N/A
164,-64.79302584020355,-68.34898076786028,0.01,0.06802234798669815,N/A,N/A
165,-59.070788094654134,-62.21724165813016,0.01,0.015877095982432365,"To help the DQN agent learn faster in the MountainCar-v0 environment, it's important to focus on exploration strategies that encourage the agent to experience a diverse range of states and actions. Let's analyze the current data and suggest an exploration action distribution that could improve learning:

### Analysis of Current Data

1. **Action Distribution**: 
   - The sampled actions show a heavy bias towards actions 0 (Push Left) and 2 (Push Right), with very few instances of action 1 (No Push). 
   - This indicates that the agent is primarily exploring by pushing the car left and right, which is necessary to build momentum, but the lack of ""No Push"" might limit the exploration of states where the car's momentum carries it without additional force.

2. **Reward**:
   - The total reward in the last episode was -59.07, which is better than the baseline of -200 but still indicates that the agent is not reaching the goal consistently.

3. **Momentum Building**:
   - The sampled actions suggest that the agent is trying to build momentum by alternating between left and right pushes, which is a good strategy for this environment. However, the pattern seems somewhat repetitive and might not be exploring all necessary states effectively.

### Strategy Recommendations

To improve the exploration strategy, consider the following recommendations:

1. **Balanced Action Distribution**:
   - Introduce a more balanced exploration policy that includes a higher probability of action 1 (No Push). This can help the agent learn the effect of inertia and gravity in the environment, which is crucial for reaching the goal efficiently.

2. **Exploration Strategy**:
   - Use an epsilon-greedy strategy with a decaying epsilon. Start with a higher epsilon (e.g., 0.3) to encourage exploration and gradually decrease it to promote exploitation as the agent learns.
   - Alternatively, consider using a Boltzmann exploration strategy where actions are selected based on their estimated value, allowing for more nuanced exploration.

3. **Action Probability Distribution**:
   - For the next 20 episodes, propose an action distribution like the following:
     - Action 0 (Push Left): 40%
     - Action 1 (No Push): 20%
     - Action 2 (Push Right): 40%
   - This distribution increases the likelihood of ""No Push"" actions, allowing the agent to experience the effects of momentum and gravity more frequently.

4. **Adaptive Exploration**:
   - Monitor the agent's performance and adjust the exploration strategy dynamically. If the agent's performance plateaus, consider increasing exploration temporarily to escape local optima.

5. **Diverse State Visitation**:
   - Encourage the agent to visit a wide range of states by introducing occasional random action sequences or noise in the policy, which can help discover new strategies.

By implementing these recommendations, the DQN agent should be able to explore the environment more effectively, leading to faster learning and improved performance in the MountainCar-v0 task.","```json
{
  ""action_probs"": [0.4, 0.2, 0.4]
}
```"
166,-59.35557304014467,-69.49373394521527,0.01,0.02730759233236313,N/A,N/A
167,-62.68138477838243,-61.37816607371548,0.01,0.012777462601661682,N/A,N/A
168,-58.72175576067864,-61.79882667121095,0.01,0.012177678756415844,N/A,N/A
169,-59.193225862381844,-62.17934437641545,0.01,0.006143939681351185,N/A,N/A
170,-58.16429730176128,-62.49461797125838,0.01,0.006130527704954147,"Based on the data provided, we can make several observations and recommendations to improve the exploration strategy for the MountainCar-v0 environment:

### Observations:
1. **Action Bias**: The sampled actions show a heavy bias towards actions 0 (Push Left) and 2 (Push Right), with very few instances of action 1 (No Push). This indicates that the agent is predominantly trying to push the car in either direction, with minimal exploration of the ""No Push"" action.
   
2. **Momentum Building**: The MountainCar-v0 task requires the agent to build momentum by moving back and forth to reach the goal. The current action distribution might not be effectively facilitating this momentum-building process, as evidenced by the low total reward.

3. **Reward Signal**: A total reward of -58.164 suggests that the agent is not yet effectively reaching the goal or is taking many steps to do so. This indicates a need for better exploration to discover more efficient strategies.

### Recommendations:
1. **Balanced Exploration**: Introduce a more balanced exploration strategy that gives a higher probability to action 1 (No Push). This can help the agent explore the state space more effectively, especially in situations where maintaining velocity without additional force might be beneficial.

2. **Action Distribution**: For the next 20 training episodes, consider setting the exploration action distribution as follows:
   - Action 0 (Push Left): 40%
   - Action 1 (No Push): 20%
   - Action 2 (Push Right): 40%

   This distribution aims to increase the exploration of the ""No Push"" action while maintaining a reasonable level of exploration for ""Push Left"" and ""Push Right"".

3. **Adaptive Exploration**: Implement an adaptive exploration strategy that adjusts the action probabilities based on the agent's performance. For instance, if the agent's total reward does not improve, slightly increase the probability of the least explored action to encourage diverse exploration.

4. **Reward Shaping**: While not directly related to action distribution, consider reward shaping techniques to provide more informative feedback to the agent. This can help the agent learn the value of different actions more quickly.

5. **Monitor Performance**: Continuously monitor the agent's performance and adjust the exploration strategy based on the trends observed in the total rewards and action distributions. If the agent's performance plateaus, further adjustments may be necessary.

By implementing these recommendations, the agent should be able to explore the environment more effectively, leading to faster learning and improved performance in the MountainCar-v0 task.","```json
{
  ""action_probs"": [0.4, 0.2, 0.4]
}
```"
171,-64.18943439992309,-62.96590963137936,0.01,0.007225015200674534,N/A,N/A
172,-63.400991470649,-69.28190165980729,0.01,0.010733554139733315,N/A,N/A
173,-67.11561270342483,-63.35282753360726,0.01,0.07189376652240753,N/A,N/A
174,-38.45420241346249,-63.701404890199115,0.01,0.013907965272665024,N/A,N/A
175,-58.562347577532215,-63.66225561912448,0.01,0.03530849516391754,"Based on the provided data, it seems that the current exploration strategy is heavily skewed towards actions 0 (Push Left) and 2 (Push Right), with a complete absence of action 1 (No Push). This suggests a deterministic pattern where the agent is alternating between pushing left and right without exploring the possibility of maintaining its velocity by not pushing.

### Analysis:
1. **Action Distribution**: The sampled actions show a pattern of pushing left initially, followed by pushing right. This strategy might help in building the necessary momentum to climb the hill, but it completely neglects the potential benefits of action 1 (No Push).
   
2. **Current Performance**: The total reward of -58.56 indicates that the agent is not efficiently reaching the goal. The lack of variation in actions might be causing the agent to miss opportunities to stabilize its velocity and position for a more effective climb.

3. **Exploration Imbalance**: The absence of action 1 suggests that the agent might not be exploring the full state-action space, which can lead to suboptimal policy learning.

### Recommendations:
To improve the exploration strategy and help the DQN agent learn faster, consider the following action distribution for the next 20 training episodes:

1. **Balanced Exploration**: Introduce a more balanced exploration strategy that includes all three actions. A suggested distribution could be:
   - Action 0 (Push Left): 40%
   - Action 1 (No Push): 20%
   - Action 2 (Push Right): 40%

2. **Incorporate Action 1**: By including action 1, the agent will have the opportunity to explore states where maintaining velocity is beneficial, potentially leading to more efficient climbs.

3. **Dynamic Adjustment**: Monitor the agent's performance over these episodes. If the agent shows improvement, consider gradually adjusting the distribution towards the actions that contribute most to reaching the goal efficiently.

4. **Temporal Exploration**: Consider varying the exploration strategy within an episode. For instance, start with a higher probability of no push (action 1) when the car is at the peak of a hill to maintain momentum, and increase the probability of pushing actions as the car descends.

By adopting a more balanced and varied exploration strategy, the agent should be able to explore a wider range of state-action pairs, leading to a more robust policy and potentially faster learning.","```json
{
  ""action_probs"": [0.4, 0.2, 0.4]
}
```"
176,-57.25285741507872,-63.39028776419608,0.01,0.009679395705461502,N/A,N/A
177,-58.941348302324435,-64.90610311597638,0.01,0.01753236912190914,N/A,N/A
178,-58.10812916136345,-70.36014392842877,0.01,0.008004565723240376,N/A,N/A
179,-38.53590371152718,-70.02279752544648,0.01,0.010957841761410236,N/A,N/A
180,-59.730152164076564,-80.0507445058824,0.01,0.014792656525969505,"To help the DQN agent learn faster in the MountainCar-v0 environment, we need to ensure that the exploration strategy encourages the agent to effectively build momentum by alternating between actions, which is crucial for overcoming the hill and reaching the goal. Let's analyze the provided data and suggest an exploration strategy:

### Analysis of Current Exploration:
1. **Action Distribution:**
   - Action 0 (Push Left): 31 times
   - Action 1 (No Push): 2 times
   - Action 2 (Push Right): 62 times

2. **Observations:**
   - There is a heavy bias towards Action 2 (Push Right), which is used twice as much as Action 0 (Push Left).
   - Action 1 (No Push) is rarely used, which may limit the agent's ability to explore the impact of this action in different states.

3. **Reward:**
   - The total reward of -59.73 suggests that the agent is not yet successfully reaching the goal, as the optimal reward is -110 when reaching the flag quickly.

### Recommendations for Exploration Strategy:
To improve the learning efficiency of the DQN agent, we should aim for a more balanced exploration strategy that encourages alternating actions to build momentum. Here’s a recommended action distribution for the next 20 episodes:

1. **Balanced Action Distribution:**
   - **Action 0 (Push Left):** 40%
   - **Action 1 (No Push):** 20%
   - **Action 2 (Push Right):** 40%

2. **Rationale:**
   - **Action 0 and Action 2:** By balancing the frequency of pushing left and right, the agent can explore the state space more effectively, learning how to build momentum by alternating between these actions.
   - **Action 1 (No Push):** Including a moderate amount of ""No Push"" actions allows the agent to explore the impact of inertia and the natural dynamics of the environment, which can be important for fine-tuning its strategy.

3. **Implementation:**
   - Implement an epsilon-greedy strategy where the exploration actions are sampled according to the above distribution during the exploration phase. This can be done by adjusting the probability of selecting each action.

4. **Monitoring and Adjustment:**
   - After implementing this distribution, monitor the agent's performance over the next 20 episodes.
   - If there is no significant improvement in rewards, consider further adjustments, such as increasing the exploration rate or dynamically adjusting the action distribution based on the agent's performance.

By adopting this balanced exploration strategy, the agent should be able to learn more effectively, gaining the necessary momentum to reach the goal in MountainCar-v0.","```json
{
  ""action_probs"": [0.4, 0.2, 0.4]
}
```"
181,-58.9995883640434,-89.90715671416082,0.01,0.015381524339318275,N/A,N/A
182,-66.69391177341544,-85.22186618581557,0.01,0.030301623046398163,N/A,N/A
183,-58.377239844259535,-67.04539241114345,0.01,0.01052692998200655,N/A,N/A
184,-117.42568366401841,-66.5816561887531,0.01,0.00973891094326973,N/A,N/A
185,-66.62780753730442,-69.71891606822557,0.01,0.06570468842983246,"Based on the data provided, let's analyze the action distribution and recommend a strategy to improve exploration for the MountainCar-v0 task.

### Analysis of the Current Action Distribution:

1. **Action Distribution**:
   - Action 0 (Push Left): 33 times
   - Action 1 (No Push): 1 time
   - Action 2 (Push Right): 66 times

2. **Observations**:
   - There is a heavy bias towards Action 2 (Push Right), with it being selected twice as much as Action 0 (Push Left).
   - Action 1 (No Push) is almost never chosen, which might indicate that the agent is not exploring this option enough.

3. **Current Performance**:
   - The total reward in the last episode is -66.63, which indicates that the agent is still struggling to reach the goal efficiently. The reward is negative because the agent is penalized for each time step it takes to reach the goal.

### Recommendations for Exploration Strategy:

1. **Balance the Action Distribution**:
   - To improve exploration, it's crucial to balance the action distribution more evenly. This will help the agent explore all possible actions and learn the dynamics of the environment better.
   - Recommended action distribution (for exploration):
     - Action 0: 40%
     - Action 1: 20%
     - Action 2: 40%

2. **Encourage Exploration of Action 1**:
   - Increase the frequency of Action 1 (No Push) to allow the agent to explore situations where maintaining current velocity might be beneficial. This can help the agent better understand when to conserve momentum.

3. **Momentum Building**:
   - Given the nature of the MountainCar problem, where momentum building is crucial, ensure that the agent explores sequences of alternating left and right pushes. This can be done by slightly prioritizing sequences of alternating actions (0 and 2).

4. **Monitor and Adjust**:
   - After implementing the new exploration strategy, monitor the agent's performance over the next 20 episodes. Adjust the distribution as needed based on observed improvements or lack thereof.

5. **Exploration-Exploitation Balance**:
   - Ensure that the exploration strategy transitions towards exploitation as the agent becomes more competent. This can be done by gradually reducing the exploration rate or using techniques like epsilon decay.

By implementing these recommendations, the agent should be able to explore the state-action space more effectively, leading to faster learning and improved performance on the MountainCar-v0 task.","```json
{
  ""action_probs"": [0.4, 0.2, 0.4]
}
```"
186,-60.62726299776862,-64.15408594091761,0.01,0.013653899542987347,N/A,N/A
187,-60.84337362805882,-62.80270981566541,0.01,0.08536888659000397,N/A,N/A
188,-64.0947985550231,-61.626740362933184,0.01,0.04283098131418228,N/A,N/A
189,-59.23105579263067,-49.63491985930146,0.01,0.007725726813077927,N/A,N/A
190,-55.761810222544185,-48.78217880244616,0.01,0.007111839484423399,"To help the DQN agent learn faster in the MountainCar-v0 environment, we need to focus on improving the exploration strategy. The goal is to ensure that the agent explores the state-action space more effectively, which will help it learn a better policy for solving the task. Here are my recommendations based on the provided data:

### Analysis of the Current Exploration Strategy

1. **Action Distribution**:
   - The sampled actions show a heavy bias towards action `2` (Push Right). This suggests that the current exploration strategy is not sufficiently diverse, which might limit the agent's ability to learn optimal policies. The agent is likely getting stuck in a local exploration pattern, primarily pushing right without adequately exploring other actions.

2. **Total Reward**:
   - A total reward of `-55.76` indicates that the agent is still far from solving the task optimally, as the task goal is to reach the flag with the least negative reward. The current strategy might not be building enough momentum to reach the goal.

### Recommended Exploration Strategy

1. **Balanced Action Distribution**:
   - To encourage more diverse exploration, adjust the action probabilities to be more balanced. A recommended initial distribution could be:
     - Action 0 (Push Left): 0.35
     - Action 1 (No Push): 0.30
     - Action 2 (Push Right): 0.35

   This distribution encourages the agent to explore pushing both left and right more equally, which is necessary for building momentum in the MountainCar environment.

2. **Incorporate Exploration Noise**:
   - Introduce a small amount of noise to the action selection process to further encourage exploration. This can be done by adding a small random value to the action probabilities before selecting an action.

3. **Adaptive Exploration Strategy**:
   - Consider implementing an epsilon-greedy strategy where epsilon starts at a higher value (e.g., 0.9) and gradually decays to a lower threshold (e.g., 0.1) over the episodes. This encourages exploration initially and gradually shifts to exploitation as the agent learns.

4. **Monitor and Adjust**:
   - After implementing the new exploration strategy, monitor the agent's performance over the next 20 episodes. If the total reward improves, continue with the strategy. If not, further adjustments may be needed, such as tweaking the action probabilities or the rate of epsilon decay.

By implementing these recommendations, the agent should be able to explore the environment more effectively, leading to faster learning and better performance in achieving the task goal.","```json
{
  ""action_probs"": [0.35, 0.30, 0.35]
}
```"
191,-68.55738229263088,-61.744090064393774,0.01,0.007087651640176773,N/A,N/A
192,-60.20350878249985,-61.73220752091686,0.01,0.00896972231566906,N/A,N/A
193,-59.38968367874622,-48.26499204084659,0.01,0.008327601477503777,N/A,N/A
194,-56.54886894886645,-60.97750342948306,0.01,0.05887769162654877,N/A,N/A
195,-61.55133679587994,-48.72284605870322,0.01,0.01154845766723156,"Based on the task description and the provided data, it seems that the current exploration strategy is heavily biased towards pushing in a single direction (either left or right) for extended periods, which might not be optimal for building the necessary momentum to reach the goal in the MountainCar-v0 environment. The sampled actions indicate a sequence of repeated actions, with long stretches of pushing in one direction (action 0 or 2) and very few instances of ""No Push"" (action 1).

### Analysis:
1. **Action Imbalance**: The sampled actions are predominantly 0s and 2s, with very few 1s. This suggests that the agent is not exploring the ""No Push"" action sufficiently, which might be necessary for fine-tuning the position and velocity to achieve the goal.

2. **Momentum Building**: In MountainCar-v0, the car needs to build momentum by moving back and forth. A strategy that alternates between pushing left and right is generally more effective than a strategy that pushes predominantly in one direction.

3. **Reward**: The total reward of -61.55 indicates that the agent is not yet solving the task efficiently. The reward in MountainCar-v0 is typically negative, with higher (less negative) values indicating better performance.

### Recommendations:
To enhance learning and exploration, the following action distribution strategy is recommended for the next 20 training episodes:

1. **Balanced Exploration**:
   - Ensure a more balanced exploration of all actions. This can be achieved by setting a distribution where each action has a non-zero probability of being selected.
   - Suggested action probabilities: 
     - Action 0 (Push Left): 40%
     - Action 1 (No Push): 20%
     - Action 2 (Push Right): 40%

2. **Encourage Alternation**:
   - Encourage the agent to alternate between pushing left and right more frequently. This can be facilitated by implementing a mechanism that slightly favors changing actions if the previous action was repeated a certain number of times.

3. **Adaptive Exploration**:
   - Consider using an epsilon-greedy strategy with decay, where the exploration rate decreases over time as the agent becomes more confident in its policy. Start with a higher epsilon (e.g., 0.5) and gradually decrease it.

4. **Monitor Performance**:
   - Continuously monitor the agent's performance in terms of total reward and adjust the exploration strategy accordingly. If the agent starts achieving higher rewards, the exploration rate can be reduced to allow for more exploitation of learned policies.

By following these recommendations, the agent should be able to explore the state-action space more effectively, build the necessary momentum, and improve its performance in the MountainCar-v0 environment.","```json
{
  ""action_probs"": [0.4, 0.2, 0.4]
}
```"
196,-39.76688741252625,-59.134426375197805,0.01,0.009561615064740181,N/A,N/A
197,-40.16782744888747,-50.42276061376236,0.01,0.0058854734525084496,N/A,N/A
198,-41.01171283228116,-49.44324239767144,0.01,0.05086778104305267,N/A,N/A
199,-60.07032897098522,-58.30230280448443,0.01,0.02115125209093094,N/A,N/A
200,-60.867374117130225,-48.56719436729259,0.01,0.006399414036422968,"Based on the data provided, we can see that the agent's current exploration strategy appears to be heavily biased towards certain actions, specifically actions 0 (Push Left) and 2 (Push Right). The agent is primarily taking action 2, with occasional switches to action 0, and very few instances of action 1 (No Push). This bias could potentially limit the agent's ability to explore the state space effectively, which is crucial for learning an optimal policy in the MountainCar-v0 environment.

### Analysis:
1. **Action Distribution**: The sampled actions show a strong preference for action 2 (Push Right), with action 0 (Push Left) being used less frequently and action 1 (No Push) being used very rarely. This distribution indicates a possible over-exploration in one direction (right) and under-exploration in the other (left) and no exploration of maintaining the current state (no push).

2. **Reward**: The total reward in the last episode is -60.867, which is relatively low, indicating that the agent is still struggling to reach the goal efficiently. In MountainCar-v0, the reward is -1 for each time step until the car reaches the goal, so a higher negative reward suggests longer episodes and inefficient exploration.

### Recommendations:
To help the DQN agent learn faster, we should encourage a more balanced exploration strategy that allows the agent to explore the state space more effectively. Here's a recommended action distribution strategy for the next 20 training episodes:

1. **Balanced Exploration**: Encourage a more uniform exploration of actions to prevent the agent from getting stuck in local optima. A suggested distribution could be:
   - Action 0 (Push Left): 40%
   - Action 1 (No Push): 20%
   - Action 2 (Push Right): 40%

2. **Encourage Momentum Building**: Since the task requires building momentum by moving back and forth, ensuring that both actions 0 and 2 are used frequently will help the agent learn to build the necessary momentum to reach the flag.

3. **Incorporate Action 1 (No Push)**: Although action 1 (No Push) is less frequently useful, incorporating it into the exploration strategy can help the agent learn when it might be beneficial to maintain its current state, especially when it has built sufficient momentum.

4. **Adaptive Exploration**: As the agent starts to perform better, consider using an adaptive exploration strategy where the distribution is adjusted based on the agent's performance. For example, gradually reduce exploration as the agent starts to achieve higher rewards consistently.

5. **Monitor Performance**: Continuously monitor the agent's performance and adjust the exploration strategy as needed. If the agent's performance plateaus or deteriorates, consider revisiting the exploration strategy.

By following these recommendations, the agent should be better equipped to explore the environment effectively, leading to faster and more efficient learning in the MountainCar-v0 task.","```json
{
  ""action_probs"": [0.4, 0.2, 0.4]
}
```"
201,-37.20724114919515,-48.40869253444086,0.01,0.015549972653388977,N/A,N/A
202,-50.03763501456541,-50.29763231385361,0.01,0.01046794094145298,N/A,N/A
203,-41.7307265774214,-62.05348282623705,0.01,0.00588035536929965,N/A,N/A
204,-59.86629957625575,-51.462359094775366,0.01,0.013207895681262016,N/A,N/A
205,-38.62818700568751,-56.678571487912656,0.01,0.009924143552780151,"Based on the provided information, it seems that the agent is currently biased towards pushing to the right (action 2) after an initial series of left pushes (action 0). This unbalanced action distribution suggests that the agent might be getting stuck in a suboptimal strategy where it is not effectively building the necessary momentum to reach the goal.

### Analysis:

1. **Action Distribution**: The sampled actions indicate a heavy skew towards pushing right, with a long sequence of action 2 following a short initial sequence of action 0. There is almost no use of action 1 (No Push).

2. **Reward**: The total reward of -38.63 suggests that the agent is not efficiently reaching the goal, as higher rewards are typically associated with reaching the goal faster in MountainCar-v0.

3. **Momentum Building**: In MountainCar-v0, building momentum by oscillating between left and right is crucial. The current distribution suggests that the agent is not effectively utilizing this strategy.

### Recommendations:

To help the DQN agent learn faster, consider the following exploration strategy for the next 20 training episodes:

1. **Balanced Exploration**: Encourage a more balanced exploration between actions 0 and 2 to facilitate momentum building. This can be achieved by adjusting the exploration policy to sample actions more evenly.

2. **Increased Use of Action 1**: Introduce more instances of action 1 (No Push) to allow the car to coast and potentially gain more momentum from the hills. This can help the agent learn the timing of when to push and when to let gravity assist.

3. **Exploration Strategy**:
   - **Action 0 (Push Left)**: 40%
   - **Action 1 (No Push)**: 20%
   - **Action 2 (Push Right)**: 40%

4. **Adaptive Exploration**: Consider using an epsilon-greedy strategy where epsilon decays over time. Start with a higher epsilon to encourage exploration and gradually reduce it to allow the agent to exploit learned strategies.

5. **Monitor and Adjust**: After implementing the new distribution, monitor the agent's performance and adjust the action probabilities as needed based on observed improvements in total rewards.

By diversifying the action distribution and promoting more balanced exploration, the agent should have a better chance of learning the optimal strategy for reaching the goal efficiently.","```json
{
  ""action_probs"": [0.4, 0.2, 0.4]
}
```"
206,-39.85710519617423,-47.56693689383999,0.01,0.013315219432115555,N/A,N/A
207,-48.85242149154071,-52.12704935461981,0.01,0.021559353917837143,N/A,N/A
208,-37.43701942295635,-48.235560083127176,0.01,0.04102673754096031,N/A,N/A
209,-52.01126283053974,-67.55153587111761,0.01,0.007803246378898621,N/A,N/A
210,-51.274239791054946,-47.40111992217658,0.01,0.0088200056925416,"To help the DQN agent learn more effectively in the MountainCar-v0 environment, we need to focus on improving the exploration strategy. The goal is to ensure that the agent explores the state-action space efficiently, especially given the nature of the task, where the car must build momentum by moving back and forth.

### Analysis of Current Exploration:

1. **Current Action Distribution**: 
   - The sampled actions in the last episode are heavily skewed towards actions `0` (Push Left) and `2` (Push Right), with no instances of action `1` (No Push).
   - The sequence starts with a series of `0` actions, followed by a switch to `2` actions, with no `1` actions being used.

2. **Total Reward**:
   - The total reward of approximately `-51.27` indicates that the agent is not yet solving the task efficiently, as the optimal reward is `-110` (reaching the flag in the fewest steps).

### Recommendations for Exploration Strategy:

1. **Balanced Action Exploration**:
   - Introduce a more balanced exploration strategy that includes all three actions. Since action `1` (No Push) is currently underrepresented, incorporating it can help the agent learn when it's beneficial to maintain current momentum without pushing.
   - Suggested action distribution for exploration:
     - Action `0` (Push Left): 40%
     - Action `1` (No Push): 20%
     - Action `2` (Push Right): 40%

2. **Adaptive Exploration**:
   - Implement an adaptive exploration strategy such as epsilon-greedy with a decaying epsilon. Start with a higher epsilon (e.g., 0.3) to encourage exploration and gradually decrease it to 0.1 as the agent learns more about the environment.

3. **State-Dependent Exploration**:
   - Consider using a state-dependent exploration strategy where the choice of action is influenced by the current position and velocity. For example, if the car is moving towards the left hill, pushing left might be more beneficial, while pushing right might be better when the car is moving towards the right hill.

4. **Reward Shaping**:
   - Although not directly related to action distribution, implementing reward shaping can guide the agent towards more efficient exploration. For instance, providing small rewards for reaching higher positions can encourage the agent to build momentum effectively.

By adjusting the exploration strategy to include a more balanced use of actions and incorporating adaptive mechanisms, the agent should be able to explore the environment more effectively, leading to faster learning and better performance in the MountainCar-v0 task.","```json
{
  ""action_probs"": [0.4, 0.2, 0.4]
}
```"
211,-48.612688411153606,-61.62546363239509,0.01,0.004835943691432476,N/A,N/A
212,-59.17282848904008,-47.323099488474625,0.01,0.011674819514155388,N/A,N/A
213,-48.40936178791204,-47.39298018628797,0.01,0.007023219484835863,N/A,N/A
214,-47.97389745674363,-47.970268333826674,0.01,0.00859961099922657,N/A,N/A
215,-38.32109493807491,-48.04444009331574,0.01,0.006720994133502245,"Based on the data provided, it seems that the action distribution in the last episode was heavily skewed towards actions 0 (Push Left) and 2 (Push Right), with no occurrences of action 1 (No Push). The agent received a total reward of approximately -38.32, which indicates that the agent is not yet performing optimally.

### Observations:

1. **Action Distribution**: The sampled actions are predominantly 0 and 2, with a clear switch from 0 to 2 halfway through the episode. This suggests that the agent is attempting to build momentum to climb the hill but may not be utilizing the ""No Push"" action effectively.

2. **Lack of Action 1 (No Push)**: The absence of action 1 might be limiting the agent's ability to stabilize or decelerate at strategic points, which can be crucial for fine-tuning the car's position and velocity.

3. **Total Reward**: The reward of -38.32 indicates that the agent is not reaching the goal efficiently. This could be due to suboptimal momentum building or insufficient exploration of the state-action space.

### Recommendations:

To improve the exploration strategy and help the DQN agent learn faster, consider the following action distribution adjustments:

1. **Balanced Exploration**: Introduce a more balanced distribution of actions, especially including action 1 (No Push) to allow the agent to explore the effects of maintaining current velocity without accelerating in either direction. A suggested distribution could be:
   - Action 0 (Push Left): 40%
   - Action 1 (No Push): 20%
   - Action 2 (Push Right): 40%

2. **Exploration Noise**: Introduce some stochasticity in the action selection process to ensure that the agent explores different strategies and does not fall into repetitive patterns. This can be done by adding a small random noise factor to the action selection process during exploration.

3. **Adaptive Exploration**: Consider using an adaptive exploration strategy that adjusts the action probabilities based on the agent's performance in recent episodes. For example, if the agent is consistently improving, gradually reduce exploration in favor of exploitation.

4. **Reward Shaping**: If not already implemented, consider shaping the reward to provide more immediate feedback on the agent's actions. For instance, small positive rewards for increasing velocity in the correct direction or maintaining momentum could encourage more effective exploration.

5. **Monitor Progress**: Continuously monitor the agent's performance and adjust the exploration strategy based on the observed learning curve. If the agent's performance plateaus, consider revisiting the exploration parameters.

By implementing these recommendations, the agent should be able to explore the environment more effectively, leading to faster learning and improved performance in the MountainCar-v0 task.","```json
{
  ""action_probs"": [0.4, 0.2, 0.4]
}
```"
216,-38.268676932954364,-47.50502476363991,0.01,0.00583096407353878,N/A,N/A
217,-39.43792668920276,-50.45303824563324,0.01,0.027298497036099434,N/A,N/A
218,-37.698397362968954,-48.56919566143737,0.01,0.04330195486545563,N/A,N/A
219,-45.460562722591156,-48.81749546485734,0.01,0.0072539374232292175,N/A,N/A
220,-39.208666713422694,-49.42302331052532,0.01,0.0215353611856699,"Based on the provided data, it seems that the agent is predominantly taking the ""Push Right"" action (action 2) after an initial few ""No Push"" and ""Push Left"" actions. This distribution suggests that the agent is not effectively exploring the action space, particularly the ""Push Left"" action, which is crucial for building the necessary momentum to reach the goal in the MountainCar-v0 environment.

### Analysis

1. **Action Distribution**: 
   - The agent took only one ""No Push"" action at the start.
   - There is an overwhelming bias towards the ""Push Right"" action, especially in the second half of the episode.
   - The ""Push Left"" action is underrepresented, which is critical for building momentum by swinging back and forth.

2. **Reward**:
   - The total reward of -39.21 indicates that the agent is not reaching the goal efficiently. In MountainCar-v0, rewards are typically negative, but a higher (less negative) reward would indicate better performance.

3. **Momentum Building**:
   - To reach the goal, the agent needs to learn to swing back and forth to build momentum. This requires a balanced exploration of ""Push Left"" and ""Push Right"" actions.

### Recommendations

To improve exploration and help the DQN agent learn faster, consider the following adjustments to the exploration strategy:

1. **Balanced Action Distribution**:
   - Encourage a more balanced exploration of actions by adjusting the exploration policy to increase the probability of selecting the ""Push Left"" action. This can be done by setting a higher exploration rate or by explicitly adjusting the probabilities for each action during exploration.

2. **Exploration Strategy**:
   - **Epsilon-Greedy with Decay**: Use an epsilon-greedy strategy with a higher initial epsilon (e.g., 0.5) and decay it slowly over episodes. This will allow more random actions at the start, promoting exploration.
   - **Boltzmann Exploration**: Consider using a Boltzmann exploration strategy where actions are selected based on a softmax distribution of Q-values. This approach can naturally balance the selection of actions based on their estimated values.

3. **Action Probability Adjustment**:
   - For the next 20 episodes, consider setting the exploration action probabilities to something like:
     - Push Left (0): 40%
     - No Push (1): 20%
     - Push Right (2): 40%
   - This distribution encourages more frequent exploration of ""Push Left"" while still allowing for ""Push Right"" actions to be taken.

4. **Monitor and Adjust**:
   - Continuously monitor the agent's performance and adjust the exploration parameters as necessary. If the agent starts to show improved performance, gradually reduce exploration to allow the agent to exploit learned policies.

By adopting these strategies, the agent should be better equipped to explore the environment effectively, learn the necessary momentum-building strategy, and improve its overall performance in reaching the goal.","```json
{
  ""action_probs"": [0.4, 0.2, 0.4]
}
```"
221,-60.04146367836344,-49.256757689000764,0.01,0.008126853033900261,N/A,N/A
222,-49.884247255258764,-47.890509811586696,0.01,0.056192949414253235,N/A,N/A
223,-40.19887964273137,-67.7149176527942,0.01,0.005841024219989777,N/A,N/A
224,-60.06288676989832,-49.508623778626436,0.01,0.00620427168905735,N/A,N/A
225,-54.75991314362868,-47.786881356748715,0.01,0.009092027321457863,"Based on the information provided, the current exploration strategy seems heavily skewed towards taking extreme actions in one direction at a time (either all ""Push Left"" or all ""Push Right""), with no ""No Push"" actions in between. This pattern can lead to inefficient learning in the MountainCar environment, as the car needs to oscillate back and forth to build momentum to reach the goal. Here are some recommendations to improve exploration and help the DQN agent learn faster:

### Analysis
1. **Action Distribution Imbalance**: The sampled actions show a strong bias towards extremes, with an initial sequence of ""Push Left"" followed by a sequence of ""Push Right"". This pattern lacks the necessary oscillation needed to build momentum efficiently.

2. **Lack of Exploration**: There are no ""No Push"" actions, which suggests that the agent is not exploring the middle ground. This could limit the agent's ability to learn the importance of maintaining velocity and position balance.

### Recommendations
1. **Balanced Action Distribution**:
   - Introduce a more balanced distribution of actions to encourage oscillation. For example, consider an action distribution such as:
     - 40% ""Push Left""
     - 20% ""No Push""
     - 40% ""Push Right""
   - This distribution encourages more exploration of the state space and helps the agent learn to build momentum by oscillating effectively.

2. **Encourage Oscillation**:
   - Design exploration to facilitate natural oscillation. For instance, alternate between ""Push Left"" and ""Push Right"" more frequently while occasionally allowing ""No Push"" to stabilize or maintain velocity.

3. **Adaptive Exploration Strategy**:
   - Implement an adaptive exploration strategy where the probability of choosing each action can change based on the current position and velocity. For example, if the car is moving too far to the left, increase the likelihood of ""Push Right"" and vice versa.

4. **Incorporate Reward Feedback**:
   - Adjust the exploration strategy based on the reward feedback. If the agent receives lower rewards, increase exploration by diversifying action choices. Conversely, if rewards improve, allow the agent to exploit successful actions more frequently.

5. **Use of Exploration Noise**:
   - Introduce exploration noise, such as adding a small random noise to the action selection process, to encourage the agent to explore different action sequences and discover more effective strategies.

By implementing these recommendations, the agent should be able to explore the environment more effectively, leading to faster learning and improved performance in the MountainCar-v0 task.","```json
{
  ""action_probs"": [0.4, 0.2, 0.4]
}
```"
226,-47.65047374247309,-48.75456957003884,0.01,0.006509921979159117,N/A,N/A
227,-49.40046903779896,-48.232827512383196,0.01,0.005476557649672031,N/A,N/A
228,-47.761893585643605,-48.131887369075905,0.01,0.05239738151431084,N/A,N/A
229,-39.3098345364843,-48.00265541488236,0.01,0.006544032134115696,N/A,N/A
230,-46.39752380374289,-48.1146893638876,0.01,0.0069769942201673985,"Based on the data provided, it seems that the agent is currently favoring the ""Push Right"" action (action 2) significantly more than the other actions. This could lead to suboptimal exploration, as the MountainCar-v0 environment typically requires the agent to build momentum by alternating between pushing left and right to successfully reach the goal.

### Analysis:
1. **Current Action Distribution:**
   - Action 2 (""Push Right"") is heavily favored.
   - Action 0 (""Push Left"") and Action 1 (""No Push"") are underutilized.

2. **Total Reward:**
   - The total reward of -46.40 indicates that the agent is not performing optimally. A reward close to -200 is typical for a random policy, so there is some improvement, but the agent is not yet reaching the goal efficiently.

3. **Momentum Building:**
   - To reach the goal, the agent needs to build momentum by moving back and forth. This requires a more balanced exploration of actions.

### Recommendations:
To improve exploration and help the DQN agent learn faster, consider the following action distribution strategy for the next 20 training episodes:

1. **Balanced Exploration:**
   - Encourage a more balanced exploration between ""Push Left"" and ""Push Right"" to help the agent learn the necessary momentum-building strategy.
   - Suggested action distribution:
     - Action 0 (""Push Left""): 40%
     - Action 1 (""No Push""): 20%
     - Action 2 (""Push Right""): 40%

2. **Adaptive Exploration:**
   - Gradually adjust the exploration strategy based on the agent's performance. If the agent starts to improve, slowly decrease exploration and allow the agent to exploit its learned policy more.

3. **Monitoring and Adjustment:**
   - Continuously monitor the agent's performance and adjust the exploration distribution if necessary. If the agent starts favoring one action too heavily again, intervene to rebalance the exploration.

By implementing these recommendations, the agent should be able to explore the state space more effectively and learn the optimal policy for solving the MountainCar-v0 task faster.","```json
{
  ""action_probs"": [0.4, 0.2, 0.4]
}
```"
231,-51.658446718619345,-48.551458940360455,0.01,0.00951860286295414,N/A,N/A
232,-51.675934355433235,-47.82549604353757,0.01,0.022868357598781586,N/A,N/A
233,-46.77899689100952,-47.17156480585953,0.01,0.006205303128808737,N/A,N/A
234,-42.40937312470217,-48.75867626313136,0.01,0.00686336774379015,N/A,N/A
235,-50.752566649052966,-47.107368593885134,0.01,0.00805436260998249,"Based on the provided information, the agent's recent behavior in the MountainCar-v0 environment shows a strong bias towards the ""Push Right"" action (action 2), with occasional ""Push Left"" actions (action 0) and no ""No Push"" actions (action 1). This indicates that the agent might be overly focused on pushing the car to the right, which is likely resulting in suboptimal exploration of the state space. The total reward of -50.75 suggests that the agent is not effectively reaching the goal, as higher rewards (closer to zero) would indicate better performance.

To help the DQN agent learn faster, it is crucial to encourage more balanced exploration. Here are some recommendations for adjusting the action distribution during exploration:

1. **Increase Exploration of ""Push Left"" (Action 0):** The agent needs to gain momentum by moving back and forth between the hills. Encourage more frequent use of the ""Push Left"" action to adequately explore the left-hand side of the state space and build the necessary momentum.

2. **Utilize ""No Push"" (Action 1) Strategically:** While the ""No Push"" action has been completely neglected, it can be beneficial in maintaining momentum when the car is moving in the desired direction. Introduce this action into the exploration strategy to allow the agent to learn when it is advantageous to coast.

3. **Balanced Action Distribution:** Encourage a more balanced distribution of actions. For example, aim for a distribution like 40% ""Push Right,"" 30% ""Push Left,"" and 30% ""No Push."" This can be adjusted depending on the agent's subsequent performance, but the goal is to ensure all actions are explored to some extent.

4. **Adaptive Exploration Strategy:** Consider using an adaptive exploration strategy that adjusts the action probabilities based on the agent's performance over time. For instance, if the agent starts improving, the exploration strategy can gradually shift towards exploiting learned policies.

5. **Monitor and Adjust:** Continuously monitor the agent's performance and action distribution. If the agent shows improvement, fine-tune the exploration strategy to maintain a balance between exploration and exploitation.

Implementing these recommendations should help the agent explore more effectively, build the necessary momentum, and ultimately learn a more successful policy for reaching the goal in the MountainCar-v0 environment.","```json
{
  ""action_probs"": [0.3, 0.3, 0.4]
}
```"
236,-39.985010732404355,-47.17156480585953,0.01,0.025478417053818703,N/A,N/A
237,-50.83674999332455,-47.08047237472456,0.01,0.01222534291446209,N/A,N/A
238,-48.91292738891374,-47.2148756913551,0.01,0.01288028433918953,N/A,N/A
239,-45.344592188312006,-47.54546552469451,0.01,0.023626022040843964,N/A,N/A
240,-46.963962924181054,-47.882104943511195,0.01,0.018895382061600685,"Based on the task description and the data provided, it appears that the agent is predominantly using the ""Push Right"" action (action 2) after initially using ""Push Left"" (action 0). This pattern suggests that the agent might be trying to build momentum to reach the goal, but the current exploration strategy seems imbalanced and may not be optimal for learning. The total reward of -46.96 indicates that the agent is not yet performing well, as it is not reaching the goal efficiently.

To improve the exploration strategy and help the DQN agent learn faster, consider the following recommendations:

1. **Balanced Exploration**: Encourage a more balanced exploration of actions. The current pattern shows a strong bias towards ""Push Right"" after an initial ""Push Left"" phase. Introduce more ""No Push"" (action 1) actions to allow the agent to explore the effects of maintaining velocity without additional input. A suggested distribution might be:
   - Push Left (action 0): 30%
   - No Push (action 1): 40%
   - Push Right (action 2): 30%

2. **Encourage Oscillation**: The MountainCar task requires building momentum by oscillating between the left and right sides. Ensure that the agent explores both pushing left and right more frequently to understand how to effectively build momentum. This can be achieved by slightly increasing the probability of switching actions.

3. **Adaptive Exploration**: Consider using an exploration strategy that adapts over time, such as epsilon-greedy with a decaying epsilon. This would allow the agent to explore more initially and gradually exploit learned behaviors as training progresses.

4. **Reward Shaping**: If possible, introduce intermediate rewards to guide the agent towards the goal more effectively. For instance, provide small positive rewards for reaching higher positions on the hill, which can encourage the agent to build momentum more effectively.

5. **Monitor and Adjust**: After implementing the new exploration strategy, monitor the agent's performance over the next 20 episodes. Adjust the action distribution based on observed improvements or persistent issues.

By implementing a more balanced and adaptive exploration strategy, the agent should be able to gather more informative experiences, which can lead to faster learning and improved performance in the MountainCar-v0 environment.","```json
{
  ""action_probs"": [0.3, 0.4, 0.3]
}
```"
241,-47.31842902556444,-47.354451687298514,0.01,0.007829440757632256,N/A,N/A
242,-49.60926915594777,-47.311478238011276,0.01,0.02051355130970478,N/A,N/A
243,-51.29873997744623,-47.39340584755538,0.01,0.018612639978528023,N/A,N/A
244,-47.95592428883206,-47.12100641113706,0.01,0.0150423813611269,N/A,N/A
245,-48.864817842867765,-46.93687846464867,0.01,0.006546730175614357,"Based on the provided data, let's analyze the current situation and make recommendations for a better exploration strategy to help the DQN agent learn faster in the MountainCar-v0 environment.

### Analysis

1. **Current Action Distribution:**
   - The sampled actions indicate a heavy bias towards ""Push Right"" (action 2), with occasional ""Push Left"" (action 0) and very few ""No Push"" (action 1).
   - The distribution seems to be approximately: 
     - Push Right (2): ~75%
     - Push Left (0): ~20%
     - No Push (1): ~5%

2. **Performance:**
   - The total reward in the last episode was -48.8648, which suggests that the agent is not yet consistently reaching the goal. The goal in MountainCar-v0 is to reach a position on the right hill, and a reward of around -50 indicates that the agent is performing suboptimally.

3. **Exploration Needs:**
   - To successfully reach the goal, the agent needs to build sufficient momentum by oscillating between the left and right hills. This requires a balanced exploration of ""Push Left"" and ""Push Right"" actions, with strategic use of ""No Push"" to maintain momentum or switch directions efficiently.

### Recommendations

1. **Balanced Action Distribution:**
   - **Push Left (0):** 40%
   - **No Push (1):** 20%
   - **Push Right (2):** 40%

   This distribution encourages the agent to explore both directions more evenly, which is crucial for building the necessary momentum to reach the goal.

2. **Incorporate ""No Push"" Strategically:**
   - Increase the use of the ""No Push"" action to allow the car to maintain momentum and switch directions more fluidly. This can help the agent learn the dynamics of momentum better.

3. **Monitor and Adjust:**
   - After applying this new exploration strategy for 20 episodes, evaluate the agent's performance. If the agent shows improvement in reaching the goal, continue with the balanced distribution. If not, adjust the distribution based on observed behavior, possibly increasing the proportion of ""No Push"" if the agent struggles with momentum maintenance.

4. **Consider Adaptive Exploration:**
   - Implement an adaptive exploration strategy where the action distribution can change based on the agent's current velocity or position. For instance, if the car is moving fast towards the left, favor ""Push Right"" to build momentum.

5. **Reward Shaping:**
   - If not already implemented, consider reward shaping to provide intermediate rewards for achieving higher velocities or reaching specific positions along the track, which can guide the agent toward the goal more effectively.

By implementing these recommendations, the agent should be better equipped to explore the environment effectively, learn the necessary dynamics, and improve its performance in reaching the goal in MountainCar-v0.","```json
{
  ""action_probs"": [0.4, 0.2, 0.4]
}
```"
246,-48.46118666902849,-46.940260740530874,0.01,0.007296712137758732,N/A,N/A
247,-42.01333268769418,-46.940260740530874,0.01,0.04921828955411911,N/A,N/A
248,-50.88401561962507,-46.94985303025341,0.01,0.0063302526250481606,N/A,N/A
249,-37.90438808453536,-46.94985303025341,0.01,0.006922224070876837,N/A,N/A
250,-46.8860884021635,-46.881880430505646,0.01,0.03297935798764229,"Based on the provided data, it appears that the agent's exploration strategy is heavily biased towards the ""Push Right"" action (action 2), with occasional ""Push Left"" actions (action 0), and no instances of ""No Push"" (action 1). This suggests that the agent might be over-committing to one side, potentially hindering its ability to effectively build the necessary momentum to reach the goal.

### Analysis:
1. **Action Distribution**: The current distribution is heavily skewed towards ""Push Right"" (action 2), with a brief period of ""Push Left"" (action 0) actions. There are no ""No Push"" (action 1) actions being taken.
2. **Total Reward**: The total reward of -46.88 suggests that the agent is not yet efficiently reaching the goal, as higher (less negative) rewards indicate better performance in MountainCar-v0.

### Recommendations for Exploration Strategy:
To improve the agent's learning and exploration efficiency, consider the following recommendations:

1. **Balanced Exploration**:
   - **Increase Diversity**: Introduce more variety in the actions taken to allow the agent to explore different state-action spaces. This can help the agent discover more efficient paths to the goal.
   - **Action Distribution**: Aim for a more balanced action distribution, such as:
     - **Push Left (action 0)**: 30%
     - **No Push (action 1)**: 20%
     - **Push Right (action 2)**: 50%
   - This distribution encourages the agent to explore ""No Push"" actions, which can help in fine-tuning the car's momentum.

2. **Adaptive Exploration Strategy**:
   - Implement an epsilon-greedy strategy with a decaying epsilon to gradually shift from exploration to exploitation. Start with a higher epsilon (e.g., 0.8) and decay it over time to encourage more exploration initially, then gradually focus on learned policies.

3. **Momentum Building**:
   - Encourage the agent to explore sequences of actions that allow it to build momentum effectively. This might involve alternating between ""Push Left"" and ""Push Right"" actions more frequently.

4. **Reward Shaping**:
   - Consider shaping the reward function to provide intermediate rewards for achieving certain velocities or positions that are known to contribute to building momentum.

5. **State-Action Exploration**:
   - Ensure the agent explores different parts of the state space by varying actions based on the current state (e.g., position and velocity). This can be achieved by adjusting action probabilities conditionally based on the current state.

By implementing these recommendations, the agent should be able to explore more effectively, potentially leading to faster learning and improved performance in the MountainCar-v0 environment.","```json
{
  ""action_probs"": [0.3, 0.2, 0.5]
}
```"
