episode,train_return,eval_return,epsilon,loss,llm1_full_response,llm2_full_response
1,0.0,0.0,0.99604,nan,N/A,N/A
2,0.0,0.0,0.99208,nan,N/A,N/A
3,0.0,0.0,0.98812,0.2571388781070709,N/A,N/A
4,0.0,0.0,0.98416,0.044070564210414886,N/A,N/A
5,0.0,0.0,0.9802,0.04919455572962761,"In the final episode of the training process on the FrozenLake-v1 environment, the agent received a total reward of 0.0, indicating that it did not successfully reach the goal state (state 15) within this episode. The action sequence extracted at intervals was [2, 1], which corresponds to the agent attempting to move RIGHT and then DOWN.

### Analysis:

1. **Action Sequence**: 
   - The action sequence [2, 1] suggests that the agent attempted to move RIGHT and then DOWN. This sequence indicates that the agent started from a position where moving right was possible, and then it moved downwards, possibly from the first or second row.

2. **Zero Reward**:
   - The zero total reward implies that the agent either fell into a hole or did not reach the goal state within the episode. Falling into a hole or not reaching the goal both result in an episode termination with a reward of 0.

3. **State Transition**:
   - Since the action sequence is short, it suggests that the agent's episode terminated quickly. This could mean that the agent encountered a hole soon after executing the moves, or it was not able to continue due to the frozen lake's slippery nature, which can cause unintended moves.

### Possible Strategy Recommendations:

1. **Exploration vs. Exploitation**:
   - Ensure that the exploration strategy (e.g., epsilon-greedy) is balanced to allow the agent to explore more states initially. This can help the agent discover safer paths to the goal state.

2. **Learning Rate and Discount Factor**:
   - Review and adjust the learning rate and discount factor. A lower learning rate might be hindering the agent's ability to learn from past actions effectively. Similarly, a higher discount factor can encourage the agent to value future rewards more, promoting it to reach the goal state.

3. **State-Action Value Initialization**:
   - Initialize the state-action values optimistically. By setting initial Q-values higher, the agent might be encouraged to explore more paths, potentially leading to the discovery of the optimal path to the goal.

4. **Increased Training Episodes**:
   - Increase the number of training episodes. The agent might require more time to learn the optimal policy due to the stochastic nature of the environment.

5. **Reward Shaping**:
   - Consider implementing reward shaping by providing small negative rewards for falling into holes to discourage these actions, or small positive rewards for reaching states closer to the goal.

6. **Policy Evaluation**:
   - Evaluate the current policy to identify if there are specific states where the agent consistently fails, and adjust the strategy to improve decision-making in those states.

7. **Visual Analysis**:
   - Visualize the agent's path during episodes to better understand common failure points and adjust the policy accordingly.

By implementing these strategies, the agent's performance may improve, leading to successful goal completion in future episodes.","To improve the agent's effectiveness in the FrozenLake-v1 environment, we need to adjust the action exploration strategy to ensure a balanced exploration of the state space. Given that the agent's previous attempts resulted in a zero reward, indicating it either fell into a hole or failed to reach the goal, we should encourage more exploration to discover safer paths.

A common strategy in reinforcement learning is to use an epsilon-greedy policy, where the agent mostly exploits the best-known action but occasionally explores random actions. This helps in balancing exploration and exploitation.

Let's consider using an epsilon-greedy approach with a moderate exploration rate. For instance, an epsilon value of 0.2 means the agent will explore randomly 20% of the time and exploit the best-known action 80% of the time. Assuming the exploitation (greedy) action is determined by the current policy, we can distribute the exploration probability equally among all actions.

Here's how the probability distribution for actions might look:

- 80% probability (0.8) to exploit the best-known action based on the current policy.
- 20% probability (0.2) to explore, distributed equally among all actions.

If we assume the current best-known action is, for example, action 2 (RIGHT), the distribution would be:

```python
{0: 0.05, 1: 0.05, 2: 0.8, 3: 0.05}
```

This distribution assigns an 80% probability to the best-known action (action 2) and distributes the remaining 20% equally among the other actions for exploration.

However, if you don't have a specific best-known action, you can distribute the probabilities equally among all actions, assuming no prior knowledge of which action is best:

```python
{0: 0.25, 1: 0.25, 2: 0.25, 3: 0.25}
```

This equal distribution is a starting point for exploration until the agent gathers more information to bias the probabilities towards more promising actions. Adjust the exploration rate (epsilon) based on the agent's performance and learning progress."
6,0.0,0.0,0.97624,0.050120845437049866,N/A,N/A
7,0.0,0.0,0.97228,0.042992811650037766,N/A,N/A
8,0.0,0.0,0.96832,0.01025218702852726,N/A,N/A
9,0.0,0.0,0.96436,0.00481904111802578,N/A,N/A
10,0.0,0.0,0.9604,0.0029685180634260178,"In the last episode of the training process for the FrozenLake-v1 task, the agent received a total reward of 0.0, indicating that it did not successfully reach the goal state (state 15) to obtain the +1 reward. The sequence of actions taken by the agent was [3, 2, 3, 1], which corresponds to the following moves:

- Action 3: UP
- Action 2: RIGHT
- Action 3: UP
- Action 1: DOWN

Analyzing this sequence, it appears that the agent may have been moving without a clear strategy to reach the goal or might have encountered a hole, which would end the episode prematurely. Given the grid layout and the nature of the FrozenLake environment, the agent's moves suggest it might be oscillating or making random moves rather than progressing towards the goal.

### Analysis:
1. **Ineffective Exploration**: The agent's actions do not seem to follow a coherent path towards the goal state. This could indicate that the agent is stuck in a loop or is exploring the environment randomly without learning an optimal policy.
   
2. **Lack of Goal-Oriented Strategy**: The sequence does not show a clear progression towards the bottom-right corner (state 15), suggesting that the agent may not have learned an effective strategy to reach the goal.

3. **Potential Encounter with Holes**: Since the total reward is 0.0, it is possible that the agent stepped into a hole, which would end the episode. The FrozenLake environment is known for its slippery nature, where intended moves can lead to unintended results, complicating the agent's ability to navigate safely.

### Recommendations:
To improve the agent's performance, consider the following strategies:

1. **Enhanced Exploration Techniques**: Implement exploration strategies such as epsilon-greedy with decay, where the agent initially explores randomly but gradually shifts towards exploiting known information as it learns the environment.

2. **Reward Shaping**: Introduce intermediate rewards for reaching certain states closer to the goal or for avoiding holes. This can provide additional guidance and motivation for the agent to move towards the goal.

3. **Model-Free Algorithms**: Consider using model-free reinforcement learning algorithms like Q-Learning or SARSA, which can help the agent learn the optimal policy through trial and error. Ensure that the learning rate and discount factor are appropriately tuned.

4. **Value Function Approximation**: If computational resources allow, use function approximation techniques such as neural networks to generalize the value function across states, especially if the state space is large.

5. **Environment Familiarization**: Allow the agent to spend more time exploring the environment without penalties to familiarize itself with the layout and identify potential pitfalls like holes.

6. **Policy-Based Methods**: Explore policy gradient methods which directly parameterize the policy and can be effective in environments with stochastic transitions like FrozenLake.

By implementing these strategies, the agent should be able to improve its performance, navigate the grid more effectively, and increase the likelihood of reaching the goal state.","To improve the agent's performance in the FrozenLake-v1 environment, we need to adjust the action exploration strategy. Given the current situation where the agent is not effectively reaching the goal, an epsilon-greedy strategy with a focus on exploration is appropriate. We can start with a higher exploration rate and gradually decay it to encourage the agent to explore the environment more thoroughly before exploiting known strategies.

For the next episode, let's assume an initial exploration rate (epsilon) of 0.25. This means the agent will choose a random action 25% of the time and the action with the highest estimated value 75% of the time. Since we don't have a specific action-value function yet, we'll distribute the probability equally among all actions for exploration purposes.

Here's a suggested probability distribution for the actions:

- Exploration probability (epsilon) = 0.25
- Exploitation probability = 1 - epsilon = 0.75
- Since we don't have a specific policy yet, we'll distribute the exploitation probability equally among all actions.

Thus, the probability distribution for the actions would be:

- 25% exploration + 75% equally distributed among actions = 0.25 + (0.75 / 4) = 0.25 + 0.1875 = 0.4375

Therefore, the probability distribution for the actions is:

```python
{0: 0.25, 1: 0.25, 2: 0.25, 3: 0.25}
```

This distribution suggests that the agent will explore with equal probability among all actions, which is suitable for the initial phase of learning where the agent needs to gather more information about the environment. As the agent learns, you can gradually decrease the exploration rate and adjust the probabilities based on the learned action-value estimates."
11,0.0,0.0,0.95644,0.002383182058110833,N/A,N/A
12,0.0,0.0,0.95248,0.0014747771201655269,N/A,N/A
13,0.0,0.0,0.94852,0.00469239242374897,N/A,N/A
14,0.0,0.0,0.94456,0.000959266850259155,N/A,N/A
15,0.0,0.0,0.9406,0.0007724499446339905,"In the last episode of the training process on the FrozenLake-v1 task, the agent failed to reach the goal state (state 15) as indicated by the total reward of 0.0. This suggests that the agent either ended up in one of the holes or did not reach the goal within the episode's step limit. Let's analyze the action sequence and provide insights and recommendations.

### Analysis of the Action Sequence:

1. **Initial Actions (1, 1, 0):** 
   - The agent starts by taking two downward actions (action 1), which is a reasonable strategy to move towards the bottom of the grid.
   - The subsequent left action (action 0) might indicate a deviation from the direct path to the goal, potentially due to exploration or suboptimal policy.

2. **Middle Actions (3, 1, 3, 3, 3):**
   - The agent takes an upward action (action 3), which could indicate a reversal or an attempt to navigate around an obstacle or hole.
   - Another downward action (action 1) follows, suggesting some indecision or exploration.
   - The sequence of three upward actions (action 3) could indicate a loop or an attempt to correct a previous misstep, but it does not contribute to progressing toward the goal.

3. **Final Actions (2, 2, 0, 1):**
   - Two right actions (action 2) suggest an attempt to move towards the right side of the grid.
   - The left action (action 0) again indicates a move away from the goal, possibly due to exploration or an incorrect policy.
   - The final downward action (action 1) might have been an attempt to progress, but it was too late to reach the goal or avoid a hole.

### Strategy Recommendations:

1. **Improving Policy Learning:**
   - **Exploration vs. Exploitation:** Adjust the exploration strategy (e.g., epsilon-greedy) to ensure a balance between exploring new paths and exploiting known successful paths. Gradually decrease exploration as the agent's policy becomes more reliable.
   - **State-Action Value Updates:** Ensure the learning algorithm (e.g., Q-learning or SARSA) is correctly updating state-action values to reflect the true value of actions in different states. Consider using a more sophisticated function approximator if the tabular method is insufficient.

2. **Environment Understanding:**
   - **Mapping Holes:** Encourage the agent to map out the positions of holes in the environment to avoid them effectively. This could be achieved by penalizing actions leading to holes more heavily during training.
   - **Path Optimization:** Focus on optimizing the path to the goal by encouraging actions that consistently lead toward the goal state. This might involve reward shaping or using potential-based methods to guide the agent.

3. **Algorithm Enhancements:**
   - **Use of Heuristics:** Introduce heuristics or domain knowledge to guide the agent, such as prioritizing actions that move closer to the goal.
   - **Reward Shaping:** Consider implementing a small negative reward for each step to encourage faster convergence to the goal and penalize unnecessary movements.

By implementing these strategies, the agent can improve its ability to reach the goal state efficiently while avoiding holes, ultimately increasing the total reward achieved in each episode.","To improve the agent's task effectiveness in the FrozenLake-v1 environment, we need to adjust the exploration strategy to better balance exploration and exploitation. Given the analysis of the previous episode, it seems that the agent is struggling with suboptimal exploration, leading to unnecessary movements and potentially stepping into holes.

Here's a suggested action probability distribution for the next episode, considering the need for effective exploration while prioritizing movements that generally lead towards the goal:

1. **Action 0 (LEFT):** This action should have a lower probability since moving left generally takes the agent away from the goal, which is located at the bottom-right corner of the grid.

2. **Action 1 (DOWN):** This action should have a higher probability because moving down generally progresses the agent towards the goal, especially from the initial starting point.

3. **Action 2 (RIGHT):** This action should also have a relatively high probability since moving right is essential for reaching the bottom-right corner of the grid.

4. **Action 3 (UP):** This action should have a lower probability because moving up typically moves the agent away from the goal and could lead to loops or unnecessary movements.

Based on these considerations, here's a suggested probability distribution:

```python
{
    0: 0.1,  # LEFT
    1: 0.4,  # DOWN
    2: 0.4,  # RIGHT
    3: 0.1   # UP
}
```

This distribution favors actions that generally move the agent closer to the goal (DOWN and RIGHT), while still allowing for some exploration (LEFT and UP) to avoid potential pitfalls like holes and to explore alternative paths if necessary. As the agent's policy becomes more reliable, these probabilities can be adjusted to further reduce exploration and increase exploitation of known successful paths."
16,0.0,0.0,0.93664,0.0006224949611350894,N/A,N/A
17,0.0,0.0,0.93268,0.0009573720162734389,N/A,N/A
18,0.0,0.0,0.92872,0.006381906569004059,N/A,N/A
19,0.0,0.0,0.92476,0.0005505540757440031,N/A,N/A
20,0.0,0.0,0.9208,0.023461921140551567,"In the last episode of the training process on the FrozenLake-v1 environment, the agent achieved a total reward of 0.0, which indicates that it did not successfully reach the goal state (state 15) in this episode. The action sequence extracted at intervals is [1, 2], which corresponds to the actions ""DOWN"" and ""RIGHT.""

### Analysis:
1. **Action Sequence**: The action sequence [1, 2] suggests that the agent attempted to move down and then right. This sequence is relatively short, indicating that the episode might have ended prematurely, likely due to the agent falling into a hole or reaching a dead-end.

2. **State Exploration**: Given the total reward of 0.0, it is clear that the agent did not reach the goal state. The agent might have encountered a hole, which results in the episode ending without achieving the goal.

3. **Episode Termination**: Since the episode resulted in a reward of 0.0 and a short action sequence, it is probable that the agent's path led it to a hole or an inescapable position early in the episode.

### Possible Strategy Recommendations:
1. **Explore Safe Paths**: Encourage exploration of paths that avoid holes. Implement an exploration strategy, such as epsilon-greedy, to balance exploration and exploitation, allowing the agent to discover safer paths to the goal.

2. **Reward Shaping**: Consider introducing intermediate rewards for reaching specific states closer to the goal. This could guide the agent toward the goal state more effectively by providing incremental feedback.

3. **State Value Estimation**: Enhance the agent's understanding of state values by using techniques such as Q-learning or SARSA, which can help the agent learn the long-term value of states and actions.

4. **Increase Exploration**: If the agent is consistently failing to reach the goal, increase the exploration rate temporarily to encourage trying new paths and discovering successful strategies.

5. **Environment Visualization**: Visualize the environment and the agent's path to identify patterns in failures, such as frequently falling into specific holes or getting stuck in loops, and adjust the policy accordingly.

6. **Model Architecture**: If using a neural network-based approach, consider adjusting the network architecture or hyperparameters to improve learning efficiency and policy representation.

By implementing these strategies, the agent can enhance its learning process and increase its chances of successfully navigating the FrozenLake environment to reach the goal state.","In order to improve the agent's performance in the FrozenLake environment, we need to adjust the action selection strategy to encourage better exploration of the state space while still allowing for exploitation of known good paths. Given the previous episode's outcome and the strategic recommendations, we can utilize an epsilon-greedy strategy to balance exploration and exploitation.

Let's assume an epsilon value (ε) for exploration. A typical starting point might be ε = 0.2, which means 20% of the time the agent will explore randomly, while 80% of the time it will exploit the best-known actions. This value can be adjusted based on the agent's performance over time.

Considering the epsilon-greedy strategy, the action probabilities can be distributed as follows:

- With probability ε, choose an action randomly.
- With probability 1-ε, choose the action with the highest estimated value.

Since we don't have specific value estimates for each action in this context, we'll distribute the probabilities evenly among all actions during exploration:

- Exploration probability for each action: ε / 4
- Exploitation probability for the best action (assuming equal preference due to lack of specific value estimates): (1-ε) / 4 for each action

Given ε = 0.2, the distribution would be:

- Exploration probability for each action: 0.2 / 4 = 0.05
- Exploitation probability for each action: (1-0.2) / 4 = 0.2

Thus, the probability distribution for the actions would be:

```plaintext
{0: 0.25, 1: 0.25, 2: 0.25, 3: 0.25}
```

This distribution reflects an equal probability for each action, which is suitable when no specific action is known to be better than others. As the agent learns and updates its value estimates, the distribution can be adjusted to favor actions with higher value estimates while maintaining some level of exploration."
21,0.0,0.0,0.91684,0.004086090251803398,N/A,N/A
22,0.0,0.0,0.91288,0.0008144787861965597,N/A,N/A
23,0.0,0.0,0.90892,0.00025662529515102506,N/A,N/A
24,0.0,0.0,0.90496,0.0013125642435625196,N/A,N/A
25,0.0,0.0,0.901,0.0006747980369254947,"In the last episode of training on the FrozenLake-v1 task, the agent received a total reward of 0.0, which indicates that it did not successfully reach the goal state (state 15) within the episode. The action sequence recorded at intervals was [1, 3, 1, 0, 0, 2], corresponding to the actions DOWN, UP, DOWN, LEFT, LEFT, and RIGHT.

### Analysis:

1. **Action Sequence**: 
   - The sequence of actions suggests that the agent may have been moving somewhat erratically, without a clear strategy to navigate towards the goal state.
   - The sequence starts with DOWN (1), which could be a reasonable move if starting from the top row, but the subsequent UP (3) action suggests a reversal or lack of commitment to a direction.
   - Further actions (DOWN, LEFT, LEFT, RIGHT) indicate a potential lack of awareness of the environment's layout or the presence of holes, as these actions do not form a coherent path towards the goal.

2. **Reward**: 
   - The total reward of 0.0 indicates that the agent did not reach the goal state, and it might have fallen into a hole or simply failed to reach the goal within the episode's time limit.

3. **State Exploration**:
   - The agent's movements suggest it might not be efficiently exploring the state space or learning from previous episodes. This could be due to inadequate exploration strategies or insufficient learning from past experiences.

### Possible Strategy Recommendations:

1. **Enhanced Exploration**:
   - Implement exploration strategies like epsilon-greedy with decay, where the agent initially explores more and gradually shifts towards exploitation of known information.
   - Consider using techniques like softmax action selection or adding noise to the action selection process to encourage exploration of less-visited states.

2. **Learning Algorithm Tuning**:
   - Review and possibly adjust hyperparameters such as learning rate, discount factor, and exploration rate to ensure the agent is learning effectively.
   - If using Q-learning, ensure that the update rules are correctly implemented and that the agent has enough episodes to converge towards an optimal policy.

3. **State Representation**:
   - Ensure that the agent's state representation captures enough information about the environment. If using tabular methods, ensure the table is adequately initialized and updated.
   - Explore more advanced representations, like function approximation or neural networks, if the tabular approach is insufficient.

4. **Reward Shaping**:
   - Consider implementing a reward shaping strategy to provide intermediate rewards that guide the agent towards the goal, such as a small negative reward for falling into holes or a small positive reward for moving closer to the goal.

5. **Environment Familiarization**:
   - Allow the agent to perform random walks or exploratory episodes to better understand the layout of the environment, including the location of holes and the goal.

By addressing these areas, the agent's performance in the FrozenLake environment can be improved, increasing the likelihood of successfully reaching the goal state and achieving a higher total reward in future episodes.","To improve the agent's effectiveness in the FrozenLake-v1 environment, a balanced exploration strategy is essential. Given the agent's previous performance, a strategy that encourages exploration while gradually shifting towards exploitation is recommended. An epsilon-greedy approach with a moderate epsilon value can be effective in this scenario.

Let's assume an initial exploration rate (epsilon) of 0.3. This means that 30% of the time, the agent will explore by selecting a random action, while 70% of the time, it will exploit the best-known action. Since we don't have specific action-value estimates (e.g., Q-values) to determine the best action, we'll distribute the probabilities evenly among all actions for exploration.

Here's how the action probabilities can be distributed:

- Exploration (random action): 0.3 probability divided among all actions.
- Exploitation (best action): 0.7 probability for the best action (assuming equal distribution in absence of specific Q-values).

Since we don't have Q-values, we'll assume equal probability distribution among all actions for exploitation as well. Therefore, each action will have an equal share of the total probability.

The probability distribution for the actions can be calculated as follows:

- Exploration share per action: 0.3 / 4 = 0.075
- Exploitation share per action: 0.7 / 4 = 0.175

Total probability per action = Exploration share + Exploitation share = 0.075 + 0.175 = 0.25

Thus, each action will have a probability of 0.25 in this initial setup, reflecting equal exploration and exploitation due to the lack of specific knowledge about action values.

The output distribution is:

```python
{0: 0.25, 1: 0.25, 2: 0.25, 3: 0.25}
```

This distribution encourages the agent to explore all actions equally in the absence of specific knowledge, while still maintaining a balance between exploration and exploitation. As the agent learns and gathers more information, these probabilities can be adjusted based on the learned action values."
26,0.0,0.0,0.8970400000000001,0.00046525130164809525,N/A,N/A
27,0.0,0.0,0.89308,0.001393308979459107,N/A,N/A
28,0.0,0.0,0.88912,0.0016450040275231004,N/A,N/A
29,0.0,0.0,0.88516,0.0008005094714462757,N/A,N/A
30,0.0,0.0,0.8812,0.003821643302217126,"In the final episode of the training process on the FrozenLake-v1 environment, the agent ended with a total reward of 0.0, indicating that it failed to reach the goal state (state 15) and likely fell into a hole or exceeded the maximum number of steps allowed. The action sequence extracted at intervals is [2, 3, 2, 2, 2, 0, 3, 3, 2, 2, 3, 1], which corresponds to movements in the following order: RIGHT, UP, RIGHT, RIGHT, RIGHT, LEFT, UP, UP, RIGHT, RIGHT, UP, DOWN.

### Analysis:
1. **Initial Movements (RIGHT, UP, RIGHT, RIGHT, RIGHT):**
   - The agent begins by moving to the right multiple times, which is generally a good strategy to move closer to the goal located at the bottom-right corner. However, the upward move (action 3) suggests a deviation from the optimal path.

2. **Mid-Sequence Movements (LEFT, UP, UP):**
   - The LEFT move indicates backtracking, which is inefficient as it moves the agent away from the goal. The subsequent UP moves further suggest the agent is not following an optimal path, likely leading it away from the target.

3. **Final Movements (RIGHT, RIGHT, UP, DOWN):**
   - The agent attempts to move right again, which could be an attempt to correct its path. However, the UP move once again indicates a deviation, and the DOWN move might have been an attempt to recover, but it seems too late or misdirected.

### Possible Reasons for Failure:
- **Exploration vs. Exploitation Balance:** The agent might be exploring too much or too little, not effectively leveraging the knowledge gained from previous episodes.
- **Suboptimal Policy:** The policy guiding the agent's actions might not be well-trained, leading to inefficient or incorrect decisions.
- **Inadequate State Representation:** The agent may not have a clear understanding of the environment, possibly due to insufficient training or poor state representation.

### Recommendations for Strategy Improvement:
1. **Policy Refinement:**
   - Consider using more advanced policy optimization techniques or algorithms to improve decision-making.
   - Implement a more sophisticated exploration strategy, such as epsilon-greedy with a decaying epsilon, to balance exploration and exploitation better.

2. **Environment Interactions:**
   - Increase the number of training episodes to allow the agent more interactions with the environment, improving its understanding and policy.
   - Use reward shaping to provide intermediate rewards that guide the agent more effectively toward the goal.

3. **State Representation Enhancement:**
   - Investigate whether additional state information or features could help the agent better understand its position relative to the goal and holes.
   - Consider using function approximation methods like neural networks if the agent struggles with generalizing across states.

4. **Debugging and Analysis:**
   - Conduct more detailed analysis on episodes to identify specific points of failure and adjust the training process accordingly.
   - Visualize the agent's path through the environment to identify patterns or common pitfalls in its navigation strategy.

By addressing these areas, the agent can be better equipped to navigate the FrozenLake environment successfully and achieve the goal with a higher reward.","To improve the agent's effectiveness in the FrozenLake environment, we need to adjust the action exploration strategy, considering the past performance and the analysis provided. Given the current situation, the agent's exploration strategy should encourage more informed choices, particularly favoring actions that generally move the agent closer to the goal state, while still allowing for some exploration to avoid pitfalls such as holes.

Here is a suggested action probability distribution for the next episode. This distribution favors moving RIGHT (action 2) and DOWN (action 1), which are typically more aligned with the goal's direction, while still allowing some probability for exploration in other directions:

```python
{0: 0.1, 1: 0.3, 2: 0.5, 3: 0.1}
```

### Explanation:
- **Action 0 (LEFT):** Probability is set lower (0.1) because moving left generally takes the agent away from the goal (bottom-right corner).
- **Action 1 (DOWN):** Probability is moderately high (0.3) since moving down is often a good direction towards the goal.
- **Action 2 (RIGHT):** Probability is highest (0.5) as moving right is directly towards the goal, especially from most starting positions.
- **Action 3 (UP):** Probability is set lower (0.1) because moving up usually moves the agent away from the goal.

This distribution is designed to guide the agent towards a more goal-oriented path, while still allowing some exploration to adapt to unexpected situations, such as avoiding holes or dead ends. The probabilities can be adjusted further based on additional insights from subsequent episodes or more detailed analysis of the environment dynamics."
31,0.0,0.0,0.87724,0.003801693208515644,N/A,N/A
32,0.0,0.0,0.8732800000000001,0.001539548859000206,N/A,N/A
33,0.0,0.0,0.86932,0.0064989416860044,N/A,N/A
34,0.0,0.0,0.86536,0.0014038129011169076,N/A,N/A
35,0.0,0.0,0.8613999999999999,0.003115239553153515,"In the last episode of training on the FrozenLake-v1 environment, the agent received a total reward of 0.0, indicating that it did not successfully reach the goal state (state 15) and likely fell into a hole or did not reach the goal within the episode's step limit. The action sequence extracted at intervals is [3, 2, 1], which corresponds to the agent attempting to move UP, RIGHT, and DOWN, respectively.

### Analysis:

1. **Action Sequence Interpretation**:
   - The sequence [3, 2, 1] suggests that the agent attempted to move UP (3), then RIGHT (2), and finally DOWN (1).
   - Without the full context of the agent's initial position or the entire sequence of actions, it's challenging to determine the exact path the agent took. However, this sequence alone does not inherently suggest a direct or efficient path to the goal state (15).

2. **Total Reward**:
   - A total reward of 0.0 implies the agent did not reach the goal state. This could be due to falling into a hole or being unable to reach the goal within the allowed number of steps.
   - It's important to note that some states are terminal (holes), and stepping into one ends the episode with a reward of 0, which might have happened here.

3. **Potential Issues**:
   - **Exploration vs. Exploitation**: The agent may not be exploring the environment adequately, leading to suboptimal action choices.
   - **Policy Ineffectiveness**: The current policy might not effectively guide the agent towards the goal, especially if it frequently leads to terminal (hole) states.
   - **State-Action Value Estimation**: The Q-values or policy might not be well-optimized, resulting in poor decision-making.

### Strategy Recommendations:

1. **Enhance Exploration**:
   - Increase the exploration rate (e.g., epsilon in epsilon-greedy strategies) to ensure the agent explores more diverse paths and learns from different state-action pairs.
   - Consider implementing more sophisticated exploration strategies like Boltzmann exploration or Upper Confidence Bound (UCB) to balance exploration and exploitation better.

2. **Improve Learning Algorithm**:
   - If using Q-learning or a similar value-based method, ensure that the learning rate and discount factor are appropriately tuned.
   - Consider using more advanced algorithms, such as Double Q-learning or Dueling DQN, which can help mitigate issues like overestimation bias.

3. **Policy Refinement**:
   - If using a policy-based method, ensure that the policy gradient updates are stable and that the learning rate is set correctly.
   - Implement techniques like entropy regularization to encourage exploration in policy gradient methods.

4. **Environment Understanding**:
   - Ensure the agent has a clear understanding of the environment's dynamics. This might involve more training episodes or different initial conditions to learn better state transitions.

5. **Analyze Failed Episodes**:
   - Review episodes where the agent failed to reach the goal to identify common pitfalls or recurring mistakes.
   - Use this analysis to adjust the reward structure or introduce penalties for falling into holes to guide learning.

By addressing these areas, the agent's performance on the FrozenLake-v1 task should improve, leading to more successful episodes and higher cumulative rewards.","To improve the agent's performance on the FrozenLake-v1 task, we need to adjust the action exploration strategy. Given the previous episode's action sequence and the total reward of 0.0, it's crucial to enhance exploration to allow the agent to discover more effective paths to the goal while avoiding holes.

A common approach is to use an epsilon-greedy strategy, where the agent selects a random action with probability epsilon (exploration) and the best-known action with probability 1-epsilon (exploitation). To encourage exploration, especially when the agent is not reaching the goal, we can set a relatively high epsilon value. Let's assume an epsilon value of 0.3 for this scenario, meaning the agent will explore 30% of the time and exploit 70% of the time.

Assuming the agent currently does not have a strong preference for any particular action due to the lack of success in the previous episode, we can distribute the exploration probability equally among all actions. The exploitation probability can be initially distributed equally as well, assuming no action is currently favored:

- Exploration (random action) probability: 0.3
- Exploitation (best-known action) probability: 0.7

Since we do not have specific Q-values or policy preferences for the actions, we can distribute the probabilities equally among all actions for exploration and exploitation:

- Exploration (random action): 0.3 / 4 = 0.075 per action
- Exploitation (equal distribution): 0.7 / 4 = 0.175 per action

Combining both exploration and exploitation probabilities:

- Total probability for each action: 0.075 (exploration) + 0.175 (exploitation) = 0.25 per action

Thus, the probability distribution for the 4 actions should be:

```python
{0: 0.25, 1: 0.25, 2: 0.25, 3: 0.25}
```

This distribution encourages exploration across all actions equally, which is suitable for an initial phase where the agent needs to gather more information about the environment to improve its policy. As the agent learns and develops preferences for more successful actions, this distribution can be adjusted to favor those actions."
36,0.0,0.0,0.85744,0.0012385675217956305,N/A,N/A
37,0.0,0.0,0.85348,0.0019547974225133657,N/A,N/A
38,0.0,0.0,0.84952,0.001039379509165883,N/A,N/A
39,0.0,0.0,0.84556,0.0014508673921227455,N/A,N/A
40,0.0,0.0,0.8416,0.0031109568662941456,"In the last episode of the training process on the FrozenLake-v1 environment, the agent received a total reward of 0.0, indicating that it did not successfully reach the goal state (state 15) and likely fell into a hole or ran out of steps before completing the task. The action sequence taken by the agent was [2, 0, 0, 2, 1], which corresponds to the following movements:

1. **Action 2 (RIGHT)**: The agent attempted to move right.
2. **Action 0 (LEFT)**: The agent then moved left, effectively undoing the previous right move.
3. **Action 0 (LEFT)**: The agent continued moving left.
4. **Action 2 (RIGHT)**: The agent moved right again.
5. **Action 1 (DOWN)**: Finally, the agent moved down.

### Analysis:

1. **Ineffective Movement**: The sequence of actions suggests that the agent might be oscillating between states without making significant progress towards the goal. The initial right move followed by a left move indicates a back-and-forth movement, which does not contribute to reaching the goal.

2. **Suboptimal Strategy**: The agent's movements do not appear to follow a clear strategy towards reaching the bottom-right corner. The chosen actions might not be aligned with an optimal path or policy, potentially due to insufficient exploration or exploitation during training.

3. **Possible Encounter with Holes**: Since the total reward is 0.0, it is possible that the agent fell into a hole before reaching the goal. This suggests a need for better awareness or avoidance strategies regarding hazardous states.

### Strategy Recommendations:

1. **Policy Improvement**: Consider refining the policy by increasing exploration during training to discover more effective paths. Techniques such as ε-greedy strategies or using a decaying exploration rate could be beneficial.

2. **State-Action Value Update**: Ensure that the state-action values are updated correctly during training. This might involve revisiting the learning algorithm parameters, such as learning rate or discount factor, to ensure that the agent learns the true value of actions in different states.

3. **Environment Familiarization**: Implement additional episodes focused on familiarizing the agent with the layout of the environment, particularly the location of holes. This can be achieved through simulated annealing or other exploration techniques that encourage visiting less-frequented states.

4. **Reward Shaping**: Consider introducing intermediate rewards for reaching specific states that are closer to the goal, which can help guide the agent more effectively towards the goal state.

5. **Training Episodes**: Increase the number of training episodes to allow the agent more opportunities to learn from its environment and refine its decision-making process.

By implementing these strategies, the agent's ability to navigate the FrozenLake environment and reach the goal state successfully should improve over time.","To improve the effectiveness of the agent's actions in the FrozenLake-v1 environment, we need to adjust the exploration strategy to encourage more effective exploration and exploitation. Given the analysis, it appears that the agent's current policy may not be effectively guiding it toward the goal, and it may be getting caught in ineffective loops or falling into holes.

One common approach is to use an ε-greedy strategy, where the agent predominantly exploits the current best-known actions but occasionally explores other actions to discover potentially better paths. Since the agent did not reach the goal in the last episode, we should increase exploration to allow the agent to gather more information about the environment.

Here's a proposed probability distribution for the 4 actions, emphasizing a slight increase in exploration:

- **Exploration Rate (ε)**: Let's assume a moderate exploration rate of ε = 0.3. This means the agent will explore with a probability of 0.3 and exploit with a probability of 0.7.

- **Exploitation**: During exploitation (70% of the time), the agent will choose actions based on its current policy. Since the analysis suggests that the agent's policy is not yet optimal, we will assume a uniform distribution for exploitation until the agent learns a better policy.

- **Exploration**: During exploration (30% of the time), the agent will select actions uniformly at random.

Combining these, we can derive the following probability distribution for the actions:

- Probability of exploiting a specific action = 0.7 / 4 = 0.175
- Probability of exploring a specific action = 0.3 / 4 = 0.075

Total probability for each action is the sum of its exploitation and exploration probabilities:

- **Action 0 (LEFT)**: 0.175 (exploit) + 0.075 (explore) = 0.25
- **Action 1 (DOWN)**: 0.175 (exploit) + 0.075 (explore) = 0.25
- **Action 2 (RIGHT)**: 0.175 (exploit) + 0.075 (explore) = 0.25
- **Action 3 (UP)**: 0.175 (exploit) + 0.075 (explore) = 0.25

Thus, the probability distribution for the actions should be:

```python
{0: 0.25, 1: 0.25, 2: 0.25, 3: 0.25}
```

This uniform distribution encourages the agent to explore all possible actions equally, allowing it to gather more information about the environment. As the agent learns, the distribution can be adjusted to favor more effective actions based on the updated policy."
41,0.0,0.0,0.8376399999999999,0.0024354238994419575,N/A,N/A
42,0.0,0.0,0.83368,0.0010220541153103113,N/A,N/A
43,0.0,0.0,0.82972,0.003221390536054969,N/A,N/A
44,0.0,0.0,0.82576,0.007378207053989172,N/A,N/A
45,0.0,0.0,0.8218,0.0011972329812124372,"In the last episode of the training process on the FrozenLake-v1 environment, the agent received a total reward of 0.0, indicating that it did not successfully reach the goal state (state 15) and likely fell into a hole or did not manage to reach the goal within the episode's time limit.

### Analysis of the Action Sequence:
The action sequence extracted at intervals is: [2, 0, 3, 0, 0, 3, 2, 3, 3, 2, 1, 0]. Let's analyze this sequence:

1. **Initial Actions (2, 0, 3):**
   - The agent starts by moving RIGHT (2), then LEFT (0), and then UP (3).
   - These movements suggest the agent might be oscillating back and forth, possibly due to an exploration strategy (e.g., epsilon-greedy) or a lack of learned policy.

2. **Middle Actions (0, 0, 3, 2):**
   - The agent continues moving LEFT (0) twice, then UP (3), and then RIGHT (2).
   - This pattern suggests further indecisiveness or exploration, without a clear direction toward the goal.

3. **Later Actions (3, 3, 2, 1, 0):**
   - The agent moves UP (3) twice, then RIGHT (2), DOWN (1), and finally LEFT (0).
   - These actions indicate further oscillation and possibly stepping into a hole or failing to find a path to the goal.

### Possible Strategy Recommendations:

1. **Enhanced Exploration-Exploitation Balance:**
   - Adjust the exploration strategy to ensure the agent is not stuck in local minima. Consider strategies like decaying epsilon in epsilon-greedy or implementing more sophisticated exploration methods like Upper Confidence Bound (UCB) or Thompson Sampling.

2. **Reward Shaping:**
   - Introduce intermediate rewards for reaching states closer to the goal to guide the agent more effectively. This can help the agent learn the value of progressing toward the goal, even if it doesn't reach it.

3. **State Space Analysis:**
   - Analyze the state space to identify potential pitfalls (holes) and revise the policy to avoid these states. This could involve learning from failed episodes to improve the policy.

4. **Policy Optimization:**
   - Consider using policy optimization techniques such as Policy Gradient methods to directly learn a policy that maximizes the expected reward.

5. **Value Function Approximation:**
   - If the agent is using a value-based method, ensure that the value function is being effectively approximated, possibly using function approximators like neural networks if feasible.

6. **Increase Training Episodes:**
   - Extend the number of training episodes to allow the agent more opportunities to learn and refine its policy.

7. **Visualization and Debugging:**
   - Visualize the agent's path during training to identify problematic areas and adjust the learning strategy accordingly. Debugging the learning process can provide insights into where the agent is failing.

By implementing these strategies, the agent can improve its ability to navigate the FrozenLake environment and increase the likelihood of reaching the goal state successfully.","To improve the task effectiveness in the FrozenLake-v1 environment, we need to consider the balance between exploration and exploitation. Given the previous episode's performance, where the agent failed to reach the goal, it's important to adjust the action selection strategy to encourage more effective exploration while still exploiting known good actions.

Considering the analysis and recommendations provided, a balanced approach would involve a slight bias towards exploration but with a focus on actions that are more likely to lead to progress towards the goal. Since the agent's previous actions indicate oscillation and indecisiveness, the distribution should encourage exploration of new paths.

Here’s a suggested probability distribution for the next episode:

- **LEFT (0):** Given that LEFT was frequently chosen in the past, we reduce its probability slightly to encourage exploration of other directions.
- **DOWN (1):** Since DOWN moves the agent closer to the bottom row and potentially towards the goal, we increase its probability.
- **RIGHT (2):** RIGHT is useful for moving towards the goal, so we maintain a moderate probability.
- **UP (3):** UP should have a lower probability as it often moves the agent away from the goal unless it’s necessary to avoid holes.

A reasonable distribution might be:

```python
{0: 0.2, 1: 0.4, 2: 0.3, 3: 0.1}
```

This distribution prioritizes DOWN movements, which can help progress towards the goal, while still allowing for some exploration of LEFT and RIGHT. UP is minimized to reduce oscillation and backtracking. This setup encourages the agent to explore the grid more effectively, potentially finding new paths to the goal."
46,0.0,0.0,0.81784,0.004865479655563831,N/A,N/A
47,0.0,0.0,0.8138799999999999,0.004659245256334543,N/A,N/A
48,0.0,0.0,0.80992,0.0011518110986799002,N/A,N/A
49,0.0,0.0,0.80596,0.0007021523197181523,N/A,N/A
50,0.0,0.0,0.802,0.0014262553304433823,"In the final episode of the training process on the FrozenLake-v1 environment, the agent received a total reward of 0.0, indicating that it did not reach the goal state (state 15) and likely fell into one of the holes or failed to reach the goal within the episode's step limit. The action sequence extracted at intervals was [3, 1, 0, 1, 1], corresponding to the movements UP, DOWN, LEFT, DOWN, and DOWN.

### Analysis:

1. **Action Sequence and State Transitions:**
   - The sequence of actions suggests that the agent is not following a clear path towards the goal state. Instead, it seems to be moving somewhat randomly, possibly oscillating between different states without making significant progress towards the bottom-right corner of the grid.
   - The sequence includes movements UP and LEFT, which could be counterproductive if the agent is not near the goal. This indicates a lack of consistent strategy or understanding of the environment's layout.

2. **Reward Outcome:**
   - Receiving a total reward of 0.0 implies that the agent either fell into a hole or did not reach the goal state within the step limit. This suggests that the agent's policy is not yet optimal and may require further refinement.

3. **Potential Issues:**
   - **Exploration vs. Exploitation:** The agent might be exploring too much without exploiting known good paths, or it might be stuck in a local optima due to insufficient exploration.
   - **Policy Learning:** The policy the agent is following might not be well-learned, possibly due to inadequate training episodes or suboptimal hyperparameters.
   - **State Representation:** The agent might not be effectively learning the state transitions or understanding the consequences of its actions, particularly in avoiding holes.

### Recommendations:

1. **Enhance Exploration:**
   - Consider increasing exploration by adjusting the exploration strategy, such as using an epsilon-greedy policy with a higher epsilon value initially to encourage more exploration of the state space.

2. **Improve Learning Algorithm:**
   - If not already implemented, consider using techniques like Q-learning with function approximation or deep Q-networks (DQN) to better capture the state-action value function.
   - Ensure the learning rate and discount factor are appropriately tuned to balance learning speed and stability.

3. **Reward Shaping:**
   - Implement reward shaping to provide intermediate rewards for making progress towards the goal, which can help guide the agent's learning process.

4. **Increase Training Episodes:**
   - Increase the number of training episodes to allow the agent more time to learn the environment dynamics and develop a robust policy.

5. **Analyze Failure Cases:**
   - Conduct a detailed analysis of episodes where the agent falls into holes or fails to reach the goal to identify patterns or common pitfalls in the agent's behavior.

6. **Environmental Adjustments:**
   - If feasible, consider simplifying the environment temporarily (e.g., fewer holes) to allow the agent to learn a successful path strategy before reintroducing complexity.

By addressing these areas, the agent's performance on the FrozenLake task can be improved, increasing the likelihood of consistently reaching the goal state and maximizing rewards.","To improve the effectiveness of the agent's exploration in the FrozenLake environment, we can adjust the action selection strategy to encourage more exploration. Given the analysis, it is important to ensure that the agent explores the state space adequately to discover effective paths towards the goal while avoiding pitfalls like holes.

To achieve this, we can use an epsilon-greedy strategy where a higher probability is assigned to random exploration of actions. This can help the agent explore the environment more thoroughly. Let's assume an exploration rate (epsilon) of 0.3 for this purpose, which means there's a 30% chance of selecting a random action and a 70% chance of exploiting the current best-known action. Since we do not have a specific policy yet for exploitation, we'll distribute the probabilities evenly among all actions for exploration.

Here is a suggested probability distribution for the actions:

```plaintext
{0: 0.25, 1: 0.25, 2: 0.25, 3: 0.25}
```

This distribution reflects a purely exploratory strategy, where each action has an equal probability of being selected. This approach is suitable for early stages of training or when the agent needs to explore the environment more thoroughly to gather information about the state transitions and rewards. As the agent learns and develops a more informed policy, the distribution can be adjusted to favor more promising actions based on the learned value function."
51,0.0,0.0,0.7980400000000001,0.001174428383819759,N/A,N/A
52,0.0,0.0,0.79408,0.0010589977027848363,N/A,N/A
53,0.0,0.0,0.79012,0.0008352834265679121,N/A,N/A
54,0.0,0.0,0.78616,0.0008509447798132896,N/A,N/A
55,0.0,0.0,0.7822,0.000188587378943339,"In the last episode of training on the FrozenLake-v1 environment, the agent received a total reward of 0.0, indicating that it did not successfully reach the goal state (state 15). The action sequence taken by the agent was [1, 0, 1, 3, 2], which corresponds to the movements DOWN, LEFT, DOWN, UP, RIGHT. This sequence suggests that the agent did not follow a path leading to the goal and possibly fell into a hole or got stuck in a loop without making progress towards the goal.

### Analysis:

1. **Action Sequence Review:**
   - The sequence starts with DOWN, which is typically a good initial move to progress towards the goal if starting from the top row.
   - The subsequent LEFT action may have moved the agent away from the goal, depending on its starting position.
   - The next DOWN action could have been an attempt to move towards the lower rows, but the subsequent UP action suggests the agent reversed its progress.
   - The final RIGHT action might have been an attempt to correct the path, but overall, the sequence does not appear to be a coherent strategy towards reaching the goal.

2. **Lack of Goal Achievement:**
   - The total reward of 0.0 indicates that the agent either fell into a hole or did not reach the goal state within the allowed steps.
   - The absence of a positive reward suggests that the agent's policy might not be effectively guiding it towards the goal state.

3. **Potential Issues:**
   - The agent may not have learned an optimal policy that guides it efficiently to the goal.
   - The environment's stochastic nature (slippery surface) might have led to unexpected transitions, causing the agent to deviate from an intended path.
   - The exploration-exploitation balance might not be optimal, leading to insufficient exploration of successful paths.

### Strategy Recommendations:

1. **Policy Improvement:**
   - Evaluate and refine the agent's policy to ensure it prioritizes actions that lead towards the goal state more reliably.
   - Consider using advanced policy optimization techniques or algorithms like Q-learning or SARSA with suitable exploration strategies (e.g., epsilon-greedy) to improve learning.

2. **Increased Exploration:**
   - Ensure that the agent explores the environment sufficiently to discover successful paths to the goal.
   - Adjust exploration parameters to encourage the agent to try new paths, especially if it is getting stuck in loops or dead-ends.

3. **Environment Understanding:**
   - Analyze the agent's interaction with the environment to identify patterns or states where it consistently fails.
   - Implement state-value or action-value function visualizations to understand the agent's decision-making process better.

4. **Stochastic Handling:**
   - Incorporate techniques to handle the stochastic nature of the environment, such as using a model-based approach to predict outcomes or implementing strategies for risk management.

By focusing on these strategies, the agent can improve its performance in the FrozenLake environment, increasing its chances of reaching the goal state and achieving a higher total reward.","To improve the agent's performance in the FrozenLake-v1 environment, we need to adjust the exploration strategy to ensure a better balance between exploration and exploitation. Given the agent's previous performance, it seems that the agent might be getting stuck or not exploring effectively.

A common approach to address this is using an epsilon-greedy strategy, where the agent primarily exploits the best-known actions but occasionally explores random actions to discover potentially better paths. Let's assume we want to encourage more exploration initially to help the agent discover effective paths. We can set a higher exploration rate (epsilon) initially.

Here is a suggested probability distribution for the actions, assuming an epsilon value of 0.3 for exploration, meaning the agent will explore 30% of the time and exploit 70% of the time. The exploitation should focus more on the actions that likely lead towards the goal, such as DOWN and RIGHT, when starting from the top-left corner.

```python
epsilon = 0.3
exploitation_probability = (1 - epsilon) / 2  # Since we favor DOWN and RIGHT equally for exploitation

action_distribution = {
    0: epsilon / 4,  # LEFT - exploration
    1: exploitation_probability,  # DOWN - favored exploitation
    2: exploitation_probability,  # RIGHT - favored exploitation
    3: epsilon / 4,  # UP - exploration
}

# Output the distribution
action_distribution
```

This distribution suggests that:
- The agent should explore any of the four actions 30% of the time (7.5% each for LEFT and UP).
- The remaining 70% of the time, the agent should favor DOWN and RIGHT equally, as these actions are generally more promising for progressing towards the goal when starting from the top-left of the grid.

```json
{0: 0.075, 1: 0.35, 2: 0.35, 3: 0.075}
```

This setup encourages exploration while still leveraging the most promising actions for reaching the goal, helping the agent to develop a more effective policy over time. Adjustments to the epsilon value can be made based on further observations of the agent's performance."
56,0.0,0.0,0.77824,0.000330610346281901,N/A,N/A
57,0.0,0.0,0.77428,0.0006318413070403039,N/A,N/A
58,0.0,0.0,0.77032,0.00041601061820983887,N/A,N/A
59,0.0,0.0,0.76636,0.0003930312814190984,N/A,N/A
60,0.0,0.0,0.7624,0.00019638692901935428,"In the last episode of the training process on the FrozenLake-v1 task, the agent did not successfully reach the goal state (state 15) and received a total reward of 0.0. The action sequence extracted at intervals is [1, 3, 1, 2], which corresponds to the agent's movements: DOWN, UP, DOWN, RIGHT.

### Analysis:

1. **Action Sequence**:
   - The sequence [1, 3, 1, 2] indicates that the agent attempted to move down, then up, then down again, and finally to the right.
   - This pattern suggests that the agent may have been oscillating between two positions, potentially indicating a lack of a clear path or strategy towards reaching the goal.

2. **Reward**:
   - The total reward of 0.0 indicates that the agent did not reach the goal state (state 15) and likely did not fall into a hole, as falling into a hole would have ended the episode prematurely.

3. **State Transitions**:
   - Given the action sequence, the agent might have been stuck in a loop or failed to make progress towards the goal due to the environment's stochastic nature (slippery surface) or suboptimal policy.

4. **Exploration vs. Exploitation**:
   - The agent might be exploring too much, leading to random movements without a clear direction towards the goal.
   - Alternatively, the agent might not have learned an effective policy to exploit the environment's dynamics to reach the goal.

### Strategy Recommendations:

1. **Policy Improvement**:
   - Review and refine the agent's policy to ensure it is learning effective state-action pairs. Consider using more advanced algorithms like Q-learning or SARSA with function approximation if not already implemented.

2. **Exploration Strategy**:
   - Adjust the exploration-exploitation balance. If using ε-greedy exploration, consider tuning the ε parameter to ensure the agent explores enough but also starts exploiting learned policies as training progresses.

3. **Learning Rate and Discount Factor**:
   - Re-evaluate the learning rate and discount factor to ensure they are set appropriately. A high learning rate might cause the agent to forget learned policies, while a low discount factor might cause the agent to undervalue long-term rewards.

4. **Holes and Slippery Surface**:
   - Since the FrozenLake environment can be slippery, consider implementing strategies to handle stochastic transitions. For example, training with a higher number of episodes might help the agent learn to anticipate and adapt to slippage.

5. **Reward Shaping**:
   - Consider implementing reward shaping to provide intermediate rewards for reaching specific states or making progress towards the goal, which can help guide the agent's learning process.

6. **Visualization and Debugging**:
   - Visualize the agent's path and analyze its decision-making process to identify specific challenges or states where it struggles. This can provide insights into where the policy needs improvement.

By implementing these strategies, the agent's performance in the FrozenLake environment can be improved, increasing the likelihood of reaching the goal state successfully.","To improve the effectiveness of the agent's exploration and exploitation balance in the FrozenLake environment, we need to adjust the action probabilities to ensure a more guided exploration while allowing for exploitation of the learned policy. Given the previous episode's performance and analysis, here is a proposed action probability distribution for the next episode:

1. Since the agent was oscillating between movements (e.g., DOWN and UP), it suggests a need for more directed exploration towards the goal.
2. The action sequence and lack of progress indicate that the agent might benefit from a slight bias towards actions that generally lead towards the goal (e.g., DOWN and RIGHT, given the grid layout).

Assuming that we are using an ε-greedy strategy, we can adjust the exploration probability (ε) to encourage more exploitation of potentially effective actions while still allowing for some exploration. Let's assume ε = 0.2 for exploration, meaning the agent will exploit the best-known policy 80% of the time.

Given these considerations, a potential action probability distribution could be:

```python
{
    0: 0.15,  # LEFT
    1: 0.35,  # DOWN
    2: 0.35,  # RIGHT
    3: 0.15   # UP
}
```

### Explanation:

- **DOWN (1) and RIGHT (2)**: Assigning higher probabilities to these actions (0.35 each) reflects a bias towards moving towards the goal state at the bottom-right of the grid. This encourages the agent to explore these directions more frequently, which is generally beneficial given the grid's layout.

- **LEFT (0) and UP (3)**: Assigning lower probabilities (0.15 each) to these actions reduces the likelihood of moving away from the goal or backtracking unnecessarily, while still allowing some exploration in these directions.

This distribution maintains a balance between exploration and exploitation, with a slight bias towards actions that are more likely to lead to the goal state. Adjustments can be made based on further observations and performance in subsequent episodes."
61,0.0,0.0,0.75844,0.0006109500536695123,N/A,N/A
62,0.0,0.0,0.75448,0.00027398153906688094,N/A,N/A
63,0.0,0.0,0.75052,0.00010104618559125811,N/A,N/A
64,0.0,0.0,0.74656,0.0004533585743047297,N/A,N/A
65,0.0,0.0,0.7425999999999999,0.00020456637139432132,"In the last episode of the training process on the FrozenLake-v1 environment, the agent received a total reward of 0.0, indicating that it did not successfully reach the goal state (state 15) and likely fell into one of the holes on the grid. The action sequence extracted at intervals is [3, 3, 0, 3, 3, 3, 3, 2, 2, 2, 0, 1, 0], which corresponds to the actions UP, UP, LEFT, UP, UP, UP, UP, RIGHT, RIGHT, RIGHT, LEFT, DOWN, LEFT.

### Analysis:

1. **Action Sequence and Movement:**
   - The agent predominantly chose the UP action (3), which suggests a tendency to move towards the top of the grid. This is not an optimal strategy for reaching the goal, which is located at the bottom right corner (state 15).
   - There is a sequence of RIGHT actions (2, 2, 2) after several UP actions, indicating an attempt to move horizontally across the grid. However, without a clear strategy to navigate downward, the agent likely ended up hitting a boundary or a hole.
   - The scattered LEFT and DOWN actions towards the end of the sequence suggest a lack of a coherent strategy for reaching the goal, possibly leading to random exploration or backtracking.

2. **Reward and Termination:**
   - Since the total reward is 0.0, it is clear that the agent did not reach the goal. This outcome suggests that the agent either fell into a hole or ran out of steps without reaching the goal.
   - The presence of multiple UP actions might have led the agent to move into a hole or an undesirable state, causing early termination of the episode.

### Strategy Recommendations:

1. **Improved Exploration:**
   - Encourage a more balanced exploration strategy that considers moving towards the goal state (15) more effectively. Implementing strategies like epsilon-greedy with a decreasing epsilon value can help balance exploration and exploitation.

2. **State-Action Value Learning:**
   - Enhance the learning of state-action values (Q-values) to better evaluate the expected rewards of actions in different states. This can be achieved by using algorithms like Q-learning or SARSA, which help the agent learn optimal policies over time.

3. **Reward Shaping:**
   - Introduce intermediate rewards to guide the agent towards the goal. For example, providing small positive rewards for moving closer to the goal state can incentivize the agent to adopt a more goal-directed strategy.

4. **Policy Improvement:**
   - Implement policy improvement techniques such as policy iteration or actor-critic methods to refine the agent's decision-making process and encourage more optimal action sequences.

5. **Environment Familiarization:**
   - Allow the agent more episodes to explore the environment and learn the locations of holes and safe paths. This can be achieved by increasing the number of training episodes or adjusting the learning rate to ensure better convergence.

By addressing these areas, the agent can improve its navigation strategy and increase the likelihood of successfully reaching the goal state in future episodes.","To improve the agent's performance in the FrozenLake environment, we need to adjust the action selection strategy to encourage movements towards the goal state (15) more effectively. Given the previous action sequence and analysis, the agent has been overly focused on moving UP, which is counterproductive for reaching the goal at the bottom right corner of the grid.

To achieve a more balanced exploration strategy, we can use an epsilon-greedy approach where the agent predominantly exploits the best-known actions but occasionally explores other actions to discover potentially better paths. Since the agent has been moving up frequently, we should decrease the probability of choosing UP and increase the probabilities for actions that move the agent towards the goal, especially DOWN and RIGHT.

Here's a proposed distribution of actions for the next episode:

- **LEFT (0):** Since moving left generally takes the agent away from the goal (except in specific cases), we should minimize this action but still allow for some exploration.
- **DOWN (1):** This action is crucial for moving towards the goal state at the bottom of the grid. We should increase the probability of selecting this action.
- **RIGHT (2):** Moving right is also essential for progressing towards the goal, especially since the goal is in the bottom-right corner. This action should have a higher probability.
- **UP (3):** Given the previous tendency to move up excessively, we should reduce the probability of this action to prevent the agent from moving away from the goal.

Considering these adjustments, a reasonable action probability distribution could be:

```python
{0: 0.1, 1: 0.4, 2: 0.4, 3: 0.1}
```

This distribution prioritizes actions that move the agent towards the goal (DOWN and RIGHT) while still allowing for some exploration of LEFT and UP to prevent the agent from getting stuck in local optima or missing potential paths."
66,0.0,0.0,0.73864,0.0001200602637254633,N/A,N/A
67,0.0,0.0,0.73468,0.00015452269872184843,N/A,N/A
68,0.0,0.0,0.73072,0.0004246064636390656,N/A,N/A
69,0.0,0.0,0.72676,0.00037765869637951255,N/A,N/A
70,0.0,0.0,0.7228,0.0006775057408958673,"In the last episode of the training process on the FrozenLake-v1 environment, the agent received a total reward of 0.0, indicating that it did not successfully reach the goal state (state 15). The sequence of actions taken by the agent was [1, 1, 2, 2, 1, 1, 1, 1, 1, 0, 3, 0, 3, 1, 2, 1, 3, 1, 1, 1, 3, 2, 2].

### Analysis:
1. **Action Sequence Overview:**
   - The agent attempted a variety of moves, primarily focusing on moving down (1) and right (2), with occasional left (0) and up (3) movements.
   - The sequence indicates a lack of a clear and effective strategy to reach the goal state, as the agent did not achieve a positive reward.

2. **Potential Pitfalls:**
   - The agent may have stepped into a hole, causing the episode to terminate prematurely, which is why the total reward is 0.0.
   - The action sequence suggests that the agent might have been wandering or oscillating between states without a clear path toward the goal, potentially revisiting states or getting stuck in loops.

3. **Lack of Goal Achievement:**
   - The absence of a +1 reward indicates failure to reach the goal state. This could be attributed to suboptimal policy learning, insufficient exploration, or inadequate exploitation of learned policies.

### Strategy Recommendations:
1. **Improve Exploration:**
   - Implement strategies like epsilon-greedy with a decaying epsilon to ensure the agent explores more in the initial episodes and gradually exploits learned knowledge.
   - Consider using exploration techniques such as Boltzmann exploration or adding noise to actions to encourage exploration of less-visited states.

2. **Enhance Learning Algorithm:**
   - Review the learning rate and discount factor settings; ensure they are conducive to learning the optimal policy.
   - If using Q-learning or SARSA, ensure the Q-value updates are effectively balancing exploration and exploitation.

3. **Reward Shaping:**
   - Consider implementing intermediate rewards for reaching certain states closer to the goal to guide the agent more effectively.
   - Penalize stepping into holes to discourage the agent from taking risky actions without proper evaluation.

4. **State and Action Representation:**
   - Review how states and actions are represented and ensure that the agent's policy can distinguish between different scenarios effectively.
   - If feasible, implement function approximation methods like neural networks to better generalize across states.

5. **Evaluate and Adjust Training Parameters:**
   - Examine the number of episodes and training duration to ensure the agent has sufficient time to learn the environment dynamics.
   - Consider running additional diagnostic episodes with logging to gain insights into decision-making processes and adjust strategies accordingly.

By focusing on these strategies, the agent can potentially develop a more robust policy to navigate the FrozenLake environment successfully and reach the goal state.","To improve the agent's effectiveness in the FrozenLake environment, it's crucial to balance exploration and exploitation. Given the previous episode's outcome, the agent should explore more to discover effective strategies for reaching the goal while avoiding holes. An epsilon-greedy strategy with a decaying epsilon can be beneficial here.

For the next episode, we can use an initial exploration strategy where the agent has a higher probability of exploring (choosing random actions) and a smaller probability of exploiting (choosing the best-known action). Let's assume an initial epsilon value of 0.3, meaning the agent will explore 30% of the time and exploit 70% of the time.

Given that the agent should explore more in the beginning, we can distribute the exploration probability equally among all actions and allocate the exploitation probability to the action believed to be the best based on the current policy. Since the agent failed to reach the goal and the action sequence suggests a lack of a clear strategy, we can start with equal probabilities for all actions to encourage exploration.

Here's a suggested probability distribution for the next episode:

```python
{0: 0.25, 1: 0.25, 2: 0.25, 3: 0.25}
```

This distribution reflects an equal probability for all actions, promoting exploration. As training progresses and the agent starts learning more about the environment, you can adjust these probabilities to favor actions that lead towards the goal state more effectively, based on the learned Q-values or policy."
71,0.0,0.0,0.71884,0.00036620491300709546,N/A,N/A
72,0.0,0.0,0.71488,0.00014251751417759806,N/A,N/A
73,0.0,0.0,0.71092,0.00012281721865292639,N/A,N/A
74,0.0,0.0,0.70696,0.0001793800765881315,N/A,N/A
75,0.0,0.0,0.7030000000000001,0.00019192852778360248,"In the last episode of the training process on the FrozenLake-v1 task, the agent received a total reward of 0.0, indicating that it did not successfully reach the goal state (state 15) and likely fell into a hole or did not reach the goal within the allowed steps. The action sequence extracted at intervals is [1, 0, 0, 1, 3, 0, 1, 1], which corresponds to the following movements: DOWN, LEFT, LEFT, DOWN, UP, LEFT, DOWN, DOWN.

### Analysis:

1. **Initial Observations:**
   - The agent did not reach the goal state, as evidenced by the total reward of 0.0.
   - The sequence of actions suggests that the agent's path was inefficient or led to a termination state (hole).

2. **Action Sequence Breakdown:**
   - The agent started by moving DOWN (action 1), which is a reasonable initial move from the top row.
   - Subsequent LEFT (action 0) movements suggest the agent may have been attempting to navigate around obstacles but might have been moving towards a hole.
   - The sequence includes an UP (action 3) move, which might indicate backtracking or an incorrect move that took the agent away from the goal.
   - The repeated DOWN actions at the end suggest the agent might have been trying to progress towards the bottom row but failed to avoid holes.

3. **Possible Issues:**
   - **Exploration vs. Exploitation:** The agent might not be exploring the environment effectively, leading to repeated suboptimal paths.
   - **Policy Inefficiency:** The learned policy might not be optimal, causing the agent to make moves that do not lead towards the goal efficiently.
   - **State Understanding:** The agent might not have a good understanding of the environment's state transitions, leading to incorrect action choices.

### Strategy Recommendations:

1. **Enhance Exploration:**
   - Increase exploration rate (e.g., epsilon in epsilon-greedy strategies) to encourage the agent to explore different paths and learn more about the environment.
   - Consider using exploration strategies like Upper Confidence Bound (UCB) or Boltzmann exploration to balance exploration and exploitation more effectively.

2. **Improve Learning Algorithm:**
   - If using a Q-learning approach, ensure that the learning rate and discount factor are appropriately tuned to balance learning speed and reward maximization.
   - Consider using more advanced algorithms like Double Q-Learning or Dueling DQN to improve stability and performance.

3. **Environment Understanding:**
   - Provide additional training episodes to allow the agent more time to learn the environment's dynamics.
   - Implement reward shaping to guide the agent towards the goal more effectively, such as providing small negative rewards for falling into holes or deviating from optimal paths.

4. **Policy Optimization:**
   - Use policy gradient methods or actor-critic approaches to directly optimize the policy and potentially achieve better performance.
   - Regularly evaluate the policy's performance and adjust hyperparameters as needed to ensure continuous improvement.

By addressing these areas, the agent should be able to learn a more effective strategy for navigating the FrozenLake environment and ultimately achieve the goal of reaching state 15 more consistently.","To improve the effectiveness of the agent in the FrozenLake environment, it's crucial to balance exploration and exploitation. Given the previous episode's outcome, the agent needs to explore more to better understand the environment and avoid pitfalls such as holes.

Assuming an epsilon-greedy strategy, where epsilon represents the probability of choosing a random action (exploration) and (1-epsilon) is the probability of exploiting the current knowledge (choosing the best-known action), we can propose a distribution for the actions. Let's assume an epsilon value of 0.3 to encourage more exploration.

In an epsilon-greedy strategy, the probability distribution for actions would be structured as follows:

- With probability epsilon (0.3), the agent chooses a random action.
- With probability (1-epsilon) (0.7), the agent chooses the best-known action based on its current policy. However, since we are focusing on exploration, we will distribute this evenly across all actions to ensure exploration.

Here's how the action probabilities could be distributed:

1. Random action selection probability (exploration): 0.3
   - Each action has a probability of 0.3/4 = 0.075 for exploration.

2. Best-known action selection probability (exploitation): 0.7
   - Assuming the agent doesn't have a strong preference due to the need for exploration, we distribute this evenly as well, giving each action an additional 0.7/4 = 0.175.

Total probability for each action = 0.075 (exploration) + 0.175 (exploitation) = 0.25

Therefore, the probability distribution for each action is:

```json
{0: 0.25, 1: 0.25, 2: 0.25, 3: 0.25}
```

This uniform distribution encourages the agent to explore all possible actions equally, which can help it learn more about the environment and improve its policy over time. As the agent learns and its policy becomes more refined, the distribution can be adjusted to favor exploitation of the most promising actions."
76,0.0,0.0,0.69904,0.00015039611025713384,N/A,N/A
77,0.0,0.0,0.69508,6.624763773288578e-05,N/A,N/A
78,0.0,0.0,0.69112,7.691772771067917e-05,N/A,N/A
79,0.0,0.0,0.68716,2.343520463909954e-05,N/A,N/A
80,0.0,0.0,0.6832,2.3110165784601122e-05,"In the final episode of the training process on the FrozenLake-v1 environment, the agent was unable to reach the goal state (state 15), resulting in a total reward of 0.0. The action sequence taken by the agent was [1, 1, 2, 2, 1, 0, 3, 3], which corresponds to the following movements:

1. **1 (DOWN)**: The agent moves from its starting position.
2. **1 (DOWN)**: The agent moves further down.
3. **2 (RIGHT)**: The agent moves to the right.
4. **2 (RIGHT)**: The agent moves further to the right.
5. **1 (DOWN)**: The agent moves down again.
6. **0 (LEFT)**: The agent moves to the left.
7. **3 (UP)**: The agent moves up.
8. **3 (UP)**: The agent moves further up.

### Analysis:

1. **Path Inefficiency**: The sequence of actions indicates that the agent's path is inefficient and potentially circular, as it moves in directions that do not consistently progress toward the goal state (15). The presence of movements like moving left after moving right and moving up after moving down suggests that the agent may be oscillating between states rather than progressing toward the goal.

2. **Exploration vs. Exploitation**: The agent may be exploring the environment rather than exploiting known paths to the goal. This is evident from the lack of a clear strategy to reach state 15.

3. **Potential Encounter with Holes**: Given the total reward of 0.0, it is possible that the agent fell into a hole, which would terminate the episode prematurely. The specific path taken may have led the agent to a hole, ending the attempt to reach the goal.

### Strategy Recommendations:

1. **Enhanced Exploration**: Implement strategies to balance exploration and exploitation better. This could include using techniques like epsilon-greedy strategies, where the agent explores more in the initial episodes and exploits learned knowledge in later episodes.

2. **Reward Shaping**: Introduce intermediate rewards for reaching certain states closer to the goal to guide the agent more effectively through the grid. This can help the agent learn the benefits of moving toward the goal rather than wandering aimlessly.

3. **Path Optimization**: Encourage the agent to learn more optimal paths by incorporating policies or value functions that prioritize actions leading towards the goal. Techniques like Q-learning or SARSA could be beneficial in updating value estimates based on the agent's experiences.

4. **Avoidance of Holes**: Implement a penalty for falling into holes to discourage the agent from taking paths that lead to premature termination. This can be achieved by adjusting the reward function to include a negative reward for states that lead to holes.

5. **State-Action Pair Analysis**: Analyze state-action pairs that lead to suboptimal outcomes and adjust the learning algorithm to avoid repeating the same mistakes in future episodes. This may involve revisiting the learning rate or discount factor to ensure the agent effectively learns from past experiences.

By addressing these areas, the agent can improve its performance in the FrozenLake environment, increasing the likelihood of successfully reaching the goal state in future episodes.","To improve the agent's performance in the FrozenLake environment, we need to balance exploration and exploitation. A common strategy is to use an epsilon-greedy approach, where the agent mostly exploits known good actions but occasionally explores to discover potentially better actions.

Given that the agent's previous path was inefficient and potentially circular, we should initially emphasize exploration to help the agent discover more efficient paths. However, we also need to ensure that the agent exploits its knowledge to move toward the goal effectively.

Let's assume an epsilon value of 0.2, which means the agent will explore 20% of the time and exploit 80% of the time. This is a reasonable starting point for balancing exploration and exploitation. When exploiting, the agent should choose the action with the highest estimated value for the current state. Since we don't have specific value estimates here, we will distribute the probabilities equally among the actions to simulate exploration.

Here's how the probability distribution for the actions can be set for the next episode:

```python
{0: 0.25, 1: 0.25, 2: 0.25, 3: 0.25}
```

This distribution represents equal probabilities for each action, encouraging exploration of all possible directions. As the agent learns and updates its value estimates, the distribution should shift to favor actions that lead toward the goal while still maintaining some level of exploration to avoid getting stuck in local optima."
81,1.0,0.0,0.6792400000000001,0.00011575542157515883,N/A,N/A
82,0.0,0.0,0.67528,3.337264934089035e-05,N/A,N/A
83,0.0,0.0,0.6713199999999999,5.760180647484958e-05,N/A,N/A
84,0.0,0.0,0.66736,3.437858322286047e-05,N/A,N/A
85,0.0,0.0,0.6634,2.524239243939519e-05,"In the last episode of the training process on the FrozenLake-v1 task, the agent received a total reward of 0.0, indicating that it did not successfully reach the goal state (state 15) to receive the +1 reward. The action sequence extracted at intervals was [3, 2, 2, 1, 2], which corresponds to the movements UP, RIGHT, RIGHT, DOWN, and RIGHT.

### Analysis of the Episode:

1. **Initial State and Movements:**
   - The agent starts at state 0, which is the top-left corner of the grid.
   - The first action is UP (3), which is ineffective because the agent is already at the top row, meaning it stays in the same position. This suggests the agent might not have a clear understanding of the environment boundaries.

2. **Subsequent Movements:**
   - The agent then moves RIGHT (2) twice, which would take it from state 0 to state 1, and then to state 2.
   - After moving DOWN (1), the agent would move from state 2 to state 6.
   - Finally, moving RIGHT (2) from state 6 would take the agent to state 7.

3. **Outcome and Termination:**
   - The agent did not reach the goal state (state 15) and the episode ended with a total reward of 0.0, suggesting that the agent might have fallen into a hole or the episode terminated due to a maximum step limit without reaching the goal.

### Possible Strategy Recommendations:

1. **State Awareness and Boundary Handling:**
   - Improve the agent's understanding of the grid boundaries to avoid ineffective actions like trying to move UP when already at the top row.
   - Implement boundary checks or penalties for attempting to move out of bounds to reinforce learning about valid actions in each state.

2. **Exploration vs. Exploitation:**
   - Consider adjusting the exploration strategy to balance exploration of the state space and exploitation of known successful paths. If the agent is too exploratory, it may not focus enough on reaching the goal.

3. **Reward Shaping:**
   - Introduce intermediate rewards for reaching certain key states that guide the agent closer to the goal. This can help the agent learn a more directed path towards the goal.

4. **Hole Avoidance:**
   - Train the agent to recognize and avoid states that lead to holes. This can be achieved by penalizing transitions to hole states, encouraging the agent to learn safer paths.

5. **Algorithm and Parameter Tuning:**
   - Evaluate the current learning algorithm and parameters. Consider using techniques like Q-learning or SARSA with adjusted learning rates or discount factors to improve convergence to optimal policies.

6. **Visualization and Debugging:**
   - Visualize the agent's path and decisions in the grid to identify common pitfalls and areas where the agent struggles.
   - Debug the policy to ensure that the agent is updating its value function or policy correctly.

By implementing these strategies, the agent can improve its performance in the FrozenLake-v1 environment and increase its chances of successfully reaching the goal state.","To improve the agent's performance in the FrozenLake-v1 environment, we need to adjust the action exploration strategy to encourage more effective exploration while still allowing for some exploitation of known paths. Based on the analysis of the previous episode, the agent needs to better understand the boundaries and avoid ineffective moves, such as moving UP when at the top row. Additionally, it should focus on exploring paths that lead closer to the goal state and avoid holes.

Given these considerations, we can adjust the exploration strategy by slightly favoring actions that are more likely to lead towards the goal state (RIGHT and DOWN), while still allowing some exploration of other actions to ensure the agent doesn't get stuck in local optima.

Here's a proposed action probability distribution for the next episode:

- **LEFT (0):** This action generally moves the agent away from the goal state (state 15), so it should have a lower probability compared to RIGHT and DOWN.
- **DOWN (1):** This action moves the agent towards the goal state, so it should have a higher probability.
- **RIGHT (2):** This action also moves the agent towards the goal state, so it should have a higher probability.
- **UP (3):** This action is less likely to be effective, especially from the initial state, so it should have a lower probability.

Assuming a slightly more exploratory approach while favoring DOWN and RIGHT, the probability distribution might look like this:

```python
{0: 0.15, 1: 0.35, 2: 0.35, 3: 0.15}
```

This distribution allocates higher probabilities to actions that generally move the agent towards the goal state (RIGHT and DOWN), while still allowing some exploration of LEFT and UP to ensure the agent can adapt to different situations and learn the environment's dynamics. Adjustments can be made based on further observations and performance feedback."
86,0.0,0.0,0.65944,5.094994048704393e-05,N/A,N/A
87,0.0,0.0,0.6554800000000001,5.999663699185476e-05,N/A,N/A
88,0.0,0.0,0.6515200000000001,0.00020412122830748558,N/A,N/A
89,0.0,0.0,0.64756,0.00043007489875890315,N/A,N/A
90,0.0,0.0,0.6436,0.000144288525916636,"The analysis of the last episode of the training process in the FrozenLake-v1 environment reveals that the agent did not successfully reach the goal state (state 15), as indicated by the total reward of 0.0. This suggests that the agent either fell into one of the holes or failed to reach the goal within the episode's time limit.

### Action Sequence Analysis:
The action sequence extracted at intervals is [1, 1, 0, 2, 0, 1], which translates to the following moves:
- 1 (DOWN)
- 1 (DOWN)
- 0 (LEFT)
- 2 (RIGHT)
- 0 (LEFT)
- 1 (DOWN)

By analyzing this sequence, we can infer the following:
1. **Initial Moves (1, 1)**: The agent starts by moving down twice. This suggests it likely began in the top row and moved towards the bottom rows.
2. **Middle Moves (0, 2, 0)**: The agent then moves left, right, and left. This could indicate indecision or lack of a clear strategy, as these moves could cancel each other out if the agent is not in a strategic position.
3. **Final Move (1)**: The agent attempts to move down again, which could either be a continuation of a strategy to reach the goal or a random move due to exploration.

### Possible Issues:
- **Exploration vs. Exploitation**: The agent might be exploring too much, leading to random moves that do not contribute towards reaching the goal.
- **Lack of Policy Convergence**: The agent's policy might not have converged to an optimal strategy yet, resulting in inefficient or indecisive movements.
- **Holes Encountered**: The agent might have stepped into a hole, terminating the episode prematurely.

### Recommendations for Improvement:
1. **Increase Exploration/Exploitation Balance**: Adjust the exploration strategy (e.g., epsilon-greedy policy) to ensure the agent explores the environment efficiently while also exploiting known good strategies.
2. **Enhance Reward Structure**: Consider using a reward shaping technique to provide intermediate rewards for reaching states closer to the goal, which could guide the agent more effectively.
3. **Improve Learning Algorithm**: Experiment with different learning algorithms or hyperparameters to improve policy convergence. For example, using a Q-learning or SARSA approach with a well-tuned learning rate and discount factor.
4. **State Value Function Visualization**: Visualize the state value function to identify areas where the agent's policy might be suboptimal and adjust the training process accordingly.
5. **Increase Training Episodes**: Allow for more training episodes to give the agent ample opportunity to learn and refine its strategy.

By implementing these strategies, the agent's performance in the FrozenLake environment can potentially be improved, increasing the likelihood of reaching the goal state successfully.","To improve the task effectiveness in the FrozenLake-v1 environment, we need to adjust the exploration strategy to balance exploration and exploitation more effectively. Given the information from the previous episode, it seems the agent is struggling to reach the goal, possibly due to excessive exploration or lack of a clear strategy.

A common approach to balancing exploration and exploitation is using an epsilon-greedy strategy. In this strategy, the agent selects the action with the highest estimated value (exploitation) with a probability of \(1 - \epsilon\) and a random action (exploration) with a probability of \(\epsilon\).

Let's assume we want to encourage some exploration but also ensure the agent is exploiting learned strategies. We can set \(\epsilon = 0.2\), meaning the agent will exploit the best-known strategy 80% of the time and explore randomly 20% of the time.

Given this \(\epsilon\)-greedy approach, the distribution for the next episode would be:

- With a probability of \(1 - \epsilon = 0.8\), the agent will choose the action with the highest estimated value.
- With a probability of \(\epsilon = 0.2\), the agent will explore by choosing any of the four actions randomly.

Assuming that the current best action according to the agent's policy is DOWN (action 1), the distribution would be:

- Exploit the best action (DOWN): \(0.8\)
- Explore randomly among all actions: \(0.2 / 4 = 0.05\) for each action

Thus, the probability distribution for the actions would be:

```python
{0: 0.05, 1: 0.85, 2: 0.05, 3: 0.05}
```

This distribution reflects a strategy where the agent predominantly exploits the current best action (DOWN) while still maintaining a small chance to explore other actions. This approach should help the agent refine its policy and improve its chances of reaching the goal state."
91,0.0,0.0,0.63964,7.926198304630816e-05,N/A,N/A
92,0.0,0.0,0.63568,0.022863265126943588,N/A,N/A
93,0.0,0.0,0.6317200000000001,0.0005102163413539529,N/A,N/A
94,0.0,0.0,0.62776,0.0006838575354777277,N/A,N/A
95,0.0,0.0,0.6238,0.0001986771821975708,"In the last episode of the training process on the FrozenLake-v1 task, the agent received a total reward of 0.0, indicating that it failed to reach the goal state (state 15) and likely ended up in a hole or was unable to navigate effectively to the goal. The action sequence extracted at intervals is [1, 1, 1], which corresponds to the agent taking the ""DOWN"" action three times in succession.

### Analysis:

1. **Action Sequence**: The repeated ""DOWN"" actions suggest that the agent was attempting to move vertically downwards through the grid. However, without additional context about the starting position or the specific grid configuration (such as the location of holes), it's challenging to ascertain why this strategy was ineffective.

2. **Reward**: Since the total reward is 0.0, it implies that the agent did not reach the goal state. This could be due to stepping into a hole, which terminates the episode prematurely, or getting stuck in a loop that does not lead to the goal.

3. **Exploration vs. Exploitation**: The lack of successful episodes might indicate that the agent is either not exploring the environment sufficiently or is over-exploring without learning from its actions. It may be stuck in a suboptimal policy that doesn't lead to the goal.

### Recommendations:

1. **Enhance Exploration**: Consider increasing the exploration rate (e.g., using an epsilon-greedy strategy) to encourage the agent to try different actions and discover new paths. This can help the agent learn more about the environment and potentially find a successful path to the goal.

2. **Reward Shaping**: Introduce intermediate rewards to guide the agent towards the goal. For instance, providing small positive rewards for moving closer to the goal state or negative rewards for moving into dangerous areas (near holes) may help the agent learn more effective strategies.

3. **State Representation**: Ensure that the agent's state representation is sufficiently informative. If the agent struggles with understanding its position relative to the goal or holes, consider enhancing the state representation to include more context or features.

4. **Algorithm Tuning**: Review and potentially adjust the learning rate, discount factor, and other hyperparameters of the reinforcement learning algorithm being used. These parameters can significantly affect the learning process and the agent's ability to converge on an optimal policy.

5. **Environment Familiarization**: Conduct more episodes to allow the agent to become familiar with the environment's dynamics. This includes understanding the locations of holes and the most effective paths to the goal.

6. **Debugging and Visualization**: Visualize the agent's paths and analyze episodes where it fails to reach the goal. This can provide insights into specific challenges the agent faces and inform further adjustments to the learning strategy.","To improve the agent's performance in the FrozenLake-v1 environment, we need to adjust the exploration strategy to encourage more diverse action selection. Given that the agent previously took the ""DOWN"" action repeatedly without success, we should enhance exploration to allow the agent to try different actions and potentially discover more effective paths to the goal.

One common approach to achieve this is using an epsilon-greedy strategy, where the agent primarily exploits the best-known action but occasionally explores other actions. Since the agent's previous actions were ineffective, we should increase the exploration rate to encourage more exploration.

Let's assume an epsilon value of 0.3 for exploration, meaning the agent will explore with a probability of 0.3 and exploit the known best action with a probability of 0.7. Without specific knowledge of the current best action, we can distribute the exploration probability equally among all actions.

Here's a possible distribution of actions:

- Probability of exploiting the known best action: 0.7 (distributed evenly among all actions due to lack of specific knowledge)
- Probability of exploring other actions: 0.3 (distributed evenly among all actions)

Given this, the probability distribution for the actions could be:

```python
{
    0: 0.25,  # LEFT
    1: 0.25,  # DOWN
    2: 0.25,  # RIGHT
    3: 0.25   # UP
}
```

This distribution encourages equal exploration of all actions, allowing the agent to gather more information about the environment and potentially discover more effective strategies to reach the goal."
96,1.0,0.0,0.61984,0.0008417392382398248,N/A,N/A
97,0.0,0.0,0.61588,7.381550676655024e-05,N/A,N/A
98,0.0,0.0,0.61192,0.0005469057941809297,N/A,N/A
99,0.0,0.0,0.6079600000000001,0.007601607590913773,N/A,N/A
100,0.0,1.0,0.604,0.0006054824916645885,"In the last episode of the training process on the FrozenLake-v1 environment, the agent was unable to reach the goal state (state 15) and ended with a total reward of 0.0. The action sequence extracted at intervals was [3, 3, 1, 2], which corresponds to the actions UP, UP, DOWN, and RIGHT. This indicates that the agent's movements did not lead it successfully to the goal state, and it likely fell into a hole or ended up in a loop that did not allow it to progress toward the goal.

### Analysis:

1. **Action Sequence**: The sequence of actions suggests that the agent was moving in a somewhat erratic manner, possibly returning to previous states or getting stuck in a loop. The repeated UP actions followed by a DOWN and a RIGHT indicate a lack of a clear strategy to reach the goal.

2. **Reward**: The total reward of 0.0 implies that the agent did not reach the goal state and may have fallen into a hole, which terminates the episode without any positive reward.

3. **State Transitions**: Without the exact state transitions, it's challenging to pinpoint where the agent went wrong, but the action sequence suggests the agent might have been exploring the upper part of the grid without making effective progress toward the bottom-right corner.

### Possible Strategy Recommendations:

1. **Improved Exploration**: The agent may benefit from enhanced exploration strategies. Implementing techniques like epsilon-greedy with a decaying epsilon or using exploration strategies like Upper Confidence Bound (UCB) could help the agent explore more effectively and avoid falling into traps or loops.

2. **State Value Estimation**: Enhancing the state value estimation through techniques such as Q-learning or SARSA could help the agent better predict the value of states and choose actions that lead to higher rewards. Ensuring that the Q-values are updated sufficiently across episodes can prevent the agent from making suboptimal decisions.

3. **Reward Shaping**: Introducing intermediate rewards for reaching certain states or penalizing actions that lead to holes might help guide the agent toward the goal more effectively. However, care must be taken to ensure that the shaped rewards do not mislead the agent.

4. **Policy Optimization**: If the agent is using a policy-based method, consider optimizing the policy using methods like Policy Gradient or Actor-Critic. These methods can help the agent learn a more direct mapping from states to actions, potentially improving its ability to navigate the grid.

5. **Environment Visualization**: Visualizing the environment and the agent's path can provide insights into where the agent is struggling. This can help in debugging the policy or reward function and making necessary adjustments.

By implementing these strategies, the agent can potentially improve its performance in navigating the FrozenLake environment and increase its chances of reaching the goal state successfully.","To improve the agent's effectiveness in the FrozenLake-v1 environment, we need to ensure a balance between exploration and exploitation, allowing the agent to discover optimal paths while avoiding traps and loops. Given the previous episode's action sequence and outcome, we should encourage more exploratory actions while maintaining some preference for actions that have shown potential in progressing towards the goal.

A common approach to achieve this is using an epsilon-greedy strategy, where the agent explores randomly with probability epsilon and exploits the best-known action with probability 1-epsilon. For a new episode, we might start with a relatively high epsilon (e.g., 0.3) to encourage exploration, and distribute the probability among actions accordingly.

Here's a suggested probability distribution for the actions:

- **Exploration (epsilon = 0.3)**: Randomly select any of the four actions.
- **Exploitation (1-epsilon = 0.7)**: Focus on actions that are more likely to lead toward the goal, such as DOWN and RIGHT, given the goal is at the bottom-right corner.

Given these considerations, the probability distribution could be:

```python
{
    0: 0.15,  # LEFT
    1: 0.35,  # DOWN
    2: 0.35,  # RIGHT
    3: 0.15   # UP
}
```

Explanation:
- **LEFT (0.15)**: Reduced emphasis as moving left typically doesn't help in reaching the goal at the bottom-right.
- **DOWN (0.35)**: Increased probability to encourage moving toward the goal.
- **RIGHT (0.35)**: Similarly increased to facilitate progress toward the goal.
- **UP (0.15)**: Lower probability, as moving up is less likely to be beneficial unless necessary to avoid a hole or loop.

This distribution balances exploration and exploitation, promoting actions that potentially lead the agent closer to the goal while still allowing for some randomness to discover new paths."
