episode,train_return,eval_return,epsilon,loss,llm1_full_response,llm2_full_response
1,0.0,0.0,0.99604,nan,N/A,N/A
2,0.0,0.0,0.99208,nan,N/A,N/A
3,0.0,0.0,0.98812,nan,N/A,N/A
4,0.0,0.0,0.98416,0.12621498107910156,N/A,N/A
5,0.0,0.0,0.9802,0.0698651373386383,"In the final episode of the training process for the FrozenLake-v1 environment, the agent received a total reward of 0.0. This indicates that the agent did not successfully reach the goal state (state 15) on this particular episode. The action sequence observed at intervals during this episode was [3, 0, 2, 1], which corresponds to the actions UP, LEFT, RIGHT, and DOWN.

### Analysis:

1. **Action Sequence**: 
   - The sequence [3, 0, 2, 1] suggests that the agent attempted to move UP, then LEFT, followed by RIGHT, and finally DOWN. This sequence does not seem to follow a clear path towards the goal state, which is located at the bottom right corner of the grid.

2. **Reward**:
   - The total reward of 0.0 indicates that the agent neither reached the goal state nor fell into a hole. It suggests that the agent may have been navigating within safe states but did not make progress towards the goal.

3. **Exploration vs. Exploitation**:
   - The agent may still be in an exploration phase, trying to understand the environment better. However, given that this is the last episode, it is crucial to evaluate whether the agent has learned an effective policy.

4. **Possible Stuck States**:
   - The agent might be getting stuck in a loop or repeatedly visiting the same states without making progress towards the goal. This can happen if the learned policy does not effectively differentiate between beneficial and non-beneficial actions.

### Recommendations:

1. **Policy Improvement**:
   - Evaluate the learned policy to ensure it effectively guides the agent towards the goal. Consider using more advanced algorithms if the current policy is insufficient.

2. **Reward Shaping**:
   - Introduce intermediate rewards for making progress towards the goal state to encourage the agent to move in the right direction.

3. **Exploration Strategies**:
   - Adjust the exploration strategy to ensure the agent explores more efficiently. Techniques such as epsilon-greedy with decay or using an exploration bonus for visiting new states might help.

4. **Algorithm Consideration**:
   - If the current algorithm is not yielding satisfactory results, consider switching to a more robust one, such as Q-learning with function approximation or deep reinforcement learning techniques like DQN.

5. **Further Training**:
   - Continue training the agent for more episodes to allow it more time to learn an effective policy. Ensure that the training process includes sufficient exploration and exploitation balance.

6. **Visualize Trajectories**:
   - Visualize the agent's trajectories to understand better where it is getting stuck and adjust the policy or reward structure accordingly.

By implementing these strategies, the agent's performance in navigating the FrozenLake environment can be improved, increasing the likelihood of successfully reaching the goal state in future episodes.","To improve the agent's effectiveness in the FrozenLake environment, we need to consider a balance between exploration and exploitation. Given that the agent did not reach the goal in the last episode, it's crucial to ensure that the agent explores the environment adequately while also exploiting known good actions.

A common approach is to use an epsilon-greedy strategy, where with probability epsilon, the agent explores by choosing a random action, and with probability (1 - epsilon), it exploits by choosing the best-known action. Since this is the final episode and the agent hasn't reached the goal, we should lean slightly more towards exploration to discover potentially better paths.

Let's assume a moderate exploration rate, such as epsilon = 0.3. This means there's a 30% chance of exploring and a 70% chance of exploiting. If we don't have a clear policy indicating which action is best in each state, we can distribute the exploitation probability evenly among all actions, given the lack of clear guidance from the previous performance.

Here's how the distribution might look:

- Exploration (random choice): 0.3 probability distributed equally among all actions.
- Exploitation (best action): 0.7 probability, but since we don't have a clear best action from the previous episode, distribute this evenly.

Therefore, each action will have:

- Exploration contribution: 0.3 / 4 = 0.075
- Exploitation contribution (even distribution due to lack of clear best action): 0.7 / 4 = 0.175

Combining these, the probability for each action will be:

- Total probability per action: 0.075 (exploration) + 0.175 (exploitation) = 0.25

Thus, the probability distribution for the actions will be:

```python
{0: 0.25, 1: 0.25, 2: 0.25, 3: 0.25}
```

This distribution reflects a balanced approach, encouraging exploration while equally considering all actions due to the absence of a clear policy from past episodes. As training progresses and more data is gathered, these probabilities can be adjusted to favor actions that lead more directly to the goal."
6,0.0,0.0,0.97624,0.05323362722992897,N/A,N/A
7,0.0,0.0,0.97228,0.04214338958263397,N/A,N/A
8,0.0,0.0,0.96832,0.035117682069540024,N/A,N/A
9,0.0,0.0,0.96436,0.03538242354989052,N/A,N/A
10,0.0,0.0,0.9604,0.02913237363100052,"In the last episode of the training process on the FrozenLake-v1 environment, the agent received a total reward of 0.0. This indicates that the agent did not successfully reach the goal state (state 15) during this episode. The action sequence extracted at intervals is [2, 1], which corresponds to the agent attempting to move RIGHT (action 2) and then DOWN (action 1).

### Analysis:

1. **Action Sequence Insight**:
   - The action sequence [2, 1] suggests that the agent attempted to move right and then down. Depending on the starting position, this sequence could lead the agent into a hole or to a non-terminal state that doesn't contribute to reaching the goal. For example, if the agent started at position 0 (the top-left corner), moving right and then down would place the agent at position 5, which is neither the goal nor a hole, but it also does not progress towards the goal effectively.

2. **Reward Outcome**:
   - A total reward of 0.0 indicates that the agent did not reach the goal state, and it may have either ended up in a hole or failed to make significant progress towards the goal before the episode ended. This could be due to suboptimal exploration, poor policy decisions, or insufficient learning.

3. **Possible Issues**:
   - **Exploration vs. Exploitation**: The agent may not be exploring the environment effectively, possibly due to a high exploitation rate. This can result in the agent not discovering the optimal path to the goal.
   - **Learning Rate and Discount Factor**: If these parameters are not set optimally, the agent might not learn effectively from its experiences.
   - **Policy**: The agent's current policy might not be optimal. It may not be prioritizing actions that lead towards the goal efficiently.

### Strategy Recommendations:

1. **Enhance Exploration**:
   - Implement strategies like epsilon-greedy with a decaying epsilon to ensure a balance between exploration and exploitation. This will help the agent explore more of the state space initially and gradually focus on exploiting known strategies.

2. **Parameter Tuning**:
   - Re-evaluate the learning rate and discount factor. A higher learning rate can help the agent learn faster, while a well-calibrated discount factor ensures future rewards are valued appropriately.

3. **Policy Improvement**:
   - Consider employing more sophisticated policy improvement techniques such as Q-learning with function approximation or deep Q-networks if the state-action space is large.
   - Implement reward shaping to provide intermediate rewards for reaching certain states, encouraging the agent to move towards the goal.

4. **Environment Analysis**:
   - Analyze the specific locations of holes and adjust the agent’s strategy to avoid them. This can be achieved through learning from failed episodes and updating the policy to avoid states that lead to holes.

5. **Episode Analysis**:
   - Review past episodes to identify patterns or common pitfalls that lead to suboptimal performance. Use this information to refine the agent’s decision-making process.

By addressing these areas, the agent’s performance in the FrozenLake-v1 environment can be improved, increasing the likelihood of successfully reaching the goal state and achieving a higher total reward in future episodes.","To improve the agent's performance on the FrozenLake-v1 environment, it's crucial to balance exploration and exploitation effectively. Given the agent's previous failure to reach the goal state, we should focus on enhancing exploration initially. An epsilon-greedy strategy with a decaying epsilon is suitable here, where a higher probability is given to exploration at the start, gradually shifting towards exploitation as the agent learns more about the environment.

For the next episode, we can start with an exploration-heavy approach, perhaps with an epsilon value of around 0.8. This means there is an 80% chance of exploring (choosing a random action) and a 20% chance of exploiting (choosing the best-known action). Since the action sequence [2, 1] did not lead to success, we should encourage exploration of other actions as well.

Given the four possible actions (LEFT, DOWN, RIGHT, UP), an initial distribution that favors exploration might look like this:

```python
{
    0: 0.25,  # LEFT
    1: 0.25,  # DOWN
    2: 0.25,  # RIGHT
    3: 0.25   # UP
}
```

This uniform distribution encourages the agent to explore all possible actions equally. As the agent learns which actions are more beneficial, the distribution can be adjusted to favor those actions. Over time, as the agent identifies the optimal policy, the exploration rate (epsilon) can be decayed, shifting the probabilities towards exploitation of the best-known actions."
11,0.0,0.0,0.95644,0.020614150911569595,N/A,N/A
12,0.0,0.0,0.95248,0.00993789080530405,N/A,N/A
13,0.0,0.0,0.94852,0.003716212697327137,N/A,N/A
14,0.0,0.0,0.94456,0.002450003055855632,N/A,N/A
15,0.0,0.0,0.9406,0.01551079098135233,"In the last episode of the training process for the FrozenLake-v1 environment, the agent's total reward was 0.0, indicating that it did not successfully reach the goal state (state 15) and likely fell into a hole or ran out of steps before reaching the goal. The sequence of actions taken by the agent was [1, 3, 0, 0, 2, 2, 0, 0, 1, 3, 1, 0, 1, 0, 0, 0, 0, 2, 1, 0], which translates to the following movements: DOWN, UP, LEFT, LEFT, RIGHT, RIGHT, LEFT, LEFT, DOWN, UP, DOWN, LEFT, DOWN, LEFT, LEFT, LEFT, LEFT, RIGHT, DOWN, LEFT.

### Analysis:

1. **Action Sequence Analysis**:
   - The sequence shows a lack of a clear strategy or direction towards reaching the goal. The agent seems to be oscillating between directions, such as moving down then up, or moving left multiple times without a strategic reason.
   - There are multiple instances of repeated actions (e.g., LEFT, LEFT, LEFT), which could indicate the agent is stuck in a loop or is exploring without a clear policy.

2. **Failure to Reach Goal**:
   - The agent's inability to reach the goal state and the total reward of 0.0 suggest that it either fell into a hole or did not reach the goal within the allowed number of steps.
   - Given the action sequence, it is possible that the agent fell into a hole as the environment's stochastic nature might have led it to unintended states.

3. **Exploration vs. Exploitation**:
   - The agent might be exploring too much without exploiting learned policies. The random-looking action sequence could be a result of high exploration parameters or insufficient learning.

### Recommendations:

1. **Policy Improvement**:
   - **Value Iteration or Policy Iteration**: Consider using these methods to improve the policy. They can help the agent learn the value of each state and action more effectively, guiding it towards the goal with higher probability.
   - **Q-Learning or SARSA**: Implement or adjust these algorithms if not already in use. Ensure that the learning rate and discount factor are set appropriately to balance learning new information and utilizing known information.

2. **Exploration Strategy**:
   - **Epsilon-Greedy Strategy**: If using this strategy, consider reducing the epsilon value over time to allow more exploitation of learned policies as training progresses.
   - **Boltzmann Exploration**: Alternatively, this method can help balance exploration and exploitation by choosing actions based on a probability distribution.

3. **State Representation**:
   - Ensure that the state representation effectively captures the environment's dynamics. Consider using additional state features if the current representation is too sparse.

4. **Environment Understanding**:
   - Conduct further analysis of the environment's dynamics, especially around the holes, to understand common pitfalls and adjust the policy accordingly.

5. **Training Duration**:
   - Increase the number of training episodes to allow the agent more time to learn the optimal policy. Monitor the learning curve to ensure that the agent is improving over time.

By implementing these strategies, the agent can improve its performance and increase its chances of successfully navigating the FrozenLake environment to reach the goal state.","To improve the agent's performance in the FrozenLake environment, we need to adjust the action exploration strategy to better balance exploration and exploitation. Given the previous episode's analysis, it appears that the agent is exploring too randomly without leveraging any learned policy. To address this, we can employ an epsilon-greedy strategy where the agent predominantly exploits the best-known actions but still explores with a small probability to discover potentially better actions.

Assuming that the agent has some initial learning or value estimates but needs to refine its policy further, we can set a moderate epsilon value. For example, let's choose an epsilon of 0.2. This means the agent will explore a random action 20% of the time and exploit the best-known action 80% of the time.

Here's how we can distribute the probabilities for the actions:

- **Exploitation (best action):** 80% probability
- **Exploration (other actions):** 20% probability distributed equally among the remaining actions

Assuming the agent has identified one action as the best based on its current policy, we assign 80% probability to that action. The remaining 20% is distributed equally among the other three actions.

For simplicity, let's assume the agent currently considers action 2 (RIGHT) as the best action based on its policy. The distribution would be:

- Action 2 (RIGHT): 0.8 probability
- Other actions (LEFT, DOWN, UP): 0.2 probability distributed equally

Thus, the probability distribution would be:

- 0: LEFT - 0.0667 (approximately 0.2/3)
- 1: DOWN - 0.0667 (approximately 0.2/3)
- 2: RIGHT - 0.8
- 3: UP - 0.0667 (approximately 0.2/3)

Here's the output in the required format:

```python
{0: 0.0667, 1: 0.0667, 2: 0.8, 3: 0.0667}
```

This distribution ensures the agent is more likely to exploit the best-known action while still maintaining a reasonable level of exploration to improve its policy over time. Adjustments to the epsilon value and best action choice should be made based on ongoing learning and performance evaluation."
16,0.0,0.0,0.93664,0.0030736865010112524,N/A,N/A
17,0.0,0.0,0.93268,0.008165600709617138,N/A,N/A
18,0.0,0.0,0.92872,0.0005232145194895566,N/A,N/A
19,0.0,0.0,0.92476,0.0004995954222977161,N/A,N/A
20,0.0,0.0,0.9208,0.00024989296798594296,"In the last episode of the training process on the FrozenLake-v1 environment, the agent achieved a total reward of 0.0, indicating that it did not successfully reach the goal state (state 15) during this episode. The recorded action sequence, taken at intervals, was [2, 2, 2, 2, 2, 1], which corresponds to the agent attempting to move RIGHT five times and then DOWN once.

### Analysis:

1. **Action Sequence**: The sequence suggests that the agent primarily attempted to move RIGHT across the grid. Given the 4x4 grid layout, starting from the initial position (state 0), moving RIGHT five times sequentially is likely to result in the agent reaching the rightmost column of the grid. However, since the grid is only 4 columns wide, the agent would hit the boundary (state 3) and remain there until it changes direction.

2. **Final DOWN Action**: The last action in the sequence is DOWN, which might have moved the agent from the top row to the second row. However, without knowing the starting state of the agent for this episode, it is unclear if this DOWN move was beneficial or led to a hole.

3. **Zero Reward**: The total reward of 0.0 suggests that the agent either fell into a hole or did not reach the goal state within the episode's time limit. This indicates that the agent's policy or strategy is not yet optimal or robust enough to consistently find a path to the goal.

### Possible Strategy Recommendations:

1. **Exploration vs. Exploitation**: The agent might benefit from adjusting its exploration strategy. If the agent is overly exploiting known paths, it may not be exploring enough to discover new, potentially successful paths to the goal. Implementing strategies like epsilon-greedy with a decaying epsilon or using methods like Upper Confidence Bound (UCB) could help balance exploration and exploitation.

2. **Reward Shaping**: Consider implementing reward shaping to guide the agent more effectively toward the goal. Intermediate rewards for reaching certain states or penalties for moving towards holes may encourage more strategic exploration.

3. **State Value Estimation**: The agent may need to improve its state value estimation. Techniques like Q-learning or SARSA could be refined, perhaps by adjusting learning rates or incorporating eligibility traces to better propagate the value of reaching the goal state back through the state-action space.

4. **Policy Improvement**: If using a policy-based method, consider enhancing the policy network. Techniques such as policy gradient methods could be employed to improve the likelihood of selecting actions that lead toward the goal.

5. **Environmental Awareness**: The agent might benefit from more sophisticated environmental awareness. Implementing a model-based approach where the agent builds an internal model of the environment could help it predict the outcomes of actions more accurately.

By addressing these areas, the agent may improve its ability to consistently navigate the FrozenLake environment and achieve the goal state successfully.","To improve the agent's performance in the FrozenLake-v1 environment, we need to adjust the action selection strategy to encourage more effective exploration while still allowing for exploitation of known successful strategies. Given the previous episode's action sequence and outcome, the agent seems to be overly focused on moving RIGHT, which suggests an imbalance in its exploration strategy.

A common approach to balancing exploration and exploitation in reinforcement learning is the epsilon-greedy strategy, where the agent selects a random action with probability epsilon and the best-known action with probability 1-epsilon. To encourage more exploration, we can assign a higher probability to actions that were less frequently chosen in the previous episode.

Based on the analysis of the previous episode, a possible distribution for the next episode might prioritize exploration of other actions while still allowing some preference for RIGHT, given that it could be part of a successful strategy if executed correctly. Here's a suggested probability distribution for the actions:

- Assign a lower probability to the RIGHT action since it was overused in the previous episode.
- Increase the probability of exploring other actions, particularly DOWN, as it could potentially lead to the goal state if executed from the correct position.
- Ensure that LEFT and UP have a non-zero probability to allow exploration of alternative paths.

A reasonable distribution could be:

```python
{0: 0.25, 1: 0.35, 2: 0.20, 3: 0.20}
```

Here, the probabilities are distributed to encourage exploration of different actions, with a slight preference for DOWN to test its effectiveness in reaching the goal. This distribution assumes an epsilon-greedy style of exploration where epsilon is relatively high to promote exploration. Adjustments can be made based on further observations and results from additional episodes."
21,0.0,0.0,0.91684,0.0035669738426804543,N/A,N/A
22,0.0,0.0,0.91288,0.005817806348204613,N/A,N/A
23,0.0,0.0,0.90892,0.00013736204709857702,N/A,N/A
24,0.0,0.0,0.90496,0.0002375886688241735,N/A,N/A
25,0.0,0.0,0.901,6.747893348801881e-05,"In the last episode of the training process on the FrozenLake-v1 environment, the agent received a total reward of 0.0. This indicates that the agent did not successfully reach the goal state (state 15) during this episode. The action sequence extracted at intervals was [0, 1, 1, 3, 2], corresponding to the actions LEFT, DOWN, DOWN, UP, and RIGHT.

### Analysis:

1. **Initial and Final State**: Since the episode ended with a reward of 0.0, the agent did not reach the goal state (15). This suggests that the agent either fell into a hole or did not reach the goal within the allowed number of steps.

2. **Action Sequence**: 
   - **LEFT (0)**: The first action suggests that the agent moved left. If the agent started from the initial position (state 0), this action would have no effect as it would remain in the same position.
   - **DOWN (1), DOWN (1)**: The next two actions indicate that the agent moved down twice, which would take it from the top row to the third row if it started from the initial position.
   - **UP (3)**: The agent then moved up, which might indicate backtracking or an attempt to avoid a hole.
   - **RIGHT (2)**: Finally, the agent moved right, which might have been an attempt to progress towards the goal.

3. **Potential Issues**:
   - **Exploration vs. Exploitation**: The action sequence suggests that the agent might be exploring the environment but not effectively exploiting knowledge of the map to reach the goal.
   - **Holes**: The agent might have fallen into a hole, which would end the episode prematurely without reaching the goal.
   - **Inefficient Pathfinding**: The sequence of actions indicates potential inefficiencies in pathfinding, as the agent seems to backtrack or make suboptimal moves.

### Recommendations:

1. **Improve Exploration Strategy**: Consider implementing or fine-tuning exploration strategies such as epsilon-greedy, where the agent occasionally takes random actions to explore the environment better and learn the layout of holes and safe paths.

2. **Value Function Update**: Ensure that the value function or Q-values are being updated correctly. This can be done by verifying the learning algorithm parameters, such as learning rate and discount factor, to ensure they are conducive to learning the optimal policy.

3. **Incorporate Reward Shaping**: Introduce intermediate rewards for reaching certain states or making progress towards the goal. This can help guide the agent more effectively towards the goal state.

4. **Increase Episode Length**: If the environment allows, extend the maximum number of steps per episode to give the agent more opportunities to reach the goal before the episode ends.

5. **Analyze State Transitions**: Review the state transitions and ensure that the agent is correctly interpreting the results of its actions, especially in relation to holes and boundaries.

By implementing these strategies, the agent may improve its ability to navigate the FrozenLake environment and increase the likelihood of reaching the goal state in future episodes.","To improve the agent's performance in the FrozenLake-v1 environment, we need to balance exploration and exploitation effectively. Given the agent's previous episode performance and action sequence, it appears that the agent may not be exploring the environment efficiently or exploiting known information effectively.

An effective strategy would be to use an epsilon-greedy approach for action selection. In this strategy, the agent chooses the best-known action with probability \(1 - \epsilon\) and explores randomly with probability \(\epsilon\). This can help the agent discover better paths while still leveraging learned knowledge.

For this task, let's assume an epsilon value of 0.1, which is a common choice to ensure a good balance between exploration and exploitation. This means that 10% of the time, the agent will take a random action, and 90% of the time, it will choose the action with the highest estimated value.

Given that we do not have specific Q-values or a policy indicating which action is currently considered best, we will distribute the exploration probability equally among all actions. Here's how the probability distribution for actions could be structured:

- With \(\epsilon = 0.1\), the exploration probability is 0.1, distributed equally among all four actions.
- The exploitation probability is 0.9, assumed to be distributed towards the currently best action. Without specific Q-values, we'll assume an equal distribution for simplicity.

Thus, the distribution could be:

```python
{0: 0.25, 1: 0.25, 2: 0.25, 3: 0.25}
```

This distribution assumes equal probability for each action, which is the simplest form of exploration. If more information about the Q-values or a preferred action is available, the exploitation probability should be adjusted accordingly to favor the best action."
26,0.0,0.0,0.8970400000000001,0.00020625964680220932,N/A,N/A
27,0.0,0.0,0.89308,0.0004132488975301385,N/A,N/A
28,0.0,0.0,0.88912,0.00045354533358477056,N/A,N/A
29,0.0,0.0,0.88516,0.00036931256181560457,N/A,N/A
30,0.0,0.0,0.8812,0.0002675008145160973,"In the last episode of training on the FrozenLake-v1 environment, the agent received a total reward of 0.0. This indicates that the agent did not successfully reach the goal state (state 15) during this episode. The extracted action sequence at intervals was [1, 0, 2], which corresponds to the actions DOWN, LEFT, and RIGHT.

### Analysis:

1. **Action Sequence:**
   - The sequence of actions taken by the agent was DOWN, LEFT, and RIGHT. This suggests that the agent likely started from the initial position (state 0) and moved downwards to the second row, then moved left, and finally moved right. 

2. **Failure to Reach the Goal:**
   - Since the total reward was 0.0, the agent did not reach the goal state. This could be due to several reasons:
     - The agent might have fallen into a hole, which ends the episode prematurely.
     - The agent might have been stuck in a loop or taking suboptimal actions that did not lead it towards the goal.
     - The exploration strategy might not be sufficiently encouraging the agent to explore new or previously unsuccessful paths.

3. **Potential Issues:**
   - The agent may not have learned an effective policy for navigating the grid, possibly due to insufficient exploration or an ineffective reward signal.
   - The action sequence suggests a lack of clear direction towards the goal, which might indicate that the agent's policy is not well-optimized.

### Strategy Recommendations:

1. **Exploration Strategy:**
   - Increase exploration by adjusting the exploration-exploitation balance (e.g., using an epsilon-greedy strategy with a higher epsilon value initially) to ensure the agent explores a wider range of states and actions.
   - Consider using strategies like Boltzmann exploration or Upper Confidence Bound (UCB) to encourage more diverse exploration.

2. **Reward Shaping:**
   - Introduce intermediate rewards to guide the agent towards the goal. For example, providing small positive rewards for moving closer to the goal state or negative rewards for falling into holes can help the agent learn more effectively.

3. **Policy Optimization:**
   - Evaluate and potentially adjust the learning algorithm parameters, such as learning rate or discount factor, to ensure effective policy learning.
   - Consider using more advanced algorithms, such as Q-learning with function approximation (e.g., Deep Q-Networks) or policy gradient methods, if the current approach is not yielding improvements.

4. **Environment Understanding:**
   - Ensure the agent has an adequate representation of the environment. If the agent is not aware of the holes, incorporating a mechanism to recognize and avoid them could improve performance.

5. **Training Duration:**
   - Increase the number of training episodes to allow the agent more opportunities to learn from its interactions with the environment.

By implementing these strategies, the agent may improve its ability to navigate the FrozenLake environment and successfully reach the goal state more consistently.","To improve the agent's performance in the FrozenLake environment, we need to adjust the exploration strategy to ensure the agent explores more effectively. Given the previous episode's outcome and the need for better exploration, we can use an epsilon-greedy strategy with a higher epsilon value. This will allow the agent to explore more actions randomly, which is crucial for discovering effective paths to the goal.

Let's assume we decide on an epsilon value of 0.3 for the next episode. This means that with a probability of 0.3, the agent will choose actions randomly (exploration), and with a probability of 0.7, it will choose the action that it currently believes to be the best (exploitation).

For the exploration part, we distribute the probability equally among all actions. Since there are four actions (LEFT, DOWN, RIGHT, UP), each action will have a probability of 0.25 during exploration.

The overall probability distribution for each action will be a combination of exploration and exploitation probabilities. Assuming that the agent currently has no strong preference for any particular action (since the policy is not yet optimized), we can distribute the exploitation probability equally among all actions as well.

Here's how we can calculate the probabilities:

- Exploration probability for each action: 0.3 * 0.25 = 0.075
- Exploitation probability for each action: 0.7 * 0.25 = 0.175

Total probability for each action:
- LEFT (0): 0.075 (exploration) + 0.175 (exploitation) = 0.25
- DOWN (1): 0.075 (exploration) + 0.175 (exploitation) = 0.25
- RIGHT (2): 0.075 (exploration) + 0.175 (exploitation) = 0.25
- UP (3): 0.075 (exploration) + 0.175 (exploitation) = 0.25

Thus, the probability distribution for the actions in the next episode should be:

```json
{
  0: 0.25,
  1: 0.25,
  2: 0.25,
  3: 0.25
}
```

This distribution reflects a balanced approach, allowing the agent to explore all actions equally while still maintaining a level of exploitation. As the agent learns and updates its policy, this distribution can be adjusted to favor more promising actions."
31,0.0,0.0,0.87724,0.00010585814015939832,N/A,N/A
32,0.0,0.0,0.8732800000000001,6.19566417299211e-05,N/A,N/A
33,0.0,0.0,0.86932,5.6430708355037495e-05,N/A,N/A
34,0.0,0.0,0.86536,0.00011979748524026945,N/A,N/A
35,0.0,0.0,0.8613999999999999,9.323340782430023e-05,"In the final episode of the training process on the FrozenLake-v1 task, the agent received a total reward of 0.0. This indicates that the agent did not successfully reach the goal state (state 15) and potentially fell into one of the holes on the map or simply failed to reach the goal within the episode's time limit.

### Analysis of the Action Sequence:
The action sequence provided is: [0, 0, 0, 0, 3, 2, 2, 0, 3, 3, 0, 3, 3, 1, 2].

1. **Initial Moves**: The sequence starts with four consecutive 'LEFT' moves (action 0). If the agent starts at the initial position (state 0), these moves would likely keep the agent in the same position, given that the agent is already at the leftmost boundary of the grid.

2. **Subsequent Moves**: The agent then attempts to move 'UP' (action 3), followed by 'RIGHT' (action 2) twice. Since the agent is at the top row initially, moving 'UP' would have no effect, and moving 'RIGHT' may move the agent to state 1 or further right, depending on its position after the initial moves.

3. **Middle of the Sequence**: The sequence continues with a mix of 'LEFT', 'UP', and 'DOWN' moves. This suggests the agent may be moving back and forth without a clear strategy to reach the goal.

4. **Final Moves**: The sequence ends with 'DOWN' (action 1) and 'RIGHT' (action 2). Depending on the agent's position, this could either lead the agent towards the goal or potentially into a hole, resulting in the episode ending with a reward of 0.

### Possible Issues:
- **Exploration vs. Exploitation**: The agent may not have adequately explored the environment to learn the optimal path to the goal.
- **Policy Ineffectiveness**: The policy guiding the agent's decisions might not be effective, possibly due to insufficient training or suboptimal hyperparameters.
- **State Representation**: The agent might not be effectively utilizing the state information to make informed decisions.

### Strategy Recommendations:
1. **Enhance Exploration**: Consider increasing exploration by using strategies like epsilon-greedy with a higher epsilon value to encourage the agent to explore more states and actions.

2. **Reward Shaping**: Introduce intermediate rewards for reaching certain states closer to the goal to guide the agent more effectively.

3. **Algorithm Tuning**: Review and adjust hyperparameters such as learning rate, discount factor, and exploration rate to improve learning efficiency.

4. **Environment Familiarization**: Encourage the agent to explore the environment thoroughly by extending the episode length or allowing more training episodes.

5. **State-Action Value Updates**: Ensure that the agent's Q-value updates are consistent and effectively guide the agent towards the goal.

6. **Policy Review**: Evaluate the learned policy to identify any patterns or strategies that may be leading to suboptimal behavior and adjust the learning algorithm accordingly.

By implementing these strategies, the agent's performance in reaching the goal state should improve, potentially leading to successful episodes with a total reward of +1.","To improve the agent's effectiveness in the FrozenLake environment, it's important to adjust the action selection strategy to balance exploration and exploitation. Given the agent's recent performance and the need to explore more effectively, we can use an epsilon-greedy strategy to encourage exploration. 

In an epsilon-greedy policy, the agent selects a random action with probability epsilon and the best-known action with probability 1-epsilon. To improve exploration, we can start with a relatively high epsilon value and gradually decrease it as the agent learns more about the environment. 

For the next episode, let's consider an epsilon value of 0.2. This means the agent will explore by selecting a random action 20% of the time and exploit the best-known action 80% of the time. Assuming the agent does not yet have a strong preference for any particular action due to its previous performance, we can distribute the exploration probability equally among all actions.

Here's how the action probabilities would be distributed:

- With probability 0.8, the agent will choose the best-known action. Since we don't have information on the best-known action, we'll assume a uniform distribution among all actions for this example.
- With probability 0.2, the agent will explore by choosing any action randomly.

This results in the following action distribution:

```python
{
    0: 0.25 * 0.8 + 0.05,  # 0.25 of exploitation probability + 0.05 of exploration probability
    1: 0.25 * 0.8 + 0.05,  # 0.25 of exploitation probability + 0.05 of exploration probability
    2: 0.25 * 0.8 + 0.05,  # 0.25 of exploitation probability + 0.05 of exploration probability
    3: 0.25 * 0.8 + 0.05   # 0.25 of exploitation probability + 0.05 of exploration probability
}
```

This simplifies to:

```python
{
    0: 0.25,
    1: 0.25,
    2: 0.25,
    3: 0.25
}
```

This uniform distribution reflects the current lack of preference for any particular action due to insufficient data on the best action. As the agent learns and updates its Q-values or policy, this distribution should be adjusted to reflect the agent's increasing knowledge of the optimal actions."
36,0.0,0.0,0.85744,0.00019111932488158345,N/A,N/A
37,0.0,0.0,0.85348,0.00010992450552294031,N/A,N/A
38,0.0,0.0,0.84952,8.571620855946094e-05,N/A,N/A
39,0.0,0.0,0.84556,8.648570656077936e-05,N/A,N/A
40,0.0,0.0,0.8416,0.003529922803863883,"In the last episode of training on the FrozenLake-v1 environment, the agent failed to reach the goal state (state 15), as indicated by the total reward of 0.0. This suggests that the agent either fell into a hole or did not reach the goal within the episode's time limit. Let's analyze the action sequence and provide some insights and recommendations for improvement.

### Action Sequence Analysis
The action sequence extracted at intervals is: [1, 0, 3, 0, 0, 1, 0, 1, 3, 1, 0, 0, 2, 2, 0, 1, 1, 0]. Let's break this down:

1. **Initial Moves**: The sequence starts with actions [1, 0, 3, 0, 0], which translates to DOWN, LEFT, UP, LEFT, LEFT. This suggests some back-and-forth movement, indicating that the agent might be exploring or is indecisive about the direction.

2. **Mid Sequence**: The actions [1, 0, 1] (DOWN, LEFT, DOWN) suggest the agent is trying to move downward, but the LEFT action indicates possible confusion or misalignment with the goal.

3. **Later Moves**: The sequence [3, 1, 0, 0, 2, 2, 0] (UP, DOWN, LEFT, LEFT, RIGHT, RIGHT, LEFT) shows more back-and-forth movement, which may indicate the agent is stuck in a loop or revisiting states.

4. **Final Moves**: The final actions [1, 1, 0] (DOWN, DOWN, LEFT) suggest the agent is still trying to navigate the grid but without a clear strategy to reach the goal.

### Possible Issues
- **Exploration vs. Exploitation**: The agent may not have adequately balanced exploration and exploitation, leading to repetitive or suboptimal actions.
- **State Value Understanding**: The agent might not have a strong understanding of the value of each state, causing inefficient navigation and decision-making.
- **Policy Optimization**: The policy guiding the agent's actions may not be well-optimized, resulting in non-goal-directed behavior.

### Recommendations for Improvement
1. **Enhance Exploration Strategy**: Implement techniques like epsilon-greedy with decay or use more sophisticated exploration strategies such as Upper Confidence Bound (UCB) or Thompson Sampling.

2. **Improve Reward Structure**: Introduce intermediate rewards for reaching certain states or for making progress towards the goal to encourage more goal-directed behavior.

3. **State Representation**: Consider enhancing the state representation to include more information about the environment, such as proximity to the goal or holes.

4. **Algorithm Tuning**: Adjust hyperparameters of the learning algorithm, such as learning rate, discount factor, and exploration parameters, to better suit the environment.

5. **Model Architecture**: If using function approximation (e.g., neural networks), consider experimenting with different architectures or training techniques to improve learning efficiency.

6. **Increased Training Episodes**: Allow more training episodes to give the agent more opportunities to learn and refine its policy.

By addressing these areas, the agent can improve its ability to navigate the FrozenLake environment successfully and reach the goal state more consistently.","To improve the agent's effectiveness in navigating the FrozenLake environment, we should focus on balancing exploration and exploitation. Given the analysis of the previous episode, it seems the agent is struggling with indecision and possibly getting stuck in loops. A common approach is to use an epsilon-greedy strategy where the agent primarily exploits the best-known actions but still occasionally explores other actions to gather more information.

In this scenario, I recommend using a slightly higher exploration rate to encourage the agent to explore more diverse paths and potentially discover more optimal routes to the goal. We can start with an epsilon value of 0.2, meaning the agent will explore 20% of the time and exploit 80% of the time. This translates to:

- With probability 0.8, choose the best-known action (exploitation).
- With probability 0.2, choose a random action (exploration).

Assuming the agent currently has no strong preference for any particular action due to the lack of success, we can distribute the exploration probability equally among all actions.

Here's how the probability distribution could look:

- Exploit the best-known action: 0.8 (distributed among actions based on current policy or value estimates)
- Explore randomly: 0.2 / 4 = 0.05 for each action

Since we don't have specific value estimates for each action, we'll assume an equal probability for exploration. Thus, the distribution might look like this:

```python
{0: 0.25, 1: 0.25, 2: 0.25, 3: 0.25}
```

This distribution indicates that, in the absence of a clear policy, the agent should explore all actions equally. However, if there are any known preferences or value estimates, the 0.8 probability for exploitation should be distributed according to those preferences, with the remaining 0.2 distributed equally for exploration."
41,0.0,0.0,0.8376399999999999,9.015641990117729e-05,N/A,N/A
42,0.0,0.0,0.83368,3.0089848223724402e-05,N/A,N/A
43,0.0,0.0,0.82972,0.00012096904538339004,N/A,N/A
44,0.0,0.0,0.82576,0.000123556237667799,N/A,N/A
45,0.0,0.0,0.8218,0.000151365646161139,"In the last episode of training on the FrozenLake-v1 environment, the agent received a total reward of 0.0, indicating that it did not successfully reach the goal state (state 15) and likely fell into one of the holes or ended up in a non-terminal state without reaching the goal. The action sequence extracted at intervals was [1, 1, 0, 2, 2, 2], which corresponds to the actions: DOWN, DOWN, LEFT, RIGHT, RIGHT, RIGHT.

### Analysis:

1. **Initial Moves (DOWN, DOWN):**
   - Starting from the initial state (state 0), the agent moved down twice, likely transitioning from state 0 to state 4, then to state 8. This suggests the agent is trying to navigate towards the lower rows of the grid.

2. **Middle Move (LEFT):**
   - After reaching state 8, the agent moved left, which would take it to state 7. This move might indicate an attempt to explore or correct its path, but it likely moved away from the goal state.

3. **Final Moves (RIGHT, RIGHT, RIGHT):**
   - The subsequent moves to the right would take the agent from state 7 to state 8, then to state 9, and finally to state 10. However, without further context, it is unclear if these moves led the agent into a hole or simply away from the goal.

### Possible Reasons for Failure:

- **Suboptimal Policy:** The agent's policy might not be optimized to avoid holes or efficiently navigate towards the goal.
- **Exploration vs. Exploitation:** The agent might be exploring too much or too little, leading it to suboptimal paths.
- **Inadequate State Representation:** If the agent struggles to differentiate between safe paths and holes, it might frequently end up in holes.

### Strategy Recommendations:

1. **Improve Exploration Strategy:**
   - Consider using an epsilon-greedy strategy with a decaying epsilon to balance exploration and exploitation better. This approach allows the agent to explore the environment initially and then exploit learned policies as training progresses.

2. **Enhance Reward Structure:**
   - Implement a small negative reward for falling into holes to discourage the agent from visiting them. This could help the agent learn to avoid these states more effectively.

3. **Policy Optimization:**
   - Use advanced policy optimization techniques like Q-learning or SARSA with function approximation to help the agent learn more effective policies. Incorporating experience replay can also help the agent learn from past experiences.

4. **Environment Modeling:**
   - If feasible, implement a model-based approach where the agent learns a model of the environment and uses it to plan its actions. This could help the agent predict the outcomes of its actions more accurately.

5. **State Representation:**
   - Consider using more sophisticated state representations, such as tile coding or neural networks, to help the agent better understand the environment's dynamics and avoid holes.

By addressing these areas, the agent's performance in the FrozenLake environment can be improved, increasing the likelihood of reaching the goal state successfully.","To improve the agent's effectiveness in navigating the FrozenLake environment, we need to adjust the action exploration strategy to better balance exploration and exploitation. Given the previous episode's failure to reach the goal, we should encourage exploration while still allowing for exploitation of promising paths.

One common approach is to use an epsilon-greedy strategy, where with probability epsilon, the agent selects a random action (exploration), and with probability 1-epsilon, it selects the best-known action (exploitation). Since the agent did not succeed in the last episode, we might want to set a relatively higher epsilon to encourage more exploration, but not too high to completely disregard learned behaviors.

For this scenario, let's assume an epsilon value of 0.3, which means there is a 30% chance of exploring and a 70% chance of exploiting the current policy. If we assume the current policy equally favors all actions due to lack of success, we can distribute the exploration probability equally among the actions. 

Here's how we can distribute the probabilities:

- Exploration probability (random action): 0.3 / 4 = 0.075 for each action
- Exploitation probability (best action): 0.7 / number of best actions

Assuming the agent currently has no clear best action due to equal failure, we'll distribute the exploitation probability equally among all actions as well. Therefore:

- Total probability for each action = exploration probability + exploitation probability
- Total probability for each action = 0.075 + (0.7 / 4) = 0.075 + 0.175 = 0.25

Thus, the probability distribution for the 4 actions (LEFT, DOWN, RIGHT, UP) in the next episode is:

```python
{0: 0.25, 1: 0.25, 2: 0.25, 3: 0.25}
```

This distribution encourages exploration while maintaining some level of exploitation, allowing the agent to potentially discover more effective paths in the FrozenLake environment."
46,0.0,0.0,0.81784,0.00039144675247371197,N/A,N/A
47,0.0,0.0,0.8138799999999999,0.00022189209994394332,N/A,N/A
48,0.0,0.0,0.80992,0.00013008949463255703,N/A,N/A
49,0.0,0.0,0.80596,0.00018237935728393495,N/A,N/A
50,0.0,0.0,0.802,3.778472091653384e-05,"In the last episode of training on the FrozenLake-v1 task, the agent received a total reward of 0.0, indicating that it did not successfully reach the goal state (15) to earn the +1 reward. The action sequence taken by the agent was [0, 1, 1, 2, 1, 2, 1, 3, 0, 0, 3, 0, 1, 2, 0, 0, 1]. Let's analyze this sequence and the possible reasons for the agent's failure, along with some strategy recommendations for improvement.

### Analysis of the Action Sequence:

1. **Initial Actions (0, 1, 1, 2):**
   - The agent starts with a LEFT move (0), followed by two DOWN moves (1), and then a RIGHT move (2). This suggests the agent might be initially moving towards the lower part of the grid, perhaps trying to navigate around obstacles or avoid holes.

2. **Middle Actions (1, 2, 1, 3, 0, 0, 3, 0):**
   - The agent continues with a DOWN move (1), a RIGHT move (2), and another DOWN move (1). However, the subsequent UP move (3) indicates a potential backtrack or correction.
   - The sequence of LEFT moves (0, 0) followed by an UP move (3) and another LEFT move (0) suggests the agent might be stuck in a loop or unsure about the optimal path.

3. **Final Actions (1, 2, 0, 0, 1):**
   - The agent attempts to move DOWN (1), then RIGHT (2), followed by two LEFT moves (0, 0), and finally another DOWN move (1). This pattern indicates a lack of a clear strategy to reach the goal, possibly resulting in falling into a hole or getting stuck in a non-progressive loop.

### Possible Reasons for Failure:

- **Lack of Exploration:**
  The agent may not be exploring the environment sufficiently to discover the optimal path to the goal state. It might be relying too heavily on previously learned suboptimal paths.

- **Suboptimal Policy:**
  The current policy might not be effective in navigating the grid, especially in avoiding holes and reaching the goal state efficiently.

- **Inadequate Learning:**
  The agent might not have learned enough about the environment's dynamics, such as the positions of holes, due to insufficient training episodes or exploration.

### Strategy Recommendations:

1. **Enhance Exploration:**
   - Implement strategies like epsilon-greedy with a decaying epsilon to ensure that the agent explores more during the initial episodes and gradually exploits the learned policy as training progresses.

2. **Improve Reward Structure:**
   - Consider adding intermediate rewards or penalties to guide the agent more effectively. For instance, penalizing moves that lead to holes or rewarding moves that get closer to the goal can help.

3. **Increase Training Episodes:**
   - Extend the number of training episodes to allow the agent more time to learn and refine its policy.

4. **Use Model-Based Approaches:**
   - Incorporate model-based reinforcement learning techniques to help the agent understand the environment's dynamics better and plan its actions accordingly.

5. **Fine-Tune Hyperparameters:**
   - Experiment with different learning rates, discount factors, and exploration strategies to find a combination that enhances learning efficiency.

By implementing these strategies, the agent's performance on the FrozenLake-v1 task can potentially improve, increasing its chances of successfully reaching the goal state.","To improve the task effectiveness for the FrozenLake-v1 environment, we need to ensure a balanced exploration of the action space while still allowing for exploitation of any learned policy. Given the analysis, it seems the agent may have been overly reliant on suboptimal paths or insufficiently exploring. A common strategy to address this is using an epsilon-greedy approach, where the agent selects random actions with probability epsilon (to explore) and the best-known action with probability 1-epsilon (to exploit).

Since the agent failed to reach the goal in the previous episode, we should emphasize exploration to help the agent discover better paths. Let's assume an epsilon value of 0.3 for exploration, meaning the agent will explore 30% of the time and exploit 70% of the time. Without a detailed policy to exploit, we can distribute the exploration probability evenly across all actions.

Here's a possible distribution for the next episode:

- Exploration (random action): 30% of the time
- Exploitation (best-known action): 70% of the time

Since we don't have specific information about the best action from the learned policy, we will distribute the exploration probability equally among all actions:

```python
{
    0: 0.075,  # LEFT
    1: 0.075,  # DOWN
    2: 0.075,  # RIGHT
    3: 0.075   # UP
}
```

This results in a distribution where each action has an equal probability of being selected during exploration. In practice, the exploitation probability would be concentrated on the action with the highest expected value, but since we are focusing on exploration, we distribute it evenly.

Thus, the distribution of action exploration for the next episode is:

```python
{
    0: 0.075,
    1: 0.075,
    2: 0.075,
    3: 0.075
}
```"
51,0.0,0.0,0.7980400000000001,0.0003310175961814821,N/A,N/A
52,0.0,0.0,0.79408,6.67862404952757e-05,N/A,N/A
53,0.0,0.0,0.79012,0.00011063858983106911,N/A,N/A
54,0.0,0.0,0.78616,0.0002675892028491944,N/A,N/A
55,0.0,0.0,0.7822,0.0004810960963368416,"In the last episode of the training process on the FrozenLake-v1 environment, the agent received a total reward of 0.0, indicating that it did not reach the goal state (state 15) and instead either fell into one of the holes or ended the episode without success. The action sequence extracted at intervals is [0, 2, 1], which corresponds to the agent attempting to move LEFT, RIGHT, and then DOWN.

### Analysis:
1. **Action Sequence**: 
   - The sequence [0, 2, 1] suggests that the agent first attempted to move LEFT, then RIGHT, and finally DOWN. This sequence might indicate indecisiveness or lack of a clear strategy, as moving LEFT and then RIGHT typically cancels out progress unless it is part of a deliberate path to avoid holes.
   
2. **Reward**:
   - Since the total reward is 0.0, the agent did not reach the goal state. This might be due to falling into a hole or getting stuck in a loop without making progress towards the goal.

3. **State Transitions**:
   - Without specific state information, it's challenging to pinpoint where the agent might have gone wrong. However, given the action sequence, it's plausible that the agent might have been near the start or in a loop, unable to effectively navigate towards the goal.

### Possible Strategy Recommendations:
1. **Improved Exploration**:
   - Encourage the agent to explore more of the state space by adjusting exploration parameters (e.g., epsilon in epsilon-greedy strategies) to ensure it discovers more effective paths to the goal.

2. **Reward Shaping**:
   - Introduce intermediate rewards for reaching certain states closer to the goal or for avoiding holes to guide the agent more effectively.

3. **State-Action Value Updates**:
   - Review the update mechanism for the state-action values (Q-values) to ensure that the agent is learning effectively from its experiences. This may involve tuning learning rate parameters or ensuring the agent is not overfitting to specific paths.

4. **Policy Improvement**:
   - Consider implementing a policy improvement strategy, such as policy iteration or actor-critic methods, to enhance the agent's decision-making process.

5. **Environment Understanding**:
   - Ensure that the agent has a clear understanding of the environment dynamics, particularly the locations of the holes and the goal, to avoid unnecessary risks.

By implementing these strategies, the agent's performance could improve in future episodes, increasing the likelihood of successfully reaching the goal state and achieving a higher total reward.","To improve the agent's performance in the FrozenLake-v1 environment, we need to adjust the action exploration strategy to encourage more effective exploration and learning. Given the previous episode's outcome and analysis, it's important to ensure the agent explores different actions while also exploiting known good actions. 

A common approach is to use an epsilon-greedy strategy, where the agent mostly exploits the best-known action but occasionally explores other actions. For this scenario, let's assume an epsilon value of 0.2, which means the agent will explore 20% of the time and exploit 80% of the time. The exploitation will focus on the best-known action, while exploration will be distributed among all actions.

Since we don't have specific Q-values or a learned policy from the previous episode, we'll assume a uniform distribution for exploration during this initial phase. This means that when the agent decides to explore, it will choose any action with equal probability.

Here's how we can distribute the action probabilities:

- **Exploitation (80% of the time)**: Assume the agent exploits the best-known action. Without specific Q-values, we can initially assume this is equally likely for all actions. However, for practical purposes, let's assume the agent has a slight preference for moving towards the goal (DOWN and RIGHT) due to their natural progression towards the goal state.

- **Exploration (20% of the time)**: Distribute equally among all actions.

Let's calculate the probabilities:

1. **Exploitation (80%)**: Assume a simple preference for DOWN (1) and RIGHT (2) due to their natural progression towards the goal. We can assign a higher probability to these actions during exploitation, such as:
   - DOWN (1): 0.4
   - RIGHT (2): 0.4
   - LEFT (0): 0.1
   - UP (3): 0.1

2. **Exploration (20%)**: Equally distributed among all actions:
   - Each action gets 0.05 (20% / 4 actions)

Combine exploitation and exploration:

- LEFT (0): 0.1 (exploitation) + 0.05 (exploration) = 0.15
- DOWN (1): 0.4 (exploitation) + 0.05 (exploration) = 0.45
- RIGHT (2): 0.4 (exploitation) + 0.05 (exploration) = 0.45
- UP (3): 0.1 (exploitation) + 0.05 (exploration) = 0.15

This results in the following probability distribution for the next episode:

```python
{0: 0.15, 1: 0.45, 2: 0.45, 3: 0.15}
```

This distribution encourages the agent to focus on actions that progress towards the goal while maintaining some level of exploration to discover potentially better paths."
56,0.0,0.0,0.77824,0.00029940149397589266,N/A,N/A
57,0.0,0.0,0.77428,0.0003393428341951221,N/A,N/A
58,0.0,0.0,0.77032,0.0018921768059954047,N/A,N/A
59,0.0,0.0,0.76636,0.0007235970697365701,N/A,N/A
60,0.0,0.0,0.7624,0.0005465178983286023,"In the last episode of training on the FrozenLake-v1 environment, the agent received a total reward of 0.0, indicating that it did not successfully reach the goal state (state 15). The action sequence extracted at intervals was [1, 1, 3, 1, 0, 3, 2], which corresponds to the following movements:

1. Move DOWN (1)
2. Move DOWN (1)
3. Move UP (3)
4. Move DOWN (1)
5. Move LEFT (0)
6. Move UP (3)
7. Move RIGHT (2)

Analyzing this sequence, it appears that the agent's movements were not optimal for reaching the goal. The agent's actions suggest a lack of a clear strategy or understanding of the environment's layout, as it moved up and down multiple times and did not consistently progress towards the goal state.

### Possible Issues:
1. **Exploration vs. Exploitation Balance**: The agent may not have a well-tuned exploration strategy, leading it to explore suboptimal paths without exploiting known better paths.
2. **State-Action Value Estimation**: The agent might not have accurately estimated the value of state-action pairs, causing it to make poor decisions.
3. **Policy Convergence**: The agent's policy might not have converged to an optimal or near-optimal strategy, resulting in random or inefficient movements.

### Strategy Recommendations:
1. **Improved Exploration Strategy**:
   - Consider using an exploration strategy like ε-greedy with a decaying ε to ensure sufficient exploration in the early stages while allowing for exploitation of known good actions in later stages.
   - Implement advanced exploration techniques, such as Upper Confidence Bound (UCB) or Thompson Sampling, to better balance exploration and exploitation.

2. **Enhanced Learning Algorithm**:
   - If using a basic Q-learning approach, consider incorporating techniques like Double Q-learning or Dueling DQN to improve the stability and accuracy of value function estimation.
   - Ensure that the learning rate is appropriately set to allow the agent to learn effectively from its experiences without overwriting useful information too quickly.

3. **Reward Shaping**:
   - Introduce intermediate rewards for reaching certain states that are closer to the goal, or penalize the agent for backtracking to encourage more directed movement.

4. **Environment Understanding**:
   - Train the agent with more episodes to allow it to better understand the environment's dynamics and layout.
   - Visualize the agent's path during training to identify patterns or common pitfalls that lead to suboptimal performance.

5. **Policy Evaluation and Improvement**:
   - Regularly evaluate the agent's policy and adjust hyperparameters as needed to improve learning outcomes.
   - Consider using a model-based approach to simulate and plan optimal paths towards the goal.

By implementing these strategies, the agent may improve its ability to navigate the FrozenLake environment and achieve higher rewards by consistently reaching the goal state.","To improve the task effectiveness in the FrozenLake environment, it is important to adjust the exploration strategy to balance exploration and exploitation effectively. Given the previous episode's outcome and the recommendations provided, we can employ an ε-greedy strategy with a decaying ε to ensure that the agent explores sufficiently while allowing for exploitation of known good actions.

For the next episode, we can start with a moderate exploration rate and adjust the probabilities accordingly. Let's assume an initial ε value of 0.3, meaning there is a 30% chance the agent will explore (choose a random action) and a 70% chance it will exploit (choose the best-known action). The probabilities for exploration can be distributed equally among all actions, while the exploitation probability is assigned to the action with the highest estimated value. 

Since we don't have specific value estimates for each action at the current state, we will assume a uniform distribution for the exploitation part. This approach will adjust as the agent learns better value estimates.

Here's a possible distribution for the next episode:

- Exploration probability (ε): 0.3
- Exploitation probability (1 - ε): 0.7

Assuming uniform distribution among actions for exploitation (since specific action values are unknown):

- Each action gets an equal share of the exploration probability (0.3 / 4 = 0.075)
- Each action also gets an equal share of the exploitation probability (0.7 / 4 = 0.175)

Therefore, the distribution will be:

```json
{
  0: 0.075 + 0.175,
  1: 0.075 + 0.175,
  2: 0.075 + 0.175,
  3: 0.075 + 0.175
}
```

This simplifies to:

```json
{
  0: 0.25,
  1: 0.25,
  2: 0.25,
  3: 0.25
}
```

This distribution reflects a balanced approach initially, allowing the agent to explore all actions while it learns and updates its action-value estimates. As the agent gathers more experience and updates its value estimates, the distribution can be adjusted to favor actions with higher estimated values."
61,0.0,0.0,0.75844,0.00030923777376301587,N/A,N/A
62,0.0,0.0,0.75448,0.00023819874331820756,N/A,N/A
63,0.0,0.0,0.75052,2.7149775633006357e-05,N/A,N/A
64,0.0,0.0,0.74656,8.803339733276516e-05,N/A,N/A
65,0.0,0.0,0.7425999999999999,5.942521238466725e-05,"In the last episode of training on the FrozenLake-v1 environment, the agent failed to reach the goal state (state 15), as indicated by the total reward of 0.0. This suggests that the agent either fell into a hole or did not reach the goal state within the episode's step limit.

### Analysis of the Action Sequence:
The action sequence extracted at intervals is [0, 1, 2], which corresponds to:
- Action 0: LEFT
- Action 1: DOWN
- Action 2: RIGHT

Given the 4x4 grid structure and the action sequence, we can infer the following:
1. **Action 0 (LEFT)**: This action would move the agent one step to the left if possible. If the agent is in the leftmost column (states 0, 4, 8, or 12), this action would have no effect, as the agent cannot move outside the grid.
2. **Action 1 (DOWN)**: This action moves the agent one step down, provided it is not already in the bottom row (states 12 to 15).
3. **Action 2 (RIGHT)**: This action moves the agent one step to the right, unless the agent is in the rightmost column (states 3, 7, 11, or 15).

### Possible Issues:
- **Suboptimal Policy**: The action sequence suggests that the agent may not have a well-learned policy for reaching the goal state. The sequence does not necessarily align with a direct path toward the goal.
- **Exploration vs. Exploitation**: The agent might not be exploring the environment sufficiently to learn the optimal path, or it might be exploiting a suboptimal policy that often leads to non-goal states or holes.
- **Holes and Termination**: The agent could have stepped into a hole, ending the episode prematurely, which is a common challenge in the FrozenLake environment.

### Strategy Recommendations:
1. **Enhanced Exploration**: Increase the exploration rate (e.g., epsilon in an epsilon-greedy strategy) to encourage the agent to explore more of the state space and discover better paths to the goal.
2. **Q-Learning Adjustments**: If using Q-learning, consider adjusting the learning rate and discount factor to ensure the agent updates its policy effectively when it encounters new states and rewards.
3. **Reward Shaping**: Introduce intermediate rewards for reaching certain states that are closer to the goal, which can guide the agent toward the optimal path.
4. **Avoidance of Holes**: Implement a penalty for falling into holes to discourage the agent from taking actions that lead to these states.
5. **Trajectory Analysis**: Analyze successful trajectories from previous episodes to identify patterns or strategies that lead to the goal and reinforce these through additional training or adjustments to the reward structure.
6. **Environment Variations**: Train the agent on variations of the environment that may include different hole configurations to improve generalization and robustness of the learned policy.

By focusing on these strategies, the agent can improve its policy and increase the likelihood of successfully reaching the goal state in future episodes.","To improve the agent's effectiveness in the FrozenLake environment, we need to adjust the exploration strategy to ensure a balance between exploring new paths and exploiting known paths. Given the issues identified in the previous episode, enhancing exploration is key. A common approach is to use an epsilon-greedy strategy where the agent explores with probability epsilon and exploits the best-known action with probability 1-epsilon. 

Let's assume we decide on an exploration rate (epsilon) of 0.3, meaning the agent will explore 30% of the time and exploit the best-known action 70% of the time. In the exploration phase, each action should be equally likely, while in the exploitation phase, the action with the highest estimated value should be selected more frequently.

Since we don't have specific Q-values to determine the best action, we'll distribute the exploration probability equally among all actions. Here's how the action probabilities can be distributed:

- Exploration probability (epsilon): 0.3
- Exploitation probability (1 - epsilon): 0.7

For exploration, each action has an equal probability of being chosen:

\[ \text{Probability of each action during exploration} = \frac{\epsilon}{4} = \frac{0.3}{4} = 0.075 \]

For exploitation, without specific Q-values, we assume an equal preference for all actions initially:

\[ \text{Probability of each action during exploitation} = \frac{1 - \epsilon}{4} = \frac{0.7}{4} = 0.175 \]

Combining exploration and exploitation probabilities:

\[ \text{Total probability for each action} = \frac{\epsilon}{4} + \frac{1 - \epsilon}{4} = 0.075 + 0.175 = 0.25 \]

Thus, the probability distribution for the actions in the next episode would be:

```python
{0: 0.25, 1: 0.25, 2: 0.25, 3: 0.25}
```

This distribution reflects an equal chance for each action, which is suitable for initial episodes when the agent is still learning. As the agent gathers more experience and learns the Q-values, you can adjust the probabilities to favor actions with higher Q-values during exploitation while maintaining some level of exploration."
66,0.0,0.0,0.73864,5.676885484717786e-05,N/A,N/A
67,0.0,0.0,0.73468,5.0055703468387946e-05,N/A,N/A
68,0.0,0.0,0.73072,6.411600043065846e-05,N/A,N/A
69,0.0,0.0,0.72676,2.9800457923556678e-05,N/A,N/A
70,0.0,0.0,0.7228,1.7617059711483307e-05,"In the last episode of training on the FrozenLake-v1 environment, the agent achieved a total reward of 0.0, indicating that it did not successfully reach the goal state (state 15) and likely fell into a hole or exhausted its move limit without reaching the goal. The action sequence observed at intervals was [1, 3, 1, 0, 1, 0, 2, 0, 3, 2], corresponding to the actions DOWN, UP, DOWN, LEFT, DOWN, LEFT, RIGHT, LEFT, UP, RIGHT.

### Analysis:

1. **Action Sequence**: The sequence of actions suggests a lack of a clear strategy or pattern toward reaching the goal state. The agent seems to be moving in a somewhat random or exploratory manner, which is common in early stages of training or when exploration is prioritized over exploitation.

2. **State Transitions**: Given the action sequence, the agent likely navigated through several states without reaching the goal or fell into a hole. For instance, starting from a random initial state, the sequence indicates movement up and down, and left and right, which could lead to revisiting the same states or moving away from the goal.

3. **Reward**: The total reward of 0.0 confirms that the agent did not reach the goal state. This could be due to falling into a hole, which terminates the episode, or not finding an optimal path within the allowed steps.

### Possible Strategy Recommendations:

1. **Improved Exploration-Exploitation Balance**: Adjust the exploration strategy (e.g., epsilon-greedy) to better balance exploration of new paths and exploitation of known successful paths. As training progresses, gradually reduce exploration to allow the agent to exploit learned strategies.

2. **Pathfinding and Planning**: Implement techniques to enhance the agent's ability to plan paths, such as incorporating a model-based approach or enhancing state representation to include memory of past states.

3. **Reward Shaping**: Introduce intermediate rewards for reaching states closer to the goal, which could help guide the agent toward the goal state more effectively.

4. **Learning Rate and Discount Factor**: Fine-tune the learning rate and discount factor to ensure that the agent learns effectively from its experiences and prioritizes long-term rewards.

5. **Environment Analysis**: Analyze the specific positions of holes in the environment and tailor the agent's strategy to avoid these states more effectively.

6. **Enhanced State Representation**: Consider using more advanced techniques such as neural networks to capture more complex patterns in the state transitions and actions, especially if the agent is not learning effectively with simpler methods.

By implementing these strategies, the agent can potentially improve its performance in subsequent episodes, increasing the likelihood of reaching the goal state and achieving a higher total reward.","To improve the agent's effectiveness in the FrozenLake environment, we need to adjust the exploration strategy to balance exploration and exploitation. Given the previous episode's results, it's clear that the agent requires a more structured approach to navigating the environment. We'll use an epsilon-greedy strategy, where a portion of the actions are chosen randomly (exploration), and the rest are chosen based on the agent's current knowledge (exploitation).

Assuming that the agent is still in the early to middle stages of training, a reasonable approach is to set a moderately high exploration rate to allow the agent to discover new paths while still exploiting some of its learned knowledge. A common practice is to start with a higher exploration probability and gradually decrease it as the agent learns more about the environment.

Here's a suggested distribution for the next episode:

- **Exploration (random actions)**: 30% of the time
- **Exploitation (best-known actions)**: 70% of the time

Since we don't have specific Q-values or a policy to determine the best action, we'll distribute the exploration probability equally among all actions and assume the remaining probability is distributed based on the agent's current policy (e.g., Q-values). For simplicity, in this example, we'll assume an equal distribution of exploitation probability among all actions as well, given the lack of specific action-value information.

Therefore, the probabilities can be distributed as follows:

- Exploration (random): 0.30 / 4 = 0.075 for each action
- Exploitation (assumed equal distribution): 0.70 / 4 = 0.175 for each action

Combining exploration and exploitation probabilities:

- Action 0 (LEFT): 0.075 + 0.175 = 0.25
- Action 1 (DOWN): 0.075 + 0.175 = 0.25
- Action 2 (RIGHT): 0.075 + 0.175 = 0.25
- Action 3 (UP): 0.075 + 0.175 = 0.25

Thus, the action probability distribution for the next episode is:

```python
{0: 0.25, 1: 0.25, 2: 0.25, 3: 0.25}
```

This distribution reflects a balanced approach, allowing the agent to explore the environment while also exploiting its current knowledge. As training progresses, you can adjust the exploration rate downward to allow more exploitation of learned strategies."
71,0.0,0.0,0.71884,3.4917640732601285e-05,N/A,N/A
72,0.0,0.0,0.71488,1.642834467929788e-05,N/A,N/A
73,0.0,0.0,0.71092,2.5368379283463582e-05,N/A,N/A
74,0.0,0.0,0.70696,5.871185567229986e-05,N/A,N/A
75,0.0,0.0,0.7030000000000001,3.856029798043892e-05,"In the last episode of the training process on the FrozenLake-v1 environment, the agent did not successfully reach the goal state (state 15), as evidenced by the total reward of 0.0. This indicates that the agent either fell into a hole or did not reach the goal within the episode's step limit.

### Action Sequence Analysis

The action sequence extracted at intervals is [1, 0, 0, 2], which translates to the following movements:
1. **1 (DOWN)**: The agent moved down from its initial position.
2. **0 (LEFT)**: The agent moved left.
3. **0 (LEFT)**: The agent moved left again.
4. **2 (RIGHT)**: The agent moved right.

### Possible Trajectory

Given these actions, the agent likely started at a position where these moves did not lead it to the goal. It's possible that the agent began in a state where moving down was initially beneficial, but subsequent leftward movements took it away from the goal or into a hole. The final rightward movement suggests an attempt to correct its path, but it was too late to reach the goal.

### Strategy Recommendations

1. **Exploration vs. Exploitation Balance**: Ensure that the agent is exploring the environment sufficiently. If the agent is prematurely exploiting suboptimal paths, consider adjusting the exploration strategy, such as increasing the epsilon in an epsilon-greedy policy.

2. **Reward Shaping**: Consider introducing intermediate rewards to encourage the agent to move closer to the goal state. For instance, providing small positive rewards for moving towards the goal or away from holes could guide the agent more effectively.

3. **State Evaluation**: Implement a mechanism for the agent to better evaluate its current state relative to the goal. This could involve learning a value function that more accurately reflects the desirability of each state.

4. **Policy Review and Adjustment**: Analyze the policy to identify patterns that lead to suboptimal paths. Adjust the policy to discourage actions that consistently lead to dead ends or holes.

5. **Increased Training Time**: If the agent has not converged to an optimal policy, consider extending the training period. This allows the agent more opportunities to learn from its mistakes and improve its strategy.

6. **Alternative Algorithms**: If the current algorithm is not yielding satisfactory results, consider experimenting with different reinforcement learning algorithms, such as Q-learning, SARSA, or deep reinforcement learning methods, to see if they offer improved performance.

By implementing these strategies, the agent may improve its ability to navigate the FrozenLake environment and reach the goal state more consistently.","To improve the agent's performance in the FrozenLake environment, we need to adjust the action selection strategy to ensure better exploration and more effective learning. Based on the analysis and recommendations provided, we can adjust the probability distribution for action exploration to encourage more balanced exploration and exploitation.

Given the previous action sequence and the need for better exploration, we can use an epsilon-greedy strategy where a certain probability is assigned to random exploration, and the remaining probability is assigned to exploiting the current policy. However, since the current policy might not be optimal, we should encourage exploration of all actions.

Assuming a typical epsilon value for exploration (e.g., 0.3) and distributing the exploration probability equally among all actions, we can construct the probability distribution as follows:

- Exploration probability (epsilon) = 0.3
- Exploitation probability = 1 - epsilon = 0.7

Since the current policy is not optimal, we distribute the exploration probability equally among all actions, and the exploitation probability can also be distributed equally due to the lack of a clear optimal action from the previous episode:

```python
{
    0: 0.25,  # Probability for LEFT
    1: 0.25,  # Probability for DOWN
    2: 0.25,  # Probability for RIGHT
    3: 0.25   # Probability for UP
}
```

In this distribution, each action has an equal probability of being selected. This encourages the agent to explore all potential actions uniformly, which is suitable for environments where the current policy is not yet effective. As the agent learns and the policy improves, the distribution can be adjusted to favor more promising actions based on the learned value function or policy."
76,0.0,0.0,0.69904,1.7329306501778774e-05,N/A,N/A
77,0.0,0.0,0.69508,3.554954309947789e-05,N/A,N/A
78,0.0,0.0,0.69112,0.0013406215002760291,N/A,N/A
79,0.0,0.0,0.68716,0.0003003078163601458,N/A,N/A
80,0.0,0.0,0.6832,0.0011928954627364874,"In the last episode of the training process on the FrozenLake-v1 environment, the agent received a total reward of 0.0, indicating that it did not reach the goal state (state 15) in this episode. The sequence of actions taken by the agent was [2, 3, 3, 2, 3, 2, 1], which corresponds to the movements: RIGHT, UP, UP, RIGHT, UP, RIGHT, DOWN.

### Analysis:

1. **Action Sequence and Movement:**
   - The agent's movement pattern suggests that it might be struggling with navigating the grid effectively towards the goal. The frequent UP actions (3) might indicate that the agent is moving towards the top of the grid, which is counterproductive if the goal is to reach the bottom-right corner.
   - The sequence does not seem to have a clear strategy for moving towards the goal state (15). Instead, it appears somewhat random or exploratory.

2. **Reward:**
   - The total reward of 0.0 indicates that the agent did not reach the goal state and may have fallen into a hole or failed to find a path to the goal within the episode's time limit.

3. **Potential Pitfalls:**
   - The agent might be falling into holes, which are terminal states that prevent it from reaching the goal.
   - The agent could be getting stuck in loops or repeatedly visiting non-productive states.

### Recommendations for Strategy Improvement:

1. **Exploration vs. Exploitation Balance:**
   - Adjust the exploration strategy to ensure the agent explores more effectively, especially in early training episodes. Consider using techniques like epsilon-greedy policy with a decaying epsilon to balance exploration and exploitation.

2. **State-Action Value Estimation:**
   - Enhance the learning algorithm's ability to estimate the value of state-action pairs. This can be achieved by increasing the number of training episodes or adjusting the learning rate to allow the agent to learn more effectively from its experiences.

3. **Reward Shaping:**
   - Introduce intermediate rewards to encourage progress towards the goal. For example, provide small positive rewards for moving closer to the goal state or for reaching certain key states that are on the optimal path.

4. **Environmental Understanding:**
   - Implement a mechanism to help the agent learn to recognize and avoid holes. This could involve penalizing the agent when it falls into a hole, reinforcing the negative outcome of such actions.

5. **Algorithm Enhancement:**
   - Consider using more advanced algorithms, such as Q-learning with function approximation, SARSA, or deep reinforcement learning techniques, to improve the agent's ability to learn optimal policies.

6. **Visualization and Debugging:**
   - Use visualization tools to track the agent's path and identify patterns or mistakes in its movements. This can help diagnose issues with the current policy and guide further improvements.

By implementing these strategies, the agent can potentially improve its performance in navigating the FrozenLake environment, ultimately achieving the goal state more consistently.","To improve the agent's effectiveness in the FrozenLake-v1 environment, we need to adjust the exploration strategy to encourage more effective exploration while still allowing for exploitation of learned behaviors. Since the agent's previous action sequence did not lead to the goal and involved potentially suboptimal movements (e.g., moving UP frequently), we should guide the exploration towards more promising directions.

Given the current scenario where the agent is not reaching the goal, we can use an epsilon-greedy strategy with a focus on exploration. Initially, we should set a higher probability for exploration to allow the agent to discover more effective paths. Here's a suggested probability distribution for the actions:

- **LEFT (0):** The agent should explore moving left to avoid getting stuck in loops or moving away from the goal.
- **DOWN (1):** This action should have a higher probability since moving down generally progresses towards the goal state at the bottom-right corner.
- **RIGHT (2):** This should also have a higher probability as it moves the agent towards the right, closer to the goal.
- **UP (3):** Since moving up frequently was part of the ineffective strategy, this should have a lower probability to discourage moving away from the goal.

Here's a suggested distribution that reflects these considerations:

```python
{
    0: 0.2,  # LEFT
    1: 0.3,  # DOWN
    2: 0.3,  # RIGHT
    3: 0.2   # UP
}
```

This distribution provides a balance between exploration and exploitation, with a slight bias towards actions that generally move the agent closer to the goal state. The exploration probabilities can be adjusted over time as the agent learns more effective policies, gradually decreasing exploration in favor of exploitation."
81,0.0,0.0,0.6792400000000001,0.00035940666566602886,N/A,N/A
82,0.0,0.0,0.67528,0.0003562991914805025,N/A,N/A
83,0.0,0.0,0.6713199999999999,0.0006351046031340957,N/A,N/A
84,0.0,0.0,0.66736,0.0005604472244158387,N/A,N/A
85,0.0,0.0,0.6634,0.00022032918059267104,"In the final episode of training on the FrozenLake-v1 environment, the agent received a total reward of 0.0, indicating that it did not successfully reach the goal state (state 15) in this episode. The action sequence taken by the agent was [0, 0, 1, 1, 2, 1, 2, 1, 3, 3, 2].

### Analysis of the Action Sequence:

1. **Initial Actions (0, 0)**: The agent starts with two consecutive 'LEFT' actions. If the agent starts at the initial position (state 0), these actions are ineffective as they keep the agent in the same position due to boundary constraints.

2. **Subsequent Actions (1, 1)**: The agent then moves 'DOWN' twice. Assuming it starts at state 0, these actions move it to state 8, which is the start of the third row.

3. **Middle Actions (2, 1, 2, 1)**: The sequence continues with 'RIGHT', 'DOWN', 'RIGHT', and 'DOWN'. This would move the agent from state 8 to state 9 (RIGHT), then to state 13 (DOWN), then to state 14 (RIGHT), and finally to state 14 (DOWN). However, if there are holes in the path, it might fall into one and end the episode prematurely.

4. **Final Actions (3, 3, 2)**: The agent attempts to move 'UP' twice and then 'RIGHT'. If it reached state 14 before the 'UP' actions, it would move back to state 10 and then attempt to move 'RIGHT' again. The repeated 'UP' actions suggest a possible oscillation or backtracking, which may indicate that the agent is unsure about the optimal path.

### Possible Issues:

- **Ineffective Initial Actions**: The initial 'LEFT' actions are redundant and do not contribute to reaching the goal.
- **Backtracking and Oscillation**: The repeated 'UP' actions suggest that the agent might be stuck or oscillating between states without a clear strategy to reach the goal.
- **Holes in the Path**: The agent might be stepping into holes, ending the episode early without reaching the goal.

### Strategy Recommendations:

1. **Improve Exploration**: Encourage the agent to explore more diverse paths by adjusting exploration parameters (e.g., epsilon in epsilon-greedy strategies) to reduce the likelihood of getting stuck in loops or backtracking.

2. **Reward Shaping**: Consider implementing a reward shaping strategy to provide incremental rewards for reaching states closer to the goal, which might guide the agent more effectively towards the goal.

3. **State Value Function**: Enhance the agent's understanding of state values by improving the learning algorithm or using techniques like value iteration or policy iteration to better estimate the value of each state.

4. **Avoiding Holes**: Implement a mechanism to learn and remember the positions of holes to avoid them in future episodes. This could involve negative rewards for stepping into holes or additional training focused on recognizing and avoiding these states.

5. **Path Optimization**: Analyze successful episodes to identify optimal paths and reinforce these paths during training, possibly through demonstration learning or imitation learning.

By addressing these issues and implementing these strategies, the agent may improve its performance and consistently reach the goal state in future episodes.","To improve the agent's performance in the FrozenLake-v1 environment, we need to adjust the exploration strategy to encourage more effective action selection. Given the analysis and the issues identified, we should aim for a balanced exploration strategy that allows the agent to explore new paths while still exploiting known good actions.

A common approach is to use an epsilon-greedy strategy, where the agent chooses a random action with probability epsilon (exploration) and the best-known action with probability 1-epsilon (exploitation). However, since we are dealing with a discrete action space in FrozenLake, we can adjust the probability distribution directly.

Given the previous episode's issues, we should:

1. Reduce the probability of 'LEFT' actions as they were initially ineffective.
2. Increase the probability of 'RIGHT' and 'DOWN' actions as they generally lead towards the goal.
3. Maintain a moderate probability for 'UP' actions to allow for potential backtracking when necessary but avoid oscillation.

Let's assume we want to set a moderate exploration rate, where the agent explores with a probability of 40% (0.4) and exploits known good paths with a probability of 60% (0.6). We can distribute the exploration probability equally among all actions while skewing the exploitation probability towards 'RIGHT' and 'DOWN'.

Here's a suggested distribution:

- Exploration (0.4): Equal distribution among all actions.
- Exploitation (0.6): Skewed towards 'RIGHT' and 'DOWN'.

Calculating the probabilities:

- Exploration component: 0.4 / 4 = 0.1 for each action.
- Exploitation component for 'RIGHT' and 'DOWN': 0.25 each.
- Exploitation component for 'LEFT' and 'UP': 0.05 each.

Combining both components:

- Probability for 'LEFT' (0): 0.1 (exploration) + 0.05 (exploitation) = 0.15
- Probability for 'DOWN' (1): 0.1 (exploration) + 0.25 (exploitation) = 0.35
- Probability for 'RIGHT' (2): 0.1 (exploration) + 0.25 (exploitation) = 0.35
- Probability for 'UP' (3): 0.1 (exploration) + 0.05 (exploitation) = 0.15

Thus, the adjusted action distribution for the next episode is:

```python
{0: 0.15, 1: 0.35, 2: 0.35, 3: 0.15}
```

This distribution encourages the agent to prioritize moving towards the goal while still allowing for a balanced exploration of other actions."
86,1.0,0.0,0.65944,0.0017263863701373339,N/A,N/A
87,0.0,0.0,0.6554800000000001,0.0007587432628497481,N/A,N/A
88,0.0,0.0,0.6515200000000001,0.0010172113543376327,N/A,N/A
89,0.0,0.0,0.64756,0.0006137667805887759,N/A,N/A
90,0.0,0.0,0.6436,0.00038357856101356447,"In the last episode of training on the FrozenLake-v1 environment, the agent received a total reward of 0.0, indicating that it did not successfully reach the goal state (state 15). The action sequence extracted at intervals is [2, 1], which corresponds to the agent attempting to move RIGHT (action 2) and then DOWN (action 1).

### Analysis:

1. **Action Sequence**: The sequence [2, 1] suggests that the agent initially tried to move right and then down. Given the structure of the FrozenLake grid, this sequence could have been executed from several starting states. However, without knowing the exact starting state or the full sequence of actions, it's challenging to pinpoint the exact path taken.

2. **Total Reward**: The total reward of 0.0 implies that the agent either fell into a hole or simply did not reach the goal state within the episode. In the FrozenLake environment, holes terminate the episode immediately, and the agent receives no reward for falling into one.

3. **Exploration vs. Exploitation**: The limited action sequence suggests that the agent might not be exploring the environment effectively. It may be stuck in a local pattern or could be prematurely exploiting a suboptimal policy.

4. **Holes in the Environment**: The FrozenLake environment is known to have several holes, which are traps that end the episode. The agent might have encountered a hole after executing the given actions, resulting in the termination of the episode.

### Strategy Recommendations:

1. **Increased Exploration**: Encourage more exploration by adjusting the exploration strategy. If using an epsilon-greedy policy, consider increasing the epsilon value to allow the agent to explore more states and actions. This can help the agent discover new paths and potentially avoid holes.

2. **Longer Episodes**: Allow longer episodes or increase the maximum number of steps per episode. This can give the agent more opportunities to explore and potentially reach the goal state.

3. **Reward Shaping**: Introduce intermediate rewards for reaching certain states or for staying on safe paths. This can guide the agent towards the goal and away from holes.

4. **State-Action Value Initialization**: Consider initializing the state-action values optimistically. This can encourage the agent to explore actions that it hasn't tried yet, potentially leading it to discover the optimal path to the goal.

5. **Learning Rate Adjustment**: If using a learning algorithm with a learning rate, ensure that it is set appropriately. A learning rate that is too high might cause the agent to overlook useful information, while a rate that is too low might slow down learning.

6. **Analyze Failed Episodes**: Review episodes where the agent failed to reach the goal, especially those ending in holes. Identifying patterns in these failures can provide insights into adjustments needed in the policy or exploration strategy.

By implementing these strategies, the agent may improve its ability to navigate the FrozenLake environment and increase its chances of reaching the goal state successfully.","To improve the agent's effectiveness in the FrozenLake environment, we need to adjust the exploration strategy to encourage more exploration. Given the current situation where the agent received a total reward of 0.0, it suggests that the agent needs to explore more to find effective paths to the goal state while avoiding holes. An epsilon-greedy strategy is a common approach to balance exploration and exploitation.

For the next episode, let's assume we want to increase exploration by setting a higher epsilon value. This means the agent will choose a random action with a certain probability (epsilon) and the best-known action with a probability of (1 - epsilon). A typical starting point for epsilon might be around 0.2 to 0.3, but since the agent seems to be stuck, we could start with a higher value, such as 0.5, to encourage more exploration.

Here's how we can distribute the probabilities for the actions:

- With an epsilon of 0.5, the agent will choose a random action 50% of the time.
- The remaining 50% of the time, the agent will choose the action it believes is currently the best.

Assuming we don't have a specific action-value function indicating which action is currently the best, we'll distribute the exploration probability equally among all actions. Therefore, each action will have an equal chance of being selected during the exploration phase.

The probability distribution for the actions would be:

```python
{
    0: 0.25,  # LEFT
    1: 0.25,  # DOWN
    2: 0.25,  # RIGHT
    3: 0.25   # UP
}
```

This distribution reflects an equal probability for each action, encouraging the agent to explore all possible actions equally in the absence of a clear preference for any particular action. This should help the agent discover new paths and avoid falling into holes, thereby increasing its chances of reaching the goal state. As the agent learns and gathers more information about the environment, the exploration strategy can be gradually adjusted to favor exploitation of the learned policy."
91,0.0,0.0,0.63964,0.00048267297097481787,N/A,N/A
92,0.0,0.0,0.63568,0.00014690319949295372,N/A,N/A
93,0.0,0.0,0.6317200000000001,0.00048703784705139697,N/A,N/A
94,0.0,0.0,0.62776,0.0010749292559921741,N/A,N/A
95,1.0,0.0,0.6238,0.0005407657590694726,"In the last episode of training on the FrozenLake-v1 environment, the agent successfully navigated the grid to reach the goal state (state 15) and obtained the maximum possible reward of 1.0. This indicates that the agent has learned a viable policy for solving the task, at least in this specific episode.

### Analysis of the Action Sequence

The action sequence for the episode is [1, 0, 1, 0, 2, 2, 3, 1, 1, 1, 2]. Let's break down this sequence:

- **1 (DOWN)**: The agent starts by moving down. Depending on the starting state, this could be a move from the top row to the second row.
- **0 (LEFT)**: The agent moves left, which may indicate a corrective action or exploration.
- **1 (DOWN)**: The agent moves down again, potentially moving to the third row.
- **0 (LEFT)**: Another left move, possibly indicating a strategy to avoid holes or explore.
- **2 (RIGHT), 2 (RIGHT)**: Two consecutive right moves suggest the agent is moving towards the right side of the grid.
- **3 (UP)**: An upward move could be a corrective measure to reposition the agent.
- **1 (DOWN), 1 (DOWN), 1 (DOWN)**: Three consecutive moves downwards indicate a strong push towards the bottom row.
- **2 (RIGHT)**: The final move to the right likely led the agent to the goal state (state 15).

### Observations

- **Successful Episode**: The agent achieved the goal, indicating it has learned an effective path through the grid.
- **Exploration and Exploitation**: The sequence shows a mix of exploratory moves (left and up) and goal-directed moves (down and right). This balance is crucial for navigating the environment effectively.
- **Corrective Actions**: Moves like going left and up suggest the agent might be avoiding holes or correcting its path, which is a positive sign of adaptive behavior.

### Strategy Recommendations

1. **Policy Refinement**: Although the agent successfully reached the goal, the action sequence includes potentially unnecessary moves (like moving left and up). Refining the policy to minimize these exploratory actions could lead to more efficient paths.

2. **Exploration Strategy**: Evaluate the exploration strategy (e.g., epsilon-greedy, softmax) to ensure the agent explores sufficiently while still exploiting known good paths. Adjust the exploration parameters if needed to improve learning efficiency.

3. **Reward Shaping**: Consider implementing a small negative reward for each step taken to encourage the agent to find the shortest path to the goal. This can help in reducing unnecessary moves.

4. **Evaluate Robustness**: Test the policy across different starting states and random seeds to ensure robustness and generalization. This will help assess whether the learned policy performs well under varying conditions.

5. **Avoidance of Holes**: Ensure the agent has learned to recognize and avoid holes effectively. If not, consider additional training or adjustments to the reward structure to penalize falling into holes more heavily.

By focusing on these areas, the agent's performance can be further optimized, leading to more efficient and reliable navigation in the FrozenLake environment.","To improve the agent's performance in the FrozenLake environment, we need to consider both exploration and exploitation strategies. Since the agent successfully reached the goal in the previous episode, it indicates a viable policy, but there are opportunities for refinement, especially in minimizing unnecessary exploratory moves.

Given the analysis and recommendations, the action distribution should be adjusted to encourage more efficient paths while still allowing for some exploration to ensure robustness and adaptability. Assuming we are using an epsilon-greedy strategy, we can adjust the probabilities to favor actions that are more goal-directed (like moving right and down) while still allowing some probability for exploration.

Here is a suggested distribution for the next episode:

- **0 (LEFT)**: This action should have a lower probability since it may not often contribute directly to reaching the goal efficiently, unless avoiding holes.
- **1 (DOWN)**: This action should have a higher probability as moving down is often necessary to progress towards the goal.
- **2 (RIGHT)**: This action should also have a higher probability since moving right is crucial for reaching the goal in the bottom-right corner.
- **3 (UP)**: This action should have a lower probability, similar to moving left, as it often doesn't contribute directly to reaching the goal.

Here's a possible distribution, assuming a slight preference for goal-directed actions:

```python
{
    0: 0.1,  # LEFT
    1: 0.4,  # DOWN
    2: 0.4,  # RIGHT
    3: 0.1   # UP
}
```

This distribution prioritizes moving down and right, which are generally more aligned with reaching the goal efficiently. However, it retains some probability for moving left and up to allow for exploration and corrective actions when necessary. Adjustments can be made based on further observations and testing to fine-tune the agent's performance."
96,0.0,0.0,0.61984,0.0008706346852704883,N/A,N/A
97,0.0,0.0,0.61588,0.00031264571589417756,N/A,N/A
98,0.0,0.0,0.61192,0.0003836058313027024,N/A,N/A
99,0.0,0.0,0.6079600000000001,0.0003273514739703387,N/A,N/A
100,0.0,0.0,0.604,0.00010544394899625331,"### Analysis of the Last Episode

In the last episode of the training process on the FrozenLake-v1 environment, the agent received a total reward of 0.0. This indicates that the agent did not successfully reach the goal state (state 15) to receive the +1 reward. Instead, the agent either fell into one of the holes or did not reach the goal within the episode's time limit.

**Action Sequence Analysis:**
- The action sequence extracted at intervals is [1, 2], which corresponds to the actions DOWN and RIGHT, respectively.
- These actions suggest that the agent attempted to navigate through the grid by moving downwards (action 1) and then to the right (action 2).

### Possible Issues

1. **Suboptimal Exploration:** The limited action sequence might indicate that the agent is not exploring the environment sufficiently. It may be stuck in a local policy that doesn't effectively lead to the goal state.
   
2. **Holes Encountered:** Given the reward of 0.0, it's possible that the agent fell into a hole before reaching the goal. This suggests that the agent's policy might not be effectively avoiding holes.

3. **Limited Episode Length:** The agent may not have had enough time to reach the goal state, indicating that the exploration-exploitation balance might not be optimized.

4. **Inadequate Learning Policy:** The agent's policy might not be effectively updated to prioritize reaching the goal, potentially due to insufficient learning rate or inappropriate discount factor settings.

### Strategy Recommendations

1. **Enhance Exploration:**
   - Implement an epsilon-greedy policy with a decaying epsilon to ensure sufficient exploration initially, followed by exploitation of the learned policy.
   - Consider using other exploration strategies such as Upper Confidence Bound (UCB) or Boltzmann exploration to encourage diverse action selection.

2. **Improve Learning Algorithm:**
   - Adjust the learning rate to ensure that the agent learns effectively from its experiences. A lower learning rate might be causing slow policy updates.
   - Experiment with different discount factors to balance immediate and future rewards more effectively.

3. **Increase Episode Length:**
   - Extend the episode length if possible, allowing the agent more time to explore the environment and reach the goal state.

4. **Reward Shaping:**
   - Introduce intermediate rewards to guide the agent towards the goal. For example, providing small negative rewards for falling into holes or moving away from the goal can help in shaping the policy.

5. **Policy Evaluation and Update:**
   - Regularly evaluate the policy's performance and update it using more advanced techniques like Q-learning or SARSA if not already implemented.
   - Consider using deep reinforcement learning methods like DQN if the state-action space becomes too complex for tabular methods.

By implementing these strategies, the agent's performance in the FrozenLake environment could be improved, increasing the likelihood of reaching the goal state and achieving higher rewards.","To improve the agent's performance in the FrozenLake environment, we need to enhance exploration while gradually shifting towards exploitation of the learned policy. An effective way to achieve this is by using an epsilon-greedy strategy with a decaying epsilon. Initially, we can set a higher probability for exploration to allow the agent to gather more information about the environment. As the training progresses, we can decrease the exploration probability to allow the agent to exploit the learned policy.

For the next episode, we can use an epsilon-greedy approach with an initial exploration probability (epsilon) of, say, 0.3. This means that the agent will explore with a probability of 0.3 and exploit the best-known action with a probability of 0.7. Assuming uniform random exploration among the four actions, the distribution for exploration would be split evenly among all actions. The remaining probability is assigned to the action that the current policy considers optimal. However, since we don't have a specific policy function provided, we'll assume equal probability for each action for simplicity.

Here's how the action distribution might look:

- Exploration probability (epsilon): 0.3
- Exploitation probability (1 - epsilon): 0.7

For exploration, divide the exploration probability equally among all actions:

- Exploration part: 0.3 / 4 = 0.075 for each action

Assuming no specific optimal action is known yet, distribute the exploitation probability equally as well:

- Exploitation part: 0.7 / 4 = 0.175 for each action

Combining these, the distribution for the next episode could be:

```python
{0: 0.075 + 0.175, 1: 0.075 + 0.175, 2: 0.075 + 0.175, 3: 0.075 + 0.175}
```

Simplified, this results in:

```python
{0: 0.25, 1: 0.25, 2: 0.25, 3: 0.25}
```

This uniform distribution reflects an equal probability of selecting any action, allowing the agent to explore the environment thoroughly in the early stages of learning. As the agent's policy improves, the distribution can be adjusted to favor the optimal actions more heavily, based on the learned Q-values or policy estimates."
101,0.0,0.0,0.6000399999999999,0.0006544087664224207,N/A,N/A
102,0.0,0.0,0.59608,0.00041764654451981187,N/A,N/A
103,0.0,0.0,0.59212,0.0005922482814639807,N/A,N/A
104,0.0,0.0,0.58816,0.013554302044212818,N/A,N/A
105,0.0,0.0,0.5842,0.0009346529841423035,"In the last episode of training on the FrozenLake-v1 environment, the agent received a total reward of 0.0, indicating that it did not reach the goal state (state 15) and thus did not receive the +1 reward. The action sequence extracted at intervals was [0, 2, 2, 3, 0, 1], corresponding to the movements LEFT, RIGHT, RIGHT, UP, LEFT, and DOWN.

### Analysis:

1. **Initial Position and Movement:**
   - The agent starts at the initial position (state 0) in the top-left corner of the grid.
   - The first action is LEFT (0), which would keep the agent in the same position since it cannot move outside the grid.

2. **Subsequent Actions:**
   - The agent then moves RIGHT (2) twice, which would move it from state 0 to state 2.
   - The next action is UP (3), but since the agent is already in the top row, this action would not change its position.

3. **Final Actions:**
   - The agent moves LEFT (0) from state 2 to state 1.
   - The final action is DOWN (1), moving the agent from state 1 to state 5.

4. **Outcome:**
   - The agent did not reach the goal state (state 15) and did not fall into any holes, as the episode ended with a reward of 0.0.
   - The sequence of actions suggests the agent may be exploring or is uncertain about the optimal path to the goal.

### Possible Strategy Recommendations:

1. **Exploration vs. Exploitation:**
   - Ensure that the balance between exploration and exploitation is well-tuned. The agent may be over-exploring, leading to inefficient paths. Consider adjusting the exploration rate (epsilon) to encourage more exploitation of known good paths.

2. **Policy Improvement:**
   - Evaluate the current policy to ensure it is effectively guiding the agent toward the goal. Consider using methods such as Q-learning or SARSA with function approximation to improve policy learning.

3. **Reward Shaping:**
   - Implement reward shaping to provide intermediate rewards for reaching certain states that are closer to the goal, encouraging the agent to learn the path more effectively.

4. **State Representation:**
   - Ensure that the state representation is adequately capturing the environment's dynamics. Consider using additional features or a different representation if the current one is insufficient.

5. **Learning Rate and Discount Factor:**
   - Review the learning rate and discount factor settings. An inappropriate learning rate may hinder the agent's ability to learn effectively. Similarly, the discount factor should reflect the importance of future rewards.

6. **Training Episodes:**
   - Increase the number of training episodes to allow the agent more time to learn and refine its strategy. More episodes can help the agent explore the state space more thoroughly and improve its policy.

By implementing these recommendations, the agent may improve its performance in the FrozenLake-v1 environment and increase its chances of reaching the goal state successfully.","To improve the agent's performance in the FrozenLake-v1 environment, we need to consider a balanced approach between exploration and exploitation. Given that the agent did not reach the goal in the previous episode, it is crucial to adjust the action selection strategy to encourage more effective exploration while also exploiting known beneficial paths.

Given the analysis and recommendations, a reasonable action distribution would prioritize exploration slightly more than exploitation, but not excessively to avoid random wandering. An epsilon-greedy strategy can be used, where the agent predominantly exploits the best-known action but occasionally explores other actions to discover potentially better paths.

Assuming we're using an epsilon-greedy policy with an exploration rate (epsilon) of 0.2, meaning the agent will explore 20% of the time and exploit 80% of the time:

1. **Exploitation (80% of the time):** Choose the action with the highest estimated value based on the current policy. For simplicity, let's assume the current policy suggests moving towards the goal (e.g., DOWN or RIGHT) as the best actions.

2. **Exploration (20% of the time):** Randomly select any of the four actions with equal probability.

Here's how the action distribution might be structured:

- Let's assume the best actions based on current policy are DOWN (1) and RIGHT (2).
- Allocate 70% of the exploitation probability to these actions.
- The remaining 10% of exploitation probability is distributed among the other two actions.

The action distribution can be expressed as follows:

```python
{
    0: 0.05,  # LEFT
    1: 0.35,  # DOWN
    2: 0.35,  # RIGHT
    3: 0.05   # UP
}
```

In this distribution:
- 80% of the time, the agent exploits, with 70% of that focused on the preferred actions (DOWN and RIGHT).
- 20% of the time, the agent explores, distributed equally across all actions."
106,0.0,0.0,0.5802400000000001,0.000572399003431201,N/A,N/A
107,0.0,0.0,0.57628,0.0011022905819118023,N/A,N/A
108,1.0,0.0,0.5723199999999999,0.0005394271574914455,N/A,N/A
109,0.0,0.0,0.56836,0.002429571934044361,N/A,N/A
110,0.0,1.0,0.5644,0.0004443598445504904,"In the last episode of training on the FrozenLake-v1 environment, the agent received a total reward of 0.0, indicating that it did not successfully reach the goal state (state 15). The action sequence recorded at intervals was [1, 1, 1], which corresponds to the agent attempting to move 'DOWN' three times in succession.

### Analysis:

1. **Action Sequence**: The sequence [1, 1, 1] suggests that the agent attempted to move downward repeatedly. Given the layout of the 4x4 grid, this sequence of actions likely led the agent into a hole or an undesirable state that did not lead to the goal. Since the environment has holes, it is possible that the agent fell into a hole, causing the episode to end prematurely and resulting in a reward of 0.0.

2. **Exploration vs. Exploitation**: The repeated action of moving 'DOWN' suggests that the agent might be stuck in a local strategy that doesn't explore other potentially beneficial actions. This could indicate a lack of exploration or an overemphasis on exploiting a suboptimal learned policy.

3. **State Awareness**: The agent's failure to reach the goal and the repeated actions might also imply insufficient state awareness or an inadequate representation of the environment's dynamics in the agent's policy.

### Strategy Recommendations:

1. **Enhanced Exploration**: Introduce or increase exploration strategies such as epsilon-greedy, where the agent occasionally selects random actions to explore the state space more thoroughly. This can help the agent discover more effective paths to the goal state.

2. **Reward Shaping**: Consider implementing reward shaping to provide intermediate rewards for reaching certain states or achieving sub-goals. This can help guide the agent toward the goal state and avoid holes.

3. **Policy Refinement**: Analyze and refine the agent's policy to ensure it learns the optimal action for each state. This could involve adjusting the learning rate or employing more sophisticated algorithms like Q-learning with function approximation or deep reinforcement learning techniques if computational resources allow.

4. **State Representation**: Ensure that the agent has a robust state representation that captures the essential features of the environment. This might involve using techniques such as feature engineering or, in more complex implementations, neural networks to better capture the environment's dynamics.

5. **Simulating More Episodes**: Allow the agent to train over more episodes to improve its learning. This additional experience can help the agent refine its policy and improve its ability to reach the goal.

By implementing these strategies, the agent can improve its performance and increase its chances of successfully navigating the FrozenLake environment to reach the goal state.","To improve the agent's performance in the FrozenLake-v1 environment, we need to encourage more exploration while still allowing the agent to exploit any learned knowledge. Since the agent's previous strategy of moving 'DOWN' repeatedly did not yield success, we should adjust the action selection probabilities to promote exploration.

A common approach is to use an epsilon-greedy strategy, where the agent selects a random action with probability epsilon (ε) to explore, and selects the action with the highest expected reward with probability 1-ε. However, since we are focusing on exploration, we'll distribute the probabilities to encourage trying different actions.

Given the current situation, let's assume an epsilon value of 0.3 for exploration. This means 30% of the time, the agent will select a random action, and 70% of the time, it will exploit the current policy. However, since we are not given a specific policy to exploit and are focusing on exploration, we'll distribute the probabilities evenly among the actions to encourage exploration.

Here's a suggested probability distribution for the actions:

```python
{
    0: 0.25,  # LEFT
    1: 0.25,  # DOWN
    2: 0.25,  # RIGHT
    3: 0.25   # UP
}
```

This uniform distribution allows the agent to explore all possible actions equally, which can help it discover more effective paths to the goal state. As the agent gathers more experience and potentially learns a better policy, the distribution can be adjusted to favor more promising actions based on the learned Q-values or policy."
