episode,train_return,eval_return,epsilon,loss,llm1_full_response,llm2_full_response
1,0.0,0.0,0.99604,nan,N/A,N/A
2,0.0,0.0,0.99208,nan,N/A,N/A
3,0.0,0.0,0.98812,nan,N/A,N/A
4,0.0,0.0,0.98416,0.198883518576622,N/A,N/A
5,0.0,0.0,0.9802,0.03149719536304474,"In the last episode of the training process on the FrozenLake-v1 environment, the agent received a total reward of 0.0, indicating that it did not successfully reach the goal state (state 15) and likely fell into a hole or failed to reach the goal within the episode's step limit.

Let's analyze the action sequence [0, 1, 3, 3, 0, 1, 3, 2, 1] to understand the agent's behavior:

1. **Initial State**: The agent starts at state 0 (top-left corner).
2. **Action Sequence**:
   - **0 (LEFT)**: The agent attempts to move left, but since it is already at the leftmost column, it remains in the same state (state 0).
   - **1 (DOWN)**: The agent moves down to state 4.
   - **3 (UP)**: The agent moves back up to state 0.
   - **3 (UP)**: The agent tries to move up again but remains in state 0 due to boundary constraints.
   - **0 (LEFT)**: The agent again tries to move left but stays in state 0.
   - **1 (DOWN)**: The agent moves down to state 4.
   - **3 (UP)**: The agent moves back up to state 0.
   - **2 (RIGHT)**: The agent moves right to state 1.
   - **1 (DOWN)**: The agent moves down to state 5.

Given this sequence, the agent seems to be struggling with effectively navigating the environment, often oscillating between states without making significant progress toward the goal. This behavior suggests a lack of effective learning or exploration strategy.

### Possible Strategy Recommendations:

1. **Improved Exploration**: 
   - **Epsilon-Greedy Strategy**: Implement an epsilon-greedy strategy with a decaying epsilon value to balance exploration and exploitation. This allows the agent to explore the environment more effectively in the early stages of training and exploit learned strategies later.
   - **Randomized Action Selection**: Introduce more randomness in action selection to prevent the agent from falling into repetitive patterns that do not yield progress.

2. **Reward Shaping**:
   - Consider incorporating intermediate rewards for reaching states closer to the goal or for avoiding holes, encouraging the agent to progress toward the goal state.

3. **State-Action Value Function**:
   - Ensure the Q-table (or equivalent policy representation) is being updated correctly. Double-check the learning rate and discount factor to ensure they are conducive to learning optimal policies.

4. **Environment Interaction**:
   - Increase the number of training episodes to give the agent more opportunities to learn from its interactions with the environment.
   - Consider using a model-based approach or incorporating domain knowledge to help the agent better understand the environment's dynamics.

5. **Algorithm Enhancements**:
   - Experiment with more advanced algorithms such as Q-Learning with Experience Replay or Deep Q-Networks (DQN) if computational resources allow. These methods can help the agent learn more complex strategies.

By implementing these strategies, the agent may improve its ability to navigate the FrozenLake environment and achieve the goal state more consistently.","To improve the agent's effectiveness in the FrozenLake environment, we should focus on enhancing exploration while still allowing for some exploitation of learned policies. Given the agent's current behavior, an epsilon-greedy strategy with a focus on exploration is advisable.

Let's assume we start with a relatively high epsilon value to encourage exploration, such as 0.9 (90% exploration, 10% exploitation). This means the agent will choose a random action 90% of the time and the best-known action (based on current knowledge) 10% of the time.

For the purpose of this task, we'll distribute the probabilities for the next episode's actions based on an exploratory approach. Since we don't have a specific policy or Q-values indicating which actions are currently optimal, we'll assume a uniform distribution for the exploratory part.

Here's how we can distribute the probabilities:

- With 90% probability, the agent will explore by selecting any action randomly.
- With 10% probability, the agent will exploit, which we will assume for now is uniformly distributed among actions since we don't have specific Q-values to guide us.

Therefore, the probability distribution for the actions can be calculated as follows:

- Exploration (90%): Each action has a probability of \( \frac{0.9}{4} = 0.225 \).
- Exploitation (10%): Each action has a probability of \( \frac{0.1}{4} = 0.025 \).

Adding these together gives each action a probability of:

- Total probability per action: \( 0.225 + 0.025 = 0.25 \).

Thus, the distribution for the 4 actions is:

```json
{0: 0.25, 1: 0.25, 2: 0.25, 3: 0.25}
```

This uniform distribution reflects a high exploration strategy, which is appropriate given the agent's current struggle with the environment. As the agent learns more about the environment and starts to develop a more effective policy, the epsilon value can be decayed to allow for more exploitation of the learned strategy."
6,0.0,0.0,0.97624,0.019792068749666214,N/A,N/A
7,0.0,0.0,0.97228,0.036977119743824005,N/A,N/A
8,0.0,0.0,0.96832,0.02822011336684227,N/A,N/A
9,0.0,0.0,0.96436,0.02252155914902687,N/A,N/A
10,0.0,0.0,0.9604,0.007167872041463852,"In the last episode of the training process on the FrozenLake-v1 environment, the agent received a total reward of 0.0, indicating that it did not successfully reach the goal state (state 15) during this episode. The action sequence extracted at intervals is [0, 0, 0, 1, 1, 1], which corresponds to the following movements:

- 0: LEFT
- 0: LEFT
- 0: LEFT
- 1: DOWN
- 1: DOWN
- 1: DOWN

Given the grid layout and the state numbering, let's analyze the agent's trajectory:

1. The agent starts at an unspecified initial state. 
2. The first three actions are LEFT, which suggests the agent is moving towards the leftmost column.
3. The next three actions are DOWN, indicating the agent is moving downward.

Since the total reward is 0.0, it implies that the agent either fell into a hole or did not reach the goal state. In the FrozenLake environment, certain grids are holes, and stepping on them ends the episode with no reward.

### Possible Issues:

1. **Suboptimal Policy**: The action sequence suggests the agent is following a suboptimal policy that does not lead to the goal state.
2. **Exploration vs. Exploitation**: The agent might be overly exploiting known paths that do not lead to the goal, rather than exploring new paths.
3. **State Misidentification**: The agent might be misidentifying states, leading to incorrect action choices.

### Strategy Recommendations:

1. **Improve Exploration**: Implement strategies like epsilon-greedy with a decaying epsilon or use exploration techniques like Upper Confidence Bound (UCB) to encourage the agent to explore more states and discover better paths to the goal.

2. **Reward Shaping**: Consider introducing intermediate rewards for reaching certain states or for specific actions that bring the agent closer to the goal. This can help guide the agent towards the goal state more effectively.

3. **State Value Initialization**: Initialize the state values optimistically to encourage exploration. This can help the agent learn more about the environment before settling on a particular policy.

4. **Review Learning Parameters**: Evaluate and adjust the learning rate and discount factor. A low learning rate might slow down learning, while an inappropriate discount factor might lead to shortsighted decisions.

5. **Algorithm Enhancement**: Consider using more advanced algorithms like Q-learning with function approximation (e.g., using neural networks) or deep reinforcement learning techniques if the current tabular approach is not sufficient.

By implementing these strategies, the agent should be able to improve its policy and achieve a higher success rate in reaching the goal state in future episodes.","To improve the task effectiveness in the FrozenLake-v1 environment, we'll focus on enhancing the exploration strategy. Given the previous episode's result and the need for better exploration, let's consider using an epsilon-greedy strategy with a decaying epsilon. This approach balances exploration and exploitation by allowing the agent to explore new actions with a certain probability (epsilon) while exploiting known actions with the remaining probability (1 - epsilon).

For the next episode, let's assume we start with an epsilon value of 0.3. This means there is a 30% chance of exploring (choosing a random action) and a 70% chance of exploiting (choosing the best-known action). Since we don't have specific information about the best action from the current policy, we'll distribute the exploration probability equally among all actions.

Here's how the action distribution would look like:

- Exploration probability (epsilon): 0.3
- Exploitation probability (1 - epsilon): 0.7

During exploration, the agent randomly selects one of the four actions, so each action during exploration has a probability of 0.3 / 4 = 0.075.

During exploitation, the agent selects the best-known action with a probability of 0.7. Since we don't have information on which action is currently the best, we'll assume a uniform distribution for simplicity, meaning each action will have an equal share of the exploitation probability.

Thus, the distribution of actions for the next episode would be as follows:

```python
{
    0: 0.075 + 0.175,  # Exploration + Exploitation
    1: 0.075 + 0.175,
    2: 0.075 + 0.175,
    3: 0.075 + 0.175
}
```

This simplifies to:

```python
{
    0: 0.25,
    1: 0.25,
    2: 0.25,
    3: 0.25
}
```

This equal distribution reflects a high level of exploration, which is suitable for early stages of learning or when the agent is stuck in suboptimal policies. As the agent learns and the value function converges, the epsilon can be decayed to allow for more exploitation of the learned policy."
11,0.0,0.0,0.95644,0.004767531529068947,N/A,N/A
12,0.0,0.0,0.95248,0.0013672346249222755,N/A,N/A
13,0.0,0.0,0.94852,0.010346469469368458,N/A,N/A
14,0.0,0.0,0.94456,0.0021299156360328197,N/A,N/A
15,0.0,0.0,0.9406,0.0032700439915060997,"In the last episode of the training process on the FrozenLake-v1 task, the agent's performance resulted in a total reward of 0.0. This indicates that the agent did not successfully reach the goal state, which is state 15, located at the bottom-right corner of the grid. Instead, the agent likely fell into one of the holes or got stuck in a loop, failing to complete the task.

### Analysis of the Action Sequence

The action sequence extracted at intervals is [1, 0, 1, 3, 1, 0, 0, 0, 3, 2]. Let's break down this sequence:

- **1 (DOWN)**: The agent attempts to move down.
- **0 (LEFT)**: The agent moves left.
- **1 (DOWN)**: The agent attempts to move down again.
- **3 (UP)**: The agent moves up.
- **1 (DOWN)**: The agent attempts to move down again.
- **0 (LEFT)**: The agent moves left.
- **0 (LEFT)**: The agent moves left.
- **0 (LEFT)**: The agent moves left.
- **3 (UP)**: The agent moves up.
- **2 (RIGHT)**: The agent moves right.

### Possible Issues

1. **Inefficient Exploration**: The sequence suggests that the agent might be exploring inefficiently, possibly moving in circles or oscillating between states without making progress towards the goal. For example, the sequence includes multiple left moves and an up move that might not contribute to reaching the goal.

2. **Lack of Goal-oriented Behavior**: The agent does not seem to have a clear strategy to navigate towards the goal state. The actions appear random and do not form a coherent path towards state 15.

3. **Falling into Holes**: Given that the total reward is 0.0, the agent likely fell into a hole at some point. This suggests that the agent's policy may not effectively avoid hazardous states.

### Strategy Recommendations

1. **Improved Exploration Strategy**: Implement exploration strategies such as epsilon-greedy with decay, which allows the agent to explore more effectively early in training and exploit known information as training progresses. This can help the agent discover better paths to the goal.

2. **Reward Shaping**: Introduce intermediate rewards to guide the agent towards the goal more effectively. For example, provide small positive rewards for moving closer to the goal or penalties for moving into states that lead to dead ends or holes.

3. **State Value Estimation**: Enhance the agent's ability to estimate the value of each state-action pair. Techniques such as Q-learning or SARSA could be fine-tuned to improve the agent's decision-making process.

4. **Policy Optimization**: Consider using policy gradient methods to directly optimize the policy. This can help in learning more sophisticated strategies that are not solely reliant on value estimation.

5. **Environment Understanding**: Ensure that the agent has a good understanding of the environment dynamics, possibly by increasing the number of training episodes or by using techniques such as transfer learning if applicable.

By addressing these areas, the agent can potentially improve its performance in future episodes, increasing the likelihood of reaching the goal state and achieving a higher total reward.","To improve the agent's performance in the FrozenLake environment, we need to adjust the action selection strategy to encourage more effective exploration while reducing the likelihood of falling into holes or getting stuck in loops. Given the analysis of the agent's previous behavior, we can design a probability distribution for action exploration that balances exploration and exploitation.

A common approach is to use an epsilon-greedy strategy, where the agent mostly exploits its current knowledge but occasionally explores new actions. We can set a higher probability for exploration actions that are more likely to lead towards the goal state, while still allowing some randomness to discover potentially better paths.

Let's assume an epsilon value (ε) of 0.2 for exploration, which means that 20% of the time, the agent will choose an action randomly, and 80% of the time, it will choose the action it currently believes is best. Given the grid layout and the goal location, actions that move the agent towards the bottom-right corner should generally be prioritized.

Here's a suggested probability distribution for the next episode:

- **0 (LEFT)**: This action is less likely to move towards the goal, so it should have a lower probability.
- **1 (DOWN)**: This action moves the agent towards the bottom of the grid, potentially closer to the goal.
- **2 (RIGHT)**: This action moves the agent towards the right of the grid, also potentially closer to the goal.
- **3 (UP)**: This action is less likely to move towards the goal, so it should have a lower probability.

Given these considerations, a possible probability distribution could be:

```python
{0: 0.15, 1: 0.35, 2: 0.35, 3: 0.15}
```

This distribution prioritizes moving down and right, which generally aligns with moving towards the bottom-right goal state, while still allowing some exploration in other directions to avoid potential pitfalls and discover new paths."
16,0.0,0.0,0.93664,0.0013062006328254938,N/A,N/A
17,0.0,0.0,0.93268,0.0016274318331852555,N/A,N/A
18,0.0,0.0,0.92872,0.003006335813552141,N/A,N/A
19,0.0,0.0,0.92476,0.002771881176158786,N/A,N/A
20,0.0,0.0,0.9208,0.0012354659847915173,"In the final episode of the training process on the FrozenLake-v1 environment, the agent received a total reward of 0.0, indicating that it did not successfully reach the goal state (state 15) to earn the +1 reward. The action sequence extracted at intervals was [2, 3, 2, 1, 2], which corresponds to the actions RIGHT, UP, RIGHT, DOWN, and RIGHT.

### Analysis:

1. **Action Sequence Evaluation:**
   - The agent's movement pattern suggests it might be oscillating between certain states without making significant progress toward the goal.
   - The sequence indicates the agent moved RIGHT (2), then UP (3), which might have led it back to a previous row, potentially undoing progress.
   - The subsequent actions (RIGHT, DOWN, RIGHT) suggest an attempt to move toward the bottom-right corner, but the lack of a reward implies it did not reach the goal.

2. **State Transition and Termination:**
   - Given the total reward is 0.0, it's possible the agent either fell into a hole or ended up in a loop without reaching the goal.
   - The environment's stochastic nature (if using the slippery version) might have caused unintended transitions, especially if the agent was close to holes.

3. **Policy and Exploration Issues:**
   - The action sequence might reflect an underdeveloped policy where the agent is not effectively balancing exploration and exploitation.
   - The agent might be stuck in a local optimum, repeatedly exploring a suboptimal path due to insufficient exploration of the state space.

### Recommendations:

1. **Enhance Exploration:**
   - Increase exploration parameters (e.g., epsilon in an epsilon-greedy strategy) to encourage the agent to explore more diverse paths and discover the optimal route to the goal.
   - Consider using exploration strategies like epsilon decay or softmax to dynamically adjust exploration over time.

2. **Policy Refinement:**
   - Evaluate and potentially adjust the reward function or learning rate to ensure the agent correctly values reaching the goal versus avoiding holes.
   - Incorporate techniques like Q-learning or SARSA with eligibility traces to better capture the value of state-action pairs.

3. **State and Action Analysis:**
   - Analyze state transitions and action effectiveness to identify any patterns or common pitfalls, such as frequently falling into holes.
   - Implement a visualization of the agent's path to better understand its decision-making process and adjust strategies accordingly.

4. **Model Enhancements:**
   - If using a model-free approach, consider integrating a model-based component to improve planning and foresight.
   - Explore the use of function approximators like neural networks if computational resources permit, especially if the environment is extended to larger grid sizes in future tasks.

By addressing these areas, the agent can improve its policy, leading to more consistent and successful navigation of the FrozenLake environment.","To improve the agent's effectiveness in the FrozenLake environment, it's crucial to adjust the exploration strategy to ensure a better balance between exploration and exploitation. Given the analysis, the agent seems to be stuck in suboptimal paths and possibly falling into holes. To encourage more exploration, we can use an epsilon-greedy strategy where epsilon is set to a higher value initially to promote exploration.

Assuming we want to use an epsilon-greedy approach with an epsilon value of 0.25, this would mean that the agent will explore (choose a random action) 25% of the time and exploit (choose the best-known action) 75% of the time. In this context, we can distribute the exploration probability equally among all actions when exploring.

Here's how the action distribution could look:

- Exploit the best-known action with a probability of 0.75.
- Distribute the remaining 0.25 probability equally among all actions for exploration.

Assuming we don't have a specific best-known action from the given data, we will distribute the exploration probability evenly across all actions. This leads to the following distribution:

```python
{0: 0.25 / 4, 1: 0.25 / 4, 2: 0.25 / 4, 3: 0.25 / 4}
```

Given that the best-known action isn't specified, we distribute the exploration probability equally:

```python
{0: 0.0625, 1: 0.0625, 2: 0.0625, 3: 0.0625}
```

Since we don't have the best-known action specified, we assume equal probability for all actions due to exploration:

```python
{0: 0.25, 1: 0.25, 2: 0.25, 3: 0.25}
```

This distribution assumes that we're focusing on exploration, as the best action isn't specified. If you had a specific action that was the current best based on the Q-values, you would assign 0.75 to that action and distribute the rest among the others."
21,0.0,0.0,0.91684,0.0025739972479641438,N/A,N/A
22,0.0,0.0,0.91288,0.0012997332960367203,N/A,N/A
23,0.0,0.0,0.90892,0.0009420118294656277,N/A,N/A
24,0.0,0.0,0.90496,0.0010012979619204998,N/A,N/A
25,0.0,0.0,0.901,0.0005827888380736113,"In the last episode of training on the FrozenLake-v1 environment, the agent received a total reward of 0.0, indicating that it did not successfully reach the goal state (state 15) during this episode. The action sequence extracted at intervals was [3, 3, 0, 2, 0, 0, 3, 0, 2, 0, 2, 1], which corresponds to the following actions:

- 3: UP
- 3: UP
- 0: LEFT
- 2: RIGHT
- 0: LEFT
- 0: LEFT
- 3: UP
- 0: LEFT
- 2: RIGHT
- 0: LEFT
- 2: RIGHT
- 1: DOWN

### Analysis:

1. **Initial Movements**: The agent starts with two consecutive UP actions. Depending on the starting position, these actions may have been ineffective or led the agent into a corner or a dead-end, as the top row does not have any upward movement.

2. **Lateral Movements**: The agent then performs a series of LEFT and RIGHT movements. This suggests that the agent is oscillating between states, possibly due to uncertainty about the optimal path or because of an incorrect policy that doesn't effectively guide it toward the goal.

3. **Lack of Goal-Oriented Movement**: The action sequence does not show a clear pattern of moving towards the bottom-right corner of the grid (state 15). Instead, it seems the agent is exploring or getting stuck in loops, which reflects a lack of a coherent strategy to reach the goal.

4. **No Reward Achieved**: Since the total reward is 0.0, it indicates that the agent either fell into a hole (which terminates the episode with no reward) or did not reach the goal state within the episode's step limit.

### Strategy Recommendations:

1. **Improving Exploration**: 
   - **Epsilon-Greedy Strategy**: If not already implemented, consider using an epsilon-greedy strategy to balance exploration and exploitation. This will help the agent explore more diverse paths rather than sticking to suboptimal loops.
   - **Decaying Epsilon**: Implement a decaying epsilon value to gradually shift from exploration to exploitation as training progresses.

2. **Reward Shaping**:
   - Consider introducing intermediate rewards for moving closer to the goal, which can help guide the agent more effectively during the learning process.

3. **State Value Estimation**:
   - Ensure that the value function (or Q-table) is being updated correctly. If using a Q-learning approach, verify the learning rate and discount factor settings to ensure they are conducive to learning the optimal policy.

4. **Policy Evaluation and Improvement**:
   - If using a policy-based method, evaluate the policy to ensure it is improving over time. Consider using policy gradient methods or actor-critic approaches to enhance learning.

5. **Environment Familiarization**:
   - Allow the agent to have more episodes to learn the environment dynamics. More exposure might help it to learn the consequences of actions better, especially in avoiding holes.

6. **Debugging and Visualization**:
   - Visualize the agent's path during episodes to identify where it might be making poor decisions. This can provide insights into specific states or transitions that require more attention.

By implementing these strategies, the agent should be able to improve its performance and eventually learn a policy that successfully navigates the FrozenLake environment to reach the goal state.","To improve the task effectiveness in the FrozenLake environment, it's essential to balance exploration and exploitation. Given the previous episode's results, the agent seems to be exploring suboptimal paths, possibly due to an ineffective policy. Implementing an epsilon-greedy strategy with a focus on exploration can help the agent discover more effective paths.

For the next episode, consider using an epsilon-greedy approach where most of the time (1-epsilon), the agent selects the action with the highest estimated value (exploitation), and with a small probability epsilon, it selects a random action (exploration). Initially, a higher epsilon value encourages exploration, which can be decayed over time.

Let's assume an initial epsilon value of 0.3 for exploration, which means the agent will explore 30% of the time and exploit 70% of the time. During exploration, each action should have an equal probability of being selected.

With epsilon = 0.3, the probability distribution for actions is as follows:

- Exploit the best-known action 70% of the time.
- Explore any action 30% of the time, distributed equally among all actions.

If we assume a uniform distribution during exploration, the probability distribution for each action should be:

- Exploitation (best action): 0.7 + (0.3 / 4) = 0.775 for the best action
- Exploration (other actions): 0.3 / 4 = 0.075 for each of the other three actions

Since we don't yet know which action is the best (as it should be determined by the Q-values or policy), we'll distribute the exploration probability equally among all actions. Here's the distribution assuming equal probability during exploration:

```python
{0: 0.075, 1: 0.075, 2: 0.075, 3: 0.075}
```

This distribution reflects exploration. As the agent learns, the distribution should shift more towards exploitation by increasing the probability of the best-known actions based on the learned Q-values or policy."
26,0.0,0.0,0.8970400000000001,0.0006931498064659536,N/A,N/A
27,0.0,0.0,0.89308,0.0004926588153466582,N/A,N/A
28,0.0,0.0,0.88912,0.0010353887919336557,N/A,N/A
29,0.0,0.0,0.88516,0.0005107583710923791,N/A,N/A
30,0.0,0.0,0.8812,0.000904489541426301,"In the last episode of the training process on the FrozenLake-v1 environment, the agent received a total reward of 0.0, indicating that it did not successfully reach the goal state (state 15) in this episode. The action sequence extracted at intervals is [2, 0, 2, 2, 1, 0], which corresponds to the actions RIGHT, LEFT, RIGHT, RIGHT, DOWN, and LEFT.

### Analysis:

1. **Action Sequence and State Transitions**:
   - The agent's movements, as indicated by the action sequence, suggest a pattern of indecisiveness or lack of a clear strategy to reach the goal.
   - The sequence includes moving right twice consecutively, followed by moving left, which may indicate backtracking or ineffective exploration.
   - The agent's movements do not appear to be directed towards the goal state in a systematic manner, as it seems to oscillate between certain states without making progress towards the lower right corner of the grid.

2. **Reward**:
   - The total reward of 0.0 implies that the agent did not reach the goal state and possibly fell into a hole or ran out of moves before reaching the goal.
   - This suggests that the agent either lacks sufficient knowledge of the environment or is not applying an effective policy to navigate the grid.

3. **Possible Holes**:
   - Given the FrozenLake environment typically has holes, it's possible that the agent stepped into a hole during its journey, ending the episode prematurely without reaching the goal.

### Strategy Recommendations:

1. **Improved Exploration**:
   - Implement exploration strategies such as epsilon-greedy, where the agent occasionally takes random actions to explore the state space more thoroughly. This will help the agent discover new paths and potentially avoid holes.

2. **Policy Optimization**:
   - Consider using policy optimization algorithms like Q-learning or SARSA to improve the agent's decision-making process. This will allow the agent to learn the value of each state-action pair, guiding it towards more rewarding paths.

3. **Reward Shaping**:
   - Introduce intermediate rewards for reaching certain states closer to the goal or for avoiding holes. This can provide additional guidance and motivation for the agent to make progress towards the goal.

4. **State Visitation Analysis**:
   - Analyze the frequency of state visits to identify patterns or biases in the agent's movements. This information can be used to adjust the agent's policy to favor less-visited states that might lead to the goal.

5. **Environment Visualization**:
   - Visualize the environment and the agent's path to better understand its behavior and identify potential pitfalls or areas of improvement in its navigation strategy.

By implementing these strategies, the agent can potentially improve its performance and increase its chances of successfully reaching the goal state in future episodes.","To improve the agent's performance in the FrozenLake environment, it is essential to balance exploration and exploitation effectively. Given the agent's previous performance and the need to explore the environment more thoroughly, an epsilon-greedy strategy can be beneficial. This strategy involves selecting the best-known action most of the time (exploitation) while occasionally selecting a random action (exploration) to discover new paths.

For a typical epsilon-greedy strategy, we can set a small epsilon value (e.g., 0.1) to allow for exploration. This means that 90% of the time, the agent will choose the action that it currently believes is the best (based on its policy or value function), and 10% of the time, it will choose a random action.

Given this strategy, the action distribution can be set as follows:

- Assign 90% of the probability to the action that seems most promising based on the current policy or Q-values. Since the problem doesn't specify which action is currently optimal, we'll distribute this probability evenly among all actions for simplicity, assuming no prior knowledge of optimal actions.
- Assign the remaining 10% probability equally among all actions for exploration.

This results in the following action distribution:

```python
{
    0: 0.225,  # LEFT
    1: 0.225,  # DOWN
    2: 0.225,  # RIGHT
    3: 0.225   # UP
}
```

This distribution assumes equal probability for each action due to lack of specific information about which actions are currently considered optimal. If there is a known preferred action based on previous learning (e.g., if one action is believed to lead closer to the goal), adjust the probabilities accordingly to favor that action more heavily."
31,0.0,0.0,0.87724,0.0010396091965958476,N/A,N/A
32,0.0,0.0,0.8732800000000001,0.0003466323541942984,N/A,N/A
33,0.0,0.0,0.86932,0.00017547102470416576,N/A,N/A
34,0.0,0.0,0.86536,0.0008256317232735455,N/A,N/A
35,0.0,0.0,0.8613999999999999,0.0005331790307536721,"In the last episode of the training process for the FrozenLake-v1 environment, the agent received a total reward of 0.0, indicating that it did not successfully reach the goal state (state 15) to receive the +1 reward. The action sequence extracted at intervals was [0, 3, 3, 1, 3, 0, 0, 2, 2, 3, 2, 1]. Let's analyze the agent's trajectory and identify potential issues and strategies for improvement.

### Analysis:

1. **Initial Position and Movement:**
   - The agent starts at an initial position, likely state 0 (top-left corner), and begins its movement based on the action sequence.
   - The first action is 0 (LEFT), which might not change the agent's position if it starts at the leftmost column. This indicates a potentially wasted move.

2. **Action Sequence:**
   - The sequence includes several actions that could lead the agent in circles or towards non-goal states. For instance, actions like [3, 3] (UP, UP) could lead the agent back to a previous row, indicating inefficient movement.
   - The sequence [0, 0] (LEFT, LEFT) suggests further inefficient movement, especially if the agent is already at the left boundary.

3. **Lack of Goal-Oriented Movement:**
   - The actions do not consistently progress towards the bottom-right corner (state 15). 
   - The agent's trajectory likely included stepping into holes or moving back and forth between states without a clear path to the goal.

4. **Reward Outcome:**
   - The total reward of 0.0 confirms that the agent did not reach the goal state and potentially fell into a hole or failed to navigate effectively.

### Recommendations for Strategy Improvement:

1. **Policy Refinement:**
   - Consider refining the policy to prioritize actions that consistently move the agent towards the goal state, such as a combination of DOWN (1) and RIGHT (2) when appropriate.
   - Implement exploration strategies that emphasize learning from successful trajectories reaching the goal.

2. **State Value Estimation:**
   - Improve the value estimation of states to better differentiate between beneficial and detrimental states, focusing on avoiding holes and dead-end paths.

3. **Action Selection Strategy:**
   - Use an epsilon-greedy strategy or similar to balance exploration and exploitation, ensuring the agent explores new paths while leveraging learned policies.
   - Consider using a decay schedule for exploration to gradually shift towards exploitation as learning progresses.

4. **Reward Shaping:**
   - Introduce intermediate rewards for reaching certain milestones or progressing towards the goal to encourage goal-oriented behavior.
   - Penalize movements that lead to repeated states or inefficient loops.

5. **Environment Understanding:**
   - Enhance the agent's understanding of the environment map, possibly by incorporating a model-based approach where the agent learns the map layout and adjusts its strategy accordingly.

By implementing these strategies, the agent can improve its ability to navigate the FrozenLake environment effectively, reducing unnecessary movements and increasing the likelihood of reaching the goal state.","To improve the agent's effectiveness in reaching the goal state in the FrozenLake environment, we need to adjust the action selection strategy to better guide the agent towards the goal state (state 15) while avoiding holes and inefficient loops. Given the analysis, we should prioritize actions that generally move the agent towards the bottom-right corner of the grid, which are DOWN (1) and RIGHT (2). However, we must also allow for some exploration to learn the environment effectively.

A common approach is to use an epsilon-greedy strategy where we mostly exploit the current best-known actions but allow for some exploration. Let's assume a moderate level of exploration with epsilon (ε) set to 0.2, meaning there is a 20% chance of exploring random actions and an 80% chance of exploiting the best actions.

Given this strategy, we can distribute the probabilities as follows:
- Assign higher probabilities to DOWN (1) and RIGHT (2) since they generally move the agent towards the goal.
- Assign lower probabilities to LEFT (0) and UP (3) since they are less likely to be beneficial.

Here's a potential probability distribution for the actions:

```python
{
    0: 0.1,  # LEFT
    1: 0.4,  # DOWN
    2: 0.4,  # RIGHT
    3: 0.1   # UP
}
```

This distribution reflects a strategy that favors moving towards the goal while still allowing for some exploration in other directions to adapt to the environment's stochastic nature and learn from different trajectories."
36,0.0,0.0,0.85744,0.00022995786275714636,N/A,N/A
37,0.0,0.0,0.85348,0.000912833958864212,N/A,N/A
38,0.0,0.0,0.84952,0.0008078863029368222,N/A,N/A
39,0.0,0.0,0.84556,0.0002806326956488192,N/A,N/A
40,0.0,0.0,0.8416,0.0008087053429335356,"In the final episode of training on the FrozenLake-v1 environment, the agent achieved a total reward of 0.0, indicating that it did not reach the goal state (state 15) during this episode. The action sequence extracted at intervals was [1, 2], which corresponds to the actions DOWN and RIGHT, respectively. This suggests that the agent attempted to move downwards and then to the right during its exploration of the grid.

### Analysis:
1. **State Transitions**: Given the sparse action sequence, it is likely that the agent did not explore the environment thoroughly. The sequence [1, 2] indicates that the agent started with a downward move, followed by a rightward move. Depending on the initial position, this could have led the agent into a hole or simply into a non-goal state.

2. **Reward Outcome**: The total reward of 0.0 confirms that the agent did not reach the goal state. It might have either fallen into a hole, which ends the episode immediately, or simply navigated non-terminal states without reaching the goal.

3. **Exploration vs. Exploitation**: The limited action sequence suggests that the agent might not be exploring the environment effectively. This could be due to a high exploitation rate, leading to repetitive actions that do not yield better outcomes.

### Strategy Recommendations:
1. **Enhance Exploration**: Consider increasing the exploration rate (epsilon in an epsilon-greedy strategy) to allow the agent to explore more diverse paths. This can help the agent discover new strategies that may lead to the goal state.

2. **Review Reward Structure**: Ensure that the reward structure is appropriately set to encourage reaching the goal. Although the current reward structure is standard for FrozenLake, consider implementing intermediate rewards for reaching specific states to guide the agent.

3. **Increase Episode Length**: If the episode length is too short, the agent might not have enough time to explore and learn effective strategies. Consider increasing the maximum number of steps per episode.

4. **Use of Q-Learning or SARSA**: Ensure that the agent's learning algorithm (e.g., Q-Learning or SARSA) is correctly implemented and tuned. Check the learning rate and discount factor to balance learning speed and stability.

5. **Visualize the Path**: Visualize the agent's path in the grid to identify patterns or common pitfalls. This can provide insights into specific areas where the agent struggles.

6. **Analyze State-Action Values**: Review the learned state-action values to identify any potential biases or inaccuracies in the agent's understanding of the environment.

By implementing these strategies, the agent's performance in navigating the FrozenLake environment can potentially improve, increasing the likelihood of reaching the goal state successfully.","To improve the agent's effectiveness in the FrozenLake environment, we need to adjust the action selection strategy to enhance exploration while maintaining some level of exploitation. Given the previous episode's outcome, it seems the agent did not explore sufficiently, likely due to a high exploitation rate. 

To address this, we will use an epsilon-greedy strategy where we increase the exploration rate (epsilon) to allow the agent to try different actions more frequently. This will help the agent discover new paths and potentially reach the goal state.

Let's assume we decide to set epsilon to 0.3 for the next episode, which means there is a 30% chance of selecting a random action (exploration), and a 70% chance of selecting the best-known action (exploitation). Given that we don't have specific Q-values or a policy indicating the best action, we'll distribute the exploration probability equally among all actions.

Here's how the action probabilities would be distributed:

- Exploration probability: 0.3 (distributed equally among the 4 actions)
- Exploitation probability: 0.7 (currently, we assume no specific action is preferred due to lack of detailed Q-values)

For equal exploration, each action gets an equal share of the exploration probability:

- Exploration: 0.3 / 4 = 0.075 for each action

Assuming no specific action preference for exploitation (since we lack detailed Q-values), we distribute the exploitation probability equally as well:

- Exploitation: 0.7 / 4 = 0.175 for each action

Combining both exploration and exploitation probabilities for each action, we get:

- Total probability for each action: 0.075 (exploration) + 0.175 (exploitation) = 0.25

Therefore, the action distribution would be:

```python
{0: 0.25, 1: 0.25, 2: 0.25, 3: 0.25}
```

This distribution reflects a balanced approach, allowing the agent to explore all actions equally while still maintaining some level of exploitation. As the agent learns and accumulates more knowledge about the environment, you can adjust the probabilities to favor actions that lead to higher rewards."
41,0.0,0.0,0.8376399999999999,0.00014917175576556474,N/A,N/A
42,0.0,0.0,0.83368,0.0001985464768949896,N/A,N/A
43,0.0,0.0,0.82972,0.00018240306235384196,N/A,N/A
44,0.0,0.0,0.82576,0.00011640507727861404,N/A,N/A
45,0.0,0.0,0.8218,0.011869200505316257,"The final episode of the training process on the FrozenLake-v1 task resulted in a total reward of 0.0, indicating that the agent failed to reach the goal state (state 15) and likely fell into one of the holes or got stuck in a loop without making progress. Let's analyze the action sequence and provide some recommendations for improvement.

### Analysis of the Action Sequence:

1. **Action Sequence**: [2, 0, 0, 3, 0, 3, 0, 0, 2, 0, 0, 3, 1, 1, 0, 2, 3]
   - **Initial Actions**: The sequence starts with [2, 0, 0], which translates to moving RIGHT, LEFT, LEFT. This indicates a lack of direction, as the agent moves back and forth.
   - **Repeated Actions**: There are multiple instances of repeated actions, such as [0, 0] (LEFT, LEFT) and [3, 3] (UP, UP), suggesting the agent might be stuck in a loop or oscillating between states.
   - **Lack of Progress**: The sequence contains several LEFT and UP actions, which are generally not optimal for progressing towards the goal state (state 15) located at the bottom-right corner of the grid.
   - **Possible Termination**: The sequence ends with [2, 3], indicating a move RIGHT followed by UP. This could suggest the agent moved into a hole or failed to reach the goal before the maximum number of steps allowed.

### Possible Strategy Recommendations:

1. **Exploration vs. Exploitation Balance**:
   - Ensure the agent is exploring the environment adequately. If the agent is stuck in loops, it may be over-exploiting known actions. Consider adjusting exploration parameters like epsilon in an epsilon-greedy policy to encourage more exploration.

2. **Reward Shaping**:
   - Introduce intermediate rewards for reaching certain states or making progress towards the goal. This can guide the agent more effectively and prevent it from getting stuck in non-productive loops.

3. **State Visitation Tracking**:
   - Implement a mechanism to track state visitation frequencies. Penalize repeated visits to the same state within an episode to discourage loops and encourage exploration of new states.

4. **Learning Rate and Discount Factor**:
   - Review and adjust the learning rate and discount factor. A high learning rate might cause instability, while a low discount factor might not prioritize future rewards sufficiently.

5. **Policy and Value Function Review**:
   - Analyze the policy and value function approximations to ensure they are learning effectively. If using function approximators like neural networks, check for overfitting or underfitting issues.

6. **Environment Dynamics Understanding**:
   - Ensure the agent has a good understanding of the environment dynamics, especially the locations of holes. Consider using a model-based approach or providing additional information about the environment layout.

By implementing these strategies, the agent's performance on the FrozenLake task can be improved, increasing the likelihood of successfully reaching the goal state.","To improve the agent's performance on the FrozenLake-v1 task, we need to adjust the probability distribution for action exploration. The analysis suggests that the agent is stuck in loops and not making sufficient progress towards the goal. Therefore, we should encourage more exploration, especially towards the goal state, while maintaining a balance with exploitation of known strategies.

Given the action space:

- 0: LEFT
- 1: DOWN
- 2: RIGHT
- 3: UP

For a 4x4 grid where the goal is in the bottom-right corner, actions DOWN (1) and RIGHT (2) are generally more favorable for progressing towards the goal state (state 15). However, to prevent the agent from getting stuck in loops and to ensure adequate exploration, we should still assign some probability to LEFT (0) and UP (3).

Here's a suggested probability distribution for the actions:

- Assign higher probabilities to actions that move towards the goal (DOWN and RIGHT).
- Assign lower probabilities to actions that might lead to loops or less progress (LEFT and UP).

A reasonable distribution might be:

```python
{
    0: 0.15,  # LEFT
    1: 0.35,  # DOWN
    2: 0.35,  # RIGHT
    3: 0.15   # UP
}
```

This distribution prioritizes exploration towards the goal state while still allowing some exploration in other directions to avoid local loops and ensure a comprehensive understanding of the environment. Adjustments can be made based on further observations and performance evaluations."
46,0.0,0.0,0.81784,0.00012987697846256196,N/A,N/A
47,0.0,0.0,0.8138799999999999,0.00039794514304958284,N/A,N/A
48,0.0,0.0,0.80992,0.000488265446620062,N/A,N/A
49,0.0,0.0,0.80596,0.01070247683674097,N/A,N/A
50,0.0,0.0,0.802,0.0003126052615698427,"In the last episode of training in the FrozenLake-v1 environment, the agent received a total reward of 0.0, indicating that it did not successfully reach the goal state (state 15) to earn the +1 reward. The action sequence extracted at intervals is [2, 1], which corresponds to the agent taking the actions ""RIGHT"" and ""DOWN.""

### Analysis:

1. **Action Sequence**: 
   - The sequence [2, 1] suggests that the agent moved ""RIGHT"" first and then ""DOWN."" This limited sequence does not provide enough steps to determine the complete trajectory or the final position of the agent. However, it indicates a partial strategy of moving towards the bottom-right corner, which is where the goal state is located.

2. **Reward**:
   - The total reward of 0.0 implies that the agent either fell into a hole or did not reach the goal state within the episode. In FrozenLake, stepping into a hole terminates the episode immediately with no reward, and failing to reach the goal within the episode length also results in a reward of 0.

3. **Exploration vs. Exploitation**:
   - The agent might not be exploring the environment effectively enough to learn the optimal path to the goal. Alternatively, it might be exploiting a suboptimal policy that does not consistently lead to the goal.

4. **State Transitions**:
   - Without additional information about the states visited, it's unclear whether the agent is consistently avoiding or falling into holes. The presence of holes in the grid requires careful navigation, which the agent might not have learned yet.

### Strategy Recommendations:

1. **Increase Exploration**:
   - Adjust the exploration strategy (e.g., epsilon-greedy) to ensure the agent explores more diverse paths. This can help the agent discover paths that lead to the goal while avoiding holes.

2. **Reward Shaping**:
   - Introduce intermediate rewards to encourage the agent to move towards the goal. For example, small negative rewards for each step can discourage wandering, or positive rewards for reaching certain safe states can guide the agent.

3. **State-Action Value Function**:
   - Focus on improving the state-action value function estimation. Ensure that the learning rate and discount factor are set appropriately to balance learning speed and stability.

4. **Environment Visualization**:
   - Use visualization tools to understand the agent's trajectory and identify common failure points, such as frequently visited holes.

5. **Increase Episode Length**:
   - Allow longer episodes to give the agent more time to explore and learn from its actions, especially if it frequently runs out of time before reaching the goal.

6. **Algorithm Tuning**:
   - Consider tuning hyperparameters of the learning algorithm or experimenting with different algorithms (e.g., Q-learning, SARSA) to find one that better suits the environment's dynamics.

By implementing these strategies, the agent should improve its performance in navigating the FrozenLake environment, ultimately increasing the likelihood of reaching the goal state and achieving higher rewards.","To improve the agent's performance in the FrozenLake environment, we need to enhance its exploration strategy to ensure it effectively learns the optimal path to the goal while avoiding holes.

Given the previous episode's outcome and the need for better exploration, we should consider using an epsilon-greedy strategy with a higher exploration rate. This strategy allows the agent to explore more diverse paths, increasing the chance of discovering the optimal path to the goal.

Assuming we want to set a higher exploration rate for the next episode, let's say we choose an epsilon value of 0.3. This means the agent will explore a random action 30% of the time and exploit the current policy 70% of the time. Since we don't have specific knowledge of the current policy's action preferences, we'll assume a uniform distribution for exploitation.

Here's how we can distribute the probabilities for the actions:

- Exploration (random action): 0.3 probability distributed equally among all actions.
- Exploitation (based on current policy): 0.7 probability distributed equally among all actions (since we lack specific action preferences).

The probability distribution for each action would be calculated as follows:

- Exploration contribution: 0.3 / 4 = 0.075 for each action.
- Exploitation contribution: 0.7 / 4 = 0.175 for each action.

Total probability for each action:

- Action 0 (LEFT): 0.075 + 0.175 = 0.25
- Action 1 (DOWN): 0.075 + 0.175 = 0.25
- Action 2 (RIGHT): 0.075 + 0.175 = 0.25
- Action 3 (UP): 0.075 + 0.175 = 0.25

Therefore, the probability distribution for the actions in the next episode would be:

```python
{0: 0.25, 1: 0.25, 2: 0.25, 3: 0.25}
```

This distribution encourages exploration by giving equal probability to all actions, allowing the agent to explore different paths and learn more about the environment. As the agent improves and learns the environment, the exploration rate can be gradually decreased to favor exploitation of the learned policy."
51,0.0,0.0,0.7980400000000001,0.00031807812047190964,N/A,N/A
52,0.0,0.0,0.79408,0.00018249174172524363,N/A,N/A
53,0.0,0.0,0.79012,0.0005928259342908859,N/A,N/A
54,0.0,0.0,0.78616,0.0004888628609478474,N/A,N/A
55,0.0,0.0,0.7822,0.0012116574216634035,"In the last episode of the training process on the FrozenLake-v1 environment, the agent received a total reward of 0.0, indicating that it did not successfully reach the goal state (state 15) during this episode. The action sequence taken by the agent was [3, 2, 0, 3, 1, 1, 1], which corresponds to the movements: UP, RIGHT, LEFT, UP, DOWN, DOWN, DOWN.

### Analysis of the Action Sequence:

1. **Initial Position and Movement:**
   - The agent starts at state 0 (top-left corner).
   - Action 3 (UP) is ineffective at the initial position because the agent is already at the top row, resulting in no change in position.
   
2. **Subsequent Actions:**
   - Action 2 (RIGHT) moves the agent to state 1 (from state 0).
   - Action 0 (LEFT) moves the agent back to state 0.
   - Another Action 3 (UP) is again ineffective as the agent remains at state 0.
   
3. **Movement Towards the Goal:**
   - Action 1 (DOWN) moves the agent to state 4.
   - The following actions 1 (DOWN) and 1 (DOWN) move the agent sequentially to states 8 and 12.

### Observations:

- The agent did not take an optimal path towards the goal state. Instead, it ended up in state 12, which is in the bottom row but not the goal state.
- The sequence reflects some inefficient movements, such as moving back to a previous state (RIGHT to state 1, then LEFT back to state 0) and attempting to move UP when already at the top row.
- The agent did not encounter a hole in this sequence, as the episode ended without a negative reward or prematurely terminating.

### Recommendations for Strategy Improvement:

1. **State Exploration and Exploitation Balance:**
   - Ensure that the exploration-exploitation balance is optimized. The agent may be exploring too much without exploiting known successful paths. Adjusting the exploration rate (epsilon in epsilon-greedy strategies) could be beneficial.

2. **Policy Evaluation and Improvement:**
   - Implement policy evaluation techniques to better assess the value of each state-action pair and improve the policy based on these evaluations.

3. **Reward Shaping:**
   - Introduce intermediate rewards to encourage progress towards the goal. For instance, a small positive reward for moving closer to the goal or reaching certain key states might guide the agent more effectively.

4. **Learning Rate and Discount Factor:**
   - Review the learning rate and discount factor settings. A higher learning rate might help the agent adapt more quickly, while the discount factor should reflect the importance of future rewards.

5. **Algorithm Enhancement:**
   - Consider using more advanced algorithms like Q-learning with experience replay or Double Q-learning to improve the agent’s learning process.

6. **Visualization and Analysis:**
   - Visualize the agent’s path during training to identify patterns or common pitfalls. This can provide insights into specific areas where the agent struggles and help in refining the strategy.

By focusing on these recommendations, the agent’s performance in the FrozenLake environment can be improved, increasing the likelihood of successfully reaching the goal state in future episodes.","To improve the agent's performance in the FrozenLake environment, we need to adjust the exploration strategy to encourage more effective movement towards the goal while reducing inefficient actions. Given the analysis of the previous episode, we can suggest a probability distribution that slightly favors actions that are more likely to progress towards the goal, while still allowing some exploration.

### Considerations:
1. **Avoid Ineffective Actions:** The agent should avoid actions that are ineffective at certain states, like moving UP when it is already at the top row.
2. **Encourage Progression:** Favor actions that typically lead to progress towards the goal, such as moving DOWN or RIGHT, especially in the early stages when the agent is on the left side of the grid.
3. **Balanced Exploration:** Maintain some level of exploration to allow the agent to discover potential new paths and strategies.

### Proposed Action Probability Distribution:
- **0: LEFT** - Should be less favored as it often leads back to previous states unless strategically beneficial.
- **1: DOWN** - Should be favored as it moves the agent closer to the goal when on the left side of the grid.
- **2: RIGHT** - Important for moving across the grid towards the goal, especially in the first two rows.
- **3: UP** - Should be less favored unless the agent is in the bottom rows where moving UP might be necessary to avoid holes or dead ends.

Given these considerations, a reasonable probability distribution for the next episode could be:

```python
{0: 0.15, 1: 0.35, 2: 0.35, 3: 0.15}
```

### Explanation:
- **LEFT (0):** 0.15 - Lower probability to reduce unnecessary backtracking.
- **DOWN (1):** 0.35 - Higher probability to encourage movement towards the goal state.
- **RIGHT (2):** 0.35 - Higher probability to promote lateral movement across the grid.
- **UP (3):** 0.15 - Lower probability to prevent ineffective upward movements, but still allowing some exploration.

This distribution maintains a balance between exploration and exploitation, slightly favoring actions that are more likely to lead towards the goal while allowing for enough exploration to discover effective strategies. Adjustments can be made based on further observations of the agent's performance."
56,0.0,0.0,0.77824,0.0016465159133076668,N/A,N/A
57,0.0,0.0,0.77428,0.00047736550914123654,N/A,N/A
58,0.0,0.0,0.77032,0.000732366053853184,N/A,N/A
59,0.0,0.0,0.76636,0.004265505820512772,N/A,N/A
60,0.0,0.0,0.7624,0.0006519572925753891,"In the last episode of the training process on the FrozenLake-v1 environment, the agent received a total reward of 0.0, indicating that it did not successfully reach the goal state (state 15) at the bottom-right corner of the grid. Instead, it either fell into one of the holes or failed to reach the goal within the episode's time limit.

### Analysis of the Action Sequence:

The action sequence for the episode is [0, 0, 2, 0, 1, 1, 2, 2, 2]. Let's break down these actions:

1. **0 (LEFT)**: The agent started by moving left twice. Depending on its initial position, this could have led to hitting a boundary if the agent was already at the leftmost column, causing no change in position.

2. **2 (RIGHT)**: The agent then moved right, which could have been an attempt to correct the initial left movements.

3. **0 (LEFT)**: Another move to the left, which again might not change the position if the agent was already at the boundary.

4. **1 (DOWN)**: The agent moved down twice, which is generally a positive action towards reaching the goal state at the bottom-right corner.

5. **2 (RIGHT)**: The agent moved right three times consecutively. This movement is consistent with progressing towards the goal if the agent was in the left or middle columns.

Overall, the sequence suggests a lack of a clear, consistent strategy towards reaching the goal. The initial movements (left, left, right, left) seem somewhat erratic, possibly indicating exploration or confusion. The subsequent down and right movements are more aligned with reaching the goal but may have been too late or misdirected due to earlier errors.

### Possible Strategy Recommendations:

1. **Improved Exploration-Exploitation Balance**: The agent might benefit from a better balance between exploration and exploitation. Early in training, more exploration is beneficial, but as the agent learns, it should exploit known good strategies more often.

2. **State-Action Mapping**: Ensure that the agent has a clear understanding of the state-action mapping. This could involve more focused learning on the transitions between states, especially those leading to holes or dead-ends.

3. **Reward Shaping**: Introduce intermediate rewards for reaching specific sub-goals or safe zones within the grid. This can guide the agent towards the goal more effectively by providing feedback on progress.

4. **Policy Optimization**: Consider using policy-based methods that can directly optimize the strategy the agent uses, potentially leading to more coherent sequences of actions.

5. **Increase Training Episodes**: If the agent is still in early training, increasing the number of episodes might help it better learn the environment's dynamics and the optimal path to the goal.

6. **Environment Visualization**: Visualizing the agent's path during training can help identify patterns or common pitfalls, enabling targeted adjustments to the learning algorithm.

By implementing these strategies, the agent may improve its performance and successfully reach the goal state more consistently in future episodes.","To improve the agent's performance in the FrozenLake-v1 environment, we need to adjust the exploration strategy to better balance exploration and exploitation. Given the analysis of the previous episode's action sequence, we want to encourage actions that generally move the agent towards the goal state (state 15) while still allowing some exploration to avoid pitfalls like holes.

The agent's previous sequence showed erratic behavior, especially with frequent left movements that might have been unnecessary or counterproductive. To address this, we can adjust the probability distribution to favor actions that typically move the agent towards the goal, such as moving right or down, while still allowing some probability for exploration with left and up actions.

Here's a suggested probability distribution for the next episode:

- Increase the probability of moving **right (2)** and **down (1)**, as these actions generally help in progressing towards the goal.
- Decrease the probability of moving **left (0)**, as it often moves the agent away from the goal unless specifically needed.
- Maintain a moderate probability for moving **up (3)** to allow exploration and avoid getting stuck in local loops or holes.

A possible probability distribution, reflecting these considerations, could be:

```python
{0: 0.1, 1: 0.3, 2: 0.4, 3: 0.2}
```

- **0 (LEFT): 0.1** - Reduced to discourage unnecessary left movements unless strategically needed.
- **1 (DOWN): 0.3** - Increased to encourage movement towards the goal.
- **2 (RIGHT): 0.4** - Highest probability to strongly encourage movement towards the goal.
- **3 (UP): 0.2** - Moderate probability to allow exploration and strategic retreats.

This distribution aims to focus the agent's actions more effectively towards reaching the goal while maintaining some level of exploration to adapt to the environment's dynamics."
61,0.0,0.0,0.75844,0.00033540031290613115,N/A,N/A
62,0.0,0.0,0.75448,0.0003570275439415127,N/A,N/A
63,0.0,0.0,0.75052,0.00023768364917486906,N/A,N/A
64,0.0,0.0,0.74656,0.0004097348137293011,N/A,N/A
65,0.0,0.0,0.7425999999999999,0.0006649119313806295,"In the last episode of the training process on the FrozenLake-v1 task, the agent ended with a total reward of 0.0. This indicates that the agent did not successfully reach the goal state, which is state 15 on the 4x4 grid. The action sequence extracted at intervals was [1, 1, 1], which corresponds to three consecutive ""DOWN"" actions.

### Analysis:

1. **Action Sequence:**
   - The agent repeatedly chose the action ""DOWN"" (action 1). This sequence suggests that the agent moved vertically downwards on the grid from its starting position.
   - If the agent started at the top row (states 0 to 3), executing three ""DOWN"" actions would lead it to the bottom row (states 12 to 15).

2. **Possible Outcomes:**
   - If the agent started at state 0, the sequence [1, 1, 1] would land it in state 12.
   - If the agent started at state 1, it would end in state 13.
   - If the agent started at state 2, it would end in state 14.
   - If the agent started at state 3, it would reach the goal state 15, but since the total reward is 0.0, it likely means the agent did not start at state 3 or it fell into a hole before reaching state 15.

3. **Holes:**
   - The FrozenLake environment typically has some holes, which are states that terminate the episode with a reward of 0. If the agent stepped into a hole, it would explain why the episode ended without reaching the goal.

### Strategy Recommendations:

1. **State Exploration:**
   - Ensure that the agent explores the state space more effectively. Encourage exploration by implementing strategies such as ε-greedy, where the agent occasionally takes random actions to explore different states and action outcomes.

2. **Reward Shaping:**
   - Consider implementing reward shaping to provide intermediate rewards for reaching certain states or making progress towards the goal. This can help guide the agent towards the goal state.

3. **Avoiding Holes:**
   - Implement a penalty for falling into holes to discourage the agent from taking paths that lead to termination without reaching the goal.

4. **Policy Improvement:**
   - Consider using more advanced algorithms, such as Q-learning or SARSA, to improve the policy. These methods can help the agent learn optimal actions for different states based on past experiences.

5. **Visualization:**
   - Visualize the agent's path to gain insights into its behavior and identify common pitfalls or inefficient paths.

By addressing these areas, the agent can improve its performance and increase the likelihood of reaching the goal state in future episodes.","To improve the task effectiveness in the FrozenLake-v1 environment, we need to encourage the agent to explore more diverse actions rather than repeatedly choosing ""DOWN"". Given the previous episode's outcome, a balanced exploration strategy should be implemented to allow the agent to discover new paths and avoid holes.

A common exploration strategy is ε-greedy, where the agent selects the action with the highest estimated reward with probability (1-ε) and explores randomly with probability ε. For this scenario, we can consider a moderate ε value to ensure sufficient exploration, such as ε = 0.2.

Given four possible actions (LEFT, DOWN, RIGHT, UP), we can distribute the exploration probability (ε) equally among all actions. The remaining probability (1-ε) can be allocated to the action that seems most promising based on prior knowledge or exploration.

Since the agent previously only chose ""DOWN"", it's beneficial to encourage exploration of other directions. Here's a suggested probability distribution for the next episode:

- Assign a higher probability to the ""RIGHT"" action, as it can potentially lead the agent towards the goal state if it is in the correct row.
- Allocate the remaining exploration probability equally among all actions.

Here's a suggested distribution:

```python
{0: 0.25, 1: 0.25, 2: 0.25, 3: 0.25}
```

This distribution assumes no prior knowledge of the environment's layout or holes, aiming for balanced exploration. If more information about the environment's specific layout is available, the distribution can be adjusted to prioritize actions that lead towards the goal while avoiding known holes."
66,0.0,0.0,0.73864,0.0001734882825985551,N/A,N/A
67,0.0,0.0,0.73468,0.00018263922538608313,N/A,N/A
68,0.0,0.0,0.73072,0.00026203427114523947,N/A,N/A
69,0.0,0.0,0.72676,0.00012403169239405543,N/A,N/A
70,0.0,0.0,0.7228,0.0004209786420688033,"In the last episode of the training process on the FrozenLake-v1 environment, the agent received a total reward of 0.0, indicating that it did not successfully reach the goal state (state 15) in this episode. The action sequence recorded at intervals was [1, 1, 3, 1, 0, 3, 2], corresponding to the actions DOWN, DOWN, UP, DOWN, LEFT, UP, and RIGHT, respectively.

### Analysis:

1. **Action Sequence and Movement:**
   - The agent's action sequence suggests a somewhat erratic movement pattern, with repeated movements in the same directions and some backtracking. This indicates that the agent might be struggling to form a coherent strategy to navigate the grid effectively.
   - The sequence shows that the agent moved DOWN twice initially, then UP, suggesting it might have started moving towards a hole or an obstacle and tried to correct its path. This back-and-forth movement is inefficient in reaching the goal.

2. **Reward and Termination:**
   - The total reward of 0.0 implies that the agent did not reach the goal. This could be due to falling into a hole or not reaching the goal within the episode's time limit.
   - The lack of positive reward indicates that the agent needs to improve its policy to navigate towards the goal without falling into holes.

3. **Exploration vs. Exploitation:**
   - The agent might be exploring the environment but hasn't yet effectively learned to exploit the knowledge to reach the goal. This could be due to inadequate exploration of the environment or insufficient policy updates.

### Recommendations:

1. **Enhance Exploration:**
   - Consider implementing or adjusting exploration strategies, such as epsilon-greedy with a decaying epsilon, to ensure the agent explores the environment adequately before consistently exploiting learned paths.

2. **Reward Shaping:**
   - Introduce intermediate rewards for reaching specific states closer to the goal or avoiding holes. This can guide the agent towards the goal and help it learn the consequences of its actions more effectively.

3. **Policy and Learning Rate Adjustments:**
   - Review and adjust the learning rate and discount factor to ensure the agent is learning effectively from its experiences. A lower learning rate might help stabilize learning, while a higher discount factor can prioritize future rewards.

4. **State-Action Value Function Update:**
   - Ensure that the state-action value function (Q-table or equivalent) is being updated accurately after each action. Check for any potential issues in the update mechanism that might be hindering learning.

5. **Environment Visualization:**
   - Visualize the agent's path and the environment's layout to identify patterns or obstacles that the agent frequently encounters. This can provide insights into potential areas of improvement in the agent's policy.

By implementing these strategies, the agent may improve its performance and increase its likelihood of successfully reaching the goal state in future episodes.","To improve the agent's effectiveness in the FrozenLake-v1 environment, we need to balance exploration and exploitation. Given the erratic movement pattern and the agent's failure to reach the goal, adjusting the action selection strategy is crucial.

Here are some considerations for the action probability distribution:

1. **Epsilon-Greedy Strategy:**
   - We can use an epsilon-greedy strategy where a small probability (epsilon) is allocated to exploration, and the remaining probability (1-epsilon) is focused on exploitation based on the current policy.
   - Given the agent's current performance, a higher exploration rate might be beneficial to ensure the agent adequately explores the environment.

2. **Decaying Epsilon:**
   - Start with a relatively high epsilon to encourage exploration and gradually decay it over time as the agent learns more about the environment.

3. **Balanced Exploration:**
   - Since the agent has shown some inefficiencies in movement, we can initially distribute exploration probabilities evenly among all actions to allow the agent to explore different directions.

Let's assume an initial epsilon value of 0.3 for exploration, meaning 30% of the time the agent will explore randomly, and 70% of the time it will exploit the best-known actions based on its current policy.

Given the lack of a defined policy (as the agent is still learning), we can start with an equal distribution for exploration:

- Exploration (epsilon = 0.3): Distribute equally among all actions.
- Exploitation (1-epsilon = 0.7): Ideally, this would be based on the learned Q-values, but since we are focusing on exploration, we can assume an equal probability distribution for exploitation initially.

Here is the action probability distribution:

- Exploration: 0.3 / 4 = 0.075 for each action
- Exploitation: 0.7 / 4 = 0.175 for each action (assuming equal preference initially)

Combining exploration and exploitation:

\[
P(action) = \text{exploration probability} + \text{exploitation probability}
\]

\[
P(action) = 0.075 + 0.175 = 0.25
\]

Thus, the probability distribution for the actions is:

```python
{0: 0.25, 1: 0.25, 2: 0.25, 3: 0.25}
```

This distribution suggests that the agent should initially explore actions equally while it builds a better understanding of the environment. As learning progresses, the exploitation probabilities can be adjusted according to the learned Q-values or policy."
71,0.0,0.0,0.71884,0.010959494858980179,N/A,N/A
72,0.0,0.0,0.71488,0.0004443566722329706,N/A,N/A
73,0.0,0.0,0.71092,0.0014775311574339867,N/A,N/A
74,0.0,0.0,0.70696,0.0002715491864364594,N/A,N/A
75,0.0,0.0,0.7030000000000001,0.0007637221133336425,"In the last episode of training on the FrozenLake-v1 environment, the agent received a total reward of 0.0, indicating that it did not reach the goal state (state 15) and possibly fell into a hole or did not complete the task within the episode's time limit. The action sequence extracted at intervals is [1, 1, 2, 0, 3, 1, 0, 3, 2], which corresponds to the following movements:

1. **Action 1 (DOWN):** The agent moves down from its initial position.
2. **Action 1 (DOWN):** The agent moves down again.
3. **Action 2 (RIGHT):** The agent moves right.
4. **Action 0 (LEFT):** The agent moves left.
5. **Action 3 (UP):** The agent moves up.
6. **Action 1 (DOWN):** The agent moves down.
7. **Action 0 (LEFT):** The agent moves left.
8. **Action 3 (UP):** The agent moves up.
9. **Action 2 (RIGHT):** The agent moves right.

### Analysis:
- **Lack of Goal Achievement:** The agent did not reach the goal state (15), as indicated by the total reward of 0.0. This suggests that the agent either fell into a hole or failed to navigate successfully to the goal within the episode's time limit.
- **Potential Inefficiency:** The sequence of actions suggests some back-and-forth movements (e.g., moving right and then left, or down and then up), indicating potential inefficiencies or indecisiveness in the agent's policy.
- **Exploration vs. Exploitation:** The agent might be exploring the environment rather than exploiting a learned policy to reach the goal. This could be due to insufficient training or an exploration strategy that is too aggressive.

### Recommendations:
1. **Policy Improvement:**
   - Continue training the agent to improve its policy. Ensure that the agent's exploration strategy (e.g., epsilon-greedy) is balanced to allow sufficient exploration while encouraging exploitation of learned policies.
   - Consider using techniques like Q-learning or SARSA with appropriate hyperparameters to enhance learning efficiency.

2. **State Value Estimation:**
   - Evaluate the state value estimates to ensure that they accurately reflect the desirability of each state. If certain states are incorrectly valued, it may lead to suboptimal policy decisions.

3. **Environment Understanding:**
   - Ensure that the agent has a good understanding of the environment dynamics, including the positions of holes and the goal. This might involve visualizing the policy or state values to identify any misconceptions or errors.

4. **Reward Shaping:**
   - Consider implementing reward shaping to provide intermediate rewards for progress towards the goal, which might encourage more goal-directed behavior.

5. **Debugging and Visualization:**
   - Visualize the agent's trajectory during episodes to identify where it is making mistakes. This can provide insights into whether the agent is falling into holes or simply wandering without direction.

By addressing these areas, the agent's performance in navigating the FrozenLake environment can be improved, increasing the likelihood of successfully reaching the goal state in future episodes.","To improve the agent's performance on the FrozenLake-v1 environment, we need to adjust the action selection strategy to balance exploration and exploitation effectively. Given the previous episode's performance and the analysis, the agent seems to be exploring too much without exploiting potential learned knowledge to reach the goal. 

A common strategy to balance exploration and exploitation is the epsilon-greedy approach. In this approach, the agent chooses the best-known action (exploitation) most of the time, but with a small probability, it chooses a random action (exploration). This helps the agent discover new strategies while still leveraging what it has learned.

To improve task effectiveness, we can propose a distribution that slightly favors the actions that are more likely to lead towards the goal, while still allowing some exploration. Since the goal is at the bottom-right corner (state 15), actions like DOWN (1) and RIGHT (2) should have slightly higher probabilities. However, we should still allow some probability for LEFT (0) and UP (3) to ensure the agent can explore different paths and recover from suboptimal positions.

Here's a suggested probability distribution for the next episode:

```python
{0: 0.2, 1: 0.3, 2: 0.3, 3: 0.2}
```

- **Action 0 (LEFT):** 20% probability. This allows some exploration and correction if the agent overshoots the target.
- **Action 1 (DOWN):** 30% probability. Since moving down is generally beneficial to approach the goal, this action is slightly favored.
- **Action 2 (RIGHT):** 30% probability. Moving right also generally brings the agent closer to the goal, so it is favored similarly to DOWN.
- **Action 3 (UP):** 20% probability. This action is less likely to help reach the goal but should still be explored to avoid getting stuck or to correct paths.

This distribution suggests a slightly higher probability for actions that move towards the goal while maintaining a reasonable level of exploration for the other actions. This should help the agent learn more effective strategies over time."
76,0.0,0.0,0.69904,0.0004632211057469249,N/A,N/A
77,0.0,0.0,0.69508,0.0007707758923061192,N/A,N/A
78,0.0,0.0,0.69112,0.000490392092615366,N/A,N/A
79,0.0,0.0,0.68716,0.00014434625336434692,N/A,N/A
80,0.0,0.0,0.6832,6.833261431893334e-05,"In the last episode of the training process on the FrozenLake-v1 task, the agent received a total reward of 0.0, indicating that it did not successfully reach the goal state (state 15) to receive the +1 reward. The action sequence extracted at intervals is [0, 1, 2], which corresponds to the actions LEFT, DOWN, and RIGHT.

### Analysis:

1. **Action Sequence:** The sequence of actions [0, 1, 2] suggests that the agent attempted to move left, then down, and finally right. This sequence does not inherently suggest a clear path to the goal, especially considering the 4x4 grid layout. The agent might have been navigating without a clear strategy or might have been exploring different paths.

2. **Total Reward:** The total reward of 0.0 indicates that the agent either fell into a hole or did not reach the goal state within the episode's time limit. This suggests that the agent's policy is not yet optimal and may require further training and refinement.

3. **Exploration vs. Exploitation:** The action sequence might reflect an exploratory behavior, which is typical in reinforcement learning, especially if the agent is still in the learning phase. If the agent is primarily exploring, it might not yet have a robust policy for consistently reaching the goal.

4. **State Transitions:** Without additional information on the specific states visited, it is challenging to determine where the agent may have encountered issues (e.g., falling into a hole or getting stuck in a loop).

### Strategy Recommendations:

1. **Increase Exploration:** If the agent is prematurely converging on suboptimal paths, consider increasing the exploration rate (e.g., epsilon in epsilon-greedy strategies) to encourage the agent to explore more of the state space and discover potentially better paths to the goal.

2. **Reward Shaping:** Introduce intermediate rewards for making progress towards the goal or avoiding holes. This can help guide the agent more effectively by providing feedback on partial successes.

3. **Policy Evaluation and Improvement:** Consider using methods like Q-learning or SARSA to evaluate and improve the agent's policy. Ensure that the learning rate and discount factor are appropriately tuned to balance learning speed and stability.

4. **Analyze State Visits:** Review the states visited during the episode to identify patterns or recurring mistakes. This can provide insights into specific areas where the agent is struggling, such as consistently falling into certain holes or getting stuck.

5. **Increase Episode Length:** If the agent is running out of time before reaching the goal, consider increasing the maximum number of steps per episode to give it more opportunities to explore and learn effective paths.

6. **Model Architecture:** If using a function approximator like a neural network, ensure that the model architecture is suitable for the task complexity. Adjust the network's depth and width if necessary to improve learning capacity.

By implementing these strategies, the agent's performance on the FrozenLake-v1 task should improve, increasing the likelihood of successfully reaching the goal state and maximizing the reward.","Given the analysis and the need to improve the agent's performance on the FrozenLake-v1 task, we should focus on enhancing the exploration strategy. Since the agent's previous action sequence [0, 1, 2] did not yield a successful outcome, we should encourage more exploration to avoid premature convergence on suboptimal paths.

One common approach is to use an epsilon-greedy strategy, where the agent explores with probability epsilon and exploits the current best-known action with probability 1-epsilon. To increase exploration, we can set a relatively high epsilon value. Let's assume an epsilon of 0.3 for increased exploration, meaning there is a 30% chance of exploring randomly and a 70% chance of exploiting the best-known action.

For the sake of this task, let's assume a uniform exploration distribution across all four actions when exploring, as we do not have specific knowledge about which actions are better at this point. When exploiting, the distribution should reflect the current best-known policy, but since we are focusing on exploration, we will distribute the exploration probability equally.

Given the 30% exploration rate, the distribution can be calculated as follows:

- Exploration probability: 0.3 (equally distributed among all actions)
- Exploitation probability: 0.7 (assumed to be equally distributed here due to lack of specific policy information)

The distribution of actions for exploration (each action gets an equal share of the exploration probability):

- Exploration: 0.3 / 4 = 0.075 per action

The distribution of actions for exploitation (assuming equal distribution due to lack of specific policy information):

- Exploitation: 0.7 / 4 = 0.175 per action

Combining exploration and exploitation probabilities:

- Total probability per action = exploration probability + exploitation probability
- Total probability per action = 0.075 + 0.175 = 0.25

Thus, the resulting probability distribution for the next episode is:

```python
{0: 0.25, 1: 0.25, 2: 0.25, 3: 0.25}
```

This distribution reflects a balanced approach, promoting exploration equally among all actions while still allowing for exploitation based on the current policy. Adjustments can be made as the agent gathers more information and learns a more effective policy."
81,0.0,0.0,0.6792400000000001,0.00010684801964089274,N/A,N/A
82,0.0,0.0,0.67528,0.00011195303522981703,N/A,N/A
83,0.0,0.0,0.6713199999999999,0.0002261206100229174,N/A,N/A
84,0.0,0.0,0.66736,7.366427598753944e-05,N/A,N/A
85,0.0,0.0,0.6634,4.1337891161674634e-05,"In the last episode of the training process on the FrozenLake-v1 environment, the agent received a total reward of 0.0, indicating that it did not successfully reach the goal state (state 15) in this particular episode. The action sequence extracted at intervals is [3, 1, 1, 2, 1, 3, 2, 3, 3, 3, 3, 1, 0], which corresponds to the following actions: UP, DOWN, DOWN, RIGHT, DOWN, UP, RIGHT, UP, UP, UP, UP, DOWN, LEFT.

### Analysis:

1. **Initial Actions**: The agent begins with an UP action (3), which might not be optimal depending on its starting position. If the agent starts in the top row, this action does not change its position.

2. **Downward Movements**: The agent takes several DOWN actions (1, 1, 1), suggesting it might be trying to move towards the bottom row. However, without careful planning, this could lead to holes or non-progressive loops.

3. **Right Movement**: The RIGHT actions (2) are generally positive if the agent is trying to move towards the right side of the grid, where the goal is located. However, it seems to be interspersed with other movements, indicating a lack of a clear strategy.

4. **Upward Movements**: Multiple UP actions (3, 3, 3, 3) suggest that the agent may have moved back towards the top of the grid, potentially undoing progress made towards the goal.

5. **Final Actions**: The sequence ends with a DOWN (1) and a LEFT (0), which might indicate random exploration or an attempt to backtrack.

### Possible Strategy Recommendations:

1. **State Awareness**: Enhance the agent's awareness of its current state and the grid layout. This can be achieved through improved state representation or more frequent updates to the agent's understanding of its environment.

2. **Exploration vs. Exploitation Balance**: Adjust the exploration strategy to ensure the agent is exploring the environment effectively. Techniques such as epsilon-greedy policies or decaying exploration rates can help balance exploration and exploitation.

3. **Path Planning**: Encourage the agent to learn more effective path planning strategies. This might involve reward shaping or providing additional incentives for reaching certain checkpoints or avoiding holes.

4. **Learning from Failures**: Implement mechanisms for the agent to learn from episodes where it fails to reach the goal. This could involve updating the value function or policy based on unsuccessful runs to avoid repeating the same mistakes.

5. **Environment Feedback**: Consider providing more informative feedback to the agent, such as negative rewards for stepping into holes or revisiting the same states repeatedly, to discourage ineffective actions.

6. **Algorithm Improvements**: If the agent is using a basic algorithm, consider upgrading to more advanced reinforcement learning techniques, such as Q-learning with function approximation, policy gradient methods, or deep reinforcement learning, which might handle the stochastic nature of the environment better. 

By implementing these strategies, the agent can improve its performance and increase the likelihood of reaching the goal state in future episodes.","To improve the agent's performance in the FrozenLake-v1 environment, we need to adjust the probability distribution of actions to encourage more effective exploration and exploitation. Based on the analysis, the agent should prioritize actions that move it towards the goal (state 15) while avoiding loops and holes.

Here’s a suggested probability distribution for the actions:

1. **RIGHT (2)**: This action moves the agent towards the goal on the right side of the grid. It should have a higher probability to encourage progress towards the goal.

2. **DOWN (1)**: Moving down can also be beneficial as it progresses the agent towards the bottom row where the goal is located. This should also have a relatively high probability.

3. **LEFT (0) and UP (3)**: These actions should have lower probabilities as they generally move the agent away from the goal, especially if not used strategically. However, they should not be entirely excluded to allow for exploration and correction of paths.

Given these considerations, here is a proposed action distribution:

```python
{0: 0.1, 1: 0.3, 2: 0.5, 3: 0.1}
```

- **RIGHT (2)**: 0.5 - Encourages movement towards the goal.
- **DOWN (1)**: 0.3 - Supports downward progression towards the goal.
- **LEFT (0)**: 0.1 - Allows for some exploration and potential correction.
- **UP (3)**: 0.1 - Maintains some exploration potential, but less favored due to its tendency to undo progress.

This distribution balances exploitation of the known beneficial actions (RIGHT and DOWN) with exploration (LEFT and UP) to allow the agent to learn effective strategies while avoiding repetitive failures."
86,0.0,0.0,0.65944,7.073290180414915e-05,N/A,N/A
87,0.0,0.0,0.6554800000000001,0.00547654926776886,N/A,N/A
88,0.0,0.0,0.6515200000000001,0.00016579372459091246,N/A,N/A
89,0.0,0.0,0.64756,0.000207739562029019,N/A,N/A
90,0.0,0.0,0.6436,0.001642881310544908,"In the last episode of the training process for the FrozenLake-v1 task, the agent received a total reward of 0.0. This indicates that the agent did not reach the goal state (state 15) and likely fell into a hole or did not reach the goal within the episode's time limit.

### Analysis of the Action Sequence:

The action sequence extracted at intervals is [1, 3, 1, 1, 3, 1, 0, 1], which translates to the following movements:
- 1: DOWN
- 3: UP
- 1: DOWN
- 1: DOWN
- 3: UP
- 1: DOWN
- 0: LEFT
- 1: DOWN

Let's analyze this sequence in terms of grid navigation:
1. **Initial State**: The agent starts at a random position on the grid.
2. **First Action (DOWN)**: The agent moves down one row.
3. **Second Action (UP)**: The agent moves back up one row, effectively undoing the previous move.
4. **Third Action (DOWN)**: The agent moves down again.
5. **Fourth Action (DOWN)**: The agent moves further down.
6. **Fifth Action (UP)**: The agent moves up, again undoing the previous move.
7. **Sixth Action (DOWN)**: The agent moves down again.
8. **Seventh Action (LEFT)**: The agent moves left.
9. **Eighth Action (DOWN)**: The agent moves down.

### Observations:
- The agent appears to lack a clear strategy, as evidenced by the back-and-forth movements (e.g., moving down and then up).
- The sequence includes a left move, which may not be optimal depending on the agent's position on the grid.
- The agent did not reach the goal state, indicating a need for improved navigation and decision-making strategies.

### Possible Strategy Recommendations:

1. **Policy Improvement**: 
   - Utilize techniques such as Q-learning or SARSA to refine the policy. Ensure that the agent learns the value of actions in each state, helping it to make more informed decisions.

2. **Exploration vs. Exploitation**:
   - Adjust the exploration strategy (e.g., epsilon-greedy) to balance exploration of new paths and exploitation of known successful paths. This can help the agent discover more optimal routes to the goal.

3. **State Value Estimation**:
   - Improve the estimation of state values to ensure that the agent is accurately assessing the potential future rewards of its actions.

4. **Reward Shaping**:
   - Consider implementing reward shaping to provide intermediate rewards for reaching certain checkpoints or making progress toward the goal, encouraging more strategic movement.

5. **Environment Understanding**:
   - Ensure that the agent has a good understanding of the environment's dynamics, including the positions of holes and the goal. This can be achieved through more extensive training or by enhancing the agent's state representation.

6. **Path Planning**:
   - Encourage the agent to plan paths that avoid known holes and lead directly to the goal. This might involve learning from successful episodes or using heuristic-based approaches.

By addressing these areas, the agent's performance in navigating the FrozenLake environment can be significantly improved, increasing the likelihood of reaching the goal state and achieving a higher total reward.","To improve the agent's performance in the FrozenLake environment, we need to adjust the action exploration strategy to better balance exploration and exploitation. Given the previous episode's performance and the observed action sequence, we should aim to encourage the agent to explore more optimal paths while still allowing for exploration of new strategies.

A common approach to balancing exploration and exploitation is the epsilon-greedy strategy, where the agent selects the best-known action with probability \(1-\epsilon\) and a random action with probability \(\epsilon\). However, since you need a distribution for all actions, we can consider a softmax distribution or a similar approach that assigns probabilities to each action based on their estimated values.

Since the previous action sequence indicates a lack of clear strategy, it suggests the need for more exploration. Let's assume we want to start with a modest exploration rate, allowing the agent to explore new actions while still exploiting known good actions. We can use a distribution that slightly favors exploration.

Assuming the agent has some initial estimates of action values but needs to explore more, we can distribute probabilities as follows:

- Assign a higher probability to the action that moves towards the goal (DOWN) since it is generally advantageous in reaching the bottom-right corner.
- Assign lower but non-zero probabilities to other actions to allow for exploration and learning about the environment.

Here's a suggested distribution:

```python
{
    0: 0.2,  # LEFT
    1: 0.4,  # DOWN
    2: 0.2,  # RIGHT
    3: 0.2   # UP
}
```

Explanation:
- **DOWN (1)**: Given that the goal is at the bottom-right, the DOWN action is given a higher probability to encourage movement towards the goal.
- **LEFT (0), RIGHT (2), UP (3)**: These actions are assigned equal lower probabilities to allow for exploration and to prevent the agent from getting stuck in suboptimal paths.

This distribution encourages the agent to favor moving downwards, which is typically beneficial for reaching the goal, while still allowing for exploration in other directions to learn about the environment's dynamics. Adjustments can be made based on further performance data and learning progress."
91,0.0,0.0,0.63964,0.0003362345742061734,N/A,N/A
92,0.0,0.0,0.63568,0.00011097211972810328,N/A,N/A
93,0.0,0.0,0.6317200000000001,0.0002748849510680884,N/A,N/A
94,0.0,0.0,0.62776,0.0002806366828735918,N/A,N/A
95,0.0,0.0,0.6238,0.00026373224682174623,"In the last episode of the training process on the FrozenLake-v1 environment, the agent received a total reward of 0.0, indicating that it did not successfully reach the goal state (state 15) during this episode. The action sequence recorded at intervals was [1, 1, 2, 1, 1, 2, 3, 2], which corresponds to the following movements: Down, Down, Right, Down, Down, Right, Up, Right.

Let's analyze this sequence in the context of the 4x4 grid:

1. Starting at state 0 (top-left corner), the agent moved Down to state 4.
2. From state 4, it moved Down again to state 8.
3. From state 8, it moved Right to state 9.
4. From state 9, it moved Down to state 13.
5. From state 13, it moved Down again, which is not possible because it would move out of bounds, indicating a potential error in the recorded sequence or a misunderstanding in the agent's policy.
6. From state 13, it moved Right to state 14.
7. From state 14, it moved Up to state 10.
8. Finally, from state 10, it moved Right to state 11.

The sequence suggests that the agent did not reach the goal state (state 15) and instead ended up in a non-terminal state with no reward. Additionally, the move from state 13 to Down is an illegal move, which implies a potential issue in the agent's understanding of the environment's boundaries.

### Strategy Recommendations:

1. **State-Action Understanding:**
   - Ensure the agent has a clear understanding of the state transitions and the boundaries of the environment. The agent should not attempt moves that would lead it out of bounds.

2. **Policy Improvement:**
   - Analyze the policy being used by the agent to identify why it chooses suboptimal actions. Consider using techniques like Q-learning or SARSA to update the policy based on the rewards received.

3. **Exploration vs. Exploitation Balance:**
   - Adjust the exploration strategy to ensure the agent explores different paths effectively. Using an epsilon-greedy strategy with a decaying epsilon might help balance exploration and exploitation.

4. **Reward Shaping:**
   - Consider implementing reward shaping by providing small negative rewards for each step to encourage the agent to find the shortest path to the goal.

5. **Training Episodes:**
   - Increase the number of training episodes to allow the agent more opportunities to learn the optimal path to the goal.

6. **Environment Visualization:**
   - Visualize the agent's path during training to better understand its decision-making process and identify areas where it struggles.

By addressing these recommendations, the agent should improve its ability to navigate the FrozenLake environment and increase its likelihood of reaching the goal state successfully.","To improve the agent's performance in the FrozenLake environment, we need to adjust the exploration strategy to ensure it effectively learns the optimal path to the goal. Given that the agent did not reach the goal in the last episode and made an illegal move, we should focus on improving its exploration while maintaining a balance with exploitation.

An effective way to achieve this is by using an epsilon-greedy strategy, where the agent explores with probability epsilon and exploits (chooses the best-known action) with probability 1-epsilon. As the agent is still learning, we should encourage exploration but also allow it to exploit its current knowledge.

Let's assume an initial exploration rate (epsilon) of 0.3, meaning the agent will explore 30% of the time and exploit 70% of the time. When exploring, we can distribute the probability equally among all actions. When exploiting, the agent should choose the best-known action based on its current policy (e.g., Q-values).

For simplicity, let's assume that the agent currently has no strong preference for any particular action due to lack of sufficient learning, so we'll distribute the exploration probability equally. Therefore, the probability distribution for the next episode could be as follows:

- Exploration (30% of the time): Each action has a 0.075 probability (since 0.3/4 = 0.075).
- Exploitation (70% of the time): Assume the agent currently has no strong preference, so each action could be equally likely until learning progresses.

This gives us the following distribution:

```python
{
    0: 0.075 + 0.175,  # LEFT
    1: 0.075 + 0.175,  # DOWN
    2: 0.075 + 0.175,  # RIGHT
    3: 0.075 + 0.175   # UP
}
```

Simplifying this, we get:

```python
{
    0: 0.25,  # LEFT
    1: 0.25,  # DOWN
    2: 0.25,  # RIGHT
    3: 0.25   # UP
}
```

This distribution indicates that the agent will explore equally among all actions, which is suitable for an early stage where the agent needs to gather more information about the environment. As the agent learns more about the optimal policy, the exploitation part of the probability distribution can be adjusted to favor more promising actions."
96,0.0,0.0,0.61984,0.00019577691273298115,N/A,N/A
97,0.0,0.0,0.61588,0.00030792056350037456,N/A,N/A
98,0.0,0.0,0.61192,0.00015390881162602454,N/A,N/A
99,0.0,0.0,0.6079600000000001,5.7686327636474743e-05,N/A,N/A
100,0.0,0.0,0.604,0.00011622034799074754,"In the final episode of the training process on the FrozenLake-v1 environment, the agent received a total reward of 0.0. This indicates that the agent did not successfully reach the goal state (state 15) and likely fell into a hole or did not reach the goal within the episode's time limit.

### Analysis of the Action Sequence:

The action sequence provided is [0, 0, 2, 0, 0, 1, 1, 2, 2, 3, 2]. Let's analyze the sequence step-by-step:

1. **Initial State**: The agent starts at state 0 (top-left corner).
2. **Actions**:
   - **0 (LEFT)**: The agent attempts to move left, but since it is already at the leftmost boundary, it remains in state 0.
   - **0 (LEFT)**: Again, the agent remains in state 0.
   - **2 (RIGHT)**: The agent moves to state 1.
   - **0 (LEFT)**: The agent moves back to state 0.
   - **0 (LEFT)**: The agent remains in state 0.
   - **1 (DOWN)**: The agent moves to state 4.
   - **1 (DOWN)**: The agent moves to state 8.
   - **2 (RIGHT)**: The agent moves to state 9.
   - **2 (RIGHT)**: The agent moves to state 10.
   - **3 (UP)**: The agent moves back to state 6.
   - **2 (RIGHT)**: The agent moves to state 7.

Given that the agent did not reach the goal state (state 15) and the episode ended with a reward of 0, it is likely that the agent either ran out of steps or fell into a hole before reaching the goal.

### Possible Issues:
1. **Inefficient Exploration**: The agent seems to be repeating actions that do not lead to progress (e.g., moving left when already at the boundary).
2. **Lack of Goal-directed Behavior**: The sequence does not show a clear strategy to consistently move towards the goal state.
3. **Potential Holes**: The agent might have fallen into a hole, ending the episode prematurely.

### Strategy Recommendations:

1. **Improved Exploration Strategy**:
   - Implement an epsilon-greedy strategy with a decaying epsilon to balance exploration and exploitation. This will encourage more exploration initially and gradually shift towards exploitation as the agent learns.

2. **State-Value Function Update**:
   - Ensure that the state-value function is being updated correctly and that the agent is learning from its experiences. Consider using Q-learning or SARSA to update the value function based on the agent's experiences.

3. **Reward Shaping**:
   - Introduce intermediate rewards for reaching certain states closer to the goal to guide the agent more effectively.

4. **Environment Visualization**:
   - Visualize the agent's path to better understand its decision-making process and identify any patterns or issues in its strategy.

5. **Increased Episodes and Steps**:
   - Allow for more training episodes and potentially increase the number of steps per episode to give the agent more opportunities to learn and explore the environment.

By addressing these areas, the agent should be able to develop a more effective strategy for navigating the FrozenLake environment and reaching the goal state successfully.","To improve the agent's effectiveness in exploring the FrozenLake environment, we should consider the following when setting the action exploration probabilities:

1. **Epsilon-Greedy Strategy**: Initially, we should encourage exploration to allow the agent to discover the environment and learn the value of different states and actions. An epsilon-greedy strategy can be used, where the agent selects a random action with probability epsilon and the best-known action with probability 1-epsilon.

2. **Decaying Epsilon**: Over time, epsilon should decay, allowing the agent to exploit its learned knowledge more as it becomes more confident in its action-value estimates.

3. **Action Bias Towards Goal**: Since the goal is at the bottom-right corner, actions that generally move the agent down (1) and right (2) should be slightly favored to encourage progress towards the goal.

Given these considerations, let's set an initial epsilon of 0.3 for exploration. This means that 30% of the time, the agent will explore randomly, and 70% of the time, it will exploit its current knowledge. Within the exploration phase, we can guide the exploration slightly towards the goal.

Here's a possible distribution for the next episode:

- **Exploit Probability**: 0.7
- **Explore Probability**: 0.3

Within the explore probability, we can slightly bias towards down and right:

- **Random Exploration Distribution**: 
  - LEFT (0): 0.15
  - DOWN (1): 0.35
  - RIGHT (2): 0.35
  - UP (3): 0.15

Combining these with the epsilon-greedy strategy, we get:

- **Exploitation (Best Action)**: 0.7
- **Exploration (Random Action)**: 0.3

The resulting probabilities for the next episode would be:

```json
{
  0: 0.3 * 0.15,
  1: 0.3 * 0.35,
  2: 0.3 * 0.35,
  3: 0.3 * 0.15
}
```

These probabilities ensure that exploration is biased towards actions that generally move the agent towards the goal, while still allowing for a significant amount of exploration to discover the environment's dynamics."
101,0.0,0.0,0.6000399999999999,1.900767529150471e-05,N/A,N/A
102,0.0,0.0,0.59608,0.00016012851847335696,N/A,N/A
103,1.0,0.0,0.59212,0.00018835006630979478,N/A,N/A
104,0.0,0.0,0.58816,9.695252811070532e-05,N/A,N/A
105,0.0,0.0,0.5842,0.0001399348839186132,"In the final episode of the training process on the FrozenLake-v1 4x4 grid task, the agent achieved a total reward of 0.0, indicating that it did not successfully reach the goal state (state 15). The action sequence extracted at intervals was [0, 0, 2, 2, 1, 1, 1, 1, 0, 0], which provides insight into the agent's navigation strategy during this episode.

### Analysis:

1. **Initial Movement (Actions 0, 0):** 
   - The agent started by moving left twice. Depending on the initial state, this could imply that the agent was attempting to explore the left side of the grid. However, if it started near the left edge, these actions might have been ineffective or redundant, as moving left from the leftmost column would keep the agent in the same column.

2. **Rightward Movement (Actions 2, 2):** 
   - The agent then moved right twice. This suggests an attempt to progress toward the right side of the grid, which is generally a positive direction if the agent is aiming to reach the goal at state 15.

3. **Downward Movement (Actions 1, 1, 1, 1):** 
   - The agent subsequently moved down four times. This could be interpreted as an effort to move toward the bottom row where the goal is located. However, the specific path taken may have led the agent into a hole or an ineffective trajectory, preventing it from reaching the goal.

4. **Final Movement (Actions 0, 0):** 
   - The agent finished with two left movements. If the agent was already near the left edge or in a hole state, these actions would not contribute to reaching the goal.

### Possible Strategy Recommendations:

1. **State Exploration and Avoidance of Holes:**
   - The agent may benefit from improved exploration strategies that help it better understand the layout of the grid, including the locations of holes. Implementing exploration techniques such as epsilon-greedy with a decaying epsilon or incorporating a model-based approach could help the agent learn to avoid holes.

2. **Reward Shaping and Intermediate Goals:**
   - Introducing intermediate rewards for reaching certain states or penalizing movements that lead to holes could guide the agent more effectively toward the goal. This might help the agent differentiate between safe and unsafe paths.

3. **Learning Algorithm Tuning:**
   - Adjusting hyperparameters such as learning rate, discount factor, or exploration rate could enhance the agent's learning efficiency. Additionally, experimenting with different algorithms like Q-learning, SARSA, or Deep Q-Networks (DQN) might yield better performance.

4. **Path Optimization:**
   - Encourage the agent to develop a more direct path to the goal by implementing techniques like policy gradient methods or value iteration, which might help in finding optimal policies that avoid redundant movements.

5. **Visualization and Debugging:**
   - Visualizing the agent's trajectory and state transitions during episodes can provide insights into specific areas where the agent struggles. This can help in identifying common pitfalls and adjusting strategies accordingly.

By addressing these areas, the agent's performance on the FrozenLake-v1 task can be significantly improved, increasing the likelihood of successfully reaching the goal state in future episodes.","To improve the agent's performance on the FrozenLake-v1 task, we need to address the exploration strategy, particularly focusing on enhancing the agent's ability to reach the goal state effectively while avoiding holes. Given the previous episode's action sequence and the analysis provided, here is a proposed distribution for action exploration:

1. **Encourage Rightward and Downward Movement:**
   - Since the goal is located at the bottom-right corner of the grid (state 15), actions that move the agent right (2) and down (1) are generally beneficial. These actions should be given higher probabilities to encourage the agent to move towards the goal.

2. **Reduce Redundant Left Movements:**
   - The previous episode showed redundant left movements (0) that did not contribute to reaching the goal. Therefore, we should assign a lower probability to left movements to discourage unnecessary backtracking.

3. **Balanced Exploration with Upward Movement:**
   - Although upward movement (3) might not directly contribute to reaching the goal, it can be useful for exploring the grid and avoiding holes. Thus, a moderate probability should be assigned to upward movements to maintain a balance between exploration and exploitation.

4. **Incorporate Exploration Strategy:**
   - Implement an exploration strategy such as epsilon-greedy, where the agent occasionally takes random actions to explore the environment. This can be reflected in the probability distribution by ensuring no action has a zero probability.

Based on these considerations, here is a proposed probability distribution for the next episode:

```python
{0: 0.10, 1: 0.35, 2: 0.35, 3: 0.20}
```

- **0: LEFT (0.10)** - A lower probability to discourage unnecessary left movements unless they are strategically beneficial.
- **1: DOWN (0.35)** - A higher probability to encourage movement towards the bottom row where the goal is located.
- **2: RIGHT (0.35)** - A higher probability to encourage movement towards the right column where the goal is located.
- **3: UP (0.20)** - A moderate probability to allow for exploration and potential avoidance of holes.

This distribution aims to balance exploration and exploitation while guiding the agent more effectively towards the goal state."
106,1.0,0.0,0.5802400000000001,6.658795609837398e-05,N/A,N/A
107,0.0,0.0,0.57628,6.633975135628134e-05,N/A,N/A
108,0.0,0.0,0.5723199999999999,8.112138311844319e-05,N/A,N/A
109,0.0,0.0,0.56836,5.916437294217758e-05,N/A,N/A
110,1.0,0.0,0.5644,0.001056075794622302,"In the final episode of the training process for the FrozenLake-v1 environment, the agent successfully achieved the goal of reaching the terminal state (state 15) with a total reward of 1.0. This indicates that the agent managed to navigate the grid and reached the goal without falling into any holes, which would have terminated the episode prematurely with a reward of 0.

### Analysis of the Action Sequence:

The action sequence extracted at intervals is [3, 3, 1, 1, 2, 2, 1, 3, 1, 3, 1, 2]. Let's break down the sequence:

1. **Initial Steps (3, 3):** The agent starts by moving UP twice. Since the top boundary is at the first row (states 0 to 3), these actions likely indicate that the agent is trying to adjust its position or is exploring the boundaries of the current state.

2. **Middle Steps (1, 1, 2, 2, 1, 3, 1):** 
   - The agent moves DOWN twice, possibly advancing from the top row towards the bottom, which is closer to the goal.
   - The agent then moves RIGHT twice. This suggests a horizontal movement towards the right side of the grid, likely aiming to position itself closer to the goal state.
   - The agent moves DOWN again, further progressing towards the bottom row.
   - The agent then moves UP, which might indicate a corrective step due to overshooting or avoiding a hole.
   - Another DOWN movement follows, suggesting further progress towards the goal.

3. **Final Steps (3, 1, 2):**
   - The agent moves UP, potentially to avoid a hole or correct its path.
   - Another DOWN movement indicates progress towards the bottom row.
   - Finally, the agent moves RIGHT, likely reaching the goal state (state 15) and concluding the episode successfully.

### Strategy Recommendations:

1. **Path Optimization:**
   - The action sequence suggests some back-and-forth movements (e.g., UP followed by DOWN), which could be optimized. The agent should learn to minimize unnecessary movements to reduce the number of steps taken to reach the goal.

2. **Hole Avoidance:**
   - The agent appears to have successfully avoided holes in this episode. However, reinforcing this behavior through additional training can help ensure consistent performance. Using a value-based approach like Q-learning with a focus on negative rewards for falling into holes can help improve this aspect.

3. **Exploration vs. Exploitation:**
   - If the agent is still exploring excessively, consider adjusting the exploration strategy (e.g., ε-greedy policy) to favor exploitation of learned paths, especially if the environment is deterministic.

4. **Reward Structure:**
   - While the current reward structure is straightforward, introducing intermediate rewards for reaching certain key states (e.g., safe zones) might help guide the agent more effectively through the grid.

5. **State and Action Space Analysis:**
   - Analyzing the state-action values (Q-values) can provide insights into which states the agent is uncertain about or frequently missteps. This can guide targeted retraining or adjustments to the learning rate.

By implementing these strategies, the agent's performance can be enhanced, leading to more efficient and reliable navigation of the FrozenLake environment.","To improve task effectiveness for the agent in the FrozenLake environment, we need to carefully consider the balance between exploration and exploitation. Given that the agent has successfully reached the goal in the previous episode, it indicates that the agent has learned a potentially successful path. However, there are still optimizations to be made, such as reducing unnecessary movements and ensuring consistent avoidance of holes.

To achieve this, we can adjust the action exploration probabilities using an ε-greedy strategy. This involves setting a high probability for the action that leads towards the goal based on the learned policy (exploitation), while still allowing some probability for other actions to explore alternative paths (exploration).

Assuming the agent has a relatively good policy learned from previous episodes, we can set a higher probability for the actions that are typically more beneficial, such as moving RIGHT (action 2) and DOWN (action 1), which are generally in the direction of the goal state (15). However, we will still allocate some probability to the other actions to maintain exploration.

Here's a suggested probability distribution for the next episode:

```python
{
    0: 0.1,  # LEFT
    1: 0.3,  # DOWN
    2: 0.4,  # RIGHT
    3: 0.2   # UP
}
```

### Rationale:
- **RIGHT (2):** Given the grid layout, moving right is often a direct path towards the goal. Assigning a higher probability (0.4) reflects the importance of moving towards the goal.
- **DOWN (1):** Moving down is also crucial for reaching the goal, especially when progressing from the upper rows towards the bottom row. A probability of 0.3 allows for effective downward movement.
- **UP (3) and LEFT (0):** These actions are less likely to be beneficial when moving towards the goal, but they are still important for exploration and avoiding potential holes. Assigning probabilities of 0.2 and 0.1 respectively ensures some level of exploration and corrective movement.

This distribution prioritizes actions that are more likely to lead to the goal while maintaining some exploration to avoid getting stuck in suboptimal paths and ensuring robustness against potential changes in the environment."
111,1.0,0.0,0.56044,0.0002765789977274835,N/A,N/A
112,0.0,0.0,0.55648,0.001570501597598195,N/A,N/A
113,1.0,1.0,0.55252,0.002076466102153063,N/A,N/A
