episode,train_return,eval_return,epsilon,loss,llm1_full_response,llm2_full_response
1,-1586,-381.17,0.99604,815.7931553863343,N/A,N/A
2,-2972,-542.54,0.99208,551.2400331687927,N/A,N/A
3,-1586,-226.73,0.98812,663.607453918457,N/A,N/A
4,-2972,-222.77,0.98416,688.4313927459717,N/A,N/A
5,-3071,-284.15,0.9802,694.6668376159668,N/A,N/A
6,-1383,-200.0,0.97624,666.2324096679688,N/A,N/A
7,-1883,-200.0,0.97228,617.4468439483643,N/A,N/A
8,-1586,-200.0,0.96832,651.2760433197021,N/A,N/A
9,-2081,-203.96,0.96436,634.0364406204224,N/A,N/A
10,-596,-200.0,0.9604,619.9024122428895,"### Analysis of the Last Episode

In the last episode of the training process on the CliffWalking-v1 environment, the agent experienced a total reward of -596. This indicates that the agent encountered a significant number of negative rewards, likely due to stepping on the cliff states (37-46) and possibly also due to the penalties for taking steps (-1 for each non-goal movement). 

The action sequence provided shows a variety of movements, including attempts to navigate around the cliffs, but also indicates that the agent may have repeatedly returned to the cliff areas or made inefficient moves that led to backtracking. 

### Action Sequence Breakdown

The action sequence can be summarized as follows:
- **Frequent Left (3) and Right (1)** movements indicate attempts to navigate horizontally across the grid.
- **Up (0) and Down (2)** actions are used intermittently, suggesting attempts to adjust vertical position, possibly to avoid the cliffs.
- The agent appears to oscillate between positions without making significant progress towards the goal (state 47), as evidenced by the long sequence and the total negative reward.

### Key Observations
1. **Cliff Encounters**: The agent's total reward of -596 suggests it likely stepped on the cliff multiple times, resulting in severe penalties.
2. **Movement Patterns**: The agent’s movements exhibit a lack of effective strategy, as it seems to move back and forth without a clear path to the goal.
3. **Exploration vs. Exploitation**: The agent might be exploring too much without effectively exploiting known safe paths.

### Recommendations for an Improved Exploration Strategy

1. **Path Planning**:
   - Implement a heuristic-based path planning approach that avoids the cliff states. For example, a breadth-first search (BFS) or A* algorithm could help identify a safe path from the start (36) to the goal (47) while avoiding the cliff.
   - Pre-compute safe routes and store them in a policy table for the agent to follow.

2. **Safe Exploration**:
   - Use a modified epsilon-greedy strategy that prioritizes safe actions. For example, if the agent is in a position where moving right leads to the cliff, it should prefer moving up or down instead.
   - Introduce a ""safe zone"" concept where the agent learns to recognize and prioritize movements that keep it away from cliff states.

3. **Reward Shaping**:
   - Modify the reward structure to provide small positive rewards for safe movements that lead towards the goal and larger penalties for entering cliff states. This could help guide the agent's learning process.
   - Consider implementing a penalty for backtracking to encourage the agent to find a path rather than oscillate between positions.

4. **Increased Exploration**:
   - Increase the exploration rate initially and then gradually decrease it as the agent starts to learn the safe paths. This could help the agent discover new routes while still learning to avoid the cliffs.
   - Use random sampling with a focus on areas of the grid that are less frequently visited, especially those near the edges of the cliff.

5. **State Representation**:
   - Enhance the state representation to include information about nearby cliffs. For instance, if the agent is adjacent to the cliff, this should be represented in the state, influencing the action choices.

6. **Stochastic Dynamics Awareness**:
   - Given the stochastic nature of the environment, implement a policy that accounts for potential action failures. For example, if the intended action is to move right, the policy should still consider the possibility of moving up or down instead.

### Conclusion

By implementing a robust exploration strategy that emphasizes safe navigation, path planning, and effective reward shaping, the agent can significantly improve its performance in the CliffWalking-v1 environment. The goal is to minimize negative rewards while guiding the agent efficiently towards the target state, avoiding the pitfalls of the cliff.","To improve the agent's effectiveness in navigating the CliffWalking-v1 environment, we need to create a probability distribution for the action exploration that prioritizes safe movements while still allowing for some exploration. Given the analysis of the last episode, we can derive a distribution that reflects a balance between exploitation of known safe paths and exploration of new paths.

### Action Probabilities
1. **UP (0)**: This action can be useful for moving away from the cliff if the agent is in a lower row. However, if the agent is already near the top row, this action may not be beneficial. We will assign a moderate probability to this action.

2. **RIGHT (1)**: This action is crucial for progressing towards the goal (state 47) but must be used cautiously to avoid stepping on the cliffs. We will assign a higher probability to this action, especially if the agent is in a position where it can safely move right without encountering the cliff.

3. **DOWN (2)**: This action is generally less useful for reaching the goal since it moves the agent away from the target. However, it might be necessary if the agent is at risk of moving into a cliff state. We will assign a lower probability to this action.

4. **LEFT (3)**: This action is primarily used for backtracking and should be minimized since it can lead to oscillations and does not contribute to reaching the goal. We will assign the lowest probability to this action.

### Proposed Distribution
Based on the above reasoning, here is the proposed distribution for the next episode:

- UP (0): 0.2
- RIGHT (1): 0.5
- DOWN (2): 0.2
- LEFT (3): 0.1

### Final Output Format
The final action exploration distribution in decimal form is:

```json
{0: 0.2, 1: 0.5, 2: 0.2, 3: 0.1}
```

This distribution emphasizes moving right towards the goal while still allowing for upward movement to avoid cliffs and minimizing leftward movements that do not help in progressing towards the target."
11,-2279,-263.36,0.95644,618.220599975586,N/A,N/A
12,-2774,-281.18,0.95248,609.5350939178467,N/A,N/A
13,-1982,-200.0,0.94852,600.3232739257812,N/A,N/A
14,-2081,-232.67,0.94456,620.3539478302002,N/A,N/A
15,-2774,-200.0,0.9406,617.5591722869873,N/A,N/A
16,-1784,-200.0,0.93664,593.8924663543701,N/A,N/A
17,-2081,-155.04,0.93268,616.3867345428466,N/A,N/A
18,-2675,-195.92,0.92872,625.0930184936524,N/A,N/A
19,-2279,-198.56,0.92476,629.4598928070068,N/A,N/A
20,-2180,-200.22,0.9208,636.0728619384765,"### Episode Analysis

In the last episode of training on the CliffWalking-v1 environment, the agent received a total reward of -2180. This negative reward indicates that the agent frequently encountered the cliff states (37 to 46) or took many steps without reaching the goal (state 47). 

#### Action Sequence Breakdown

The action sequence extracted at intervals shows the following actions being taken:
- **RIGHT (1)**: This action was taken most frequently, which is expected as it moves the agent toward the goal.
- **UP (0)**: This action was used to navigate around obstacles or move vertically.
- **DOWN (2)**: This action was less frequent, likely used to recover from unintended movements due to the stochastic nature of the environment.
- **LEFT (3)**: This action was used occasionally, likely as a corrective action when the agent moved too close to the cliff.

#### Key Observations
1. **High Frequency of Right Moves**: The agent is trying to progress towards the goal, which is positive. However, it may be doing so without sufficient caution around the cliff.
2. **Frequent Cliff Encounters**: The total reward suggests that the agent likely fell off the cliff multiple times, resulting in substantial penalties.
3. **Stochasticity Effects**: The presence of slippery dynamics means that the agent's intended actions may not always correspond to the actual outcome, leading to unintended movements toward the cliff.

### Recommendations for Exploration Strategy

To improve the agent's performance and avoid falling into the cliff while still progressing towards the goal, consider the following strategies:

1. **Cautious Exploration**:
   - **Incorporate a Safety Buffer**: Implement a strategy that encourages the agent to maintain a safe distance from the cliff. For example, if the agent is in states 36, 37, or 38, prioritize actions that move it away from the cliff (like UP or LEFT).
   - **Avoid Cliff States**: Introduce a penalty in the reward function for moving into states adjacent to the cliff (e.g., states 36, 37, 38, 39, 46). This will encourage the agent to avoid paths that lead close to the cliff.

2. **Enhanced State Awareness**:
   - **State Value Function**: Train the agent to recognize the value of states near the cliff and adjust its policy to avoid them. For example, if the agent is in state 36, it should have a higher probability of taking UP instead of RIGHT.
   - **Use of Q-Learning with Epsilon-Greedy Strategy**: Allow for exploration while ensuring the agent learns the value of avoiding cliff states. Set a low epsilon value after sufficient training to focus on exploiting learned policies.

3. **Action Modification**:
   - **Modify Action Probability**: When the agent is near the cliff, adjust the probabilities of actions to favor UP or LEFT over RIGHT or DOWN. This can be done through a dynamic adjustment of the action selection based on proximity to the cliff.

4. **Reward Shaping**:
   - **Implement Intermediate Rewards**: Encourage the agent by providing small positive rewards for reaching safe states or making progress toward the goal without falling into the cliff. For example, reward -0.5 for moving to a state adjacent to the goal without hitting the cliff.

5. **Simulation and Training Adjustments**:
   - **Increase Training Episodes**: Allow for more training episodes to ensure that the agent has adequate time to learn the optimal policy.
   - **Use of Experience Replay**: Store experiences of successful navigation and replay them to reinforce good behavior while avoiding cliff encounters.

### Conclusion

By implementing a more cautious exploration strategy, enhancing the agent's state awareness, modifying action probabilities, and shaping rewards, the agent should become more adept at navigating the CliffWalking-v1 environment. These strategies will help minimize the negative rewards incurred from falling into the cliff while optimizing the path toward the goal.","Based on the analysis of the previous episode and the proposed exploration strategies, we can define a probability distribution for the actions that balances cautious exploration with the need to progress toward the goal while avoiding the cliff.

### Action Probability Distribution
1. **UP (0)**: This action should have a higher probability when the agent is near the cliff, as it helps to move away from cliff states. In general, it is useful for navigating vertically and avoiding the cliff.
   
2. **RIGHT (1)**: While this action is essential for progressing toward the goal, it should be moderated to prevent falling into the cliff. Its probability will be lower than in previous episodes to encourage safer movements.

3. **DOWN (2)**: This action can be useful for recovery from unintended movements. However, it should not be favored too much, as it may lead the agent closer to the cliff if it moves downward into unsafe states.

4. **LEFT (3)**: This action should be used cautiously. It can help correct the agent's position if it gets too close to the cliff, especially when it is in states like 36, 37, or 38.

### Proposed Action Distribution
Taking into account the need for cautious exploration and the avoidance of cliff states, the following action probabilities are suggested:

- **UP (0)**: 0.4
- **RIGHT (1)**: 0.3
- **DOWN (2)**: 0.1
- **LEFT (3)**: 0.2

This distribution reflects a cautious approach while still allowing the agent to move toward the goal effectively. 

### Final Output
Here is the action probability distribution in the required format:

```json
{0: 0.4, 1: 0.3, 2: 0.1, 3: 0.2}
``` 

This strategy should help the agent improve its performance in the CliffWalking-v1 environment by promoting safer navigation while still progressing towards the goal."
21,-1982,-202.81,0.91684,610.4514894866943,N/A,N/A
22,-1586,-192.16,0.91288,607.7833476257324,N/A,N/A
23,-695,-199.42,0.90892,601.1242907714844,N/A,N/A
24,-497,-200.0,0.90496,586.1883626937866,N/A,N/A
25,-497,-135.55,0.901,610.9718433380127,N/A,N/A
26,-1190,-215.7,0.8970400000000001,558.607427558899,N/A,N/A
27,-1045,-143.92,0.89308,575.8305771072189,N/A,N/A
28,-596,-176.43,0.88912,542.8265094947815,N/A,N/A
29,-992,-200.0,0.88516,493.9238599586487,N/A,N/A
30,-398,-82.66,0.8812,522.2352952957153,"### Episode Analysis

In the last episode of the training process in the CliffWalking-v1 environment, the agent received a total reward of -398. This indicates a significant number of steps taken within the environment, leading to negative rewards primarily due to the agent stepping on the cliff states (37 to 46). The action sequence indicates a variety of movements, including attempts to navigate around the cliff and reach the goal state (47).

#### Action Sequence Overview
The action sequence extracted at intervals is as follows:
- **UP (0)**, **RIGHT (1)**, **DOWN (2)**, **LEFT (3)**

The sequence shows a mix of movements, with several instances of moving left (3) and up (0), which are generally aimed at navigating away from the cliff. However, the frequent changes in direction and some downward movements (2) suggest that the agent struggled to maintain a consistent path towards the goal while avoiding cliffs.

### Key Observations
1. **Frequent Cliff Encounters**: The negative reward of -100 for stepping on the cliff suggests that the agent likely encountered the cliff multiple times during this episode. The total reward indicates a considerable amount of time spent in states yielding -1, compounded by cliff penalties.
  
2. **Stochasticity Impact**: The environment's stochastic nature (is_slippery=True) implies that the agent's intended actions may not always result in the expected outcome. This is evident in the action sequence, where the agent's movement may have led it unpredictably onto the cliff.

3. **Exploration Strategy**: The agent's exploration strategy appears to be suboptimal, as indicated by the high negative reward. The agent needs a more robust policy that accounts for the slippery dynamics and focuses on avoiding cliff states.

### Recommendations for Exploration Strategy

1. **Conservative Movement Near the Cliff**:
   - Implement a policy that favors movements away from the cliff when the agent is in proximity to cliff states. For example, if the agent is in states 36, 37, or 38, prioritize moving right (1) or up (0), avoiding down (2) or left (3).

2. **Use of Lookahead Planning**:
   - Integrate a lookahead mechanism where the agent evaluates potential future states before executing an action. For instance, if moving right (1) leads to a cliff state in the next step, the agent should consider alternative actions.

3. **Enhanced Exploration with Epsilon-Greedy Strategy**:
   - Utilize an epsilon-greedy strategy that allows for exploration while still favoring actions with higher expected rewards. Adjust the epsilon value dynamically based on the agent's proximity to the cliff, increasing exploration when near dangerous states.

4. **Reward Shaping**:
   - Introduce intermediate rewards for staying away from the cliff or making progress towards the goal. For example, rewarding the agent for each successful move towards the goal without stepping on the cliff can incentivize safer exploration.

5. **Path Planning Algorithms**:
   - Consider implementing path planning algorithms, such as A* or Dijkstra's, to pre-compute safe paths to the goal. The agent can use these paths to guide its actions, especially when it is near the cliff.

6. **State Value Function Adjustment**:
   - Adjust the value function to heavily penalize states adjacent to the cliff. This will help the agent learn to avoid those states more effectively.

### Conclusion
The agent's performance in the last episode highlights the challenges of navigating the CliffWalking environment, particularly with the stochastic dynamics. By implementing a more structured exploration strategy that incorporates safety measures, lookahead planning, and reward shaping, the agent can improve its performance, minimize negative rewards, and successfully reach the goal while avoiding the cliff.","To improve the agent's performance in the CliffWalking-v1 environment, we need to design a probability distribution for action exploration that accounts for the current state (36), the proximity to the cliff, and the need to reach the goal (state 47) while avoiding penalties.

### Action Exploration Strategy

Given the key observations and recommendations from the previous episode, we can assign probabilities to each action based on their effectiveness in avoiding the cliff and moving towards the goal:

1. **UP (0)**: This action moves the agent to state 24, which is safe and allows the agent to potentially navigate around the cliff. However, it does not directly progress towards the goal. Given the current state (36), this action is relatively safe when considering the cliff's proximity.
   
2. **RIGHT (1)**: This action moves the agent to state 37, which is a cliff state. Thus, we should assign a very low probability to this action to avoid stepping on the cliff.

3. **DOWN (2)**: This action moves the agent to state 48, which is out of bounds and also undesirable. We should assign a very low probability to this action as well.

4. **LEFT (3)**: This action moves the agent to state 35, which is safe and allows the agent to potentially navigate towards the goal without stepping on the cliff. This action could also help the agent move back to the starting point if it strays too close to the cliff.

### Probability Distribution

Taking into account the need to avoid the cliff while still exploring effectively, we can assign the following probabilities:

- **UP (0)**: 0.6 (high probability to encourage upward movement away from the cliff)
- **RIGHT (1)**: 0.05 (very low probability to avoid stepping on the cliff)
- **DOWN (2)**: 0.05 (very low probability to avoid going out of bounds)
- **LEFT (3)**: 0.3 (moderate probability to explore left and maintain safety)

### Final Action Distribution

Thus, the action exploration probabilities for the next episode are as follows:

```json
{0: 0.6, 1: 0.05, 2: 0.05, 3: 0.3}
```

This distribution encourages the agent to take safer actions while still allowing some exploration, especially in the leftward direction, to avoid the cliffs and make progress toward the goal."
31,-299,-98.03,0.87724,495.74352352142336,N/A,N/A
32,-200,-181.29,0.8732800000000001,497.2275072193146,N/A,N/A
33,-893,-162.99,0.86932,490.32969058990477,N/A,N/A
34,-794,-159.15,0.86536,439.1705554008484,N/A,N/A
35,-893,-150.66,0.8613999999999999,461.7219974899292,N/A,N/A
36,-398,-200.0,0.85744,469.05451274871825,N/A,N/A
37,-992,-101.93,0.85348,474.46092477798464,N/A,N/A
38,-398,-171.12,0.84952,442.50644990921023,N/A,N/A
39,-1190,-194.3,0.84556,429.9634243965149,N/A,N/A
40,-596,-82.01,0.8416,443.15969754219054,"### Episode Analysis

In the last episode of the training process on the CliffWalking-v1 task, the agent received a total reward of -596. The action sequence indicates the agent's movements across the grid, which include attempts to navigate towards the goal while avoiding the cliff. 

#### Action Sequence Breakdown
- The agent executed a series of movements primarily consisting of the actions UP (0), RIGHT (1), DOWN (2), and LEFT (3).
- The sequence indicates a substantial number of UP (0) and RIGHT (1) actions, which are generally favorable when moving towards the goal (state 47).
- However, there are also multiple instances of DOWN (2) and LEFT (3) actions, which can lead to moving away from the goal or towards the cliff.

### Observations
1. **Frequent Cliff Encounters**: The negative reward of -100 for stepping on the cliff (states 37 to 46) suggests that the agent likely encountered the cliff multiple times, contributing significantly to the total negative reward.
2. **Stochastic Movement**: Given the stochastic nature of the environment (is_slippery=True), the agent may not have moved as intended, which could explain some of the less optimal movements (e.g., moving DOWN when intending to move UP).
3. **Inefficient Pathing**: The agent's path appears to include several back-and-forth movements, particularly with LEFT and DOWN actions, which do not contribute to progress towards the goal.

### Recommendations for Exploration Strategy

To improve the agent's performance and minimize negative rewards while navigating towards the goal, consider the following strategies:

1. **Enhanced Exploration Policy**:
   - **Greedy with Epsilon Decay**: Use an epsilon-greedy strategy where the agent primarily follows the learned policy but explores with a small probability (epsilon) to avoid local minima. Gradually decay epsilon to reduce exploration as training progresses.
   - **Avoid Cliff States**: Implement a heuristic that discourages the agent from moving into states adjacent to the cliff (states 37-46). For example, if the agent is in state 36 or 46, it should prioritize moving RIGHT or UP.

2. **State Value Function**:
   - **Value Function Approximation**: Utilize a value function to estimate the expected rewards for each state-action pair, helping the agent to make more informed decisions that avoid cliffs and prioritize paths leading to the goal.

3. **Dynamic Action Adjustment**:
   - **Action Adjustment Based on Current State**: If the agent is near the cliff (e.g., in states 36, 37, or 46), adjust the action probabilities to favor movements away from the cliff or towards safer states.

4. **Reward Shaping**:
   - **Intermediate Rewards**: Introduce intermediate rewards for reaching safe states or making progress towards the goal. This could help the agent learn to avoid cliffs while still being incentivized to explore.

5. **Training on Simulated Episodes**:
   - **Simulated Environments**: Conduct training in a simulated environment where the agent can practice navigating the grid without penalties for falling off the cliff. This can help the agent learn effective paths before applying the learned policy in the actual environment.

6. **Policy Improvement**:
   - **Policy Gradient Methods**: Consider using policy gradient methods to directly optimize the policy based on the rewards received, improving the agent’s ability to navigate effectively in a stochastic environment.

### Conclusion
The last episode indicates that the agent is still struggling to navigate effectively towards the goal while avoiding the cliff. By implementing a more robust exploration strategy that incorporates state awareness, value estimation, and dynamic action adjustments, the agent can improve its performance and minimize negative rewards in future episodes.","Based on the analysis of the previous episode and the need for a robust exploration strategy in the CliffWalking-v1 environment, we can derive a probability distribution for the actions that helps the agent navigate towards the goal while avoiding the cliff. 

### Key Considerations for Action Selection:
1. **Avoid Cliff States**: The agent should heavily favor actions that keep it away from the cliff (states 37-46).
2. **Prioritize Goal Direction**: The actions that lead towards the goal (state 47) should be favored.
3. **Stochastic Dynamics**: Given the slippery nature of the environment, we should ensure some level of exploration to account for potential deviations from intended actions.

### Proposed Action Probabilities:
- **UP (0)**: This action is beneficial for moving towards the goal if the agent is not too close to the cliff. We can assign a moderate probability to this action.
- **RIGHT (1)**: This action is crucial for progressing towards the goal and should receive the highest probability.
- **DOWN (2)**: This action should be minimized as it can lead the agent closer to the cliff.
- **LEFT (3)**: This action is generally not favorable for progressing towards the goal and should also be minimized.

### Action Probability Distribution:
Considering the above factors, we can assign the following probabilities:

- UP (0): 0.2
- RIGHT (1): 0.6
- DOWN (2): 0.1
- LEFT (3): 0.1

### Final Output:
Thus, the action exploration probability distribution for the next episode will be:

```json
{0: 0.2, 1: 0.6, 2: 0.1, 3: 0.1}
```

This distribution emphasizes moving right towards the goal while still allowing for some exploration with UP, and minimizing actions that lead towards the cliff."
41,-2180,-174.97,0.8376399999999999,429.2103745046258,N/A,N/A
42,-2774,-140.39,0.83368,418.28537042617796,N/A,N/A
43,-1091,-167.8,0.82972,450.2120657348633,N/A,N/A
44,-269,-163.62,0.82576,398.2556553155604,N/A,N/A
45,-2279,-140.7,0.8218,462.65045265197756,N/A,N/A
46,-1190,-189.4,0.81784,445.1404924583435,N/A,N/A
47,-2675,-124.4,0.8138799999999999,437.7989140701294,N/A,N/A
48,-2675,-76.68,0.80992,437.01391143798827,N/A,N/A
49,-118,-77.73,0.80596,454.1311057859053,N/A,N/A
50,-829,-192.76,0.802,471.57001334560266,"### Episode Analysis

In the last episode of the CliffWalking-v1 task, the agent received a total reward of -829, indicating that it encountered significant penalties, likely due to stepping on the cliff states (37 to 46) multiple times. The action sequence reveals a series of movements that suggest a struggle to navigate effectively through the grid while avoiding the cliff.

#### Breakdown of the Action Sequence
The action sequence is as follows:
- **3 (LEFT)**: Moves left from state 36 to state 35.
- **0 (UP)**: Moves up to state 24.
- **1 (RIGHT)**: Moves right to state 25, then continues to move right (1) several times.
- **0 (UP)**: Attempts to move up but may have slipped.
- **3 (LEFT)**: Moves left again, potentially leading to a risky position near the cliff.
- **1 (RIGHT)**: Moves right again, and continues to navigate the grid.

The agent's movement appears erratic, with multiple left and upward movements that might not have been optimal given the cliff's location. The agent frequently attempted to navigate right, but there are several instances of moving left or up that likely led to falling into the cliff states.

### Key Observations
1. **Frequent Cliff Encounters**: The agent appears to have moved into cliff states multiple times, resulting in heavy penalties. The stochastic nature of the environment likely compounded this issue, as intended actions were not always executed as planned.
  
2. **Suboptimal Pathing**: The sequence shows a tendency to oscillate between left and right movements, which could indicate confusion in navigating towards the goal (state 47).

3. **Reward Structure Impact**: The agent's strategy seems to be heavily penalized by the cliff states, with each step resulting in a -1 reward and cliff encounters yielding -100. This necessitates a more cautious approach.

### Recommendations for Exploration Strategy

To improve the agent's performance and reduce the negative rewards in future episodes, consider the following strategies:

1. **Safe Exploration**:
   - Implement a strategy that prioritizes safe movements away from the cliff. This could involve a policy that avoids states 37-46 entirely unless the agent is at a safe distance (e.g., two states away).
   - Use a heuristic that favors movements that keep the agent at least one row above the cliff when possible.

2. **Enhanced Policy Learning**:
   - Employ a Q-learning or SARSA algorithm with a focus on exploration. This includes epsilon-greedy strategies where the agent explores less frequently visited states while still exploiting known rewarding paths.
   - Use experience replay to reinforce successful navigation strategies that avoid the cliff.

3. **Incorporate Memory**:
   - Implement a memory mechanism to remember past states that led to cliff encounters. This could help the agent avoid making similar decisions in the future.
   - Use a state-action value function that penalizes revisiting cliff states heavily.

4. **Dynamic Adjustment of Exploration**:
   - Adjust the exploration rate dynamically based on the agent's performance. If the agent encounters the cliff frequently, increase the exploration rate to encourage more diverse pathfinding.
   - Introduce a decay factor for the exploration rate as the agent learns better paths to the goal.

5. **Visualize the Grid**:
   - Use visualization tools to help the agent understand the grid layout better, marking cliff areas and successful paths. This could be particularly useful in training sessions to provide feedback on the agent's movements.

6. **Stochastic Action Handling**:
   - Develop a robust action selection mechanism that accounts for the stochastic nature of the environment. This could involve simulating potential outcomes of actions before executing them, allowing the agent to choose the least risky option.

By implementing these strategies, the agent should be better equipped to navigate the CliffWalking environment, minimizing negative rewards and successfully reaching the goal state while avoiding the cliff.","To improve the agent's performance in the CliffWalking-v1 environment, we need to create a probability distribution for the four actions (UP, RIGHT, DOWN, LEFT) that encourages safe exploration while guiding the agent toward the goal state (47) and away from the cliff states (37-46). 

Given the observations from the previous episode, we can derive a probability distribution that prioritizes actions that keep the agent safe and moving towards the goal. Here’s a suggested distribution:

1. **UP (0)**: This action is generally safe as long as the agent is not too close to the cliff. It allows the agent to move away from the cliff and potentially navigate towards safer paths. We assign a moderate probability to this action.
  
2. **RIGHT (1)**: This action is crucial for reaching the goal. However, care must be taken to ensure the agent does not inadvertently step into the cliff states. We can assign a higher probability to this action since it is essential for progress towards the goal.

3. **DOWN (2)**: This action is generally risky when the agent is near the cliff. Therefore, we assign a lower probability to this action to discourage the agent from moving downward unless it is in a safe position.

4. **LEFT (3)**: This action can lead the agent back towards the cliff and should be avoided. Thus, we assign a very low probability to this action.

Based on this reasoning, here is the proposed action probability distribution:

```json
{0: 0.2, 1: 0.6, 2: 0.1, 3: 0.1}
```

### Explanation of the Distribution:
- **UP (0)**: 20% chance to encourage upward movement when safe.
- **RIGHT (1)**: 60% chance to prioritize moving towards the goal.
- **DOWN (2)**: 10% chance to minimize risks near the cliff.
- **LEFT (3)**: 10% chance to avoid unnecessary backward movements.

This distribution balances exploration and safety, guiding the agent towards the goal while minimizing the risk of falling into cliff states."
51,-1487,-138.67,0.7980400000000001,450.20717555999755,N/A,N/A
52,-1190,-71.17,0.79408,448.7650161266327,N/A,N/A
53,-1586,-200.0,0.79012,455.4753602600098,N/A,N/A
54,-258,-158.93,0.78616,434.83915659586586,N/A,N/A
55,-393,-95.94,0.7822,412.68497880299884,N/A,N/A
56,-889,-166.29,0.77824,443.22748070347063,N/A,N/A
57,-2081,-145.65,0.77428,417.1275351428986,N/A,N/A
58,-163,-177.5,0.77032,429.2282581925392,N/A,N/A
59,-611,-178.8,0.76636,444.37803311183535,N/A,N/A
60,-542,-78.36,0.7624,398.8670330308888,"### Episode Analysis

The last episode of the training process in the CliffWalking-v1 environment resulted in a total reward of -542. The action sequence indicates a series of movements primarily in the right direction (action 1) with occasional movements up (action 0), down (action 2), and left (action 3). The agent started at state 36 and aimed to reach state 47 while avoiding the cliff states (37-46).

#### Action Sequence Breakdown
- **Frequent Right Movements (Action 1)**: The agent executed the 'RIGHT' action (1) 28 times, indicating a strong tendency to move towards the goal.
- **Vertical Movements (Actions 0 and 2)**: The agent used 'UP' (0) and 'DOWN' (2) actions at various points, suggesting attempts to navigate around obstacles or avoid cliffs.
- **Left Movements (Action 3)**: The agent moved left (3) 8 times, which may have been due to unintended slips or retracing steps after encountering obstacles.

#### Reward Analysis
- The negative reward of -542 indicates that the agent likely encountered the cliff multiple times, resulting in significant penalties. Each fall into the cliff states incurs a -100 reward, while each step taken incurs a -1 penalty.
- The total number of steps taken can be estimated by counting the actions, which is 80. Given the penalties, the agent likely fell into the cliff multiple times during this episode.

### Strategy Recommendations

1. **Policy Adjustment for Cliff Avoidance**:
   - Implement a more conservative policy that prioritizes safety over aggressive exploration. This can involve preferring actions that maintain a safe distance from the cliff (i.e., avoiding states 37-46).
   - Consider a state-action value function that assigns higher values to actions leading to states that are not adjacent to the cliff.

2. **Exploration Strategy**:
   - Use an epsilon-greedy strategy where the agent occasionally selects random actions to explore new paths but primarily follows a learned optimal policy that avoids the cliff.
   - Increase the epsilon value during early training phases to encourage exploration and decrease it as the agent learns to avoid the cliff.

3. **State Representation**:
   - Enhance state representation by including information about the proximity to the cliff. For example, the agent could receive additional features indicating the number of cliff states in adjacent positions.
   - Implement a risk assessment mechanism where the agent evaluates the risk of falling into the cliff based on its current position and future actions.

4. **Reward Shaping**:
   - Modify the reward structure to penalize states closer to the cliff more heavily (e.g., -5 for adjacent states) while still maintaining a -100 penalty for falling into the cliff.
   - Introduce a small positive reward for reaching safe states, encouraging the agent to explore areas that are not immediately adjacent to the cliff.

5. **Dynamic Action Selection**:
   - Introduce a mechanism that evaluates the outcomes of actions based on past experiences. If certain actions frequently lead to falls, those actions should be deprioritized in the policy.
   - Use a model-based approach to simulate potential outcomes of actions before executing them, allowing the agent to make better-informed decisions.

### Conclusion

The total reward of -542 indicates that the agent struggled significantly with cliff avoidance during the last episode. By implementing a more cautious exploration strategy, refining the policy to prioritize safety, and enhancing the state representation, the agent can improve its performance and successfully navigate to the goal while minimizing negative rewards.","To improve the agent's performance in the CliffWalking-v1 environment, we need to establish a probability distribution for the actions that encourages safe navigation towards the goal while minimizing the risk of falling into the cliff. Given the analysis of the previous episode, we can adjust the action probabilities as follows:

### Action Probability Distribution

1. **UP (Action 0)**: This action is important for moving vertically away from the cliff when the agent is near the bottom row. However, it should be used cautiously, especially when the agent is close to the cliff edge. We can assign a moderate probability to this action to encourage upward movement when safe.
   
2. **RIGHT (Action 1)**: This is the primary action toward reaching the goal. It should have the highest probability because the agent needs to move right to reach state 47. However, we should still consider the risk of falling into the cliff if the agent is too close to it.

3. **DOWN (Action 2)**: This action can be useful for moving away from the cliff if the agent is in a position where it might slip down into the cliff area. However, this action should have a lower probability since we want to prioritize upward movement when possible.

4. **LEFT (Action 3)**: This action should have the lowest probability as it generally does not help in reaching the goal and can lead to backtracking. It should only be used in specific situations where the agent needs to avoid a cliff.

### Proposed Action Probability Distribution
Taking into account the need to prioritize safety and goal-directed movement, the following distribution is proposed:

- **UP (Action 0)**: 0.2
- **RIGHT (Action 1)**: 0.6
- **DOWN (Action 2)**: 0.1
- **LEFT (Action 3)**: 0.1

### Final Output
The probability distribution for the actions in the next episode is as follows:

```json
{0: 0.2, 1: 0.6, 2: 0.1, 3: 0.1}
```

This distribution emphasizes moving right towards the goal while maintaining a cautious approach to avoid falling into the cliff. The agent will still have some exploration capability through the UP and DOWN actions, but it will primarily focus on progressing to the right."
61,-454,-200.0,0.75844,417.2014114963021,N/A,N/A
62,-1883,-98.8,0.75448,409.8638454341888,N/A,N/A
63,-162,-169.26,0.75052,483.607057300825,N/A,N/A
64,-1289,-74.08,0.74656,392.9510752610862,N/A,N/A
65,-1388,-202.87,0.7425999999999999,381.60427772969007,N/A,N/A
66,-1487,-181.67,0.73864,400.59255789756776,N/A,N/A
67,-1685,-199.52,0.73468,386.3520618455112,N/A,N/A
68,-1586,-84.86,0.73072,348.86934406280517,N/A,N/A
69,-2972,-170.69,0.72676,385.6739116477966,N/A,N/A
70,-2081,-318.13,0.7228,403.372331161499,"### Analysis of the Last Episode of Training

In the last episode of training on the CliffWalking-v1 environment, the agent experienced a significant total reward of -2081. This indicates that the agent encountered numerous penalties, particularly from stepping on the cliff states (states 37 to 46), which yield a -100 reward and send the agent back to the starting position (state 36). 

#### Action Sequence Breakdown

The action sequence extracted at intervals shows a mix of movements, including:
- **UP (0)**: Moving vertically upwards.
- **RIGHT (1)**: Moving horizontally to the right.
- **DOWN (2)**: Moving vertically downwards.
- **LEFT (3)**: Moving horizontally to the left.

The sequence includes a variety of actions, but the frequent occurrences of **DOWN (2)** and **LEFT (3)** suggest that the agent may have been trying to navigate around the cliff but often ended up in positions that did not facilitate a safe path toward the goal.

### Observations
1. **Frequent Cliff Encounters**: The agent likely stepped on the cliff multiple times, leading to the high negative reward. The stochastic nature of the environment (is_slippery=True) means that the agent's intended actions may not always correspond to the actual movements, which can lead to unintended cliff encounters.
  
2. **Inefficient Pathing**: The action sequence indicates that the agent may have been oscillating between states rather than making progressive movement toward the goal. This inefficiency could be due to a lack of a clear policy that prioritizes safe navigation around the cliff.

3. **Exploration vs. Exploitation**: The agent's exploration strategy may not have effectively balanced exploration of the environment with the exploitation of known safe paths. The high penalty suggests that the agent was exploring risky areas without a robust strategy to avoid the cliff.

### Strategy Recommendations

To improve the agent's performance and minimize negative rewards in future episodes, consider the following strategies:

1. **Enhanced Exploration Strategy**:
   - **Safe Exploration**: Implement a policy that biases the agent toward safer actions. For example, encourage the agent to prioritize movements that keep it away from the cliff (e.g., favoring UP and RIGHT when near the bottom row).
   - **State Value Function**: Develop a value function that assigns higher values to states that are farther from the cliff. This can help guide the agent's exploration toward safer regions of the grid.

2. **Action Pruning**:
   - Introduce a mechanism to limit certain actions when the agent is in proximity to the cliff. For example, if the agent is in state 36, 37, or 38, restrict the DOWN action to prevent falling into the cliff.

3. **Reward Shaping**:
   - Modify the reward structure slightly to provide positive reinforcement for safe movements. For instance, give small rewards for moving away from the cliff or reaching safe states, while maintaining the penalties for falling into the cliff.

4. **Policy Improvement**:
   - Implement a reinforcement learning algorithm that utilizes an epsilon-greedy strategy with decaying exploration rates. This can help the agent gradually shift from exploration to exploitation as it learns more about the environment.

5. **Temporal Difference Learning**:
   - Use methods such as Q-learning or SARSA, which can effectively learn the value of actions in states while accounting for the stochastic nature of the environment. The agent can learn to avoid cliff states over time by updating its action-value estimates based on the rewards received.

6. **Simulation and Testing**:
   - Run multiple simulations with varying exploration strategies to identify which combination leads to the best performance. Analyzing the outcomes can provide insights into the effectiveness of different approaches.

### Conclusion

By implementing these strategies, the agent should be able to learn a more effective policy that minimizes negative rewards and successfully navigates the CliffWalking-v1 environment. Continuous evaluation and adaptation of the exploration strategy will be key to achieving better performance in future episodes.","To improve the agent's effectiveness in the CliffWalking-v1 environment while navigating toward the goal and avoiding the cliff, we need to design a probability distribution for the actions that reflects a balance between exploration and exploitation while prioritizing safety. Given the observations from the previous episode, we can derive the following probabilities for the actions:

1. **UP (0)**: This action is beneficial for moving away from the cliff when the agent is in the bottom row. However, it can lead to moving into the second row, which is not directly harmful but does not help progress toward the goal. We will assign a moderate probability to this action, as it can be useful in certain situations.

2. **RIGHT (1)**: This action is crucial for progressing toward the goal (state 47). It is essential to prioritize this action as long as the agent is not adjacent to the cliff. We will assign a higher probability to this action to encourage the agent to move toward the goal.

3. **DOWN (2)**: This action is risky when the agent is near the cliff. It should be minimized, especially when the agent is in states that are close to the cliff (e.g., states 36, 37, 38). We will assign a low probability to this action to discourage the agent from moving downward.

4. **LEFT (3)**: This action is generally not useful for progressing toward the goal. It can also lead the agent back toward the starting position without making any meaningful progress. We will assign a low probability to this action as well.

Considering these observations, we can define a probability distribution as follows:

- **UP (0)**: 0.2 (20% chance)
- **RIGHT (1)**: 0.5 (50% chance)
- **DOWN (2)**: 0.1 (10% chance)
- **LEFT (3)**: 0.2 (20% chance)

This distribution emphasizes moving right toward the goal while maintaining a cautious approach to avoid the cliff by limiting down and left movements.

The final output format for the action exploration probabilities will be:

```json
{0: 0.2, 1: 0.5, 2: 0.1, 3: 0.2}
```"
71,-1190,-223.37,0.71884,385.6184792995453,N/A,N/A
72,-992,-275.32,0.71488,355.77239519655706,N/A,N/A
73,-473,-200.0,0.71092,363.7914996704498,N/A,N/A
74,-1586,-179.46,0.70696,376.2069286441803,N/A,N/A
75,-794,-187.07,0.7030000000000001,347.0626832008362,N/A,N/A
76,-1388,-150.62,0.69904,350.53025191649795,N/A,N/A
77,-2081,-166.55,0.69508,368.7035615634918,N/A,N/A
78,-1784,-150.07,0.69112,336.0584166824818,N/A,N/A
79,-893,-73.63,0.68716,371.0790888786316,N/A,N/A
80,-1487,-76.41,0.6832,353.2756236076355,"### Analysis of the Last Episode

In the last episode of training on the CliffWalking-v1 environment, the agent's total reward was -1487, which indicates a significant number of negative rewards primarily due to stepping on the cliff states (37 to 46). The action sequence taken by the agent reveals a pattern of exploration that included various movements, but the high negative reward suggests that the agent frequently encountered the cliff.

#### Action Sequence Breakdown

- The action sequence consists of various movements: UP (0), RIGHT (1), DOWN (2), and LEFT (3). 
- The agent attempted to navigate the grid, but the stochastic nature of the environment (is_slippery=True) likely caused it to deviate from its intended path. For example, the agent may have intended to move upward or right but instead moved in an unintended direction due to the slippery dynamics.
- The frequent transitions between states suggest that the agent was actively exploring but did not effectively learn to avoid the cliff.

### Key Observations

1. **Frequent Cliff Encounters**: The agent's movement patterns show that it often approached the cliff states, leading to substantial penalties.
2. **Suboptimal Movement Choices**: The agent made several moves that did not effectively guide it toward the goal (state 47) and instead led it into the cliff.
3. **Exploration vs. Exploitation**: The agent's exploration strategy appears to lack a robust mechanism to balance exploration and exploitation, particularly in avoiding the cliff.

### Recommendations for Exploration Strategy

To improve the agent's performance and reduce negative rewards in future episodes, the following strategies are recommended:

1. **Safe Exploration Policy**:
   - Implement a policy that prioritizes movements away from the cliff. For instance, if the agent is adjacent to the cliff (states 36, 37, 46), it should favor actions that move it up or away from the cliff rather than right or down.

2. **Dynamic Risk Assessment**:
   - Introduce a risk assessment mechanism where the agent evaluates the potential negative reward of moving into cliff-adjacent states. For example, actions leading to states 37 to 46 could be assigned a higher penalty in the action-value function.

3. **Modified Action Selection**:
   - Use a modified epsilon-greedy approach where the agent has a higher probability of selecting safe actions (like moving up or left) when near the cliff. This can help in avoiding cliff states while still allowing for exploration.

4. **Memory and Experience Replay**:
   - Implement experience replay to allow the agent to learn from past mistakes. By replaying episodes where the agent encountered the cliff, it can adjust its policy to avoid similar situations in the future.

5. **Reward Shaping**:
   - Consider shaping the reward function to provide smaller penalties for stepping near the cliff (e.g., -5 for adjacent states) while maintaining the -100 penalty for stepping directly on the cliff. This would encourage the agent to learn to navigate around the cliff rather than being overly punished for near-misses.

6. **State Representation**:
   - Enhance the state representation to include information about the proximity to the cliff. For instance, states could be classified as “safe” or “dangerous,” influencing the agent's decision-making.

### Conclusion

The agent's performance in the last episode indicates a need for a more robust exploration strategy that effectively avoids the cliff while navigating toward the goal. By implementing a safe exploration policy, dynamic risk assessment, modified action selection, experience replay, and reward shaping, the agent's learning process can be significantly improved, leading to better performance in future episodes.","Based on the analysis of the previous episode, we need to establish a probability distribution for the actions that encourages the agent to avoid the cliff while still exploring effectively to reach the goal state. Given the stochastic nature of the environment, we will prioritize safe actions, especially when the agent is near the cliff.

### Proposed Action Distribution

1. **UP (0)**: This action is generally safe, especially when the agent is at the bottom row (states 36 to 46). Moving up can help the agent avoid the cliff and is often a necessary action to progress towards the goal. We will assign a relatively high probability to this action.

2. **RIGHT (1)**: This action can lead the agent closer to the goal, but it poses a risk when the agent is near the cliff. We will assign a moderate probability to this action, but it will be lower when the agent is adjacent to cliff states.

3. **DOWN (2)**: This action is typically not beneficial in the bottom row, as it can lead the agent back to a state that is already undesirable (state 36). Therefore, this action will receive a lower probability.

4. **LEFT (3)**: This action is also typically not beneficial in the bottom row since it moves the agent away from the goal. Thus, it will receive the lowest probability.

### Adjusting for Cliff Proximity

To account for the agent's proximity to the cliff, we can modify the probabilities based on whether the agent is in a safe position or near the cliff. For example, if the agent is in state 36, we want to heavily favor the UP action, while if it is in state 37, we want to favor UP and LEFT to avoid going right into the cliff.

### Final Action Distribution

Assuming the agent is currently in state 36 (the starting position), we can propose the following distribution:

- **UP (0)**: 0.5 (high priority to avoid cliff)
- **RIGHT (1)**: 0.3 (moderate priority to move towards the goal)
- **DOWN (2)**: 0.1 (low priority, as it's not beneficial)
- **LEFT (3)**: 0.1 (low priority, as it's not beneficial)

Putting this together, the action distribution will be:

```json
{0: 0.5, 1: 0.3, 2: 0.1, 3: 0.1}
```

This distribution encourages the agent to prioritize safe moves while still allowing for some exploration towards the goal. Adjustments can be made based on the agent's current state in future episodes, particularly if it is near the cliff."
81,-396,-285.76,0.6792400000000001,363.24524395875255,N/A,N/A
82,-695,-74.32,0.67528,376.8631856155396,N/A,N/A
83,-40,-102.33,0.6713199999999999,377.99345979690554,N/A,N/A
84,-794,-137.16,0.66736,370.84757533073423,N/A,N/A
85,-596,-191.02,0.6634,349.59384689435365,N/A,N/A
86,-115,-76.26,0.65944,322.69007774021316,N/A,N/A
87,-1091,-198.52,0.6554800000000001,358.50920798301695,N/A,N/A
88,-398,-200.0,0.6515200000000001,352.66532162666323,N/A,N/A
89,-194,-191.61,0.64756,371.08579872532897,N/A,N/A
90,-1388,-159.97,0.6436,378.46836151629685,"### Episode Analysis of CliffWalking-v1

**Total Reward:** -1388  
**Action Sequence:** 
```
[2, 0, 0, 0, 1, 0, 2, 0, 0, 2, 1, 0, 0, 0, 0, 1, 3, 3, 3, 3, 2, 1, 0, 1, 1, 3, 1, 2, 0, 1, 0, 0, 0, 0, 2, 1, 3, 3, 2, 0, 1, 0, 0, 0, 0, 0, 0, 1, 1, 0, 1, 2, 1, 2, 0, 2, 1, 0, 3, 0, 0, 0, 0, 0, 0, 1, 3, 3, 0, 2, 0, 1, 2, 2, 0, 0, 0, 3, 0, 2, 2, 0, 0, 1, 0, 1, 2, 3, 1, 2, 0, 1, 0, 0, 1, 0, 1, 0, 0, 0]
```

### Description of the Episode

1. **Initial State:** The agent starts at position (3, 0) (bottom-left corner of the grid).
2. **Goal State:** The goal is to reach position (3, 11) (bottom-right corner).
3. **Cliff States:** The agent must avoid states (3, 1) to (3, 10) as they incur a large penalty of -100.

### Observations

- The agent's total reward of -1388 suggests that it encountered the cliff multiple times, leading to significant penalties. The steep negative reward indicates that the agent likely fell off the cliff several times.
- The action sequence shows a varied exploration strategy, but there are long stretches where the agent seems to be moving vertically (action 0: UP and action 2: DOWN) and horizontally (action 1: RIGHT and action 3: LEFT).
- The sequence includes repeated actions that may not effectively contribute to reaching the goal, indicating possible inefficiencies in the exploration strategy.

### Strategy Recommendations

1. **Exploration Strategy:**
   - **Prioritize Horizontal Movement:** Since the goal is to reach the rightmost side of the grid, prioritize the RIGHT action (1) while ensuring the agent does not move into the cliff states.
   - **Vertical Movement for Safety:** Use UP (0) and DOWN (2) actions only when necessary to avoid cliffs. The agent should try to maintain a safe vertical position (row 3) as much as possible while moving right.

2. **Avoid Cliff States:**
   - Implement a ""safe zone"" heuristic where if the agent is in the last two columns (10 and 11), it should avoid moving left or down unless absolutely necessary. Instead, it should aim to stay in the last row and only move right.
   - When approaching the cliff states, the agent should be programmed to take a step back (LEFT) or move up to avoid falling off.

3. **Stochasticity Handling:**
   - Given the stochastic nature of the environment, the agent should adopt a robust policy that includes a degree of randomness in actions, especially when near the cliff. This can be achieved by adding a small probability of exploring alternative actions (like LEFT or UP) when close to cliff states.

4. **Learning from Failures:**
   - Implement a memory mechanism to remember the states that resulted in falling off the cliff. If the agent has previously fallen from a certain state, it should avoid similar actions in the future from that state.

5. **Reward Shaping:**
   - Introduce additional rewards for reaching safe zones or for steps taken towards the goal without falling off the cliff. This can help reinforce positive behavior and discourage risky moves.

6. **Evaluation and Iteration:**
   - After implementing the new policy, conduct multiple episodes to evaluate its effectiveness. Adjust the exploration parameters and the action selection strategy based on observed performance.

By refining the exploration strategy and focusing on safe movement patterns, the agent should be able to navigate towards the goal more effectively while minimizing penalties incurred from falling off the cliff.","To improve the agent's exploration strategy in the CliffWalking-v1 environment, we can formulate a probability distribution for the actions based on the recommendations provided. The goal is to prioritize safe movements toward the goal while avoiding the cliff states and considering the stochastic nature of the environment.

### Action Distribution Strategy

1. **Prioritize RIGHT (action 1):** Since the goal is to reach the rightmost side of the grid, we will assign the highest probability to the RIGHT action.
2. **Encourage UP (action 0) and DOWN (action 2) cautiously:** These actions will be assigned moderate probabilities to allow vertical movement when necessary but will be limited to avoid falling into the cliff states.
3. **Limit LEFT (action 3):** This action will have the lowest probability since moving left is generally counterproductive unless the agent is in a position where it needs to backtrack from the cliff.

### Proposed Probability Distribution

Given the above considerations, here is the proposed action probability distribution:

- **Action 0 (UP):** 0.2
- **Action 1 (RIGHT):** 0.5
- **Action 2 (DOWN):** 0.2
- **Action 3 (LEFT):** 0.1

This distribution encourages the agent to move right towards the goal while allowing for some vertical movement to avoid the cliff. The small probability for LEFT action is included to enable the agent to backtrack if it finds itself in a risky position near the cliff.

### Final Output

The action probability distribution can be represented as follows:

```json
{0: 0.2, 1: 0.5, 2: 0.2, 3: 0.1}
```"
91,-1586,-74.19,0.63964,358.09133440494537,N/A,N/A
92,-992,-200.0,0.63568,368.41266805648803,N/A,N/A
93,-1388,-198.4,0.6317200000000001,396.5878027042747,N/A,N/A
94,-2378,-164.21,0.62776,377.576171207428,N/A,N/A
95,-2576,-200.0,0.6238,403.92463779449463,N/A,N/A
96,-1091,-163.26,0.61984,385.84475095272063,N/A,N/A
97,-1190,-199.29,0.61588,393.7945432281494,N/A,N/A
98,-349,-99.29,0.61192,382.07008284788867,N/A,N/A
99,-132,-70.83,0.6079600000000001,397.5270529082327,N/A,N/A
100,-1190,-83.1,0.604,374.54463668815794,"In the last episode of the training process for the CliffWalking-v1 task, the agent experienced a total reward of -1190, indicating a significant number of penalties likely due to falling off the cliff and returning to the starting position. The action sequence reveals a pattern of movements that can be analyzed to identify potential improvements in the exploration strategy.

### Action Sequence Analysis
The action sequence consists of numerous movements, including:
- **UP (0)**, **RIGHT (1)**, **DOWN (2)**, and **LEFT (3)** actions.
- There are several instances of the agent moving right repeatedly, which suggests a focus on reaching the goal but also indicates potential overconfidence in navigating the cliff area.
- The agent attempted to move up and down, which could be interpreted as attempts to avoid the cliff, but the frequent rightward movements might have led to falling into the cliff zone (states 37-46).

### Key Observations
1. **Frequent Cliff Encounters**: The agent's navigation strategy appears to have led it too close to the cliff, resulting in repeated penalties. The agent may have misjudged the safety of its path, especially given the stochastic nature of the environment.
2. **Exploration vs. Exploitation**: The agent seems to be primarily exploiting known paths without adequately exploring safer alternatives. This is evident from the repeated rightward movements without sufficient lateral or upward exploration to avoid the cliff.
3. **Stochastic Dynamics**: The slippery nature of the environment could mean that the agent's intended movements were frequently altered, leading to unintended cliff encounters. This suggests that the agent may not have accounted for the stochasticity effectively.

### Recommendations for a Robust Exploration Strategy
To improve the agent's performance and minimize negative rewards, the following strategies can be implemented:

1. **Incorporate a Safety Buffer**:
   - Implement a policy that maintains a safe distance from the cliff. For example, prioritize actions that keep the agent at least one row away from the cliff, especially when it is in the vicinity of states 37-46.

2. **Enhanced Exploration**:
   - Introduce a more exploratory approach by using epsilon-greedy strategies, where the agent occasionally explores random actions instead of always following the current best-known action. This will help the agent discover safer paths.

3. **State-Value Function Adjustment**:
   - Adjust the state-value function to heavily penalize states adjacent to the cliff. This will encourage the agent to avoid risky areas and focus on safer routes, even if it means taking longer paths to reach the goal.

4. **Reward Shaping**:
   - Modify the reward structure to provide additional incentives for staying away from the cliff and reaching higher ground. For instance, reward the agent for moving up or laterally when it is near the cliff.

5. **Path Planning Algorithms**:
   - Utilize algorithms like A* or Dijkstra's algorithm for path planning that accounts for the cliff's location. This can help the agent plan a route that avoids cliff states more effectively.

6. **Temporal Difference Learning**:
   - Implement more advanced reinforcement learning techniques such as Q-learning or SARSA with experience replay, which can help the agent learn from past mistakes, especially those involving cliff encounters.

7. **Simulation and Testing**:
   - Run simulations with modified policies and strategies to evaluate their effectiveness before deploying them in actual training episodes. Analyze the performance metrics to ensure that the agent learns to avoid the cliff effectively.

By integrating these strategies into the training process, the agent should improve its navigation capabilities, minimize negative rewards, and successfully reach the goal state while avoiding the cliff.","To improve the agent's navigation strategy and minimize the negative rewards while avoiding the cliff in the CliffWalking-v1 environment, we will design a probability distribution for the action exploration that balances exploration and exploitation, while also ensuring safety from the cliff.

### Proposed Action Probability Distribution

Given the observations and recommendations, we can assign the following probabilities to the actions:

1. **UP (0)**: This action is crucial for keeping the agent away from the cliff. Moving up helps the agent avoid cliff states and potentially find safer routes. We will assign a higher probability to this action.

2. **RIGHT (1)**: This action is essential for progressing towards the goal. However, due to the previous overconfidence in moving right, we will assign a moderate probability to this action to encourage cautious exploration.

3. **DOWN (2)**: This action could potentially lead the agent closer to the cliff if it is not executed carefully. Therefore, we will assign a lower probability to this action.

4. **LEFT (3)**: This action is less useful for reaching the goal but can be beneficial for repositioning the agent away from the cliff. We will assign a low probability to this action.

### Action Probability Distribution

Based on the above reasoning, the action probabilities can be structured as follows:

- UP (0): 0.5 (high probability to encourage safety)
- RIGHT (1): 0.3 (moderate probability to progress towards the goal)
- DOWN (2): 0.1 (low probability to avoid risky moves)
- LEFT (3): 0.1 (low probability for repositioning)

### Final Output

Thus, the action exploration probabilities for the next episode will be:

```json
{0: 0.5, 1: 0.3, 2: 0.1, 3: 0.1}
```

This distribution encourages the agent to prioritize safety while still allowing for movement towards the goal, thereby improving the overall task effectiveness in navigating the CliffWalking-v1 environment."
101,-411,-184.36,0.6000399999999999,395.6576345008716,N/A,N/A
102,-695,-84.64,0.59608,386.6589002227783,N/A,N/A
103,-695,-195.23,0.59212,396.2000907897949,N/A,N/A
104,-497,-188.73,0.58816,343.2216264215112,N/A,N/A
105,-497,-171.59,0.5842,366.9942597484589,N/A,N/A
106,-200,-200.0,0.5802400000000001,342.4261283630133,N/A,N/A
107,-130,-183.44,0.57628,329.59831815121265,N/A,N/A
108,-992,-174.47,0.5723199999999999,346.342164936848,N/A,N/A
109,-992,-163.05,0.56836,339.6592098236084,N/A,N/A
110,-318,-88.55,0.5644,322.380184284846,"### Analysis of the Last Episode

In the last episode of the training process, the agent received a total reward of -318. Given the structure of the CliffWalking-v1 environment, this indicates that the agent encountered multiple penalties, likely from stepping on the cliff states (37 to 46). The action sequence indicates a variety of movements, including attempts to navigate around the cliff and reach the goal.

#### Action Sequence Breakdown
The action sequence extracted at intervals is as follows:

- **Actions**: 
  - 0: UP
  - 3: LEFT
  - 1: RIGHT
  - 2: DOWN

The agent performed a mix of movements, including:
- **Vertical Movements**: The agent frequently tried to move UP (0) and DOWN (2), which are critical for avoiding the cliff.
- **Horizontal Movements**: The agent also frequently moved LEFT (3) and RIGHT (1), which are necessary for navigating towards the goal.

#### Key Observations
- The agent often moved vertically, suggesting it was trying to avoid the cliff by moving up and down.
- The presence of multiple LEFT (3) actions suggests that the agent might have been trying to navigate back to safer positions after encountering a risky state.
- The negative reward of -318 suggests that the agent likely fell into the cliff multiple times, indicating a need for a more cautious exploration strategy.

### Recommendations for Exploration Strategy

To improve the exploration strategy and guide the agent more effectively towards the goal while avoiding the cliff, consider the following recommendations:

1. **Incorporate a Safe Zone Strategy**:
   - Create a policy that emphasizes staying two rows above the cliff (i.e., at states 24 to 35). This would allow the agent to navigate horizontally without the risk of stepping onto the cliff.

2. **Reward Shaping**:
   - Introduce a modified reward structure that provides a small positive reward for reaching states that are safe (e.g., states 24-35). This would encourage the agent to stay away from the cliff while moving towards the goal.

3. **Probabilistic Movement**:
   - Given the stochastic nature of the environment (slippery dynamics), implement a probabilistic movement strategy. For instance, if the agent intends to move RIGHT (1), it could have a 70% chance of moving right and a 30% chance of moving UP or DOWN, which could help in mitigating the risk of slipping into the cliff.

4. **Path Planning**:
   - Utilize a path planning algorithm (like A* or Dijkstra's) to compute a path from the start state to the goal state while avoiding the cliff. The agent can then follow this path as a guide, adjusting its movements dynamically based on its current state.

5. **Exploration-Exploitation Balance**:
   - Implement an epsilon-greedy strategy where the agent explores with a probability of epsilon (e.g., 0.1) and exploits its current knowledge with a probability of 1-epsilon. This ensures that the agent continues to explore new paths but also utilizes learned paths that are safer.

6. **State-Action Value Function Update**:
   - Maintain a Q-value table that reflects the expected utility of each action in each state. Use this table to guide the agent's decisions, favoring actions that lead to higher cumulative rewards while avoiding cliff states.

### Conclusion

By implementing these strategies, the agent can be guided more effectively towards the goal while minimizing the risk of falling into the cliff. Emphasizing safe zones, adjusting reward structures, and utilizing path planning will enhance the robustness of the agent's exploration strategy in the CliffWalking-v1 environment.","To improve the task effectiveness in the CliffWalking-v1 environment, we need to create a probability distribution for the four actions (UP, RIGHT, DOWN, LEFT) that balances exploration and safety while avoiding the cliff. Given the previous observations and recommendations, here’s a proposed action distribution for the next episode:

1. **UP (Action 0)**: This action is critical for moving the agent away from the cliff. Since the agent should ideally stay at least two rows above the cliff, we should give this action a higher probability to encourage vertical movement away from danger.
   
2. **RIGHT (Action 1)**: This action is essential for moving towards the goal. However, because of the cliff's presence, it should be balanced with caution. We will assign a moderate probability to this action to ensure the agent can advance towards the goal while still being cautious.

3. **DOWN (Action 2)**: This action is less favorable as it can lead the agent closer to the cliff. Therefore, we will assign a lower probability to this action to minimize the risk of falling into the cliff.

4. **LEFT (Action 3)**: This action can be useful for repositioning the agent, especially if it is in a risky state. However, it should not be favored too much since it does not contribute directly towards reaching the goal. Thus, we will assign a lower probability to this action as well.

### Proposed Action Distribution

Taking into account the above considerations, we can propose the following probability distribution for the next episode:

- **UP (Action 0)**: 0.4
- **RIGHT (Action 1)**: 0.3
- **DOWN (Action 2)**: 0.1
- **LEFT (Action 3)**: 0.2

This distribution ensures that the agent prioritizes moving up to stay safe while still making progress towards the goal. It also allows for some exploration and repositioning without significantly increasing the risk of falling into the cliff.

### Final Output

```json
{0: 0.4, 1: 0.3, 2: 0.1, 3: 0.2}
```"
111,-497,-158.41,0.56044,337.54460556983946,N/A,N/A
112,-1190,-200.0,0.55648,309.928008313179,N/A,N/A
113,-794,-175.17,0.55252,330.9774642339349,N/A,N/A
114,-582,-106.8,0.5485599999999999,317.90699668565105,N/A,N/A
115,-92,-180.05,0.5446,319.76096441434777,N/A,N/A
116,-893,-127.55,0.54064,311.2125441545248,N/A,N/A
117,-130,-85.89,0.53668,265.19332147413684,N/A,N/A
118,-596,-179.51,0.5327200000000001,294.12653292179107,N/A,N/A
119,-157,-168.33,0.52876,317.65761447929106,N/A,N/A
120,-695,-200.0,0.5248,314.71880922965704,"### Episode Analysis

In the last episode of training on the CliffWalking-v1 task, the agent achieved a total reward of **-695**. This indicates that the agent encountered several penalties throughout the episode, primarily due to stepping onto the cliff (states 37 to 46) and possibly taking a longer route to the goal.

#### Action Sequence Breakdown

The action sequence extracted at intervals is as follows:

```
[RIGHT, RIGHT, LEFT, RIGHT, DOWN, LEFT, UP, UP, UP, LEFT, UP, UP, RIGHT, UP, LEFT, LEFT, UP, RIGHT, RIGHT, RIGHT, DOWN, UP, DOWN, UP, RIGHT, RIGHT, UP, UP, UP, DOWN, LEFT, DOWN, RIGHT, UP, LEFT, UP, UP, UP, UP, LEFT, UP, LEFT, LEFT, RIGHT, LEFT, UP, LEFT, LEFT, RIGHT, RIGHT, RIGHT, RIGHT, RIGHT, RIGHT, DOWN, RIGHT, DOWN, DOWN, DOWN, LEFT, LEFT, UP, RIGHT, LEFT, LEFT, LEFT, LEFT, UP, UP, UP, UP, RIGHT, RIGHT, RIGHT, RIGHT, RIGHT, RIGHT, LEFT, LEFT, LEFT, LEFT, LEFT, LEFT, LEFT]
```

- The sequence shows that the agent primarily attempted to navigate rightward and upward, but also frequently moved left and down.
- The agent's movement suggests that it was trying to find a path to the goal but likely encountered the cliff multiple times, leading to significant penalties.
- The action of moving left, especially when near the cliff, can be particularly dangerous, as it may lead the agent back to cliff states.

### Observations

1. **Frequent Cliff Encounters**: The total reward of -695 indicates that the agent likely stepped on the cliff multiple times, incurring -100 penalties.
2. **Stochastic Nature**: The environment's stochasticity (is_slippery=True) means that the agent's intended actions may not always be executed as planned. This necessitates a more cautious approach to exploration.
3. **Inefficient Pathfinding**: The sequence suggests that the agent may not have effectively utilized available safe paths, as indicated by the frequent left and down movements.

### Strategy Recommendations

To improve the agent's performance and minimize negative rewards, the following strategies can be considered:

1. **Exploration Policy Adjustment**:
   - Implement a **greedy policy** with a bias towards upward and rightward movements while avoiding left and down movements when near the cliff. This can reduce the likelihood of falling into the cliff states.
   - Use an **epsilon-greedy strategy** that allows for some exploration but prioritizes actions that have historically led to higher rewards.

2. **State Value Function**:
   - Train the agent to estimate the value of each state, particularly emphasizing the consequences of entering cliff states. This can be achieved through value iteration or Q-learning with a focus on avoiding cliff states.

3. **Safe Navigation Heuristics**:
   - Introduce a heuristic that evaluates the proximity to the cliff. If the agent is within one step of a cliff state, it should prefer moving away from the cliff rather than toward the goal.
   - For example, if the agent is in state 36 (bottom-left), it should prioritize moving right (to state 37) over any other action that could lead it to the cliff.

4. **Reward Shaping**:
   - Consider modifying the reward structure slightly to provide additional incentives for staying away from the cliff. For instance, rewarding the agent for staying in safe states or penalizing it less for moving away from the goal if it means avoiding the cliff.

5. **Training with Simulated Scenarios**:
   - Conduct additional training episodes focusing on scenarios where the agent is placed near the cliff. This can enhance the agent's ability to learn from risky situations and improve its decision-making under uncertainty.

### Conclusion

The last episode reveals that the agent struggles with cliff avoidance and efficient navigation toward the goal. By implementing a more cautious exploration strategy, enhancing the state value estimation, and incorporating safe navigation heuristics, the agent can significantly improve its performance in the CliffWalking-v1 environment.","To improve the agent's performance in the CliffWalking-v1 environment, we need to create a probability distribution for the actions that favors upward and rightward movements while minimizing the risk of stepping onto the cliff. Given the stochastic nature of the environment, we will also include a small chance for exploration to allow the agent to learn from different experiences.

### Proposed Action Probability Distribution

1. **Action 0 (UP)**: This action is crucial for progressing toward the goal, especially when the agent is at the bottom row. It should have a high probability.
2. **Action 1 (RIGHT)**: This is also important for moving toward the goal and should have a high probability as well.
3. **Action 2 (DOWN)**: This action is generally less favorable since it moves the agent away from the goal and could lead to risky encounters with the cliff if the agent is near the edge. Thus, it should have a low probability.
4. **Action 3 (LEFT)**: This action is particularly dangerous when near the cliff, as it can lead the agent back toward cliff states. Therefore, it should also have a very low probability.

### Suggested Probability Distribution

Based on the analysis and the need to balance exploration and exploitation while avoiding cliff states, the following distribution is proposed:

- Action 0 (UP): 0.4
- Action 1 (RIGHT): 0.4
- Action 2 (DOWN): 0.1
- Action 3 (LEFT): 0.1

This distribution allows the agent to primarily focus on moving up and to the right, which are the safest and most effective actions for reaching the goal while avoiding the cliff. The small probabilities for DOWN and LEFT allow for some exploration but minimize the risk of making detrimental moves.

### Final Output

```json
{0: 0.4, 1: 0.4, 2: 0.1, 3: 0.1}
``` 

This action distribution should help guide the agent more effectively toward the goal while reducing the likelihood of falling into the cliff."
121,-992,-200.0,0.52084,300.807299990654,N/A,N/A
122,-1289,-168.16,0.51688,309.1711861360073,N/A,N/A
123,-1190,-190.57,0.51292,305.3822814439237,N/A,N/A
124,-695,-197.08,0.5089600000000001,304.902770152241,N/A,N/A
125,-1487,-150.5,0.505,298.082262955606,N/A,N/A
126,-1190,-156.19,0.5010399999999999,290.5023051838577,N/A,N/A
127,-1289,-179.23,0.49707999999999997,248.97449595741926,N/A,N/A
128,-695,-195.81,0.49312,291.47926760971546,N/A,N/A
129,-596,-167.19,0.48916000000000004,287.22563538610933,N/A,N/A
130,-361,-172.92,0.48519999999999996,267.13173378062396,"### Analysis of the Last Episode

In the last episode of the training process on the CliffWalking-v1 environment, the agent took a total of 100 actions, resulting in a cumulative reward of -361. This indicates that the agent encountered several penalties, primarily due to stepping on the cliff states (states 37 to 46) and possibly taking inefficient paths.

#### Action Sequence Breakdown

The action sequence provided is as follows:
- **[3, 3]**: Two left moves from the starting position (state 36) likely to state 34.
- **[0, 2, 0]**: This sequence suggests an upward move, followed by a downward move, and then an upward move again. This could indicate an attempt to navigate towards the top row but perhaps returning downwards due to the stochastic nature of the environment.
- **[1, 1, 1, 1]**: Four right moves, which is a sensible strategy towards reaching the goal state. However, if the agent was near the cliff, this could lead to a significant penalty.
- **[0, 0]**: Two upward moves, which may have been an attempt to avoid the cliff but could have led to a dead-end.
- **[2, 2, 2]**: Three downward moves, indicating potential retries or recovery attempts.
- **[1, 1, 1, 1]**: Another set of right moves, suggesting the agent was trying to progress towards the goal.
- **[3, 2, 0]**: A left move followed by downward and upward moves, indicating erratic behavior possibly due to the slippery dynamics.
- **[0, 0, 0, 0]**: Four upward moves, which could be an attempt to escape a dangerous situation but may have not yielded any progress.
- **Final Moves**: The sequence ends with a series of right and down moves, which could indicate that the agent was trying to navigate around the cliff but was unsuccessful.

### Observations
1. **Frequent Cliff Encounters**: The negative reward indicates that the agent likely stepped on the cliff multiple times. The action sequences suggest a lack of effective cliff avoidance strategies.
2. **Repetitive Movements**: The agent exhibits repetitive patterns, particularly with upward and downward movements, which may not have contributed positively towards reaching the goal.
3. **Stochasticity Impact**: The stochastic nature of the environment appears to have led to unintended movements, causing the agent to stray towards the cliff.

### Recommendations for Exploration Strategy

To improve the agent's performance and minimize negative rewards while navigating the grid, the following strategies are recommended:

1. **Incorporate a Cliff-Aware Policy**:
   - Implement a policy that explicitly avoids states 37 to 46. Using a heuristic that evaluates the proximity to these states can help guide the agent's movements.

2. **Use a Value Function Estimation**:
   - Implement a value function that estimates the expected reward for each state-action pair. This will help the agent to prioritize actions that lead to states with higher expected rewards while avoiding cliff states.

3. **Exploration-Exploitation Balance**:
   - Adopt an exploration strategy that balances exploration and exploitation. Techniques such as ε-greedy or Upper Confidence Bound (UCB) can help the agent explore new paths while still exploiting known good paths.

4. **Dynamic Path Planning**:
   - Introduce a dynamic path planning mechanism that takes into account the slippery nature of the environment. This could involve simulating multiple trajectories and selecting the one that minimizes the risk of falling into the cliff.

5. **Reward Shaping**:
   - Modify the reward structure to provide additional incentives for staying away from the cliff or for making progress towards the goal. For instance, small positive rewards for moving closer to the goal could encourage safer navigation.

6. **State Representation**:
   - Consider enhancing the state representation to include information about the distance to the cliff and the goal, allowing the agent to make more informed decisions.

7. **Training with Different Initial Conditions**:
   - Train the agent under various initial conditions and starting positions to help it learn robust strategies that generalize well across different scenarios.

By implementing these strategies, the agent should become more adept at navigating the CliffWalking-v1 environment, effectively avoiding the cliffs while working towards the goal.","To improve the agent's exploration strategy in the CliffWalking-v1 environment, we need to consider the observations and recommendations provided. Given the agent's previous encounters with the cliff and the stochastic nature of the environment, we should prioritize actions that help it navigate safely while still making progress toward the goal. 

### Action Selection Strategy

1. **Prioritize Right Movement**: Since the goal is to the right, we should give a higher probability to the ""RIGHT"" action (action 1).
2. **Avoid Cliff States**: Actions that lead the agent towards the cliff (downward movements or left movements when near the cliff) should be minimized.
3. **Encourage Upward Movement**: Moving up (action 0) can help avoid the cliff in certain scenarios, especially when the agent is near the bottom row.
4. **Limit Downward Movements**: Since downward movements (action 2) can lead to falling off the grid or moving toward the cliff, these should be assigned a lower probability.
5. **Minimize Left Movements**: Left movements (action 3) should also be minimized as they do not contribute to reaching the goal.

### Proposed Action Distribution

Based on the above considerations, we can propose the following action probability distribution for the next episode:

- **Action 0 (UP)**: 0.2
- **Action 1 (RIGHT)**: 0.5
- **Action 2 (DOWN)**: 0.1
- **Action 3 (LEFT)**: 0.2

This distribution emphasizes moving right towards the goal while still allowing for some upward movements to avoid the cliff. Downward and left movements are limited to reduce the risk of falling into the cliff states.

### Final Output

```json
{0: 0.2, 1: 0.5, 2: 0.1, 3: 0.2}
``` 

This action distribution should help the agent explore more effectively while minimizing the chances of encountering the cliff and maximizing progress towards the goal."
131,-1487,-200.0,0.48124,258.8979304277897,N/A,N/A
132,-695,-200.0,0.4772799999999999,267.2021037699282,N/A,N/A
133,-1289,-136.25,0.47331999999999996,267.9342787925899,N/A,N/A
134,-1289,-178.2,0.46936,256.23720416527243,N/A,N/A
135,-84,-180.84,0.4653999999999999,243.85180021112873,N/A,N/A
136,-398,-200.0,0.46143999999999996,257.5849996565655,N/A,N/A
137,-992,-71.82,0.45748,233.81262060269714,N/A,N/A
138,-1388,-165.93,0.4535199999999999,251.59105352353305,N/A,N/A
139,-166,-159.31,0.44955999999999996,267.93034728116066,N/A,N/A
140,-893,-200.0,0.4456,257.42437936168164,"### Analysis of the Last Episode

In the last episode of the training process on the CliffWalking-v1 task, the agent managed to navigate through the 4x12 grid while accumulating a total reward of -893. This indicates that the agent was unable to reach the goal state (47) efficiently, as it incurred significant penalties from stepping on the ""Cliff"" states (37-46) and from moving around the grid.

#### Action Sequence Breakdown

The action sequence extracted at intervals is as follows:

- **Action Sequence**: [3, 0, 1, 0, 0, 0, 0, 1, 0, 0, 0, 1, 0, 0, 3, 1, 0, 3, 3, 0, 1, 3, 3, 0, 1, 3, 1, 1, 0, 2, 1, 0, 3, 0, 1, 1, 0, 1, 1, 0, 1, 0, 2, 0, 1, 0, 1, 1, 0, 0, 1, 1, 3, 2, 2, 0, 1, 1, 3, 0, 0, 1, 3, 3, 3, 1, 3, 3, 3, 3, 3, 3, 0, 1, 0, 1, 1, 2, 1, 1, 0, 1, 0, 0, 0, 0, 1, 0, 1, 0, 0]

The actions correspond to:
- **3**: LEFT
- **0**: UP
- **1**: RIGHT
- **2**: DOWN

#### Observations:
1. **Frequent Movements Left and Up**: The agent often moves left and up, which could indicate an attempt to avoid the cliff or navigate back to safer areas.
2. **Repeated Actions**: The agent makes several consecutive movements in the same direction (e.g., multiple UP or RIGHT actions), which might be a reaction to the stochastic nature of the environment.
3. **Cliff Encounters**: The total reward suggests that the agent likely stepped on the cliff multiple times, leading to significant penalties.

### Strategy Recommendations

To improve the agent's performance and minimize negative rewards while navigating the cliff, the following strategies can be recommended:

1. **Robust Exploration Policy**:
   - Implement a policy that favors movements away from the cliff (states 37-46). For instance, prioritize UP and RIGHT movements when the agent is in the lower rows.
   - Use a softmax action selection mechanism based on Q-values that heavily penalizes actions leading towards the cliff.

2. **State Representation**:
   - Enhance the state representation to include information about the proximity to the cliff. This could allow the agent to make more informed decisions when close to the cliff edge.

3. **Dynamic Action Selection**:
   - Introduce a dynamic action selection strategy that adapts based on the agent's current position. For example, if the agent is in the last column or near the cliff, prioritize UP and RIGHT actions to safely navigate towards the goal.

4. **Incorporate Memory**:
   - Utilize a form of memory (e.g., recurrent neural networks or a simple queue) to remember previous states and actions, which can help the agent learn from past mistakes (e.g., stepping on the cliff).

5. **Reward Shaping**:
   - Modify the reward structure to provide smaller penalties for approaching the cliff and larger penalties for stepping on it. This could encourage the agent to explore more cautiously.

6. **Training with Simulations**:
   - Simulate more episodes with different exploration strategies to gather diverse experiences, especially focusing on cliff avoidance. This can help the agent learn a more generalized policy.

By implementing these strategies, the agent should be able to navigate to the goal state more effectively while minimizing negative rewards associated with the cliff.","To improve the agent's exploration strategy in the CliffWalking-v1 environment, we need to design a probability distribution for the actions that reflects the recommendations provided. The goal is to guide the agent toward the target while avoiding the cliff, taking into account the stochastic nature of the environment.

### Action Exploration Distribution
Given the observations and strategies outlined, we can define the action probabilities as follows:

1. **Action UP (0)**: This action is crucial for moving towards the goal, especially when the agent is in lower rows. We will assign a relatively high probability to this action.
2. **Action RIGHT (1)**: This action is also important for progressing towards the goal. We will assign a high probability to this action as well.
3. **Action DOWN (2)**: This action should be discouraged since it moves the agent away from the goal. We will assign a low probability to this action.
4. **Action LEFT (3)**: This action should also be discouraged as it may lead the agent back toward the cliff. We will assign a low probability to this action.

### Proposed Probability Distribution
Based on the above reasoning, we can set the probabilities as follows:

- **UP (0)**: 0.4
- **RIGHT (1)**: 0.4
- **DOWN (2)**: 0.1
- **LEFT (3)**: 0.1

This distribution reflects a strong preference for moving up and right, while minimizing the risk of moving down or left, which could lead to penalties from the cliff.

### Final Output
Thus, the action exploration distribution for the next episode is:

```json
{0: 0.4, 1: 0.4, 2: 0.1, 3: 0.1}
```

This policy should help the agent navigate the grid more effectively, minimizing negative rewards and improving the chances of reaching the goal."
141,-992,-104.02,0.44164000000000003,249.9034326387383,N/A,N/A
142,-299,-71.29,0.43768000000000007,255.16753461763264,N/A,N/A
143,-44,-78.21,0.4337200000000001,197.175461278043,N/A,N/A
144,-893,-195.26,0.42976000000000003,237.93185662917793,N/A,N/A
145,-992,-216.23,0.42580000000000007,254.7508475613594,N/A,N/A
146,-695,-188.21,0.42184,253.1941699216701,N/A,N/A
147,-446,-200.0,0.41788000000000003,276.9037689043071,N/A,N/A
148,-794,-72.79,0.41392000000000007,255.94368048243226,N/A,N/A
149,-299,-168.83,0.40996,243.78365960136057,N/A,N/A
150,-497,-79.62,0.406,221.9014540054649,"### Episode Analysis

In the last episode of the training process on the CliffWalking-v1 environment, the agent received a total reward of -497. This indicates that the agent encountered several negative rewards, primarily from stepping on the cliff or taking inefficient paths that led to prolonged exploration.

#### Action Sequence Breakdown

The action sequence extracted at intervals is as follows:
```
[3, 3, 0, 0, np.int64(2), np.int64(1), 0, np.int64(3), 0, 0, 2, 0, np.int64(3), np.int64(1), np.int64(0), 0, np.int64(1), 0, 0, np.int64(1), 0, 0, np.int64(0), np.int64(0), 0, 0, 0, 0, 0, np.int64(1), 0, np.int64(1), 0, 0, np.int64(0), 3, 1, 3, 1, 0, 0, np.int64(1), np.int64(0), np.int64(3), np.int64(2), np.int64(1), 1, 0, 1, 1, 0, np.int64(0), 0, 0, np.int64(3), 2, 2, 1, 1, 1, np.int64(1), np.int64(1), np.int64(1), 0, 1, 1, np.int64(1), np.int64(0), np.int64(1), 2, np.int64(0), 1, 1, np.int64(1), 2, 2, 1, np.int64(2), np.int64(3), 2, np.int64(0), 2, 2, np.int64(1), np.int64(1), 3, 3, np.int64(2), 0, 0, np.int64(1), 0, np.int64(3), 0, 0, np.int64(1), 1, np.int64(1), 1, 1]
```

- The actions are represented as integers corresponding to UP (0), RIGHT (1), DOWN (2), and LEFT (3).
- The sequence shows a significant number of LEFT (3) and DOWN (2) movements, which could indicate attempts to navigate away from the cliff but also suggest some inefficient movements leading to extended paths.
- The agent appears to be exploring various paths, but the frequent movements towards the left and down may have contributed to falling into the cliff zones or looping back unnecessarily.

### Recommendations for Improved Exploration Strategy

1. **Increased Risk Awareness**: 
   - Introduce a mechanism for the agent to recognize when it is near the cliff (states 37-46). The agent could be trained to avoid downward movements when adjacent to these states, especially when moving right would lead to the goal.

2. **Optimized Action Selection**:
   - Implement a more deterministic policy for states near the cliff. For instance, if the agent is in states 35, 36, or 47, prioritize actions that lead right (1) or upward (0) to minimize the chance of falling into the cliff.

3. **Exploration vs. Exploitation Balance**:
   - Adjust the exploration strategy to favor actions that have historically led to better outcomes. Use a decaying epsilon-greedy approach where the agent initially explores more but gradually shifts towards exploiting learned behaviors.

4. **Reward Shaping**:
   - Introduce intermediate rewards for moving towards the goal while avoiding cliffs. For example, a small positive reward for moving right towards the goal could encourage the agent to take safer paths.

5. **Stochasticity Management**:
   - Since the environment is stochastic, consider using a model-based approach where the agent learns the consequences of actions over time and adjusts its policy accordingly. This could involve simulating potential outcomes of actions before executing them.

6. **Path Planning**:
   - Implement a basic path-planning algorithm (like A* or Dijkstra) to precompute safer paths to the goal. The agent can reference these paths during its exploration to avoid cliff states.

7. **Feedback Loop**:
   - Create a feedback mechanism that penalizes the agent for falling into the cliff multiple times, reinforcing the need to learn safer navigation strategies.

### Conclusion

The agent's last episode indicates a need for a more robust exploration strategy that minimizes negative rewards while navigating the cliff-laden environment. By implementing the above recommendations, the agent can enhance its ability to reach the goal while avoiding pitfalls and optimizing its path.","To improve the agent's exploration strategy in the CliffWalking-v1 environment, we need to carefully design the action probabilities based on the analysis provided. The agent should prioritize actions that lead it toward the goal while avoiding the cliff.

### Action Selection Strategy

1. **Prioritize Right Movement (Action 1)**: Since the goal is to the right (state 47), moving right should have the highest probability, especially when the agent is in states close to the goal (36, 35).

2. **Encourage Upward Movement (Action 0)**: Moving up can help the agent avoid the cliff when it is near the edge (states 37-46). This action should also have a significant probability.

3. **Limit Downward Movement (Action 2)**: Since moving down can lead to falling into the cliff, this action should have a low probability, especially when the agent is near the cliff states.

4. **Limit Left Movement (Action 3)**: Moving left is generally counterproductive in this scenario, as it moves the agent away from the goal. This action should have the lowest probability.

### Proposed Action Probability Distribution

Given these considerations, here is a proposed distribution for the next episode:

- Action 0 (UP): 0.25
- Action 1 (RIGHT): 0.50
- Action 2 (DOWN): 0.15
- Action 3 (LEFT): 0.10

This distribution reflects a strong encouragement for moving right while still allowing for some upward movement to avoid the cliff, and minimal chances of moving down or left.

### Final Output

The action exploration probabilities for the next episode are as follows:

```json
{0: 0.25, 1: 0.50, 2: 0.15, 3: 0.10}
``` 

This strategy should help the agent navigate more effectively towards the goal while minimizing the risk of falling into the cliff areas."
151,-1190,-174.6,0.40204000000000006,229.06516674287616,N/A,N/A
152,-794,-200.0,0.39808,224.82872266374528,N/A,N/A
153,-1487,-161.9,0.39412,211.03159993685782,N/A,N/A
154,-1212,-200.0,0.39016000000000006,219.72020737354347,N/A,N/A
155,-695,-158.14,0.3862,208.4343910044059,N/A,N/A
156,-695,-82.05,0.38224,185.72609917499125,N/A,N/A
157,-794,-165.25,0.37827999999999995,212.17394061990083,N/A,N/A
158,-1190,-200.0,0.37432,217.3186953933537,N/A,N/A
159,-497,-200.0,0.37036,207.69919696249067,N/A,N/A
160,-893,-200.0,0.36639999999999995,202.52984565146267,"### Analysis of the Last Episode

In the last episode of the training process in the CliffWalking-v1 environment, the agent received a total reward of -893. This indicates a significant number of penalties incurred, primarily from stepping on the cliff states (37 to 46) that yield a reward of -100, as well as the general movement penalties of -1 for each step taken.

#### Action Sequence Breakdown
The action sequence recorded at intervals is as follows:
- `[3, 3, np.int64(1), 3, np.int64(1), 3, 3, np.int64(2), ...]`

1. **Movement Directions**:
   - Action `0` (UP) is used very sparingly, indicating limited vertical movement.
   - Action `1` (RIGHT) is used frequently, suggesting the agent is trying to progress toward the goal.
   - Action `2` (DOWN) is also used, but less frequently than RIGHT.
   - Action `3` (LEFT) is used extensively, which may indicate frequent backtracking or attempts to avoid cliffs.

2. **Cliff Avoidance**:
   - The agent has several instances of moving LEFT (action 3), which could imply an attempt to avoid the cliff. However, this may also indicate a lack of confidence in moving rightward due to the risk of stepping on the cliff.

3. **Stochastic Effects**:
   - Given the stochastic nature of the environment (is_slippery=True), the actions taken may not always result in the intended movement. This can lead to unintended movements into cliff states, contributing to the negative reward.

### Strategy Recommendations

To improve the agent's performance and guide it more effectively toward the goal while avoiding the cliff, consider the following strategies:

1. **Enhanced Exploration Strategy**:
   - **Epsilon-Greedy Exploration**: Maintain a high exploration rate (epsilon) initially, and gradually decay it. This could allow the agent to explore different paths and learn the optimal routes while minimizing cliff encounters.
   - **Randomized Action Selection**: Introduce randomness in action selection to encourage exploration of less-traveled paths. This could help in discovering safer routes to the goal.

2. **Cliff Awareness**:
   - **Cliff Proximity Awareness**: Implement a state representation that includes information about the proximity to the cliff. For example, states near the cliff could trigger a more cautious policy, favoring UP or DOWN actions over RIGHT.
   - **Penalty for Cliff States**: Increase the penalty for stepping on the cliff states in the reward function temporarily to encourage the agent to avoid these states more aggressively during training.

3. **Policy Adjustment**:
   - **Value Function Improvement**: Use a value iteration or policy iteration approach to refine the policy based on the observed rewards. This could help the agent learn the value of states more accurately and adjust its actions accordingly.
   - **Temporal-Difference Learning**: Employ methods like Q-learning or SARSA with eligibility traces to improve learning from the consequences of actions taken, especially in stochastic environments.

4. **Path Planning**:
   - **Use of Heuristics**: Implement heuristic-based methods to guide the agent along the safest path toward the goal. For example, a heuristic could prioritize actions that keep the agent away from the cliff while still making progress toward the goal.
   - **Avoidance Zones**: Define ""avoidance zones"" around the cliff states and adjust the policy to discourage entering these zones.

5. **Simulation and Testing**:
   - **Simulate Different Scenarios**: Conduct simulations with varying parameters to observe how the agent behaves under different conditions. This can help identify weaknesses in the current policy and inform adjustments.
   - **Monitor Performance**: Continuously monitor the performance metrics (total rewards, number of cliff encounters) to evaluate the effectiveness of the new strategies and make iterative improvements.

By implementing these strategies, the agent should improve its ability to navigate the CliffWalking-v1 environment, ultimately minimizing negative rewards and successfully reaching the goal state.","To improve the agent's performance in the CliffWalking-v1 environment, we need to devise a probability distribution for the actions that balances exploration and exploitation while minimizing the risk of stepping on the cliff states. Given the analysis of the previous episode and the need for a robust exploration strategy, here is a proposed action distribution:

1. **Action 0 (UP)**: This action helps the agent avoid the cliff while moving towards the goal. It should have a moderate probability to encourage vertical movement away from the cliff.
2. **Action 1 (RIGHT)**: This is the primary action for progressing toward the goal, but it carries the risk of stepping on the cliff. Therefore, we will assign a lower probability to this action to encourage caution.
3. **Action 2 (DOWN)**: This action can be useful for avoiding the cliff, especially when the agent is near the edge. However, it is less relevant for reaching the goal directly, so it should have a moderate probability.
4. **Action 3 (LEFT)**: This action is often used to backtrack, which can be counterproductive. To discourage excessive leftward movement, we will assign it a lower probability.

Based on these considerations, here is the proposed action exploration probability distribution:

```json
{0: 0.25, 1: 0.15, 2: 0.30, 3: 0.30}
```

### Explanation of the Distribution:
- **UP (Action 0)**: 25% - Encourages upward movement to avoid cliffs and explore safer paths.
- **RIGHT (Action 1)**: 15% - Limits the risk of stepping on cliffs while still allowing progress toward the goal.
- **DOWN (Action 2)**: 30% - Provides a way to avoid cliffs and can be beneficial when the agent is on the brink of falling into a cliff state.
- **LEFT (Action 3)**: 30% - While it can be used to backtrack, we want to limit excessive backtracking, but still allow some flexibility to navigate around cliff states.

This distribution aims to balance the need for exploration while maintaining a cautious approach to avoid the cliff states, ultimately guiding the agent towards the goal more effectively."
161,-368,-130.83,0.36244,199.053460028154,N/A,N/A
162,-596,-175.08,0.35848,212.01605959013105,N/A,N/A
163,-497,-173.6,0.35451999999999995,212.3304507889226,N/A,N/A
164,-794,-147.48,0.35056,211.41960951685905,N/A,N/A
165,-398,-180.42,0.3466,220.38432754196228,N/A,N/A
166,-497,-156.34,0.34263999999999994,222.85134094640614,N/A,N/A
167,-299,-78.54,0.33868,218.70861387871207,N/A,N/A
168,-695,-200.0,0.33472,205.9220554780215,N/A,N/A
169,-596,-199.22,0.33075999999999994,216.38668315911664,N/A,N/A
170,-378,-142.43,0.3268,194.9028099414789,"### Analysis of the Last Episode

In the last episode of the training process on the CliffWalking-v1 task, the agent experienced a total reward of **-378**, which indicates a significant number of interactions with the environment that resulted in negative rewards, primarily due to falling off the cliff. The action sequence taken by the agent reveals a pattern of movement that can be analyzed to derive insights and recommendations for improving the exploration strategy.

#### Action Sequence Breakdown

The action sequence provided is as follows:

```
[0, 3, 3, 3, 1, 1, 0, 1, 1, 1, 0, 2, 1, 1, 0, 0, 1, 0, 0, 1, 1, 2, 1, 0, 1, 0, 1, 2, 3, 1, 3, 3, 3, 3, 3, 3, 3, 2, 3, 1, 2, 3, 3, 1, 0, 3, 0, 0, 0, 2, 1, 0, 2, 1, 2, 0, 1, 2, 3, 3, 0, 0, 1, 0, 3, 3, 1, 1, 1, 1, 0, 1, 1, 1, 1, 1, 0, 0, 0, 2, 0, 1, 3, 2, 2, 3, 1]
```

1. **Movement Patterns**: 
   - The agent frequently attempts to move **RIGHT (1)** but also makes several **LEFT (3)** movements. 
   - There are multiple instances where the agent attempts to move **UP (0)** or **DOWN (2)**, indicating attempts to navigate vertically in the grid.
   - The presence of consecutive **LEFT movements** suggests that the agent may have encountered a situation where it was pushed back or misaligned due to the stochastic nature of the environment.

2. **Cliff Interactions**:
   - The action sequence includes movements that likely led the agent into the cliff area (states 37 to 46). This is evident from the negative reward accumulation.
   - The agent seems to struggle with navigating around the cliff, as indicated by the frequent movement back towards the left side of the grid.

### Recommendations for Exploration Strategy

To improve the agent's performance and reduce the negative rewards associated with falling off the cliff, the following strategies are recommended:

1. **Incorporate a Safety Buffer**:
   - Implement a policy that maintains a safe distance from the cliff. For instance, if the agent is in the last two columns, prioritize **UP (0)** or **DOWN (2)** actions to avoid moving towards the cliff.

2. **Use a Conservative Exploration Policy**:
   - Instead of favoring **RIGHT (1)** movements, introduce a more balanced exploration strategy that favors **UP (0)** and **DOWN (2)** when near the cliff. This can help the agent navigate vertically and avoid falling off.

3. **Action Penalization**:
   - Introduce a penalty for actions that lead the agent towards the cliff area. For example, if the agent is in a state adjacent to the cliff, penalizing the **RIGHT (1)** action can discourage such moves.

4. **Reinforcement Learning Techniques**:
   - Utilize techniques such as **epsilon-greedy exploration** to allow the agent to explore less risky actions with a higher probability when it is close to the cliff.
   - Implement **experience replay** to help the agent learn from failures (like falling off the cliff) more effectively.

5. **State Value Function Adjustment**:
   - Adjust the state value function to heavily penalize states that are adjacent to the cliff. This can guide the agent to avoid those states in future episodes.

6. **Dynamic Policy Adjustment**:
   - Consider implementing a dynamic policy that adapts based on the current state. For instance, if the agent has recently fallen off the cliff, it could adopt a more cautious approach temporarily.

### Conclusion

By analyzing the action sequence and the resultant negative rewards, it is clear that the agent needs a more robust exploration strategy that minimizes the risk of falling off the cliff while effectively guiding it towards the goal. Implementing the recommendations above can help improve the agent's performance in the CliffWalking-v1 environment, leading to better exploration and ultimately achieving the goal with fewer penalties.","To improve the agent's exploration strategy in the CliffWalking-v1 environment, we need to design a probability distribution for the actions that balances the need to reach the goal while avoiding the cliff. Given the analysis of the last episode, we can assign probabilities to each action based on their effectiveness and safety.

### Proposed Action Probability Distribution

1. **UP (0)**: This action is valuable for moving away from the cliff when the agent is near the edge. It helps maintain a safe distance from the cliff while allowing upward movement towards the goal. We will assign a higher probability to this action when the agent is in the last two columns.

2. **RIGHT (1)**: While this action is essential for progressing towards the goal, it poses a significant risk when the agent is close to the cliff. Therefore, we will assign a moderate probability to this action to encourage movement towards the goal but with caution.

3. **DOWN (2)**: This action can be useful for navigating around obstacles and avoiding the cliff, especially when the agent is in the last two columns. We will assign a moderate probability to this action as well, allowing the agent to explore downward when necessary.

4. **LEFT (3)**: This action is generally less useful for reaching the goal and can lead to the agent moving away from the target. However, it can be helpful for repositioning if the agent finds itself too close to the cliff. We will assign a lower probability to this action.

### Final Probability Distribution

Based on these considerations, here is the proposed probability distribution for the actions:

- **UP (0)**: 0.4 (higher probability to encourage safe upward movement)
- **RIGHT (1)**: 0.3 (moderate probability to encourage forward progress)
- **DOWN (2)**: 0.2 (moderate probability to allow vertical navigation)
- **LEFT (3)**: 0.1 (lower probability to discourage unnecessary backward movement)

The total probability sums to 1, as required.

### Output Format

The final action probability distribution in the requested format is:

```json
{0: 0.4, 1: 0.3, 2: 0.2, 3: 0.1}
``` 

This distribution encourages the agent to prioritize safety while still making progress towards the goal in the CliffWalking-v1 environment."
171,-200,-190.16,0.3228399999999999,197.6502641373314,N/A,N/A
172,-274,-86.72,0.31888000000000005,205.3633340564796,N/A,N/A
173,-183,-196.22,0.3149200000000001,212.3138179504091,N/A,N/A
174,-299,-200.0,0.31096,203.8240427384898,N/A,N/A
175,-695,-168.03,0.30700000000000005,215.69641927678137,N/A,N/A
176,-497,-176.87,0.3030400000000001,190.45316817890853,N/A,N/A
177,-497,-78.48,0.29908,189.3381234411709,N/A,N/A
178,-497,-135.16,0.29512000000000005,168.19299549581484,N/A,N/A
179,-299,-154.98,0.2911600000000001,183.1393846281618,N/A,N/A
180,-596,-183.84,0.2872,154.4670450058207,"### Analysis of the Last Episode

In the last episode of the training process on the CliffWalking-v1 task, the agent received a total reward of -596. This relatively high negative reward indicates that the agent frequently encountered states that resulted in substantial penalties, primarily due to falling into the ""Cliff"" states (37 to 46). 

The action sequence extracted at intervals shows a mix of movements, with the agent attempting various actions to navigate through the grid. The sequence includes a notable number of downward (2) and upward (0) actions, which suggests that the agent was attempting to maneuver vertically, possibly in an effort to avoid the cliff. However, the presence of multiple left (3) and right (1) movements indicates that the agent was also trying to traverse horizontally, which could have led to it stepping onto cliff states.

### Breakdown of Action Sequence

1. **Action Frequencies**: 
   - **UP (0)**: 14 occurrences
   - **RIGHT (1)**: 14 occurrences
   - **DOWN (2)**: 12 occurrences
   - **LEFT (3)**: 10 occurrences

   The agent displayed a reasonable balance of actions, but the high number of downward movements suggests that the agent was often trying to return to lower rows, which may have been an attempt to avoid the cliffs.

2. **Cliff Encounters**: The agent likely stepped onto the cliff states multiple times, resulting in the significant negative reward. The action sequence does not show a clear, consistent path towards the goal (state 47), which implies that the agent struggled with navigation.

3. **Stochastic Environment**: Given the stochastic nature of the environment (is_slippery=True), it is possible that the agent's intended actions were frequently disrupted, leading to unintended movements and increased exposure to cliff states.

### Strategy Recommendations

To improve the agent's performance and minimize negative rewards, the following strategies are recommended:

1. **Enhanced Exploration Strategy**:
   - Implement a more structured exploration strategy that emphasizes safe paths. For instance, the agent could prioritize moving one step away from the cliff when close to it, using a heuristic that evaluates the proximity to cliff states before taking actions.
   
2. **Directional Bias**:
   - Introduce a bias towards moving right (towards the goal) while ensuring that the agent avoids cliffs. This can be achieved by modifying the action selection to favor rightward movements when in safe states.

3. **State Value Function**:
   - Utilize a state value function to inform the agent about the expected rewards of each state. This function can help the agent make informed decisions about which actions to take based on the potential risks associated with cliff states.

4. **Action Penalties**:
   - Implement a penalty for actions that lead the agent too close to the cliffs, further discouraging movements into dangerous states. This could be a temporary penalty that increases as the agent approaches the cliff.

5. **Reinforcement Learning Algorithm Adjustments**:
   - Consider using more advanced reinforcement learning algorithms, such as DQN or PPO, which can leverage experience replay and better handle exploration-exploitation trade-offs in stochastic environments.

6. **Training with Simulated Cliff Avoidance**:
   - During training, implement scenarios where the agent is specifically rewarded for avoiding cliffs. This can be done by creating a modified reward structure that provides positive feedback for staying away from cliff states.

7. **Visual Cues**:
   - If possible, incorporate visual cues or markers in the environment that indicate safe paths and cliff areas, aiding the agent in making better navigation decisions.

By implementing these strategies, the agent should be able to improve its navigation skills, reduce the encounters with cliff states, and ultimately achieve the goal of reaching state 47 with a more favorable reward outcome.","To improve the agent's task effectiveness in the CliffWalking-v1 environment, we need to design an action probability distribution that encourages the agent to navigate towards the goal while minimizing the risk of stepping onto the cliff states. Based on the analysis of the last episode, we will prioritize safer actions and introduce a bias towards moving right (towards the goal) while avoiding cliffs.

### Proposed Action Probability Distribution

1. **UP (0)**: This action can help the agent avoid cliffs when it is in a safe row. However, it might not be particularly useful when the agent is already at the bottom row (state 36). We will assign a moderate probability to this action.
   
2. **RIGHT (1)**: This action is essential for moving towards the goal. We will assign a higher probability to this action, especially when the agent is in safe states.

3. **DOWN (2)**: This action can be risky as it may lead the agent closer to cliff states. We will assign a lower probability to this action to discourage downward movements unless the agent is in a safe row.

4. **LEFT (3)**: This action is generally not useful for reaching the goal and can lead the agent away from the target. We will assign the lowest probability to this action.

### Final Probability Distribution

Considering these factors, the proposed action distribution is as follows:

- **UP (0)**: 0.2
- **RIGHT (1)**: 0.5
- **DOWN (2)**: 0.1
- **LEFT (3)**: 0.2

This distribution emphasizes moving right towards the goal while maintaining some flexibility for upward movements and minimizing downward and leftward movements.

### Output Format

```json
{0: 0.2, 1: 0.5, 2: 0.1, 3: 0.2}
``` 

This strategy should help the agent navigate more effectively towards the goal while avoiding the cliff and reducing the overall negative reward in future episodes."
181,-299,-172.87,0.28324000000000005,173.1292656846717,N/A,N/A
182,-299,-168.83,0.27928,190.5451408937387,N/A,N/A
183,-84,-114.39,0.27532,133.01982856062907,N/A,N/A
184,-596,-200.0,0.27136000000000005,165.14340224564074,N/A,N/A
185,-992,-75.06,0.26739999999999997,161.9212986762449,N/A,N/A
186,-992,-101.18,0.26344,160.1164647431858,N/A,N/A
187,-163,-200.0,0.25948000000000004,145.00840096082538,N/A,N/A
188,-596,-198.47,0.25551999999999997,169.02412026014179,N/A,N/A
189,-388,-200.0,0.25156,152.31512105788448,N/A,N/A
190,-297,-83.75,0.24760000000000004,163.18010041008543,"### Episode Analysis

In the last episode of the training process on the CliffWalking-v1 environment, the agent's total reward was -297. This indicates that the agent encountered significant negative rewards, likely due to stepping on the cliff states (states 37 to 46) multiple times. The action sequence provided reveals a pattern of movement that can be analyzed for insights into the agent's exploration strategy.

#### Action Sequence Breakdown
The action sequence is as follows:
```
[1, 3, 1, 0, 3, 3, 0, 3, 3, 0, 3, 3, 3, 3, 3, 3, 3, 1, 0, 2, 3, 0, 1, 0, 3, 1, 2, 3, 0, 1, 3, 2, 2, 3, 2, 0, 1, 2, 2, 0, 0, 3, 2, 3, 3, 3, 1, 0, 3, 0, 0, 2, 1, 3, 1, 3, 0, 3, 3, 0, 0, 3, 0, 0, 0, 1, 0, 3, 0, 0, 1, 0, 0, 2, 0, 1, 0, 2, 0, 1, 0, 1, 0, 1, 0, 1, 0, 1, 1, 1, 0, 1, 1, 1, 1, 1, 1, 1, 1]
```

#### Observations
1. **Frequent Movements Towards the Cliff**: The agent often moved right (action 1) and up (action 0), which are necessary to reach the goal. However, there are several instances of moving down (action 2) and left (action 3), which could have led to stepping on the cliff states.

2. **Repetitive Patterns**: There are sequences of repeated actions, particularly moving right and then down or left, which may indicate exploration attempts that led the agent back into unfavorable positions.

3. **Cliff Encounters**: The total reward of -297 suggests that the agent likely stepped on the cliff multiple times, leading to significant penalties. The exploration strategy may not have effectively avoided the cliff, indicating a need for a more robust policy.

### Recommendations for Exploration Strategy

To improve the agent's performance and minimize the negative rewards while navigating towards the goal, consider the following strategy recommendations:

1. **Safe Exploration Policy**:
   - Implement a policy that prioritizes actions leading to safe states (non-cliff states) over risky actions. For instance, if the agent is adjacent to the cliff, it should favor moving up or left rather than right or down.

2. **Dynamic Risk Assessment**:
   - Introduce a risk assessment mechanism that evaluates the current position of the agent and the potential rewards of actions. If the agent is near cliff states, it should be more conservative in its movements.

3. **Incorporate Memory**:
   - Utilize a memory mechanism to remember previous states that led to negative rewards. This information can inform future decisions, discouraging movements that have previously resulted in stepping on the cliff.

4. **Exploration vs. Exploitation Balance**:
   - Adjust the exploration strategy to ensure a balance between exploring new paths and exploiting known safe paths. This could involve using an epsilon-greedy approach where the agent explores with a small probability while following the learned policy most of the time.

5. **Reward Shaping**:
   - Consider modifying the reward structure to provide small positive rewards for reaching safe states or making progress towards the goal. This can incentivize the agent to avoid cliff states more effectively.

6. **Visual Cues and Path Planning**:
   - If possible, implement visual cues or a planning algorithm that helps the agent visualize the grid and identify safe paths to the goal, avoiding the cliff.

### Conclusion
The last episode highlights the challenges the agent faced in navigating the CliffWalking environment. By implementing a more robust exploration strategy that emphasizes safety, risk assessment, memory usage, and balanced exploration, the agent can improve its performance and successfully reach the goal while minimizing negative rewards.","To devise an effective exploration strategy for the agent in the CliffWalking-v1 environment, we need to consider the observations from the previous episode and the risks associated with the cliff states. The goal is to encourage actions that lead to safe states while still allowing for exploration.

### Proposed Action Probability Distribution

1. **Action 0 (UP)**: This action is beneficial as it helps the agent progress towards the goal while avoiding cliff states, especially when the agent is in the lower rows. We will assign a higher probability to this action.

2. **Action 1 (RIGHT)**: While moving right is essential for reaching the goal, it also poses a risk when the agent is near the cliff. We will assign a moderate probability to this action, ensuring that the agent does not frequently move towards the cliff.

3. **Action 2 (DOWN)**: This action should be discouraged since it can lead the agent closer to the cliff. We will assign a low probability to this action to minimize the chances of stepping on cliff states.

4. **Action 3 (LEFT)**: Similar to action 2, moving left can also lead the agent away from the goal and potentially into cliff states. Therefore, this action should also have a low probability.

### Final Action Probability Distribution
Taking into account the above considerations, the action probabilities can be distributed as follows:

- Action 0 (UP): 0.4
- Action 1 (RIGHT): 0.3
- Action 2 (DOWN): 0.2
- Action 3 (LEFT): 0.1

### Output Format
In decimal form, the distribution of the 4 action explorations for the next episode is:

```json
{0: 0.4, 1: 0.3, 2: 0.2, 3: 0.1}
```

This distribution encourages the agent to prioritize upward movements while still allowing for some rightward movement towards the goal, but minimizes risky actions that could lead to falling off the cliff."
191,-79,-133.14,0.24363999999999997,179.25813209246607,N/A,N/A
192,-398,-199.25,0.23968,157.52155510035342,N/A,N/A
193,-108,-71.17,0.23572000000000004,142.60751093872307,N/A,N/A
194,-156,-176.38,0.23175999999999997,153.06731505343356,N/A,N/A
195,-695,-79.35,0.2278,147.1179492640309,N/A,N/A
196,-371,-122.08,0.22383999999999993,161.2779899853244,N/A,N/A
197,-62,-198.23,0.21987999999999996,145.5426914453987,N/A,N/A
198,-398,-141.8,0.21592,144.56754814069717,N/A,N/A
199,-596,-161.57,0.21195999999999993,151.8221962311119,N/A,N/A
200,-596,-82.98,0.20799999999999996,159.91745718428865,"### Episode Analysis

In the last episode of the training process for the CliffWalking-v1 task, the agent received a total reward of -596, indicating a substantial number of penalties incurred during its exploration. The action sequence that the agent executed at intervals shows a mix of directional movements, but it seems to have encountered significant difficulties, likely due to the slippery dynamics of the environment and the presence of the cliff.

#### Action Sequence Breakdown
The action sequence is as follows:
- The agent started with a series of left movements (3's), indicating an attempt to navigate towards the left side of the grid.
- The sequence includes several movements up (0's) and right (1's), which are essential for progressing toward the goal state (47).
- The presence of downward movements (2's) suggests that the agent may have accidentally moved back toward the cliff or off the intended path.
- The agent also performed multiple consecutive right movements (1's), which may indicate it was trying to find a safe path along the bottom row but possibly misstepped due to the stochastic nature of the environment.

Given the total reward of -596, it is likely that the agent stepped onto the cliff multiple times, incurring the -100 penalty repeatedly. 

### Strategy Recommendations

To improve the agent's performance and guide it toward the goal while avoiding the cliff, consider the following strategies:

1. **Enhanced Exploration Policy**:
   - **Safe Exploration**: Implement a policy that emphasizes exploration in the upper rows (0-1) of the grid to avoid the cliff. The agent should prioritize actions that keep it away from the cliff until it has a more certain path to the goal.
   - **Randomized Movement**: Introduce a degree of randomness in the agent's movement choices to encourage exploration while still favoring safer paths. For example, the agent could have a 70% chance of following the learned policy and a 30% chance of taking a random action.

2. **Value Function Adjustment**:
   - **Penalize Cliff States**: Adjust the value function to heavily penalize states that are adjacent to the cliff. This can lead the agent to avoid those states altogether.
   - **Reward Shaping**: Introduce intermediate rewards for reaching safe states or for moving closer to the goal without stepping on the cliff.

3. **Path Planning**:
   - **Dynamic Path Planning**: Implement a path-planning algorithm that calculates the safest route to the goal, taking into account the slippery dynamics. The agent can use this plan as a guide for its actions.
   - **Visualize Safe Zones**: Create a visual representation of the grid indicating safe zones (states that do not lead to the cliff) to help the agent navigate effectively.

4. **Training with Simulations**:
   - **Simulate Cliff Avoidance**: Use simulated training episodes where the agent learns to avoid the cliff by receiving higher rewards for successful navigation without penalties. This can help reinforce safer strategies during actual episodes.

5. **Behavioral Cloning**:
   - If possible, analyze successful trajectories from expert agents and use this data to fine-tune the agent's policy. This can help the agent learn from past mistakes and improve its decision-making process.

### Conclusion

The last episode's performance indicates that the agent struggled significantly with cliff avoidance, resulting in a high penalty. By implementing a combination of enhanced exploration strategies, value function adjustments, dynamic path planning, and leveraging expert knowledge, the agent's ability to navigate the CliffWalking-v1 environment can be significantly improved. The goal should be to foster a robust policy that minimizes negative rewards while effectively guiding the agent toward the goal state.","To improve the agent's exploration strategy in the CliffWalking-v1 environment and help it avoid the cliff while navigating towards the goal, we can establish a probability distribution for the actions that balances safe exploration with the need to reach the goal.

Given the analysis of the previous episode, we want to prioritize actions that keep the agent away from the cliff while still allowing it to make progress towards the goal. The agent should focus on moving up and right, as these actions will help it avoid the cliff and navigate toward the goal.

### Proposed Action Probability Distribution:

1. **UP (0)**: This action is essential for moving to the upper rows, which are safer. We will assign a relatively high probability to this action.
2. **RIGHT (1)**: Moving right is important for progressing toward the goal in the bottom row. We will also assign a high probability to this action.
3. **DOWN (2)**: This action should be discouraged, as moving down can lead the agent back toward the cliff. We will assign a low probability to this action.
4. **LEFT (3)**: Similar to the DOWN action, moving left is not helpful for progress toward the goal and can lead the agent away from safe paths. We will assign a low probability to this action.

### Final Distribution:

Based on the above reasoning, we can set the following probabilities:

- UP (0): 0.4
- RIGHT (1): 0.4
- DOWN (2): 0.1
- LEFT (3): 0.1

This distribution emphasizes safe upward and rightward movements while minimizing the risk of stepping into cliff states.

### Output Format:

```json
{0: 0.4, 1: 0.4, 2: 0.1, 3: 0.1}
``` 

This action distribution will help guide the agent toward the goal while effectively avoiding the cliff, thereby improving its performance in the next episode."
201,-298,-200.0,0.20404,134.07890444930644,N/A,N/A
202,-270,-82.31,0.20007999999999992,159.74762536192105,N/A,N/A
203,-94,-75.93,0.19611999999999996,119.96622317490426,N/A,N/A
204,-596,-187.94,0.1921600000000001,157.70593517329544,N/A,N/A
205,-497,-200.0,0.18820000000000003,148.33599934848024,N/A,N/A
206,-497,-81.33,0.18424000000000007,148.30926408840344,N/A,N/A
207,-185,-73.93,0.18028,145.9167911483105,N/A,N/A
208,-398,-75.74,0.17632000000000003,144.1235564034991,N/A,N/A
209,-78,-174.9,0.17236000000000007,140.23681871621653,N/A,N/A
210,-306,-71.82,0.1684,117.59855567936405,"### Episode Analysis

In the last episode of the training process on the CliffWalking-v1 task, the agent received a total reward of -306. This indicates that the agent encountered significant penalties during its exploration, primarily due to falling off the cliff and returning to the starting position. 

#### Action Sequence Breakdown
The extracted action sequence is as follows:
```
[3, 3, 3, 3, 3, 3, 1, 3, 1, 3, 3, 3, 0, 3, 3, 3, 3, 3, 3, 3, 3, 0, 2, 3, 0, 3, 3, 3, 3, 3, 3, 3, 0, 3, 1, 1, 0, 1, 0, 1, 0, 0, 0, 1, 2, 3, 2, 2, 2, 1, 3, 1, 3, 3, 3, 3, 3, 1, 0, 3, 2, 0, 3, 0, 1, 0, 1, 1, 1, 1, 1, 1, 3, 1, 1, 1, 1, 1, 1, 0, 1, 1, 2, 0, 0, 1, 1, 1, 1, 1, 0, 1, 1, 1, 1, 1, 1, 1, 1]
```
The actions correspond to:
- `0`: UP
- `1`: RIGHT
- `2`: DOWN
- `3`: LEFT

#### Key Observations:
1. **Frequent LEFT Actions**: The agent executed the LEFT action (`3`) multiple times in succession, particularly at the beginning of the sequence. This suggests the agent might have been trying to avoid the cliff but could not find a clear path towards the goal.
2. **Cliff Encounters**: The penalty of -100 is likely incurred when the agent moves into the cliff states (37-46). The action sequence does not show a clear path towards the goal but rather indicates a lot of backtracking and left movements.
3. **Lack of Progress**: The agent's movements show a tendency to backtrack (e.g., multiple LEFT actions), which indicates difficulty in navigating through the environment effectively.

### Strategy Recommendations

To improve the agent's performance and reduce the negative rewards, the following strategies can be implemented:

1. **Exploration Strategy**:
   - **Prioritize Right and Up Actions**: Given the goal is at the bottom-right corner, the agent should prioritize moving RIGHT (`1`) and UP (`0`) over LEFT (`3`) and DOWN (`2`). This can be implemented in the policy by assigning higher probabilities to these actions when in lower rows (closer to the goal).
   - **Avoid Cliff States**: The agent should be explicitly programmed to avoid states 37-46. This can be done by implementing a safety mechanism that discourages moving into these states, perhaps by assigning a very high negative reward for actions leading to cliff states.

2. **Policy Improvement**:
   - **Use of Value Functions**: Implement a value function that estimates the expected return from each state. This can guide the agent to prefer states that lead to higher rewards and avoid states leading to cliffs.
   - **Q-Learning Adjustments**: If using Q-learning, ensure that the Q-values for cliff states are heavily penalized to discourage the agent from visiting them. This can be done by setting Q-values for cliff states to a very low value.

3. **Stochastic Environment Handling**:
   - **Robust Action Selection**: Given the stochastic nature of the environment, consider implementing an epsilon-greedy strategy that allows for a small probability of exploring random actions. This can help the agent discover alternative paths that may avoid cliffs.
   - **Path Planning**: Implement a path planning algorithm (e.g., A* or Dijkstra's) to calculate potential paths to the goal while avoiding cliffs, and use this information to guide the agent's actions.

4. **Training Adjustments**:
   - **Increase Exploration Rate**: Initially increase the exploration rate during training to allow the agent to discover more effective paths.
   - **Reward Shaping**: Introduce intermediate rewards for reaching certain safe states or for making progress toward the goal to encourage positive reinforcement.

By implementing these strategies, the agent should improve its ability to navigate the grid efficiently, ultimately reducing the negative rewards associated with falling off the cliff and increasing the likelihood of reaching the goal state.","To improve the agent's effectiveness in the CliffWalking-v1 environment, we will create a probability distribution for the actions based on the recommendations provided. The goal is to prioritize actions that lead towards the goal while avoiding the cliff states.

### Action Probability Distribution:

1. **Prioritize Right and Up Actions**: Since the goal is at the bottom-right corner, we will assign higher probabilities to the actions `RIGHT (1)` and `UP (0)`.

2. **Avoid Cliff States**: The actions `DOWN (2)` and `LEFT (3)` should be assigned lower probabilities, particularly `LEFT`, as it often leads to backtracking and can increase the likelihood of falling off the cliff.

3. **Stochastic Environment Handling**: We will include a small exploration factor to allow some randomness in action selection.

### Proposed Action Distribution:
- **UP (0)**: 0.25 (high priority to move towards the goal)
- **RIGHT (1)**: 0.40 (highest priority to progress towards the goal)
- **DOWN (2)**: 0.15 (lower probability to avoid falling off the cliff)
- **LEFT (3)**: 0.20 (low probability, but still allows for some backtracking if necessary)

### Final Action Probability Distribution:
Thus, the final probability distribution for the actions in the next episode is:

```json
{0: 0.25, 1: 0.40, 2: 0.15, 3: 0.20}
```

This distribution encourages the agent to move towards the goal while minimizing the risk of falling into the cliff states, balancing exploration and exploitation effectively."
211,-299,-181.63,0.16444000000000003,150.0759470832255,N/A,N/A
212,-392,-129.19,0.16048000000000007,125.08228847008083,N/A,N/A
213,-123,-146.13,0.15652,119.17375787626194,N/A,N/A
214,-497,-166.71,0.15256000000000003,138.33646239262075,N/A,N/A
215,-299,-129.09,0.14860000000000007,139.99778025377543,N/A,N/A
216,-363,-72.79,0.14464,110.59924726123838,N/A,N/A
217,-596,-147.58,0.14068000000000003,136.99161697210744,N/A,N/A
218,-193,-109.72,0.13672000000000006,110.79278377156228,N/A,N/A
219,-266,-74.03,0.13276,114.51617558255882,N/A,N/A
220,-72,-120.98,0.12880000000000003,122.85521542376631,"### Last Episode Analysis

In the final episode of the training process on the **CliffWalking-v1** environment, the agent achieved a total reward of **-72**. This indicates that the agent successfully navigated towards the goal while managing to avoid the cliff for a significant portion of the episode, although it still incurred a negative reward due to the penalties associated with movement.

#### Action Sequence Breakdown

The action sequence recorded at intervals is as follows:

- **Initial Movement (Actions 3)**: The agent begins by moving **LEFT** repeatedly (action 3). This suggests that it might have been attempting to navigate back towards the left side of the grid, possibly to avoid a risky situation or to explore a safe path.
  
- **Subsequent RIGHT Movements (Actions 1)**: After a series of LEFT actions, the agent transitions to moving **RIGHT** (action 1). This indicates that it was likely trying to move towards the goal on the right side of the grid. The continuous RIGHT movements suggest a strategy to advance towards the goal while minimizing the risk of stepping on the cliff.

- **UP Movements (Action 0)**: The agent occasionally moves **UP**, which is a strategic choice to avoid the cliff. By moving up, the agent can navigate to a safer row while still progressing toward the goal.

- **DOWN Movements (Action 2)**: The agent also moves **DOWN** at several points, which might have been a response to its position or an attempt to reposition itself in the grid. However, this movement could be risky if it leads the agent closer to the cliff.

#### Risk Management

The episode's total reward of -72 indicates that the agent was relatively cautious but still faced challenges. The presence of cliff states (37 to 46) required the agent to balance exploration and exploitation effectively. The agent's strategy involved avoiding the cliff while making efficient progress toward the goal.

### Recommendations for Strategy Improvement

1. **Increased Exploration Near the Cliff**:
   - Implement a more robust exploration strategy in the vicinity of the cliff to gather information about safe paths. This could involve a higher epsilon value in an epsilon-greedy strategy or using a softmax action selection method to encourage exploration.

2. **Dynamic Policy Adjustment**:
   - Introduce a dynamic policy that adapts based on the agent's current position. For example, if the agent is near the cliff, it could prioritize UP movements or even LEFT movements to ensure it remains in a safer area.

3. **Reward Shaping**:
   - Consider modifying the reward structure slightly to provide additional incentives for staying away from the cliff. For instance, provide a small positive reward for every step taken away from the cliff to encourage safer exploration.

4. **Path Planning**:
   - Incorporate path planning algorithms that help the agent identify routes that maximize safety while minimizing the number of steps to the goal. Techniques like A* or Dijkstra's algorithm can be useful for pre-computing safe paths.

5. **Utilize Memory**:
   - Implement a memory mechanism that allows the agent to remember previously encountered states and actions that led to successful navigation. This would help the agent avoid repeating actions that previously resulted in falling into the cliff.

6. **State Value Function Improvement**:
   - Enhance the state value function estimation to better predict the potential rewards of different actions based on the agent's state. This can be done through more iterations of value iteration or policy iteration to refine the estimates.

### Conclusion

The agent's performance in the last episode demonstrates its ability to navigate the grid while avoiding the cliff, albeit with a total negative reward. By implementing the recommended strategies, the agent can further improve its exploration and learning efficiency, ultimately leading to successful navigation to the goal with minimal penalties.","To improve the agent's task effectiveness in navigating the CliffWalking-v1 environment, we can design a probability distribution for action selection that emphasizes exploration while maintaining a focus on avoiding the cliff. Given the analysis of the last episode, we can prioritize actions that help the agent stay away from the cliff and also encourage exploration of different paths.

### Proposed Action Probability Distribution

1. **UP (Action 0)**: This action is crucial for avoiding the cliff, especially when the agent is near the risky states. We will assign a higher probability to this action to encourage vertical movement away from the cliff area.

2. **RIGHT (Action 1)**: Moving right is essential for progressing toward the goal. However, we need to balance this with the risk of falling into the cliff. A moderate probability will be assigned to this action.

3. **DOWN (Action 2)**: This action can be risky when near the cliff, so we will assign a lower probability to it. However, it can still be useful for repositioning in certain situations.

4. **LEFT (Action 3)**: This action is less useful for reaching the goal but can be important for avoiding immediate danger. It will have a lower probability as well, but we want to allow for some exploration.

### Final Probability Distribution

Considering these factors, I propose the following distribution:

- **UP (Action 0)**: 0.40
- **RIGHT (Action 1)**: 0.30
- **DOWN (Action 2)**: 0.15
- **LEFT (Action 3)**: 0.15

This distribution encourages the agent to prioritize moving up to avoid the cliff while still allowing for significant progress towards the goal through right movements. The lower probabilities for down and left actions help mitigate risks associated with falling into the cliff.

### Output Format

The final action distribution in the specified format is:

```json
{0: 0.40, 1: 0.30, 2: 0.15, 3: 0.15}
```"
221,-299,-118.38,0.12483999999999995,112.71065086246468,N/A,N/A
222,-282,-127.27,0.12087999999999999,115.96752445648114,N/A,N/A
223,-299,-346.24,0.11692000000000002,99.25778710763902,N/A,N/A
224,-560,-72.52,0.11295999999999995,109.45315081655707,N/A,N/A
225,-47,-80.33,0.10899999999999999,133.0347363734816,N/A,N/A
226,-28,-117.52,0.10504000000000002,97.7468531690538,N/A,N/A
227,-241,-85.54,0.10107999999999995,104.61417050874779,N/A,N/A
228,-200,-114.96,0.09711999999999998,117.96686038437299,N/A,N/A
229,-368,-162.56,0.09316000000000002,111.48448169205119,N/A,N/A
230,-181,-74.55,0.08919999999999995,110.84836338080713,"### Episode Analysis

In the last episode of the training process on the CliffWalking-v1 task, the agent experienced a total reward of -181. This indicates that the agent encountered a significant number of penalties during its exploration, primarily due to falling off the cliff and returning to the starting position. The action sequence observed suggests a pattern of movement that can be analyzed to provide insights into the agent's performance and guide future exploration strategies.

### Action Sequence Breakdown

The action sequence extracted at intervals is as follows:

```
[3, 3, 3, 3, 3, 3, 0, 0, 2, 0, 0, 0, 0, 0, 0, 3, 3, 3, 3, 0, 0, 0, 0, 0, 0, 0, 0, 0, 0, 0, 0, 0, 1, 1, 0, 0, 0, 0, 2, 0, 0, np.int64(0), 0, 0, 0, 0, 0, 1, 1, 0, 0, 2, 0, 2, 0, 0, 0, 0, 3, 2, 2, 2, 2, 2, 2, 0, 2, 0, 0, 0, 0, 2, 0, 3, 3, 0, 1, 1, 0, 0, 1, 1, 1, 1, 1, 1, 1, 1, 1, 1, 1, 1, 1, np.int64(0), 1, 1, 1, 1, np.int64(2), 1]
```

#### Key Observations:
1. **Frequent Left Actions (3)**: The agent performed the action ""LEFT"" (3) multiple times at the beginning. This indicates that the agent may have been trying to navigate away from the right side of the grid, possibly to avoid the cliff.
   
2. **Repeated Movements**: There are sequences of repeated actions, particularly ""UP"" (0) and ""RIGHT"" (1). This suggests that the agent was trying to find a path upward or toward the goal but may have been hindered by the cliff's presence.

3. **Cliff Encounter**: The agent eventually moves into the cliff region (states 37 to 46), indicated by the negative rewards. The agent's repeated movements toward the right and upward may have led it to inadvertently step onto the cliff.

4. **Stochastic Dynamics**: Given the environment's stochastic nature, the agent's intended actions may not have aligned with the executed actions. This could lead to unintended movements into the cliff area.

### Strategy Recommendations

To improve the agent's performance and minimize negative rewards in future episodes, consider the following strategies:

1. **Policy Adjustment**:
   - Implement a **safe exploration policy** that prioritizes actions leading away from the cliff. For example, if the agent is near the cliff (states 37-46), it should favor ""UP"" (0) and ""LEFT"" (3) actions, avoiding ""RIGHT"" (1) when close to the cliff.

2. **Dynamic Risk Assessment**:
   - Introduce a mechanism that assesses the risk of stepping on the cliff based on the agent's current position. For instance, if the agent is in the last two columns, reduce the probability of choosing ""RIGHT"" (1) significantly.

3. **Incorporate Memory**:
   - Utilize a memory mechanism that allows the agent to remember states that led to negative rewards. If the agent has previously encountered a penalty in a specific state, it should avoid taking actions that lead back to those states.

4. **Exploration-Exploitation Balance**:
   - Enhance the exploration strategy by incorporating a balance between exploration and exploitation. Use ε-greedy or softmax action selection to encourage exploration of less-visited states while still exploiting known rewarding actions.

5. **Reward Shaping**:
   - Consider shaping the reward function to provide smaller penalties for being close to the cliff but not on it. This can encourage the agent to explore the edge without falling off, allowing it to learn a safer path.

6. **Monte Carlo Tree Search (MCTS)**:
   - Implement MCTS to simulate potential future actions and their outcomes, allowing the agent to plan several steps ahead and avoid cliff encounters.

By refining the policy with these strategies, the agent can improve its exploration and ultimately reach the goal with fewer penalties, thereby enhancing its learning efficiency in the CliffWalking-v1 environment.","To improve the agent's effectiveness in navigating the CliffWalking-v1 environment while minimizing negative rewards, we need to create a probability distribution for the actions that reflects a cautious approach, especially when the agent is near the cliff. 

### Action Probability Distribution

1. **Action UP (0)**: This action is generally safe and can help the agent move toward the goal. Given that the agent should prioritize moving upwards while avoiding the cliff, we can assign a higher probability to this action.

2. **Action RIGHT (1)**: This action can lead the agent closer to the cliff if taken carelessly. Therefore, the probability of selecting this action should be low, especially when the agent is near the cliff.

3. **Action DOWN (2)**: This action is less useful for reaching the goal and may lead the agent away from the target. Thus, it should also have a low probability.

4. **Action LEFT (3)**: This action can help the agent avoid the cliff and navigate back to safer areas. Therefore, it should have a moderate probability.

### Proposed Probability Distribution

Considering the observations and strategies discussed, I would suggest the following distribution:

- **UP (0)**: 0.4 (high priority to move up towards the goal)
- **RIGHT (1)**: 0.1 (low priority to avoid falling off the cliff)
- **DOWN (2)**: 0.1 (low priority since it moves away from the goal)
- **LEFT (3)**: 0.4 (high priority to navigate away from the cliff)

This distribution reflects a balanced approach that encourages upward movement toward the goal while maintaining caution against the cliff.

### Final Output

Thus, the probability distribution for the actions in the next episode is:

```json
{0: 0.4, 1: 0.1, 2: 0.1, 3: 0.4}
``` 

This strategy should help the agent improve its performance in the CliffWalking-v1 environment by emphasizing safer movements while still pursuing the goal."
231,-98,-151.08,0.08523999999999998,116.59606448973396,N/A,N/A
232,-138,-79.47,0.08127999999999991,68.76291814799875,N/A,N/A
233,-182,-91.3,0.07731999999999994,121.9518156919301,N/A,N/A
234,-139,-125.13,0.07335999999999998,103.76739889420837,N/A,N/A
235,-61,-299.09,0.06940000000000002,95.56116981437948,N/A,N/A
236,-177,-86.97,0.06544000000000005,69.19685018294228,N/A,N/A
237,-299,-200.0,0.06148000000000009,100.26405632168054,N/A,N/A
238,-78,-91.21,0.057520000000000016,120.29203427310746,N/A,N/A
239,-84,-69.05,0.05356000000000005,83.88551464581508,N/A,N/A
