episode,train_return,eval_return,epsilon,loss,llm1_full_response,llm2_full_response
1,0.0,0.2,0.99604,nan,N/A,N/A
2,0.0,0.2,0.99208,nan,N/A,N/A
3,0.0,0.2,0.98812,nan,N/A,N/A
4,0.0,0.2,0.98416,nan,N/A,N/A
5,0.0,0.1,0.9802,0.08172573149204254,"In the last episode of the training process on the FrozenLake-v1 environment, the agent received a total reward of 0.0, indicating that it did not successfully reach the goal state (G) and likely fell into a hole (H) or ran out of steps before reaching the goal. The action sequence taken by the agent was [0, 2, 1, 3, 0, 3, 1, 0, 0, 1, 0, 3, 2, 3, 3, 1, 0, 1, 1, 2, 1, 2, 1].

### Analysis:

1. **Action Sequence and Transition Dynamics:**
   - The action sequence shows a variety of moves, but due to the slippery nature of the environment, the agent's intended actions may not have resulted in the expected transitions.
   - The agent's actions are distributed across all possible moves (0: down, 1: right, 2: up, 3: left), but the randomness in transitions due to the slippery surface likely led to unintended outcomes.

2. **Exploration vs. Exploitation:**
   - The agent appears to be exploring the environment, as evidenced by the diverse action sequence. However, the lack of a successful episode suggests that the exploration strategy may not be effectively guiding the agent towards the goal.
   - The agent may not have a well-formed policy or value function to exploit, leading to suboptimal decision-making.

3. **State Transitions and Outcomes:**
   - Given the total reward of 0.0, the agent likely fell into a hole or failed to reach the goal within the episode's step limit.
   - The sequence of actions suggests that the agent may have been stuck in loops or repeatedly visiting states that do not lead to the goal.

### Strategy Recommendations:

1. **Improved Exploration Strategy:**
   - Implement an exploration strategy that balances exploration and exploitation more effectively, such as epsilon-greedy with a decaying epsilon or using a softmax action selection method.
   - Consider using exploration techniques like Upper Confidence Bound (UCB) to encourage exploration of less-visited states.

2. **Policy and Value Function Enhancement:**
   - Focus on improving the agent's policy and value function estimation. This could involve using more sophisticated algorithms like Q-learning with function approximation or deep Q-networks (DQN) if computational resources allow.
   - Ensure that the agent is learning from its experiences by using techniques like experience replay to stabilize learning.

3. **Handling Slippery Dynamics:**
   - Incorporate model-based approaches to better predict the outcomes of actions in the slippery environment. This could involve learning a transition model to simulate potential future states.
   - Use planning techniques, such as Monte Carlo Tree Search (MCTS), to evaluate potential action sequences before execution.

4. **Reward Shaping:**
   - Consider implementing reward shaping to provide intermediate rewards for reaching certain states or avoiding holes, which can guide the agent more effectively towards the goal.

5. **Environment-Specific Strategies:**
   - Analyze the specific layout of the FrozenLake environment to identify safer paths and incorporate this knowledge into the agent's strategy.
   - Use domain knowledge to design heuristics or constraints that prevent the agent from repeatedly falling into holes or getting stuck in loops.

By addressing these areas, the agent can improve its performance in the FrozenLake environment and increase its chances of successfully reaching the goal state.","To improve the agent's performance in the FrozenLake-v1 environment, we need to consider an exploration strategy that balances exploration and exploitation effectively. Given the slippery nature of the environment and the previous episode's outcome, a strategy like epsilon-greedy with a decaying epsilon can be useful. However, since we need to provide a specific probability distribution for the next episode, we can start with a more exploratory approach and adjust as the agent learns.

For the next episode, we can use a softmax action selection method to ensure that all actions have a non-zero probability while still allowing for some preference based on any learned value estimates. Since we don't have specific value estimates from the previous episode, we'll start with a uniform distribution to encourage exploration, but slightly bias the distribution towards actions that might lead to more exploration (e.g., moving right or down initially, as they might lead towards the goal).

Here's a suggested probability distribution for the actions:

```python
{0: 0.25, 1: 0.30, 2: 0.20, 3: 0.25}
```

- **Action 0 (Down):** 0.25 - This action can help explore the lower parts of the grid, which might be closer to the goal.
- **Action 1 (Right):** 0.30 - Slightly higher probability to encourage moving towards the right, which is generally towards the goal.
- **Action 2 (Up):** 0.20 - Lower probability as moving up might lead back towards the starting point.
- **Action 3 (Left):** 0.25 - Similar to moving down, this can help explore different parts of the grid.

This distribution is a starting point and should be adjusted based on the agent's learning progress and any value estimates it develops over time. As the agent learns more about the environment, the distribution can be adjusted to favor actions that are more likely to lead to successful outcomes."
6,0.0,0.1,0.97624,0.022630486637353897,N/A,N/A
7,0.0,0.0,0.97228,0.0198195930570364,N/A,N/A
8,0.0,0.2,0.96832,0.00992591492831707,N/A,N/A
9,0.0,0.2,0.96436,0.006804469507187605,N/A,N/A
10,0.0,0.0,0.9604,0.015636349096894264,"In the last episode of the training process on the FrozenLake-v1 environment, the agent received a total reward of 0.0, indicating that it did not successfully reach the goal state (G) and likely fell into a hole (H) or failed to reach the goal within the episode's time limit. The action sequence extracted at intervals was [2, 3, 1, 3, 3, 1, 1], which corresponds to the following intended movements based on the slippery transition dynamics:

1. Action 2: Intended to move up, but could have moved right or down.
2. Action 3: Intended to move left, but could have moved up or right.
3. Action 1: Intended to move right, but could have moved down or left.
4. Action 3: Intended to move left, but could have moved up or right.
5. Action 3: Intended to move left, but could have moved up or right.
6. Action 1: Intended to move right, but could have moved down or left.
7. Action 1: Intended to move right, but could have moved down or left.

### Analysis:

- **Slippery Dynamics:** The environment's slippery nature means that the agent's intended actions do not always result in the expected movements. This stochasticity can lead to the agent inadvertently stepping into holes or failing to reach the goal.
  
- **Action Sequence:** The sequence of actions suggests that the agent attempted a variety of movements, but the lack of a reward indicates that these movements did not lead to a successful path to the goal. The repeated use of actions 3 and 1 suggests an attempt to navigate horizontally, possibly trying to avoid holes or reach the goal.

- **Exploration vs. Exploitation:** The agent may still be in an exploration phase, trying different actions to learn the environment's dynamics. However, the lack of a positive reward suggests that the exploration strategy may need refinement.

### Strategy Recommendations:

1. **Improved Exploration Strategy:** Consider implementing an exploration strategy that balances exploration and exploitation more effectively. Techniques such as epsilon-greedy with a decaying epsilon or softmax action selection could help the agent explore the environment more efficiently while gradually focusing on the most promising actions.

2. **State-Action Value Estimation:** Enhance the agent's learning algorithm to better estimate the state-action values (Q-values). This could involve using a more sophisticated algorithm like Q-learning with function approximation or deep Q-networks (DQN) if computational resources allow.

3. **Increased Training Episodes:** Given the stochastic nature of the environment, increasing the number of training episodes could help the agent better learn the optimal policy by experiencing a wider variety of state transitions and outcomes.

4. **Reward Shaping:** Consider implementing reward shaping to provide intermediate rewards that guide the agent towards the goal. For example, providing small positive rewards for moving closer to the goal or negative rewards for moving towards holes could help the agent learn more effectively.

5. **Environment Visualization:** Visualizing the agent's path during training episodes could provide insights into common pitfalls and help refine the strategy by identifying patterns in unsuccessful attempts.

By refining the exploration strategy and enhancing the learning algorithm, the agent can improve its performance in navigating the FrozenLake environment and increase its chances of reaching the goal successfully.","To improve the agent's effectiveness in the FrozenLake-v1 environment, we need to consider a strategy that balances exploration and exploitation while accounting for the environment's stochastic nature. Given the previous episode's outcome and the analysis, a more informed exploration strategy can be implemented using an epsilon-greedy approach with a decaying epsilon. This approach allows the agent to explore initially and gradually exploit the learned policy as it gains more experience.

For the next episode, we can set a probability distribution that slightly favors exploration but also allows for exploitation of potentially better actions. Let's assume an initial epsilon value of 0.2, which means the agent will explore 20% of the time and exploit 80% of the time. During exploration, actions are chosen uniformly at random. During exploitation, actions are chosen based on the current best estimate of the optimal policy, which in this case, we assume to be uniform due to lack of specific Q-values.

Given this setup, the probability distribution for the actions can be calculated as follows:

- Exploration (20% of the time): Each action has a probability of 0.25 (since there are 4 actions and exploration is uniform).
- Exploitation (80% of the time): Without specific Q-values, assume a uniform distribution among actions, so each action has a probability of 0.25.

The combined probability for each action is calculated as:
\[ \text{Probability of action} = 0.2 \times 0.25 + 0.8 \times 0.25 = 0.25 \]

Therefore, the probability distribution for the actions in the next episode is:

```python
{0: 0.25, 1: 0.25, 2: 0.25, 3: 0.25}
```

This distribution reflects a balanced approach, allowing the agent to explore the environment while also beginning to exploit any learned knowledge. As training progresses and the agent's policy improves, the epsilon value can be decayed to shift the balance more towards exploitation."
11,0.0,0.2,0.95644,0.030574437230825424,N/A,N/A
12,0.0,0.0,0.95248,0.021306920796632767,N/A,N/A
13,0.0,0.0,0.94852,0.0026710587553679943,N/A,N/A
14,0.0,0.0,0.94456,0.02379160188138485,N/A,N/A
15,0.0,0.0,0.9406,0.006689048372209072,"In the last episode of the training process on the FrozenLake-v1 environment, the agent received a total reward of 0.0, indicating that it did not successfully reach the goal state (G) and likely fell into a hole (H) or ran out of steps before reaching the goal. The action sequence extracted at intervals was [1, 0, 2, 1, 2, 1, 2, 0, 3], which corresponds to the following actions:

- 1: Move right
- 0: Move down
- 2: Move up
- 1: Move right
- 2: Move up
- 1: Move right
- 2: Move up
- 0: Move down
- 3: Move left

### Analysis:

1. **Slippery Dynamics**: The environment's slippery nature means that the agent's intended actions do not always result in the expected movement. This can lead to the agent inadvertently stepping into holes or failing to progress towards the goal.

2. **Action Sequence**: The sequence of actions suggests that the agent attempted to navigate through the grid but likely encountered difficulties due to the stochastic transitions. The sequence includes multiple changes in direction, which might indicate confusion or an attempt to correct course after unintended movements.

3. **Outcome**: Given the total reward of 0.0, it is likely that the agent fell into a hole or was unable to reach the goal within the allowed number of steps. The presence of holes in the environment increases the risk of failure, especially with the added complexity of slippery dynamics.

### Strategy Recommendations:

1. **Improved Exploration**: Encourage more systematic exploration strategies, such as using an epsilon-greedy policy with a decaying epsilon to balance exploration and exploitation. This can help the agent discover more effective paths to the goal.

2. **State-Action Value Estimation**: Implement Q-learning or SARSA to estimate the value of state-action pairs more accurately. This can help the agent learn which actions are more likely to lead to successful outcomes, even in the presence of stochastic transitions.

3. **Model-Based Approaches**: Consider using a model-based approach to predict the outcomes of actions more accurately. This can help the agent plan its moves more effectively by accounting for the environment's stochastic nature.

4. **Reward Shaping**: Introduce intermediate rewards for reaching certain states or progressing towards the goal. This can provide additional guidance to the agent and encourage it to avoid holes.

5. **Policy Gradient Methods**: Explore policy gradient methods, such as REINFORCE or Actor-Critic, which can directly optimize the policy and potentially handle the stochastic transitions more effectively.

6. **Environment Familiarization**: Allow the agent to spend more time exploring the environment without penalty to better understand the layout and dynamics, which can lead to improved decision-making in future episodes.

By implementing these strategies, the agent can potentially improve its performance in the FrozenLake-v1 environment and increase its chances of successfully reaching the goal.","To improve the agent's performance in the FrozenLake-v1 environment, we need to consider a strategy that balances exploration and exploitation while accounting for the environment's stochastic nature. Given the slippery dynamics and the previous episode's outcome, an epsilon-greedy strategy with a decaying epsilon can be effective. This approach allows the agent to explore different actions while gradually focusing on the actions that lead to better outcomes.

For the next episode, we can start with a moderate level of exploration and gradually reduce it as the agent learns more about the environment. Let's assume an initial epsilon value of 0.2, meaning the agent will explore 20% of the time and exploit the best-known actions 80% of the time.

Since we don't have specific Q-values or a learned policy yet, we can distribute the probabilities for exploration evenly among all actions. For exploitation, we can assume a uniform distribution as a starting point, given the lack of prior knowledge about which actions are more effective.

Here's how the action probabilities can be distributed:

- Exploration (20% of the time): Each action has an equal probability of being chosen.
- Exploitation (80% of the time): Since we don't have a learned policy yet, we can start with equal probabilities for each action.

Combining exploration and exploitation, the action probabilities for the next episode can be calculated as follows:

- Exploration probability for each action: 0.2 / 4 = 0.05
- Exploitation probability for each action: 0.8 / 4 = 0.20

Total probability for each action:
- Probability for each action = Exploration probability + Exploitation probability = 0.05 + 0.20 = 0.25

Thus, the distribution of the 4 action explorations for the next episode is:

```python
{0: 0.25, 1: 0.25, 2: 0.25, 3: 0.25}
```

This uniform distribution reflects the initial stage of learning, where the agent is still exploring the environment. As the agent gathers more information and learns the Q-values or policy, these probabilities can be adjusted to favor actions that lead to better outcomes."
16,0.0,0.0,0.93664,0.015491309575736523,N/A,N/A
17,0.0,0.1,0.93268,0.008727543987333775,N/A,N/A
18,0.0,0.2,0.92872,0.013751386664807796,N/A,N/A
19,0.0,0.2,0.92476,0.007124345283955336,N/A,N/A
20,0.0,0.1,0.9208,0.01198128703981638,"In the last episode of the training process on the FrozenLake-v1 task, the agent received a total reward of 0.0, indicating that it did not reach the goal state (G) and likely fell into a hole (H) or failed to navigate to the goal within the episode's time limit. The action sequence extracted at intervals was [0, 3, 0, 1], which corresponds to the following actions:

- Action 0: Attempt to move down
- Action 3: Attempt to move left
- Action 0: Attempt to move down
- Action 1: Attempt to move right

Given the slippery nature of the environment, each action has a probabilistic outcome, meaning the agent might not have moved in the intended direction. This adds complexity to the task as the agent must account for the stochastic transitions when planning its path.

### Analysis:

1. **Initial Action (0 - Down):** The agent starts at state 0 (S) and attempts to move down. Due to the stochastic nature, it could have ended up in state 4, 1, or remained in state 0.

2. **Second Action (3 - Left):** From its new position, the agent attempts to move left. If it was in state 4, it could have moved to state 0, 5, or 8. If it was in state 1, it could have moved to state 0, 2, or 5. If it remained in state 0, it could have moved to state 3, 12, or remained in state 0.

3. **Third Action (0 - Down):** The agent attempts to move down again. Depending on its previous position, it could have moved to a variety of states, potentially falling into a hole (H) or remaining on a frozen surface (F).

4. **Fourth Action (1 - Right):** The agent attempts to move right. Again, depending on its previous state, it could have moved to a new state, potentially falling into a hole or remaining on a frozen surface.

### Possible Strategy Recommendations:

1. **Improved Exploration Strategy:** The agent should explore more diverse paths to better understand the environment's dynamics. This could involve using an exploration strategy like epsilon-greedy with a decaying epsilon to balance exploration and exploitation.

2. **Incorporate Model-Based Planning:** Given the stochastic nature of the environment, incorporating a model-based approach where the agent learns the transition probabilities could help in planning more effective paths to the goal.

3. **State-Action Value Function (Q-Learning):** Implementing Q-learning with eligibility traces could help the agent learn the expected rewards of state-action pairs more effectively, allowing it to make better decisions despite the stochastic transitions.

4. **Policy Gradient Methods:** Consider using policy gradient methods to directly learn a policy that can handle the stochasticity of the environment, potentially leading to more robust action selection.

5. **Reward Shaping:** Introduce intermediate rewards for reaching certain states or avoiding holes to guide the agent more effectively towards the goal.

By adopting these strategies, the agent can improve its performance in navigating the FrozenLake environment, increasing the likelihood of reaching the goal state and achieving a higher total reward in future episodes.","To improve the agent's performance in the FrozenLake environment, we need to consider an exploration strategy that balances exploration and exploitation while accounting for the stochastic nature of the environment. Given the agent's previous episode performance and the need to explore more effectively, an epsilon-greedy strategy with a focus on exploration can be beneficial.

In an epsilon-greedy strategy, the agent selects a random action with probability epsilon and the best-known action with probability 1-epsilon. Since the agent did not reach the goal in the last episode, we should encourage more exploration initially.

Let's assume a relatively high exploration rate to encourage the agent to explore different paths. We can set epsilon to 0.3, meaning the agent will explore randomly 30% of the time and exploit the best-known action 70% of the time. However, since we don't have a specific Q-value table or policy to exploit, we'll distribute the probabilities equally among all actions for exploration purposes.

Here's how the action probabilities can be distributed:

- Exploration (random action): 0.3 / 4 = 0.075 for each action
- Exploitation (best-known action): 0.7 / 4 = 0.175 for each action (assuming equal preference due to lack of specific Q-values)

Thus, the probability distribution for the actions can be:

```python
{0: 0.25, 1: 0.25, 2: 0.25, 3: 0.25}
```

This distribution reflects an equal probability for each action, encouraging exploration across all possible moves. As the agent learns and gathers more information about the environment, these probabilities can be adjusted to favor actions that lead to higher rewards based on the learned policy or Q-values."
21,0.0,0.0,0.91684,0.015009124763309956,N/A,N/A
22,0.0,0.0,0.91288,0.009714669547975063,N/A,N/A
23,0.0,0.3,0.90892,0.013380380347371101,N/A,N/A
24,0.0,0.1,0.90496,0.0065193274058401585,N/A,N/A
25,0.0,0.2,0.901,0.01284080557525158,"In the last episode of the training process on the FrozenLake-v1 environment, the agent received a total reward of 0.0, indicating that it did not reach the goal state (G) and likely fell into a hole (H) or ran out of steps without reaching the goal. The action sequence extracted at intervals was [1, 0, 0, 3, 3, 2, 1]. Let's analyze this sequence and the possible states the agent might have visited:

1. **Initial State (S = 0):** The agent starts at the initial state, which is the top-left corner of the grid.

2. **Action 1 (Right):** The agent attempts to move right. Due to the slippery nature, it could have moved to state 1, 4, or stayed at 0.

3. **Action 0 (Down):** The agent attempts to move down. It could have moved to state 5, 0, or 1, depending on its previous state and the stochastic transition.

4. **Action 0 (Down):** Again, the agent attempts to move down. It could have moved to state 9, 4, or 5.

5. **Action 3 (Left):** The agent attempts to move left. It could have moved to state 8, 9, or 10.

6. **Action 3 (Left):** The agent attempts to move left again. It could have moved to state 7, 8, or 9.

7. **Action 2 (Up):** The agent attempts to move up. It could have moved to state 3, 7, or 8.

8. **Action 1 (Right):** Finally, the agent attempts to move right. It could have moved to state 4, 3, or 7.

Given the total reward of 0.0, it's likely that the agent fell into a hole at some point during this sequence or did not reach the goal within the episode's time limit.

### Strategy Recommendations:

1. **Improved Exploration:**
   - Encourage more exploration by adjusting the exploration-exploitation balance. Consider using an epsilon-greedy strategy with a higher epsilon value initially to encourage exploration of different paths.

2. **Learning from Failures:**
   - Implement a mechanism to learn from episodes where the agent falls into holes. This could involve penalizing actions leading to holes more heavily or using a replay buffer to analyze and learn from past mistakes.

3. **Policy Optimization:**
   - Use policy gradient methods or Q-learning with function approximation to better estimate the value of actions in different states, especially in a stochastic environment like FrozenLake.

4. **State Value Estimation:**
   - Improve the estimation of state values by using techniques like Temporal Difference (TD) learning, which can help the agent better predict the long-term rewards of its actions.

5. **Environment Modeling:**
   - Consider building a model of the environment's transition dynamics to simulate possible outcomes of actions, which can help the agent make more informed decisions.

6. **Reward Shaping:**
   - Introduce intermediate rewards for reaching certain states or avoiding holes to guide the agent towards the goal more effectively.

By implementing these strategies, the agent can improve its performance in navigating the FrozenLake environment and increase its chances of reaching the goal state successfully.","To improve the agent's effectiveness in the FrozenLake-v1 environment, we need to consider a strategy that balances exploration and exploitation while accounting for the stochastic nature of the environment. Given the agent's previous episode performance, we should encourage more exploration to discover effective paths to the goal while avoiding holes.

A common approach is to use an epsilon-greedy strategy, where the agent selects a random action with probability epsilon (exploration) and the best-known action with probability 1-epsilon (exploitation). Since the agent did not reach the goal in the previous episode, we should increase the exploration rate to allow the agent to explore more paths.

Let's assume an epsilon value of 0.3 for exploration, meaning the agent will explore 30% of the time and exploit 70% of the time. Given that we don't have a specific policy to exploit yet, we can distribute the exploration probability equally among all actions.

Here's how we can distribute the probabilities for the next episode:

- Exploration probability (epsilon): 0.3
- Exploitation probability (1-epsilon): 0.7

Since we are focusing on exploration, we can distribute the exploration probability equally across all actions. The exploitation probability can be distributed based on any existing policy or equally if no policy is defined.

For simplicity, let's assume equal distribution for both exploration and exploitation:

- Exploration: 0.3 / 4 = 0.075 for each action
- Exploitation: 0.7 / 4 = 0.175 for each action

Combining both, the probability distribution for each action would be:

```python
{
    0: 0.075 + 0.175,
    1: 0.075 + 0.175,
    2: 0.075 + 0.175,
    3: 0.075 + 0.175
}
```

This results in:

```python
{
    0: 0.25,
    1: 0.25,
    2: 0.25,
    3: 0.25
}
```

This distribution encourages exploration equally across all actions, allowing the agent to explore different paths and potentially discover more effective routes to the goal. As the agent learns and develops a policy, the exploitation probabilities can be adjusted to favor actions that lead to higher rewards."
26,0.0,0.0,0.8970400000000001,0.00791317131370306,N/A,N/A
27,0.0,0.0,0.89308,0.0031917160376906395,N/A,N/A
28,0.0,0.0,0.88912,0.0069842878729105,N/A,N/A
29,0.0,0.1,0.88516,0.0073600574396550655,N/A,N/A
30,0.0,0.1,0.8812,0.007944276556372643,"In the last episode of training on the FrozenLake-v1 environment, the agent received a total reward of 0.0, indicating that it did not reach the goal state (G) and likely fell into a hole (H) or failed to reach the goal within the episode's time limit. The action sequence extracted at intervals was [0, 1, 2, 3, 0, 2]. Let's analyze this sequence and the possible reasons for the outcome:

### Analysis:

1. **Action Sequence:**
   - The sequence [0, 1, 2, 3, 0, 2] corresponds to the following intended movements:
     - 0: Attempt to move down
     - 1: Attempt to move right
     - 2: Attempt to move up
     - 3: Attempt to move left
     - 0: Attempt to move down
     - 2: Attempt to move up

2. **Slippery Dynamics:**
   - Due to the slippery nature of the environment, each action has a 1/3 probability of resulting in the intended move, with the remaining probability distributed among two other possible moves. This randomness can lead to the agent not following the intended path.

3. **Outcome:**
   - The total reward of 0.0 suggests that the agent either fell into a hole or did not reach the goal. Given the environment's layout and the action sequence, it is likely that the agent encountered a hole or was unable to navigate effectively due to the stochastic transitions.

### Possible Strategy Recommendations:

1. **Improved Exploration:**
   - Encourage more diverse exploration strategies to help the agent better understand the environment's dynamics. This could involve varying the starting policy or introducing exploration bonuses for visiting less frequently visited states.

2. **Policy Refinement:**
   - Use techniques like Q-learning or SARSA with function approximation to refine the policy. Consider incorporating eligibility traces to better handle the delayed rewards and improve learning efficiency.

3. **Model-based Approaches:**
   - Implement a model-based approach where the agent learns the transition dynamics and uses this model to plan its actions. This can help mitigate the effects of the stochastic transitions by allowing the agent to anticipate possible outcomes.

4. **Increased Training Episodes:**
   - Increase the number of training episodes to allow the agent more opportunities to learn from its interactions with the environment. This can help the agent develop a more robust policy that accounts for the environment's stochastic nature.

5. **Reward Shaping:**
   - Introduce intermediate rewards for reaching certain states or avoiding holes to guide the agent towards the goal more effectively. This can help the agent learn a more optimal path to the goal.

6. **Action Selection Strategy:**
   - Experiment with different action selection strategies, such as epsilon-greedy with decay, to balance exploration and exploitation more effectively over time.

By implementing these strategies, the agent can potentially improve its performance in the FrozenLake-v1 environment, increasing the likelihood of reaching the goal and achieving a higher total reward.","To improve the agent's effectiveness in the FrozenLake-v1 environment, we need to consider a strategy that balances exploration and exploitation while accounting for the stochastic nature of the environment. Given the previous episode's outcome and the suggested strategies, we can adjust the action selection probabilities to encourage more exploration and potentially discover more effective paths.

One common approach is to use an epsilon-greedy strategy, where the agent mostly exploits the best-known action but occasionally explores other actions. For this scenario, let's assume an epsilon value of 0.2, which means the agent will explore 20% of the time and exploit 80% of the time. This can be adjusted based on the agent's learning progress.

Assuming the agent has a preliminary estimate of the best action for each state (which we don't have here), we can distribute the probabilities as follows:

- With probability 0.8, the agent selects the best-known action (exploitation).
- With probability 0.2, the agent selects a random action (exploration).

Since we don't have specific information about the best action for each state, we'll distribute the exploration probability equally among all actions. Here's how the distribution might look:

```python
{
    0: 0.2,  # Exploration probability divided equally among all actions
    1: 0.2,
    2: 0.2,
    3: 0.2
}
```

This distribution assumes that the agent is in a state where it doesn't have a strong preference for any particular action due to the lack of specific Q-values or policy information. As the agent learns and develops a better understanding of the environment, the distribution can be adjusted to favor the best-known actions more heavily while still allowing for exploration."
31,0.0,0.1,0.87724,0.006932845339179039,N/A,N/A
32,0.0,0.3,0.8732800000000001,0.0035276610869914293,N/A,N/A
33,0.0,0.0,0.86932,0.004593865945935249,N/A,N/A
34,0.0,0.2,0.86536,0.0018155182478949428,N/A,N/A
35,0.0,0.2,0.8613999999999999,0.004212989471852779,"In the last episode of the training process on the FrozenLake-v1 environment, the agent received a total reward of 0.0, indicating that it did not successfully reach the goal state (G) and likely fell into a hole (H) or failed to reach the goal within the episode's time limit. The action sequence extracted at intervals was [2, 1], which corresponds to the following:

- Action 2: The agent attempted to move up, but due to the slippery nature of the environment, it could have moved in one of three directions: up, right, or down.
- Action 1: The agent attempted to move right, but again, it could have moved in one of three directions: right, down, or left.

Given the environment's stochastic transition dynamics, the agent's intended actions may not have resulted in the expected movements, leading to suboptimal exploration and ultimately failing to reach the goal.

### Analysis:
1. **Stochastic Transitions**: The slippery nature of the environment introduces significant uncertainty in the agent's movements. This makes it challenging for the agent to follow a precise path to the goal.
2. **Limited Action Sequence**: The action sequence [2, 1] is quite short, suggesting that the agent either fell into a hole early in the episode or did not explore the environment sufficiently.
3. **Exploration vs. Exploitation**: The agent may not have adequately balanced exploration and exploitation, potentially leading to repeated suboptimal paths or insufficient exploration of the environment.

### Strategy Recommendations:
1. **Increased Exploration**: Encourage more exploration by adjusting the exploration strategy, such as increasing the exploration rate (epsilon) in an epsilon-greedy policy. This will allow the agent to explore more states and learn better strategies for reaching the goal.
   
2. **Reward Shaping**: Introduce intermediate rewards for reaching certain states or for staying on the frozen surface (F) to guide the agent towards the goal more effectively.

3. **Model-Based Approaches**: Consider using a model-based reinforcement learning approach to better predict the outcomes of actions in the slippery environment, allowing the agent to plan more effectively.

4. **State-Action Value Function**: Enhance the learning of the state-action value function (Q-values) by using techniques such as eligibility traces or double Q-learning to reduce the impact of stochastic transitions.

5. **Policy Improvement**: Experiment with different policy improvement techniques, such as policy gradient methods, to directly optimize the policy for better performance in the stochastic environment.

6. **Environment Familiarization**: Allow the agent more episodes to familiarize itself with the environment's dynamics, which can help it learn to anticipate the effects of the slippery transitions better.

By implementing these strategies, the agent may improve its ability to navigate the FrozenLake environment and increase its chances of reaching the goal state successfully.","To improve the agent's exploration and task effectiveness in the FrozenLake-v1 environment, we need to adjust the action selection strategy to encourage more exploration while still allowing for some exploitation of known strategies. Given the stochastic nature of the environment and the need for better exploration, an epsilon-greedy strategy can be effective. This involves selecting a random action with probability epsilon and the best-known action with probability 1-epsilon.

For this scenario, let's assume an exploration rate (epsilon) of 0.3 to encourage more exploration. This means that 30% of the time, the agent will explore by choosing a random action, and 70% of the time, it will exploit by choosing the best-known action. Since we are focusing on exploration, we will distribute the exploration probability equally among all actions.

Here's how the action probabilities can be distributed:

- Exploration probability (epsilon): 0.3
- Exploitation probability (1-epsilon): 0.7

Assuming the agent does not have a clear best action yet due to the limited action sequence in the previous episode, we can distribute the exploration probability equally among all actions:

- Probability for each action during exploration: 0.3 / 4 = 0.075

Thus, the distribution of action probabilities for exploration can be:

```python
{0: 0.075, 1: 0.075, 2: 0.075, 3: 0.075}
```

For exploitation, since we don't have a clear best action from the previous episode, we can initially distribute the exploitation probability equally as well, or focus on actions that have shown some promise in past episodes if such data is available. However, for the sake of exploration, we will keep it equal for now:

- Probability for each action during exploitation: 0.7 / 4 = 0.175

Combining exploration and exploitation, the overall probability distribution for the next episode can be:

```python
{0: 0.075 + 0.175, 1: 0.075 + 0.175, 2: 0.075 + 0.175, 3: 0.075 + 0.175}
```

Simplifying, this results in:

```python
{0: 0.25, 1: 0.25, 2: 0.25, 3: 0.25}
```

This uniform distribution reflects a balanced approach to exploration and exploitation, allowing the agent to explore the environment more effectively while still considering any potential knowledge gained from previous episodes."
36,0.0,0.3,0.85744,0.003178073326125741,N/A,N/A
37,0.0,0.3,0.85348,0.0017662050668150187,N/A,N/A
38,0.0,0.1,0.84952,0.001755321747623384,N/A,N/A
39,0.0,0.1,0.84556,0.008766724728047848,N/A,N/A
40,0.0,0.1,0.8416,0.003400976536795497,"In the last episode of training on the FrozenLake-v1 environment, the agent received a total reward of 0.0, indicating that it did not reach the goal state (G) and likely fell into a hole (H) or ran out of steps before reaching the goal. The action sequence extracted at intervals is [2, 2, 0, 0, 3, 2, 0, 0, 2, 2, 3, 3, 1, 1]. Let's analyze this sequence and the agent's potential path:

1. **Initial Actions (2, 2):** The agent starts at state 0 (S) and attempts to move up twice. Given the slippery nature of the environment, these actions could result in the agent moving in unintended directions, potentially staying in the same row or moving to adjacent states.

2. **Middle Actions (0, 0, 3, 2, 0, 0):** The agent attempts to move down twice, then left, up, and down twice. These actions suggest the agent is trying to navigate through the grid, but due to the stochastic transitions, it might not be progressing as intended. The presence of holes (H) in the second and third rows increases the risk of falling into a hole.

3. **Later Actions (2, 2, 3, 3, 1, 1):** The agent continues with attempts to move up, left, and right. The sequence indicates a possible lack of a clear strategy or path towards the goal, as the agent might be oscillating between states without making significant progress towards the goal.

### Analysis:
- **Stochastic Transitions:** The slippery nature of the environment means that the agent's intended actions often result in unintended movements. This increases the difficulty of reaching the goal and avoiding holes.
- **Exploration vs. Exploitation:** The agent might be exploring the environment without a clear exploitation strategy to reach the goal. The sequence suggests random exploration rather than a focused path towards the goal.
- **Lack of Goal-Oriented Strategy:** The agent's actions do not seem to be directed towards reaching the goal state (G), indicating a potential lack of effective policy learning.

### Strategy Recommendations:
1. **Improved Policy Learning:** Implement a more robust policy learning algorithm, such as Q-learning or SARSA, with a focus on balancing exploration and exploitation. This can help the agent learn more effective strategies for reaching the goal.

2. **Reward Shaping:** Introduce intermediate rewards for reaching certain states or avoiding holes to guide the agent towards the goal more effectively.

3. **State-Action Value Estimation:** Enhance the estimation of state-action values to better account for the stochastic nature of the environment. This can be achieved through techniques like eligibility traces or function approximation.

4. **Increased Exploration:** Use strategies like epsilon-greedy with a decaying epsilon to ensure sufficient exploration of the state space while gradually shifting towards exploitation of learned policies.

5. **Environment Familiarization:** Allow the agent to spend more time in the environment to better understand the dynamics and develop a more reliable strategy for navigating the slippery grid.

By implementing these strategies, the agent can improve its performance in the FrozenLake-v1 environment, increasing the likelihood of reaching the goal state and achieving a higher total reward.","To improve the agent's performance in the FrozenLake-v1 environment, we need to consider a strategy that balances exploration and exploitation while accounting for the stochastic nature of the environment. Given the previous episode's lack of goal-oriented strategy and the slippery transitions, we should focus on a more structured exploration strategy.

One effective approach is to use an epsilon-greedy strategy with a decaying epsilon. Initially, we can set a higher probability for exploration to allow the agent to discover more about the environment, and gradually shift towards exploitation as the agent learns more about the optimal policy.

For the next episode, we can start with a distribution that slightly favors exploration but also allows for some level of exploitation. Assuming an initial epsilon value of 0.3 (meaning 30% exploration and 70% exploitation), we can distribute the probabilities as follows:

- Exploration (random action): 0.3 / 4 = 0.075 for each action
- Exploitation (best known action): 0.7

Since we don't have a specific policy yet, we can distribute the exploitation probability equally among all actions for simplicity. This will ensure that the agent explores all actions while still having a bias towards exploitation.

Here's a suggested distribution for the next episode:

```python
{0: 0.25, 1: 0.25, 2: 0.25, 3: 0.25}
```

This distribution reflects an equal probability for all actions, which is suitable for initial exploration. As the agent learns more about the environment and develops a policy, the distribution can be adjusted to favor actions that are more likely to lead to the goal state."
41,0.0,0.3,0.8376399999999999,0.0030736711341887712,N/A,N/A
42,0.0,0.5,0.83368,0.0017576792743057013,N/A,N/A
43,0.0,0.0,0.82972,0.003884166944772005,N/A,N/A
44,0.0,0.1,0.82576,0.0016421298496425152,N/A,N/A
45,0.0,0.4,0.8218,0.0013152307365089655,"In the last episode of the training process on the FrozenLake-v1 environment, the agent received a total reward of 0.0, indicating that it did not reach the goal state (G) and likely fell into a hole (H) or was unable to reach the goal within the episode's time limit. The action sequence extracted at intervals was [3, 1, 1, 2, 3, 3, 1, 1, 1]. Let's analyze this sequence and the possible reasons for the outcome:

### Analysis:

1. **Action Sequence Interpretation:**
   - The actions correspond to the following directions:
     - 3: Move left
     - 1: Move right
     - 2: Move up
   - The sequence suggests that the agent attempted to navigate the grid by moving left, right, and up at various points.

2. **Slippery Dynamics:**
   - Due to the slippery nature of the environment, the agent's intended actions may not have resulted in the expected movements. For instance, attempting to move left (action 3) could have resulted in moving up or right instead.

3. **Potential Pitfalls:**
   - The agent may have fallen into a hole (H) during its exploration, which would immediately end the episode with a reward of 0.0.
   - The sequence of actions suggests some back-and-forth movement, which might indicate the agent was stuck in a loop or was unable to find a clear path to the goal.

4. **Exploration vs. Exploitation:**
   - The agent might be exploring too much without a clear strategy to exploit known safe paths to the goal. This could lead to repeated failures in reaching the goal.

### Strategy Recommendations:

1. **Improved Exploration Strategy:**
   - Encourage more systematic exploration to better map out the environment and identify safe paths. This could involve using exploration techniques like epsilon-greedy with a decaying epsilon to balance exploration and exploitation.

2. **Learning from Failures:**
   - Implement a mechanism to learn from episodes that end in failure, such as using negative reinforcement for falling into holes, to discourage the agent from repeating the same mistakes.

3. **State-Action Value Estimation:**
   - Enhance the agent's ability to estimate the value of state-action pairs more accurately, possibly through techniques like Q-learning or SARSA, to improve decision-making under uncertainty.

4. **Pathfinding Heuristics:**
   - Introduce heuristics or guidance to help the agent prioritize actions that lead towards the goal, especially in the presence of slippery dynamics. This could involve using potential-based reward shaping to guide the agent more effectively.

5. **Model-Based Approaches:**
   - Consider incorporating model-based approaches to predict the outcomes of actions more accurately, allowing the agent to plan its moves better despite the stochastic nature of the environment.

By implementing these strategies, the agent can improve its performance in navigating the FrozenLake environment, increasing its chances of reaching the goal state successfully.","To improve the agent's performance in the FrozenLake environment, we need to balance exploration and exploitation while considering the slippery dynamics. Given the previous episode's outcome and the analysis, we should adjust the action probabilities to encourage more effective exploration and exploitation.

### Strategy for Action Selection:

1. **Encourage Exploration with Bias Towards Goal-Oriented Actions:**
   - Since the agent needs to reach the goal (G) located at the bottom-right corner, actions that generally move the agent towards the goal (such as moving right and down) should have slightly higher probabilities.

2. **Incorporate Exploration:**
   - To ensure the agent explores the environment adequately, we should maintain a non-zero probability for all actions, allowing the agent to discover new paths and learn from the environment.

3. **Adjust Probabilities Based on Previous Failures:**
   - Given that the agent might have fallen into holes or got stuck, we should slightly reduce the probability of actions that might have led to these outcomes, such as moving left (action 3) if it led to a hole.

### Proposed Action Probability Distribution:

- **Action 0 (Move Down):** This action is generally beneficial for moving towards the goal, so it should have a slightly higher probability.
- **Action 1 (Move Right):** Similar to moving down, moving right is also goal-oriented, so it should have a higher probability.
- **Action 2 (Move Up):** This action is less likely to be beneficial in reaching the goal, so it should have a lower probability.
- **Action 3 (Move Left):** Given the previous sequence and potential pitfalls, this action should have a slightly lower probability.

Here is a proposed distribution that reflects these considerations:

```python
{0: 0.3, 1: 0.3, 2: 0.2, 3: 0.2}
```

This distribution encourages the agent to explore actions that are more likely to lead towards the goal while maintaining some exploration of other actions to avoid getting stuck or falling into holes. Adjustments can be made based on further observations and learning outcomes."
46,0.0,0.2,0.81784,0.001280130003578961,N/A,N/A
47,0.0,0.2,0.8138799999999999,0.0014194047544151545,N/A,N/A
48,0.0,0.3,0.80992,0.001421505818143487,N/A,N/A
49,1.0,0.4,0.80596,0.0009865370811894536,N/A,N/A
50,0.0,0.1,0.802,0.001344074378721416,"In the last episode of the training process on the FrozenLake-v1 environment, the agent received a total reward of 0.0, indicating that it did not successfully reach the goal state (G) and likely fell into a hole (H) or failed to reach the goal within the episode's time limit. The action sequence extracted at intervals was [0, 0, 3, 1, 3, 3, 1, 3, 0, 2, 0, 0, 0, 2, 1, 2, 3, 2, 0, 0, 1, 0, 3, 0, 0, 1].

### Analysis:

1. **Action Sequence**: The sequence of actions suggests that the agent attempted various movements but did not follow a clear path to the goal. The actions are distributed across all possible moves (0, 1, 2, 3), indicating exploration but possibly lacking a focused strategy.

2. **Slippery Dynamics**: The environment's slippery nature means that the agent's intended actions often result in unintended movements. This randomness can lead to the agent falling into holes or moving away from the goal, especially if the agent's policy is not robust to handle such stochasticity.

3. **State Transitions**: Without the specific state transitions, it is challenging to pinpoint where the agent went wrong. However, given the reward of 0.0, it is likely that the agent either fell into a hole or got stuck in a loop without reaching the goal.

### Strategy Recommendations:

1. **Improved Exploration Strategy**: 
   - **Epsilon-Greedy with Decay**: Implement an epsilon-greedy strategy with a decaying epsilon to balance exploration and exploitation. Initially, allow more exploration to understand the environment, then gradually shift towards exploitation of the learned policy.
   - **Exploration Bonuses**: Introduce exploration bonuses for visiting new states to encourage the agent to explore the entire grid and learn more about the environment's dynamics.

2. **Policy Robustness**:
   - **Model-Based Approaches**: Consider using model-based reinforcement learning to predict the outcomes of actions more accurately, which can help the agent plan better in a stochastic environment.
   - **Policy Gradient Methods**: Use policy gradient methods to directly optimize the policy, which can be more effective in environments with stochastic transitions.

3. **State Value Estimation**:
   - **Value Function Approximation**: Use function approximation techniques to estimate the value of states more accurately, which can help the agent make better decisions in uncertain conditions.
   - **Temporal Difference Learning**: Implement TD learning methods like Q-learning or SARSA to update the value estimates based on the agent's experiences.

4. **Environment Understanding**:
   - **Simulated Episodes**: Run simulated episodes to allow the agent to experience different scenarios, especially focusing on paths that lead to the goal while avoiding holes.
   - **State Transition Analysis**: Analyze state transitions to identify common pitfalls or loops the agent falls into and adjust the policy accordingly.

By implementing these strategies, the agent can improve its performance in the FrozenLake environment, increasing the likelihood of reaching the goal state and achieving higher rewards.","To improve the agent's performance in the FrozenLake-v1 environment, we need to adjust the action exploration strategy to better balance exploration and exploitation. Given the environment's stochastic nature and the agent's previous performance, an epsilon-greedy strategy with a decaying epsilon is a good approach. Initially, we should allow more exploration to help the agent learn about the environment, then gradually shift towards exploitation of the learned policy.

For the next episode, let's assume we start with a relatively high exploration rate, but not too high, to ensure the agent can still learn effectively. A common starting point for epsilon in an epsilon-greedy strategy is around 0.1 to 0.2, meaning the agent will explore (choose a random action) 10% to 20% of the time and exploit (choose the best-known action) the rest of the time.

Given this, we can set up the action distribution as follows:

- Assume an epsilon of 0.2 for exploration.
- With epsilon-greedy, the probability of choosing a random action is epsilon divided by the number of actions (since each action is equally likely when exploring).
- The probability of choosing the best-known action (exploitation) is 1 - epsilon.

Since we don't have a specific policy indicating which action is currently the best, we will distribute the exploration probability equally among all actions. This means each action will have a base exploration probability, and the remaining probability will be distributed according to the current policy's preferences (which we assume to be uniform for this example).

Here's how the distribution might look:

- Exploration probability for each action: epsilon / 4 = 0.2 / 4 = 0.05
- Exploitation probability (uniformly distributed for this example): (1 - epsilon) / 4 = 0.8 / 4 = 0.20

Combining these, each action will have a total probability of:

- Total probability for each action: 0.05 (exploration) + 0.20 (exploitation) = 0.25

Thus, the action distribution for the next episode would be:

```python
{0: 0.25, 1: 0.25, 2: 0.25, 3: 0.25}
```

This distribution reflects a balanced approach, allowing the agent to explore all actions equally while also considering exploitation based on the current policy. As the agent learns and the policy becomes more refined, the distribution can be adjusted to favor the most promising actions."
51,0.0,0.1,0.7980400000000001,0.0010748137719929218,N/A,N/A
52,0.0,0.1,0.79408,0.003188030794262886,N/A,N/A
53,0.0,0.1,0.79012,0.001489831949584186,N/A,N/A
54,0.0,0.2,0.78616,0.00220563099719584,N/A,N/A
55,1.0,0.2,0.7822,0.008692448027431965,"In the last episode of training on the FrozenLake-v1 environment, the agent successfully navigated the grid and reached the goal state, achieving a total reward of 1.0. This indicates that the agent was able to find a path from the starting point (S) to the goal (G) without falling into any holes (H), which would have ended the episode with a reward of 0.

### Analysis of the Action Sequence:

The action sequence extracted at intervals is [0, 2, 1, 3, 2, 1, 0, 2]. Let's break down this sequence in terms of the agent's movement:

1. **Action 0 (Move Down)**: The agent starts at state 0 (S) and attempts to move down. Due to the slippery nature of the environment, the agent could have ended up in state 4, 0, or 1.

2. **Action 2 (Move Up)**: The agent attempts to move up. From state 4, it could move to state 0, 5, or 8.

3. **Action 1 (Move Right)**: The agent attempts to move right. From state 5, it could move to state 6, 9, or 4.

4. **Action 3 (Move Left)**: The agent attempts to move left. From state 6, it could move to state 5, 2, or 7.

5. **Action 2 (Move Up)**: The agent attempts to move up. From state 5, it could move to state 1, 6, or 9.

6. **Action 1 (Move Right)**: The agent attempts to move right. From state 6, it could move to state 7, 10, or 5.

7. **Action 0 (Move Down)**: The agent attempts to move down. From state 10, it could move to state 14, 9, or 11.

8. **Action 2 (Move Up)**: The agent attempts to move up. From state 14, it could move to state 10, 15 (G), or 13.

### Strategy Recommendations:

1. **Exploration vs. Exploitation**: The agent should balance exploration and exploitation. While it has found a successful path, it should continue exploring to ensure it finds the most efficient path and adapts to the stochastic nature of the environment.

2. **Policy Improvement**: The agent should refine its policy to increase the probability of choosing actions that lead to the goal state more directly. This can be achieved by updating the action-value function based on the rewards received.

3. **Handling Slippery Dynamics**: The agent should account for the environment's stochastic transitions by considering the probability distribution of possible outcomes for each action. This can be done by incorporating a model-based approach or using techniques like Q-learning with eligibility traces to better estimate the value of actions.

4. **State Value Estimation**: Improve the estimation of state values to better guide the agent's decisions. This can be done by increasing the number of episodes or using function approximation methods if computational resources allow.

5. **Reward Shaping**: Consider implementing reward shaping to provide intermediate rewards that guide the agent towards the goal more effectively, especially in the presence of stochastic transitions.

By focusing on these strategies, the agent can improve its performance and robustness in navigating the FrozenLake environment, even under the challenging conditions of slippery dynamics.","To improve task effectiveness in the FrozenLake environment, we need to consider both the successful path the agent has already discovered and the need for continued exploration due to the stochastic nature of the environment. The agent should balance exploration and exploitation to refine its policy and adapt to the environment's dynamics.

Given the successful action sequence from the previous episode, we can infer that the agent has a reasonable understanding of the environment. However, to ensure robustness and potentially discover more efficient paths, we should slightly favor actions that have historically led to success while still allowing for exploration.

Here's a suggested probability distribution for the next episode:

- **Action 0 (Move Down)**: This action was used twice in the successful sequence and is often a good starting move from the initial state. It should have a slightly higher probability.
- **Action 1 (Move Right)**: This action was used twice and is generally useful for progressing towards the goal, especially in the middle of the grid.
- **Action 2 (Move Up)**: This action was used three times in the sequence, indicating its importance in navigating towards the goal.
- **Action 3 (Move Left)**: This action was used once, suggesting it might be less critical but still necessary for exploration.

Considering these factors, here's a proposed distribution:

```python
{0: 0.25, 1: 0.25, 2: 0.30, 3: 0.20}
```

This distribution gives a slight preference to actions 0, 1, and 2, which were more frequently used in the successful path, while still allowing for exploration with action 3. This balance helps the agent refine its policy while adapting to the stochastic transitions of the environment."
56,0.0,0.1,0.77824,0.002873227698728442,N/A,N/A
57,0.0,0.1,0.77428,0.003824225626885891,N/A,N/A
58,0.0,0.4,0.77032,0.0018571666441857815,N/A,N/A
59,0.0,0.2,0.76636,0.004920406267046928,N/A,N/A
60,0.0,0.1,0.7624,0.007751720491796732,"In the last episode of the training process on the FrozenLake-v1 environment, the agent received a total reward of 0.0, indicating that it did not successfully reach the goal state (G) and likely fell into a hole (H) or failed to navigate to the goal within the episode's time limit. The action sequence extracted at intervals was [2, 1], which corresponds to the following intended actions:

- Action 2: Intended to move up, but due to the slippery nature of the environment, the agent could have moved right, down, or stayed in the same state.
- Action 1: Intended to move right, but the agent could have moved down, left, or stayed in the same state.

Given the stochastic transition dynamics of the FrozenLake environment, where each action can lead to one of three possible outcomes, the agent's failure to reach the goal could be attributed to several factors:

1. **Suboptimal Policy**: The agent's policy might not be optimal, leading it to choose actions that increase the likelihood of falling into holes or not progressing towards the goal.

2. **Exploration vs. Exploitation Balance**: The agent might not be exploring the environment effectively, potentially getting stuck in local optima or repeatedly visiting states that do not lead to the goal.

3. **Insufficient Learning**: The agent might not have had enough episodes to learn an effective policy due to the complexity introduced by the slippery surface.

4. **Randomness in Transitions**: The inherent randomness in the environment's transition dynamics could have led to unfavorable outcomes despite the agent's intentions.

### Strategy Recommendations:

1. **Increase Exploration**: Encourage more exploration by adjusting the exploration strategy (e.g., increasing the exploration rate in an epsilon-greedy policy) to allow the agent to discover more effective paths to the goal.

2. **Policy Improvement**: Focus on improving the policy by using techniques such as Q-learning or SARSA with function approximation to better estimate the value of actions in each state.

3. **Reward Shaping**: Consider implementing reward shaping to provide intermediate rewards for reaching certain states, which can guide the agent towards the goal more effectively.

4. **Longer Training**: Extend the training duration to allow the agent more time to learn the environment's dynamics and develop a robust policy.

5. **Analyze State Visits**: Analyze the frequency of visits to each state to identify potential bottlenecks or states that the agent struggles with, and adjust the learning strategy accordingly.

6. **Use of Heuristics**: Incorporate heuristic-based guidance to help the agent prioritize actions that are more likely to lead towards the goal, especially in the early stages of training.

By implementing these strategies, the agent may improve its ability to navigate the FrozenLake environment successfully and achieve higher rewards in future episodes.","To improve the agent's effectiveness in navigating the FrozenLake environment, we need to consider a strategy that balances exploration and exploitation. Given the stochastic nature of the environment and the agent's recent failure to reach the goal, increasing exploration is crucial. This can be achieved by adjusting the probability distribution of actions to encourage the agent to explore different paths.

A common approach to increase exploration is to use an epsilon-greedy strategy, where the agent selects a random action with probability epsilon and the best-known action with probability 1-epsilon. However, since we want to output a probability distribution for all actions, we can directly adjust the probabilities to reflect a higher exploration rate.

Let's assume we want to set a higher exploration rate, say epsilon = 0.3, meaning the agent will explore with a 30% probability and exploit with a 70% probability. Given the four possible actions, we can distribute the exploration probability equally among all actions, while the exploitation probability can be focused on the most promising action based on the current policy.

Since we don't have specific information about which action is currently considered the best, we can assume a uniform distribution for simplicity. This means each action will have an equal probability of being chosen, reflecting a purely exploratory approach.

Here's how the probability distribution could look:

```python
{0: 0.25, 1: 0.25, 2: 0.25, 3: 0.25}
```

This uniform distribution encourages the agent to explore all possible actions equally, which can help it discover more effective paths to the goal. As the agent learns and updates its policy, this distribution can be adjusted to favor actions that lead to higher rewards, gradually shifting towards a more exploitative strategy."
61,0.0,0.2,0.75844,0.014214535243809223,N/A,N/A
62,0.0,0.0,0.75448,0.011417551897466183,N/A,N/A
63,0.0,0.0,0.75052,0.001298536779358983,N/A,N/A
64,0.0,0.2,0.74656,0.0036509940400719643,N/A,N/A
65,0.0,0.1,0.7425999999999999,0.0028019030578434467,"In the last episode of training on the FrozenLake-v1 environment, the agent received a total reward of 0.0, indicating that it did not reach the goal state (G) and likely fell into a hole (H) or ran out of steps before reaching the goal. The action sequence extracted at intervals was [1, 2, 0, 3, 0, 1, 1], which corresponds to the following actions:

- Action 1: Attempt to move right
- Action 2: Attempt to move up
- Action 0: Attempt to move down
- Action 3: Attempt to move left
- Action 0: Attempt to move down
- Action 1: Attempt to move right
- Action 1: Attempt to move right

Given the slippery nature of the environment, each action has a 1/3 probability of resulting in the intended move, with the remaining probability distributed among the other two possible moves. This stochasticity can lead to the agent not moving in the intended direction, which complicates navigation and increases the likelihood of falling into a hole.

### Analysis:
1. **Stochastic Transitions**: The environment's slippery nature means that even if the agent chooses an optimal action, it might not result in the desired movement. This increases the difficulty of planning a reliable path to the goal.

2. **Action Sequence**: The sequence of actions suggests that the agent attempted to explore different directions, but the lack of reward indicates that it either fell into a hole or did not reach the goal within the episode's time limit.

3. **Exploration vs. Exploitation**: The agent might be exploring too much without effectively exploiting known safe paths. This could be due to insufficient learning or an exploration strategy that does not adequately balance exploration and exploitation.

### Strategy Recommendations:
1. **Improved Exploration Strategy**: Implement an exploration strategy that balances exploration and exploitation more effectively. Techniques such as epsilon-greedy with a decaying epsilon or using a softmax policy could help the agent focus more on promising actions as training progresses.

2. **Model-Based Approaches**: Consider using model-based reinforcement learning to predict the outcomes of actions more accurately. This could help the agent plan better paths by simulating potential future states.

3. **State Value Estimation**: Enhance the agent's ability to estimate the value of each state-action pair more accurately. This could involve using function approximation methods like neural networks if the state space is large or complex.

4. **Reward Shaping**: Introduce intermediate rewards for reaching certain states that are closer to the goal or for avoiding holes. This can guide the agent more effectively towards the goal.

5. **Policy Improvement**: Use policy gradient methods to directly optimize the policy, which might be more effective in environments with stochastic transitions.

6. **Environment Familiarization**: Allow the agent to spend more time in the environment to better understand the transition dynamics and adapt its strategy accordingly.

By implementing these strategies, the agent may improve its performance in navigating the FrozenLake environment and increase its chances of reaching the goal state successfully.","To improve the agent's performance in the FrozenLake environment, we need to consider an exploration strategy that balances exploration and exploitation effectively. Given the stochastic nature of the environment and the previous episode's outcome, it's crucial to adjust the action probabilities to encourage more effective exploration while still allowing for exploitation of known paths.

One common approach is to use an epsilon-greedy strategy, where the agent mostly exploits the best-known actions but occasionally explores random actions. However, since we are asked to provide a probability distribution for the actions, we can consider a softmax policy, which assigns probabilities to actions based on their estimated values.

Assuming we have some prior knowledge or estimates of the action values (Q-values) for each action, we can use a softmax distribution to calculate the probabilities. However, since we don't have specific Q-values provided, we can assume a uniform distribution to start with, then slightly adjust it to favor exploration.

Given the previous episode's action sequence and the need for exploration, we can propose a slightly exploratory distribution. Here's a simple approach to setting the action probabilities:

- Start with a uniform distribution: each action has a probability of 0.25.
- Slightly increase the probability of actions that were less successful in the previous episode to encourage exploration of alternative paths.

Assuming equal initial value estimates and a desire to explore more, we can propose the following distribution:

```python
{0: 0.25, 1: 0.25, 2: 0.25, 3: 0.25}
```

This distribution reflects a uniform exploration strategy. However, if we want to slightly favor actions that were less frequently chosen or less successful, we could adjust it as follows:

```python
{0: 0.20, 1: 0.30, 2: 0.25, 3: 0.25}
```

In this adjusted distribution, action 1 (move right) is given a slightly higher probability because it was frequently chosen but did not lead to success, suggesting the agent might need to explore this direction more effectively. The other actions are kept relatively balanced to maintain exploration.

These probabilities can be further refined based on more detailed knowledge of the environment or the agent's learning progress."
66,0.0,0.2,0.73864,0.004073467571288347,N/A,N/A
67,0.0,0.2,0.73468,0.008463239297270775,N/A,N/A
68,0.0,0.2,0.73072,0.0069717951118946075,N/A,N/A
69,0.0,0.1,0.72676,0.008360021747648716,N/A,N/A
70,0.0,0.2,0.7228,0.005053849890828133,"In the last episode of the training process on the FrozenLake-v1 environment, the agent received a total reward of 0.0, indicating that it did not successfully reach the goal state (G) and likely fell into a hole (H) or ran out of steps without reaching the goal. The action sequence taken by the agent was [1, 3, 2, 1, 2, 1, 1, 3, 2]. Let's analyze this sequence and provide some strategy recommendations.

### Analysis:

1. **Action Sequence:**
   - The actions correspond to the following directions based on the environment's transition dynamics:
     - Action 1: [move right, move down, move left]
     - Action 3: [move left, move up, move right]
     - Action 2: [move up, move right, move down]

2. **Slippery Dynamics:**
   - Due to the slippery nature of the environment, the agent's intended direction might not always be the direction it moves in. This adds an element of unpredictability and requires the agent to adapt its strategy to account for potential deviations.

3. **Possible Outcomes:**
   - Given the total reward of 0.0, it is likely that the agent fell into a hole (H) during its exploration. The presence of holes in the environment makes it crucial for the agent to learn to avoid these states.

4. **State Transitions:**
   - Without specific state transitions, it's challenging to pinpoint exactly where the agent went wrong, but the sequence suggests that the agent might have been oscillating between states or moving in circles without making progress towards the goal.

### Strategy Recommendations:

1. **Improved Exploration:**
   - Encourage more systematic exploration strategies, such as using an epsilon-greedy approach where the agent occasionally takes random actions to explore new states and avoid getting stuck in loops.

2. **State Value Estimation:**
   - Implement value iteration or Q-learning to better estimate the value of each state-action pair. This will help the agent make more informed decisions about which actions to take in each state.

3. **Handling Slipperiness:**
   - Develop strategies that account for the environment's stochastic nature. This could involve learning policies that are robust to deviations or using model-based approaches to predict likely outcomes of actions.

4. **Avoiding Holes:**
   - Incorporate negative rewards for falling into holes to reinforce the importance of avoiding these states. This can be done by adjusting the reward structure or using penalties in the learning algorithm.

5. **Policy Refinement:**
   - Use techniques like policy iteration or actor-critic methods to refine the agent's policy, ensuring it learns to navigate the environment more effectively and reach the goal state.

6. **Visualization and Debugging:**
   - Visualize the agent's path during training to identify patterns or mistakes in its exploration strategy. This can provide insights into specific areas where the agent struggles and guide further improvements.

By implementing these strategies, the agent can improve its performance in the FrozenLake environment, increasing its chances of reaching the goal state and achieving higher rewards in future episodes.","To improve the agent's performance in the FrozenLake environment, we need to adjust the action selection strategy to encourage more effective exploration while accounting for the environment's stochastic nature. Given the previous episode's outcome and the analysis, we should aim for a balance between exploration and exploitation.

A common approach is to use an epsilon-greedy strategy, where the agent mostly exploits the best-known actions but occasionally explores random actions to discover new strategies. Let's assume an epsilon value of 0.2 for exploration, meaning the agent will explore with a 20% probability and exploit with an 80% probability.

Since we don't have specific state-action values from the previous episode, we'll distribute the exploration probability equally among all actions. For exploitation, we'll assume the agent has no prior knowledge of which action is best, so we'll also distribute the exploitation probability equally among all actions.

Here's how the distribution would look:

- Exploration (20% of the time): Randomly select any of the 4 actions, each with a probability of 0.05.
- Exploitation (80% of the time): Equally distribute the probability among all actions, each with a probability of 0.20.

Combining exploration and exploitation, the probability distribution for each action is:

- Probability of each action during exploration: 0.05
- Probability of each action during exploitation: 0.20

Total probability for each action:
- 0.8 * 0.20 (exploitation) + 0.2 * 0.05 (exploration) = 0.16 + 0.01 = 0.17

Thus, the probability distribution for the next episode's action exploration is:

```python
{0: 0.17, 1: 0.17, 2: 0.17, 3: 0.17}
```

This distribution encourages the agent to explore all actions equally while maintaining a balance with exploitation, allowing it to learn more about the environment and improve its performance over time."
71,0.0,0.3,0.71884,0.0183698907494545,N/A,N/A
72,0.0,0.3,0.71488,0.01308440137654543,N/A,N/A
73,0.0,0.0,0.71092,0.007073983550071716,N/A,N/A
74,0.0,0.2,0.70696,0.014103371649980545,N/A,N/A
75,0.0,0.3,0.7030000000000001,0.014965344220399857,"In the last episode of the training process on the FrozenLake-v1 environment, the agent received a total reward of 0.0, indicating that it did not reach the goal state (G) and likely fell into a hole (H) or failed to reach the goal within the episode's time limit. The action sequence extracted at intervals was [3, 1, 1, 1, 2, 1, 0, 1]. Let's analyze this sequence and the possible trajectory:

1. **Action 3 (Move Left)**: Starting from state 0 (S), moving left is not possible due to the border, so the agent remains in state 0.

2. **Action 1 (Move Right)**: From state 0, the agent attempts to move right. Due to the slippery nature, it could have moved down to state 4, right to state 1, or left (staying in state 0). Assuming it moved right to state 1.

3. **Action 1 (Move Right)**: From state 1, the agent attempts to move right again. It could have moved down to state 5, right to state 2, or left back to state 0. Assuming it moved right to state 2.

4. **Action 1 (Move Right)**: From state 2, the agent attempts to move right. It could have moved down to state 6, right to state 3, or left back to state 1. Assuming it moved right to state 3.

5. **Action 2 (Move Up)**: From state 3, the agent attempts to move up. It could have moved up to state 3 (since it's at the top row), right to state 3 (border), or down to state 7. Assuming it moved down to state 7.

6. **Action 1 (Move Right)**: From state 7, the agent attempts to move right. It could have moved down to state 11, right to state 7 (border), or left back to state 6. Assuming it moved down to state 11.

7. **Action 0 (Move Down)**: From state 11, the agent attempts to move down. It could have moved down to state 15 (G), left to state 10, or up to state 7. Assuming it moved left to state 10.

8. **Action 1 (Move Right)**: From state 10, the agent attempts to move right. It could have moved down to state 14, right to state 11, or left back to state 9. Assuming it moved down to state 14, which is a hole (H), ending the episode with a reward of 0.

### Strategy Recommendations:

1. **Improved Exploration**: The agent should explore more effectively to avoid holes and reach the goal. Consider using exploration strategies like epsilon-greedy with decaying epsilon to balance exploration and exploitation.

2. **State-Action Value Estimation**: Enhance the learning algorithm to better estimate the state-action values, possibly using Q-learning or SARSA with function approximation techniques to handle the stochastic transitions more effectively.

3. **Reward Shaping**: Introduce intermediate rewards for reaching certain states closer to the goal to guide the agent more effectively towards the goal.

4. **Policy Optimization**: Consider using policy gradient methods to directly optimize the policy, which might be more effective in handling the stochastic nature of the environment.

5. **Environment Understanding**: Encourage the agent to learn the transition dynamics better, possibly through model-based approaches, to predict the outcomes of actions more accurately.

By implementing these strategies, the agent may improve its ability to navigate the FrozenLake environment and increase its chances of reaching the goal state successfully.","To improve the agent's effectiveness in the FrozenLake environment, we need to adjust the action selection strategy to encourage better exploration while considering the stochastic nature of the environment. Given the previous episode's outcome and the strategies outlined, we can propose a probability distribution for the actions that balances exploration and exploitation.

### Considerations:
1. **Epsilon-Greedy Strategy**: We can use an epsilon-greedy strategy where the agent mostly exploits the best-known actions but occasionally explores other actions. This helps in discovering new paths and avoiding pitfalls like holes.

2. **Decaying Epsilon**: Start with a higher exploration rate (epsilon) and gradually decrease it as the agent learns more about the environment. This allows the agent to explore initially and then exploit the learned policy.

3. **Action Bias**: Given the slippery nature of the environment, it might be beneficial to slightly bias the action probabilities towards actions that are more likely to lead to the goal, based on the current policy or value estimates.

### Proposed Action Probability Distribution:
Assuming an initial exploration rate (epsilon) of 0.2, we can distribute the probabilities as follows:

- **Exploitation Probability**: 1 - epsilon = 0.8
- **Exploration Probability**: epsilon = 0.2

For simplicity, let's assume the agent has a uniform preference for all actions during exploration. The exploitation probability will be distributed based on the current best action (which we assume is equally likely for all actions initially due to lack of specific policy information).

Here's a simple distribution that reflects these considerations:

```python
{
    0: 0.25,  # Move Down
    1: 0.25,  # Move Right
    2: 0.25,  # Move Up
    3: 0.25   # Move Left
}
```

This distribution assumes equal probability for all actions, reflecting a high exploration rate. As the agent learns, the distribution should be adjusted to favor actions that lead to higher rewards based on the learned policy or value function."
76,0.0,0.3,0.69904,0.010008138604462147,N/A,N/A
77,0.0,0.3,0.69508,0.01061813160777092,N/A,N/A
78,0.0,0.3,0.69112,0.005896409507840872,N/A,N/A
79,0.0,0.1,0.68716,0.012664197944104671,N/A,N/A
80,0.0,0.1,0.6832,0.008140635676681995,"In the last episode of the training process on the FrozenLake-v1 environment, the agent received a total reward of 0.0, indicating that it did not successfully reach the goal state (G) and likely fell into a hole (H) or failed to reach the goal within the episode's time limit. The action sequence extracted at intervals was [3, 2, 3, 2, 0, 0, 0], which corresponds to the following intended movements:

- Action 3: Move left
- Action 2: Move up
- Action 3: Move left
- Action 2: Move up
- Action 0: Move down
- Action 0: Move down
- Action 0: Move down

Given the slippery nature of the environment, the agent's intended actions may not have resulted in the expected movements due to the stochastic transition dynamics. This means that the agent might have ended up in unintended states, potentially leading to a fall into a hole or inefficient exploration of the grid.

### Analysis:

1. **Stochastic Transitions**: The environment's slippery nature means that the agent's actions do not always result in deterministic outcomes. This increases the difficulty of planning a reliable path to the goal.

2. **Action Sequence**: The action sequence suggests that the agent attempted to move left and up initially, which might have been an attempt to explore the upper left part of the grid. However, the repeated downward movements at the end suggest a possible attempt to return to a previous state or a lack of a clear strategy.

3. **Reward Outcome**: The total reward of 0.0 indicates that the agent did not reach the goal and likely fell into a hole or was unable to reach the goal within the episode's time limit.

### Strategy Recommendations:

1. **Policy Improvement**: The agent's policy may need further refinement to account for the stochastic nature of the environment. Consider using algorithms that can better handle uncertainty, such as Q-learning with eligibility traces or SARSA.

2. **Exploration Strategy**: Enhance the exploration strategy to ensure that the agent explores the grid more effectively. Techniques such as epsilon-greedy with decaying epsilon or using a softmax action selection strategy might help balance exploration and exploitation.

3. **State-Action Value Estimation**: Improve the estimation of state-action values to better guide the agent's decisions. This could involve using function approximation methods, such as neural networks, to generalize across similar states.

4. **Environment Modeling**: Consider modeling the environment's transition dynamics more accurately to predict the outcomes of actions better. This could involve using a model-based approach where the agent learns a model of the environment and uses it to plan its actions.

5. **Reward Shaping**: Introduce intermediate rewards to encourage the agent to reach certain states that are closer to the goal, thus providing more guidance during the learning process.

By implementing these strategies, the agent may improve its ability to navigate the FrozenLake environment successfully and increase the likelihood of reaching the goal state.","To improve the agent's effectiveness in the FrozenLake environment, we need to consider a strategy that balances exploration and exploitation while accounting for the stochastic nature of the environment. Given the previous episode's outcome and the need for better exploration, we can adjust the action selection probabilities to encourage more exploration.

One common approach is to use an epsilon-greedy strategy, where the agent mostly exploits the best-known action but occasionally explores other actions. However, since the environment is slippery and the agent's actions do not always result in deterministic outcomes, we should ensure that the agent explores sufficiently to learn the environment's dynamics.

Let's assume an epsilon value of 0.2 for exploration, meaning the agent will explore 20% of the time and exploit the best-known action 80% of the time. Since we don't have specific knowledge of the best action from the previous episode, we can distribute the exploration probability equally among all actions.

Here's how we can distribute the probabilities:

- Exploit the best-known action: 0.8 probability
- Explore other actions: 0.2 probability equally distributed among all actions

Since we don't have a specific best action from the previous episode, we can assume an equal probability distribution for simplicity. Therefore, each action will have an equal chance of being selected during exploration.

The probability distribution for the actions can be calculated as follows:

- Probability for each action during exploration: 0.2 / 4 = 0.05
- Probability for each action during exploitation: 0.8 / 4 = 0.2

Thus, the overall probability distribution for each action is:

- Action 0: 0.2 (exploit) + 0.05 (explore) = 0.25
- Action 1: 0.2 (exploit) + 0.05 (explore) = 0.25
- Action 2: 0.2 (exploit) + 0.05 (explore) = 0.25
- Action 3: 0.2 (exploit) + 0.05 (explore) = 0.25

Therefore, the probability distribution for the next episode is:

```python
{0: 0.25, 1: 0.25, 2: 0.25, 3: 0.25}
```

This distribution ensures that the agent explores all actions equally while still allowing for exploitation of potentially better actions as it learns more about the environment."
81,0.0,0.1,0.6792400000000001,0.01710115745663643,N/A,N/A
82,0.0,0.1,0.67528,0.008290490135550499,N/A,N/A
83,0.0,0.1,0.6713199999999999,0.007133852690458298,N/A,N/A
84,0.0,0.3,0.66736,0.00958583876490593,N/A,N/A
85,0.0,0.1,0.6634,0.007229601964354515,"In the last episode of training on the FrozenLake-v1 environment, the agent received a total reward of 0.0, indicating that it did not successfully reach the goal state (G) and likely fell into a hole (H) or ran out of steps before reaching the goal. The action sequence taken by the agent was [1, 2, 3, 1, 3, 1, 1, 1, 2, 1, 3, 2, 2, 0, 2, 2, 3, 3, 1, 1].

### Analysis:

1. **Action Sequence and Transition Dynamics**:
   - The agent's actions are influenced by the slippery nature of the environment, which introduces stochasticity in movement. For instance, when the agent chooses action 1 (intended to move right), it could end up moving down or left with equal probability.
   - The sequence shows a mix of all actions (0, 1, 2, 3), but without a clear pattern or strategy that consistently leads towards the goal.

2. **Exploration vs. Exploitation**:
   - The agent appears to be exploring the environment, as indicated by the varied action sequence. However, the lack of a successful path to the goal suggests that the exploration strategy might not be effectively balancing exploration with exploitation of known successful paths.

3. **State Transitions**:
   - Without specific state information, it's challenging to determine exactly where the agent fell into a hole or got stuck. However, the presence of multiple actions in the sequence suggests the agent might have been oscillating between states or revisiting states without making progress towards the goal.

### Strategy Recommendations:

1. **Improved Exploration Strategy**:
   - Consider implementing an exploration strategy that better balances exploration and exploitation, such as epsilon-greedy with a decaying epsilon, to allow the agent to exploit known good paths more as training progresses.

2. **State-Action Value Estimation**:
   - Enhance the learning algorithm to better estimate the state-action values (Q-values) so that the agent can make more informed decisions about which actions to take in each state.

3. **Reward Shaping**:
   - Introduce intermediate rewards for reaching certain states closer to the goal to guide the agent more effectively towards the goal.

4. **Environment Modeling**:
   - Consider using a model-based approach where the agent learns a model of the environment's transition dynamics, allowing it to plan more effectively by simulating potential future states.

5. **Policy Improvement**:
   - If using a policy-based method, ensure that the policy is being updated effectively to reflect successful strategies. This might involve adjusting the learning rate or using a more sophisticated policy gradient method.

6. **Increased Training Episodes**:
   - Increase the number of training episodes to allow the agent more opportunities to explore and learn from the environment, especially given the stochastic nature of the transitions.

By implementing these strategies, the agent may improve its ability to navigate the FrozenLake environment and increase its chances of reaching the goal state successfully.","To improve the agent's effectiveness in the FrozenLake-v1 environment, we need to adjust the exploration strategy to better balance exploration and exploitation. Given the stochastic nature of the environment and the previous episode's outcome, an epsilon-greedy strategy with a decaying epsilon could be beneficial. This strategy allows the agent to explore the environment initially and gradually exploit known successful paths as training progresses.

For the next episode, we can start with a moderate level of exploration and gradually decrease it over time. Let's assume an initial epsilon value of 0.2, meaning there is a 20% chance of exploring (choosing a random action) and an 80% chance of exploiting (choosing the best-known action). Since we don't have specific Q-values or a policy to exploit, we'll distribute the probabilities equally among the actions for exploration.

Here's the proposed action probability distribution for the next episode:

- Exploration (random action): 20% of the time, choose any action with equal probability.
- Exploitation (best-known action): 80% of the time, choose the action that is believed to be the best based on current knowledge. Since we don't have specific Q-values, we'll assume equal probability for now.

Given these assumptions, the action distribution can be:

```python
{0: 0.25, 1: 0.25, 2: 0.25, 3: 0.25}
```

This distribution reflects a balanced approach, allowing the agent to explore all actions equally in the absence of specific state-action value estimates. As training progresses and the agent gathers more information, this distribution can be adjusted to favor actions with higher estimated Q-values."
86,0.0,0.0,0.65944,0.013145336881279945,N/A,N/A
87,0.0,0.2,0.6554800000000001,0.005336091388016939,N/A,N/A
88,0.0,0.0,0.6515200000000001,0.01217482890933752,N/A,N/A
89,0.0,0.0,0.64756,0.008356270380318165,N/A,N/A
90,0.0,0.1,0.6436,0.01330119464546442,"In the last episode of the training process on the FrozenLake-v1 environment, the agent received a total reward of 0.0, indicating that it did not successfully reach the goal state (G) and likely fell into a hole (H) or failed to reach the goal within the episode's time limit. The action sequence extracted at intervals was [1, 0, 3, 2, 3], which corresponds to the following actions:

- Action 1: Attempt to move right
- Action 0: Attempt to move down
- Action 3: Attempt to move left
- Action 2: Attempt to move up
- Action 3: Attempt to move left

Given the slippery nature of the environment, the agent's intended actions may not have resulted in the expected movements due to the stochastic transition dynamics. This could have contributed to the agent's failure to reach the goal.

### Analysis:

1. **Stochastic Transitions**: The environment's slippery nature means that the agent's actions do not always lead to the intended outcomes. This increases the complexity of planning and requires the agent to adapt to uncertainty.

2. **Action Sequence**: The sequence of actions suggests that the agent attempted to explore different directions. However, without knowing the exact states visited, it's difficult to determine if the agent was close to the goal or if it fell into a hole.

3. **Reward**: The total reward of 0.0 indicates that the agent either fell into a hole or did not reach the goal. This suggests that the agent's policy may not be optimal or that it requires further refinement to handle the environment's stochastic nature effectively.

### Strategy Recommendations:

1. **Policy Improvement**: The agent's policy may need further refinement to better handle the stochastic transitions. Consider using algorithms that can learn from uncertainty, such as Q-learning with exploration strategies like epsilon-greedy or more advanced methods like Deep Q-Networks (DQN) if computational resources allow.

2. **Exploration vs. Exploitation**: Ensure that the agent balances exploration and exploitation effectively. This can be achieved by adjusting exploration parameters or using techniques like decaying epsilon in epsilon-greedy strategies to encourage exploration initially and exploitation as learning progresses.

3. **State-Action Value Estimation**: Improve the estimation of state-action values by increasing the number of episodes or using function approximation methods to generalize better across states.

4. **Environment Understanding**: Encourage the agent to develop a better understanding of the environment's dynamics. This can be done by incorporating model-based approaches where the agent learns a model of the environment and uses it to plan actions.

5. **Reward Shaping**: Consider implementing reward shaping to provide intermediate rewards that guide the agent towards the goal. This can help the agent learn more effectively by providing feedback on partial progress.

6. **Visualization and Debugging**: Visualize the agent's trajectory to identify patterns or common pitfalls, such as frequently falling into specific holes. This can provide insights into potential improvements in the policy or exploration strategy.

By implementing these strategies, the agent can improve its performance in the FrozenLake-v1 environment and increase its chances of successfully reaching the goal state.","To improve the agent's performance in the FrozenLake-v1 environment, we need to consider a strategy that balances exploration and exploitation while accounting for the stochastic nature of the environment. Given the previous episode's outcome and the need for better exploration, we can use an epsilon-greedy strategy to determine the action probabilities. This approach allows the agent to explore the environment while gradually shifting towards exploiting known good actions.

For the next episode, let's assume an epsilon value of 0.2, which means the agent will explore with a probability of 0.2 and exploit the best-known action with a probability of 0.8. Since we don't have specific information about the best action from the current policy, we'll distribute the exploration probability equally among all actions.

Here's how the action probabilities can be distributed:

- Exploitation (best action): 0.8 probability
- Exploration (all actions equally): 0.2 / 4 = 0.05 probability per action

Assuming we don't have a specific best action yet, we can distribute the probabilities equally for exploration:

```python
{0: 0.25, 1: 0.25, 2: 0.25, 3: 0.25}
```

This distribution assumes that the agent does not have a strong preference for any particular action yet and needs to explore more to gather information about the environment. As the agent learns and identifies better actions, the distribution can be adjusted to favor those actions more heavily."
91,0.0,0.2,0.63964,0.00288499821908772,N/A,N/A
92,0.0,0.0,0.63568,0.00906287133693695,N/A,N/A
93,0.0,0.0,0.6317200000000001,0.004246026277542114,N/A,N/A
94,0.0,0.2,0.62776,0.00775754963979125,N/A,N/A
95,0.0,0.1,0.6238,0.009855209849774837,"In the last episode of the training process on the FrozenLake-v1 task, the agent received a total reward of 0.0, indicating that it did not reach the goal state (G) and likely fell into a hole (H) or ran out of steps before reaching the goal. The action sequence extracted at intervals is [1, 3, 1, 3, 3, 3, 3, 1, 3, 3, 2, 3, 3, 3, 0, 0, 0, 3, 1, 3, 3, 2, 2, 0, 1, 2, 2, 3, 2, 2, 2, 1]. Let's analyze this sequence and provide some insights and recommendations.

### Analysis:

1. **Action Distribution**: 
   - The actions taken are 0 (down), 1 (right), 2 (up), and 3 (left).
   - The sequence shows a relatively high frequency of action 3 (left) and action 2 (up), which might indicate the agent is trying to navigate back or is getting stuck in a loop.

2. **Slippery Dynamics**:
   - Due to the slippery nature of the environment, the agent's intended actions do not always result in the expected movement. This stochasticity can lead to the agent ending up in unintended states, especially if it is not accounting for this variability in its strategy.

3. **State Transitions**:
   - Without the exact state transitions, it's challenging to pinpoint where the agent fell into a hole or got stuck. However, given the reward of 0.0, it is likely that the agent either fell into a hole or did not reach the goal within the episode's time limit.

4. **Potential Loops**:
   - The repeated actions, especially the sequence of 3s and 2s, suggest the agent might be getting caught in loops, possibly oscillating between a few states without making progress towards the goal.

### Recommendations:

1. **Improved Exploration Strategy**:
   - Encourage more diverse exploration strategies to prevent the agent from getting stuck in loops. This could involve using techniques like epsilon-greedy with a decaying epsilon or implementing a more sophisticated exploration strategy like Upper Confidence Bound (UCB) or Thompson Sampling.

2. **Model the Environment's Stochasticity**:
   - Incorporate the environment's stochastic nature into the agent's learning process. This could involve using algorithms that account for uncertainty, such as Q-learning with eligibility traces or model-based approaches that predict the outcomes of actions more accurately.

3. **State-Action Value Updates**:
   - Ensure that the agent is effectively updating its state-action values based on the outcomes of its actions. This might involve tuning the learning rate or using techniques like experience replay to reinforce learning from past experiences.

4. **Reward Shaping**:
   - Consider implementing reward shaping to provide intermediate rewards for reaching certain states or making progress towards the goal. This can help guide the agent towards more promising paths.

5. **Analyze Failed Episodes**:
   - Conduct a detailed analysis of episodes where the agent fails to reach the goal. Identify common patterns or states where the agent frequently fails and adjust the strategy accordingly.

By addressing these areas, the agent can improve its performance on the FrozenLake-v1 task, increasing its chances of reaching the goal and achieving a higher total reward in future episodes.","To improve the agent's performance on the FrozenLake-v1 task, we need to adjust the action exploration strategy to encourage more effective exploration while considering the environment's stochastic nature. Given the analysis, the agent seems to be getting stuck in loops, particularly with actions 3 (left) and 2 (up). To counteract this and promote more balanced exploration, we can adjust the action probabilities to encourage more diverse exploration.

Here's a proposed distribution for the next episode:

- **Action 0 (down)**: This action might help the agent explore new states, especially if it tends to get stuck in loops with actions 2 and 3. Increasing the probability of moving down can help the agent progress towards the goal.
- **Action 1 (right)**: Moving right is generally a good strategy to move towards the goal, especially from the starting position. Increasing the probability of this action can help the agent make forward progress.
- **Action 2 (up)**: Since the agent seems to be overusing this action, we can slightly reduce its probability to prevent getting stuck in loops.
- **Action 3 (left)**: Similarly, this action is overused, and reducing its probability can help the agent avoid unnecessary backtracking.

Considering these points, here's a proposed action distribution:

```python
{0: 0.3, 1: 0.3, 2: 0.2, 3: 0.2}
```

This distribution encourages the agent to explore more by moving down and right, which are generally more favorable directions for reaching the goal, while reducing the likelihood of actions that have led to loops in the past. This balanced approach aims to improve exploration effectiveness and increase the chances of reaching the goal state."
96,1.0,0.1,0.61984,0.003565634600818157,N/A,N/A
97,1.0,0.3,0.61588,0.00774852791801095,N/A,N/A
98,0.0,0.3,0.61192,0.005945222452282906,N/A,N/A
99,0.0,0.3,0.6079600000000001,0.006586983799934387,N/A,N/A
100,0.0,0.0,0.604,0.004981910809874535,"In the last episode of the training process on the FrozenLake-v1 task, the agent received a total reward of 0.0, indicating that it did not successfully reach the goal state (G) and likely fell into a hole (H) or failed to reach the goal within the episode's time limit. The action sequence taken by the agent was [2, 0, 2, 0, 0, 0, 1, 0, 0, 2, 0, 0, 0, 3, 1]. Let's analyze this sequence and the possible reasons for the outcome:

### Analysis of the Action Sequence:

1. **Initial Actions (2, 0, 2, 0, 0, 0):** 
   - The agent starts with actions that involve moving up (2) and down (0). This suggests that the agent might be oscillating between states without making significant progress towards the goal.
   - The repeated down actions (0) could indicate an attempt to move towards the bottom row, but due to the slippery nature of the environment, the agent might not be reaching the intended states.

2. **Middle Actions (1, 0, 0, 2, 0, 0, 0):**
   - The agent attempts to move right (1) and continues with more down (0) and up (2) actions. This pattern suggests a lack of a clear strategy or possibly being stuck in a loop.
   - The environment's stochastic transitions could be causing the agent to end up in unintended states, especially if it is near holes.

3. **Final Actions (3, 1):**
   - The agent tries to move left (3) and right (1) towards the end of the episode. This could be a last attempt to navigate towards the goal, but it might have been too late or ineffective due to the environment's dynamics.

### Possible Reasons for Failure:

- **Stochastic Transitions:** The slippery nature of the environment means that the agent's intended actions do not always result in the expected state transitions. This can lead to the agent inadvertently moving into holes or away from the goal.
- **Lack of Exploration:** The action sequence suggests that the agent might not be exploring the environment effectively, possibly due to a suboptimal exploration strategy or insufficient exploration during training.
- **Suboptimal Policy:** The agent's policy might not be well-optimized to handle the stochastic nature of the environment, leading to ineffective decision-making.

### Strategy Recommendations:

1. **Enhance Exploration:**
   - Implement exploration strategies such as epsilon-greedy with a decaying epsilon or use exploration bonuses to encourage the agent to explore more states and learn better policies.

2. **Improve Policy Learning:**
   - Consider using more advanced reinforcement learning algorithms like Q-learning with function approximation or deep Q-networks (DQN) to better handle the environment's stochasticity.
   - Use techniques like experience replay to improve learning from past experiences.

3. **Incorporate Environment Dynamics:**
   - Train the agent to better anticipate and adapt to the stochastic transitions by incorporating model-based approaches or using techniques like policy gradient methods that can handle continuous action spaces.

4. **Reward Shaping:**
   - Introduce intermediate rewards for reaching certain states or avoiding holes to guide the agent towards the goal more effectively.

By implementing these strategies, the agent may improve its ability to navigate the FrozenLake environment and increase its chances of reaching the goal successfully in future episodes.","To improve the agent's performance in the FrozenLake environment, we need to adjust the action exploration strategy to encourage more effective exploration and learning. Given the stochastic nature of the environment and the previous episode's outcome, a balanced exploration strategy can help the agent better navigate the grid and avoid pitfalls.

One common approach is to use an epsilon-greedy strategy, where the agent mostly exploits the current best-known action but occasionally explores other actions to gather more information. However, since we are focusing on exploration, we can initially set a higher exploration rate.

Here's a suggested probability distribution for the action exploration:

- **Action 0 (Down):** This action seems to be frequently used in the previous episode, but it might not always lead to progress due to the environment's stochastic transitions. We should slightly reduce its probability to encourage exploration of other actions.
- **Action 1 (Right):** Moving right can be beneficial as it generally moves the agent closer to the goal. We should increase its probability to encourage more attempts in this direction.
- **Action 2 (Up):** This action was used but might not always be effective in reaching the goal. We should maintain a moderate probability to allow for exploration.
- **Action 3 (Left):** This action was less used in the previous episode. We should increase its probability slightly to encourage exploration of alternative paths.

Given these considerations, here's a proposed distribution:

```python
{0: 0.25, 1: 0.35, 2: 0.20, 3: 0.20}
```

This distribution encourages the agent to explore moving right more frequently, which is generally a good direction towards the goal, while still allowing for exploration of other actions to gather more information about the environment's dynamics. As the agent learns and the policy improves, this distribution can be adjusted to favor exploitation of the best-known actions."
101,0.0,0.2,0.6000399999999999,0.01317424327135086,N/A,N/A
102,0.0,0.2,0.59608,0.013549781404435635,N/A,N/A
103,0.0,0.4,0.59212,0.006726587191224098,N/A,N/A
104,0.0,0.2,0.58816,0.004898522049188614,N/A,N/A
105,0.0,0.6,0.5842,0.010781565681099892,"In the last episode of the training process on the FrozenLake-v1 environment, the agent received a total reward of 0.0, indicating that it did not successfully reach the goal state (G) and likely fell into a hole (H) or failed to reach the goal within the episode's time limit. The action sequence extracted at intervals was [1, 3, 3, 0, 1, 1, 1], which corresponds to the following actions:

- Action 1: Move right
- Action 3: Move left
- Action 3: Move left
- Action 0: Move down
- Action 1: Move right
- Action 1: Move right
- Action 1: Move right

### Analysis:

1. **Initial Actions**: The sequence starts with a move to the right (action 1), which is a reasonable choice from the starting position (state 0) to explore the grid. However, the subsequent actions (3, 3) indicate a move left twice, which could suggest the agent is oscillating or unsure about the direction to take.

2. **Middle Actions**: The move down (action 0) could be an attempt to progress towards the goal, but given the slippery nature of the environment, the agent might not have ended up in the intended state. The following right moves (1, 1, 1) suggest an attempt to move towards the goal, but without success.

3. **Outcome**: The total reward of 0.0 implies the agent either fell into a hole or did not reach the goal. Given the action sequence, it's possible the agent fell into a hole after moving right multiple times, as the grid contains holes in the second and third rows.

### Strategy Recommendations:

1. **Improved Exploration**: The agent may benefit from a more systematic exploration strategy. Implementing an exploration policy like epsilon-greedy, where the agent occasionally takes random actions, could help it discover more successful paths.

2. **State-Action Value Learning**: Enhancing the learning algorithm to better estimate the state-action values (Q-values) could help the agent make more informed decisions. Techniques like Q-learning or SARSA could be employed to improve the agent's policy.

3. **Handling Slippery Dynamics**: The agent needs to account for the stochastic nature of the environment. Incorporating a model-based approach, where the agent learns the transition probabilities, might help it better predict the outcomes of its actions.

4. **Reward Shaping**: Providing intermediate rewards for reaching certain states or avoiding holes could guide the agent more effectively towards the goal.

5. **Policy Optimization**: Consider using policy gradient methods or actor-critic algorithms to directly optimize the policy, which might be more effective in environments with stochastic transitions like FrozenLake.

By implementing these strategies, the agent may improve its ability to navigate the FrozenLake environment and increase its chances of reaching the goal state successfully.","To improve the agent's performance in the FrozenLake-v1 environment, we need to adjust the exploration strategy to better balance exploration and exploitation. Given the stochastic nature of the environment and the previous episode's outcome, an epsilon-greedy strategy can be a good choice. This strategy involves selecting the action with the highest estimated value most of the time, but occasionally choosing a random action to explore other possibilities.

Let's assume an epsilon value of 0.2 for exploration, which means the agent will explore randomly 20% of the time and exploit the best-known action 80% of the time. This is a common approach to encourage exploration while still leveraging learned knowledge.

Given that the agent's previous actions did not lead to success, we should distribute the exploration probability across all actions to allow the agent to explore different paths. Here's how the action probabilities can be distributed:

- Exploit the best-known action: 0.8 probability
- Explore randomly among all actions: 0.2 probability distributed equally

Assuming the agent currently has no strong preference for any action (since it didn't succeed previously), we can start with an equal probability for each action during exploration. Therefore, the distribution for the next episode could be:

```python
{
    0: 0.05,  # 0.2 / 4 for exploration
    1: 0.05,  # 0.2 / 4 for exploration
    2: 0.05,  # 0.2 / 4 for exploration
    3: 0.05   # 0.2 / 4 for exploration
}
```

Since we are assuming no prior knowledge of the best action, the exploitation probability can be equally distributed among all actions initially. However, if the agent had some learned Q-values indicating a preferred action, the exploitation probability would be concentrated on that action.

In summary, the initial distribution for exploration could be:

```python
{
    0: 0.25,
    1: 0.25,
    2: 0.25,
    3: 0.25
}
```

This distribution assumes equal probability for each action due to the lack of a clear best action from previous episodes. As the agent learns, this distribution should be adjusted to favor actions with higher estimated Q-values."
