episode,train_return,eval_return,epsilon,loss,llm1_full_response,llm2_full_response
1,0.0,0.0,0.99604,nan,N/A,N/A
2,0.0,0.0,0.99208,nan,N/A,N/A
3,0.0,0.0,0.98812,nan,N/A,N/A
4,0.0,0.0,0.98416,nan,N/A,N/A
5,0.0,0.0,0.9802,0.1763431578874588,"In the last episode of the training process on the FrozenLake-v1 environment, the agent ended with a total reward of 0.0, indicating that it did not reach the goal state (G) and likely fell into a hole (H) or failed to reach the goal within the episode's time limit. The action sequence extracted at intervals is [3, 3, 3, 0, 3, 3, 0, 3, 2, 1]. Let's analyze this sequence and the agent's behavior:

### Analysis:

1. **Initial Actions (3, 3, 3):**
   - The agent starts at state 0 (S) and takes three consecutive actions of 3, which corresponds to attempting to move left. However, since the agent is at the leftmost edge of the grid, these actions result in no change in state, keeping the agent at state 0.

2. **Subsequent Actions (0, 3, 3, 0):**
   - The agent then attempts to move down (action 0), which could potentially move it to state 4, but due to the slippery nature of the environment, it might have ended up in a different state.
   - The agent continues with two more left actions (3, 3), which again might not change its position if it is at the left edge.
   - Another down action (0) is attempted, which could move the agent further down the grid, but again, the slippery dynamics might have altered the intended path.

3. **Final Actions (3, 2, 1):**
   - The agent attempts to move left (3), up (2), and right (1) in the final part of the sequence. These actions suggest the agent might be trying to navigate around obstacles or reach the goal, but the sequence ends without success.

### Possible Issues:

- **Ineffective Exploration:** The repeated left actions at the beginning suggest the agent might be stuck or not exploring effectively.
- **Slippery Dynamics:** The stochastic nature of the environment might be causing the agent to end up in unintended states, leading to suboptimal paths.
- **Lack of Strategy:** The sequence does not show a clear strategy towards reaching the goal, indicating the agent might not have learned an effective policy.

### Strategy Recommendations:

1. **Improved Exploration:**
   - Encourage more diverse exploration strategies to avoid getting stuck in loops or at the grid's edges. Implementing exploration techniques like epsilon-greedy with a decaying epsilon might help balance exploration and exploitation.

2. **Policy Improvement:**
   - Focus on improving the policy by using algorithms that can better handle stochastic environments, such as Q-learning with eligibility traces or SARSA, which might help the agent learn more robust policies.

3. **State Value Estimation:**
   - Enhance the agent's understanding of state values by using techniques like value iteration or policy iteration to better estimate the expected rewards of different states.

4. **Environment Understanding:**
   - Incorporate additional training episodes to allow the agent to better understand the environment's dynamics, especially the effects of slippery surfaces.

5. **Reward Shaping:**
   - Consider implementing reward shaping to provide intermediate rewards for reaching certain states, which can guide the agent towards the goal more effectively.

By addressing these areas, the agent can potentially improve its performance in navigating the FrozenLake environment and increase its chances of reaching the goal state successfully.","To improve the agent's exploration and effectiveness in the FrozenLake environment, we need to adjust the action selection strategy to encourage more diverse exploration while still allowing for some level of exploitation of known strategies. Given the analysis of the previous episode, the agent seems to be stuck in a loop, particularly with repeated left actions, and is not effectively navigating the grid due to the slippery dynamics.

A common approach to balance exploration and exploitation is the epsilon-greedy strategy, where the agent selects a random action with probability epsilon and the best-known action with probability 1-epsilon. However, since we are focusing on exploration, we should initially favor exploration more heavily.

Let's propose a distribution that encourages exploration but also allows for some exploitation. We can start with a higher exploration rate and gradually decay it over time as the agent learns more about the environment.

For the next episode, we can use the following action distribution:

- Assign a higher probability to actions that have not been explored as much or that could potentially lead to new states.
- Reduce the probability of actions that have been overused or lead to getting stuck.

Given the previous sequence and the need for exploration, a reasonable starting distribution could be:

```python
{0: 0.25, 1: 0.25, 2: 0.25, 3: 0.25}
```

This uniform distribution encourages the agent to explore all actions equally, which is suitable for the early stages of learning or when the agent is stuck. As the agent learns more about the environment, this distribution can be adjusted to favor actions that lead to more promising states.

In subsequent episodes, you can adjust the probabilities based on the agent's performance and the states it visits, gradually shifting towards a more exploitation-focused strategy as the agent's policy improves."
6,0.0,0.0,0.97624,0.13573722541332245,N/A,N/A
7,0.0,0.0,0.97228,0.1138293668627739,N/A,N/A
8,1.0,0.0,0.96832,0.055816054344177246,N/A,N/A
9,0.0,0.0,0.96436,0.060777418315410614,N/A,N/A
10,0.0,0.0,0.9604,0.021988103166222572,"In the last episode of the training process on the FrozenLake-v1 environment, the agent received a total reward of 0.0, indicating that it did not successfully reach the goal state (G) and likely fell into a hole (H) or failed to reach the goal within the episode's time limit. The action sequence extracted at intervals was [3, 0, 0, 3, 0, 1, 1, 2, 3, 2, 3, 3, 3, 2, 3, 2]. Let's analyze this sequence and provide some insights and recommendations.

### Analysis:

1. **Action Sequence Interpretation:**
   - The actions correspond to directions: 0 (down), 1 (right), 2 (up), 3 (left).
   - The sequence shows a mix of actions, with a notable number of left (3) and down (0) moves, which suggests the agent might have been trying to navigate around the grid but struggled with the slippery nature of the environment.

2. **Slippery Dynamics:**
   - Due to the environment's slippery nature, the agent's intended actions may not have resulted in the expected movements. For example, attempting to move left (3) could result in moving up or right instead, leading to unintended paths.

3. **Potential Pitfalls:**
   - The agent may have fallen into a hole, as indicated by the total reward of 0.0. The presence of holes in the grid (states 5, 7, 11, and 12) means that any misstep due to the slippery dynamics can result in an episode-ending move.

4. **Exploration vs. Exploitation:**
   - The sequence suggests the agent might still be exploring the environment rather than exploiting a learned optimal path to the goal. This is common in the final stages of training if the agent hasn't fully converged on an optimal policy.

### Recommendations:

1. **Policy Refinement:**
   - Continue training with a focus on refining the policy to better handle the stochastic transitions. This might involve adjusting exploration parameters, such as reducing exploration rates (e.g., epsilon in epsilon-greedy strategies) to encourage exploitation of learned paths.

2. **State-Action Value Updates:**
   - Ensure that the learning algorithm is effectively updating state-action values to reflect the true expected rewards. This might involve tuning learning rates or employing techniques like eligibility traces to better propagate rewards back through the state-action space.

3. **Environment Familiarization:**
   - Increase the number of episodes to allow the agent more opportunities to experience the environment's dynamics and learn from them. More exposure can help the agent develop a more robust understanding of the grid layout and the consequences of its actions.

4. **Reward Shaping:**
   - Consider implementing reward shaping to provide intermediate rewards for reaching certain states or avoiding holes. This can guide the agent towards safer paths and encourage progress towards the goal.

5. **Model-Based Approaches:**
   - If feasible, incorporate model-based reinforcement learning techniques to allow the agent to simulate potential future states and actions, helping it plan more effectively in the slippery environment.

By focusing on these strategies, the agent can improve its performance in the FrozenLake-v1 environment, increasing its chances of reaching the goal state successfully in future episodes.","To improve the agent's performance in the FrozenLake-v1 environment, we need to consider both the exploration of the environment and the exploitation of any learned strategies. Given the slippery nature of the environment and the previous episode's results, a balanced approach is necessary.

### Considerations for Action Selection:

1. **Exploration vs. Exploitation Balance:**
   - Since the agent has not yet successfully reached the goal, it is important to maintain some level of exploration to discover effective paths. However, we should also start to favor actions that have shown potential in leading towards the goal.

2. **Action Bias:**
   - The previous sequence showed a tendency towards certain actions (e.g., left and down). While these actions might be part of a strategy, the agent should not overly rely on them due to the stochastic nature of the environment.

3. **Environment Dynamics:**
   - Given the slippery nature, actions should be selected with an understanding that the intended direction might not always be achieved. Therefore, a slight bias towards safer actions that avoid holes might be beneficial.

### Recommended Action Distribution:

To balance exploration and exploitation while considering the environment's dynamics, we can propose a slightly biased distribution that encourages exploration but also starts to favor potentially beneficial actions:

```python
{
    0: 0.25,  # Down
    1: 0.25,  # Right
    2: 0.25,  # Up
    3: 0.25   # Left
}
```

### Explanation:

- **Equal Distribution (0.25 each):** This distribution maintains an equal probability for each action, ensuring that the agent continues to explore all possible directions. This is important given the stochastic transitions and the need to discover effective paths.
  
- **Exploration Focus:** By keeping the probabilities equal, the agent remains open to exploring different paths and learning from the environment's dynamics. This is crucial for environments like FrozenLake, where the agent needs to adapt to unexpected transitions.

- **Future Adjustments:** As the agent begins to learn more about the environment and starts to identify more reliable paths to the goal, this distribution can be adjusted to favor actions that are more likely to lead to success, based on the agent's experience.

This approach ensures that the agent continues to explore the environment while gradually learning to exploit successful strategies as more episodes are completed."
11,0.0,0.0,0.95644,0.02181077003479004,N/A,N/A
12,0.0,0.0,0.95248,0.034393809735774994,N/A,N/A
13,0.0,0.0,0.94852,0.028216108679771423,N/A,N/A
14,0.0,0.0,0.94456,0.049202144145965576,N/A,N/A
15,0.0,0.1,0.9406,0.053336624056100845,"In the last episode of the training process on the FrozenLake-v1 environment, the agent received a total reward of 0.0, indicating that it did not successfully reach the goal state (G) and likely fell into a hole (H) or did not reach the goal within the episode's time limit. The action sequence extracted at intervals was [0, 3, 0, 1, 1, 3, 1], which corresponds to the following intended movements based on the action mapping:

- Action 0: Move down
- Action 3: Move left
- Action 0: Move down
- Action 1: Move right
- Action 1: Move right
- Action 3: Move left
- Action 1: Move right

Given the slippery nature of the environment, the agent's intended actions may not have resulted in the expected movements due to the stochastic transition dynamics. This means that even if the agent intended to move in a particular direction, it might have ended up moving in one of the other possible directions with equal probability.

### Analysis of the Episode:

1. **Initial Actions (0, 3, 0):**
   - The agent started by attempting to move down, then left, and then down again. This sequence suggests the agent might have been trying to navigate towards the bottom rows, but due to the stochastic nature, it may not have reached the intended states.

2. **Middle Actions (1, 1):**
   - The agent attempted to move right twice. This could indicate an attempt to navigate towards the goal, which is located on the bottom right corner of the grid. However, the slippery nature might have caused deviations.

3. **Final Actions (3, 1):**
   - The agent tried to move left and then right. This could be indicative of the agent being near a hole or trying to correct its path after unintended movements.

### Possible Strategy Recommendations:

1. **Increased Exploration:**
   - Encourage more exploration to better understand the transition dynamics and the layout of the grid. This can be achieved by using an epsilon-greedy strategy with a higher epsilon value initially to allow for more exploratory actions.

2. **Improved Policy Learning:**
   - Consider using a more sophisticated policy learning algorithm, such as Q-learning with function approximation or deep Q-networks (DQN), which can help the agent learn better policies in environments with stochastic transitions.

3. **State-Action Value Estimation:**
   - Focus on improving the estimation of state-action values, particularly in states near holes, to better inform the agent's decision-making process.

4. **Reward Shaping:**
   - Introduce intermediate rewards for reaching certain states or avoiding holes to guide the agent more effectively towards the goal.

5. **Environment Modeling:**
   - Develop a model of the environment's transition dynamics to predict the outcomes of actions more accurately, which can be used to improve the agent's policy.

By implementing these strategies, the agent may improve its ability to navigate the FrozenLake environment and increase its chances of reaching the goal state successfully.","To improve the agent's effectiveness in the FrozenLake environment, we need to consider a strategy that balances exploration and exploitation while accounting for the stochastic nature of the environment. Given the agent's previous performance and the need for better exploration, we can use an epsilon-greedy strategy to determine the action probabilities.

In an epsilon-greedy strategy, a small probability (epsilon) is assigned to exploring random actions, while the remaining probability is assigned to exploiting the best-known action. Since the agent needs to explore more to understand the environment better, we can set a relatively high epsilon value initially.

Let's assume an epsilon value of 0.3 for exploration, meaning 30% of the time, the agent will choose a random action. The remaining 70% of the time, the agent will choose the action it currently believes is the best. Since we don't have specific Q-values or a learned policy from the agent, we can distribute the exploitation probability equally among all actions for simplicity.

Here's how the action probabilities can be distributed:

- Exploration probability (epsilon): 0.3
- Exploitation probability: 0.7

Since we don't have a specific best action, we'll distribute the exploitation probability equally among all actions:

- Probability for each action during exploration: 0.3 / 4 = 0.075
- Probability for each action during exploitation: 0.7 / 4 = 0.175

Combining exploration and exploitation probabilities, the distribution for each action is:

- Action 0: 0.075 (exploration) + 0.175 (exploitation) = 0.25
- Action 1: 0.075 (exploration) + 0.175 (exploitation) = 0.25
- Action 2: 0.075 (exploration) + 0.175 (exploitation) = 0.25
- Action 3: 0.075 (exploration) + 0.175 (exploitation) = 0.25

Thus, the probability distribution for the next episode is:

```python
{0: 0.25, 1: 0.25, 2: 0.25, 3: 0.25}
```

This distribution encourages balanced exploration across all actions, allowing the agent to gather more information about the environment's dynamics and improve its policy over time."
16,0.0,0.0,0.93664,0.07712378352880478,N/A,N/A
17,0.0,0.0,0.93268,0.0654781311750412,N/A,N/A
18,0.0,0.0,0.92872,0.050220176577568054,N/A,N/A
19,0.0,0.0,0.92476,0.061116427183151245,N/A,N/A
20,0.0,0.0,0.9208,0.046243246644735336,"In the last episode of training on the FrozenLake-v1 environment, the agent received a total reward of 0.0, indicating that it did not successfully reach the goal state (G) and likely fell into a hole (H) or did not reach the goal within the episode's time limit. The action sequence recorded at intervals was [0, 2, 3, 1], which translates to the following intended movements:

1. **Action 0**: Intended to move down, but due to the slippery nature of the environment, the agent could have moved left, up, or stayed in the same position.
2. **Action 2**: Intended to move up, but could have moved right, down, or stayed in the same position.
3. **Action 3**: Intended to move left, but could have moved up, right, or stayed in the same position.
4. **Action 1**: Intended to move right, but could have moved down, left, or stayed in the same position.

Given the stochastic transition dynamics, the agent's actual path may have significantly deviated from its intended path due to the environment's slipperiness. This deviation likely led the agent into a hole or prevented it from reaching the goal.

### Analysis:
- **Stochasticity Impact**: The environment's stochastic nature means that the agent's intended actions do not always result in the expected state transitions. This can lead to suboptimal paths and increased likelihood of falling into holes.
- **Action Sequence**: The sequence of actions suggests an attempt to explore different directions, but without a clear strategy to avoid holes or navigate towards the goal effectively.

### Strategy Recommendations:
1. **Policy Improvement**: Enhance the policy to account for the stochastic nature of the environment. This could involve learning a more robust policy that anticipates possible deviations and adjusts actions accordingly.
   
2. **Exploration Strategy**: Implement an exploration strategy that balances exploration and exploitation. Techniques such as epsilon-greedy or softmax action selection can help the agent explore the environment more effectively while gradually focusing on optimal actions.

3. **State Value Estimation**: Improve the estimation of state values to better inform action selection. This can be achieved through techniques like Q-learning or SARSA, which update value estimates based on observed rewards and transitions.

4. **Environment Modeling**: Consider using model-based approaches to simulate the environment's dynamics. This can help the agent predict the outcomes of actions more accurately and plan paths that minimize the risk of falling into holes.

5. **Reward Shaping**: Introduce intermediate rewards for reaching certain states or avoiding holes to guide the agent towards the goal more effectively.

By implementing these strategies, the agent can improve its performance in navigating the FrozenLake environment, increasing the likelihood of reaching the goal and achieving higher rewards in future episodes.","To improve the agent's performance in the FrozenLake environment, we need to consider an exploration strategy that balances exploration and exploitation while accounting for the stochastic nature of the environment. Given the previous episode's outcome and the need to explore effectively while avoiding holes, an epsilon-greedy strategy can be a good choice. This strategy allows the agent to explore different actions with a certain probability (epsilon) while exploiting the best-known action most of the time.

Let's assume an epsilon value of 0.2 for exploration, meaning the agent will explore with a probability of 0.2 and exploit the best-known action with a probability of 0.8. Since we don't have specific Q-values or a policy indicating which action is currently the best, we'll distribute the exploration probability equally among all actions.

Here's how the action probabilities can be distributed:

- Exploitation (best action): 0.8 probability
- Exploration (other actions): 0.2 probability equally distributed among all actions

Since we don't have a specific best action from the previous episode, we'll assume a uniform distribution for the exploration part. Thus, each action will have a base exploration probability of 0.05 (0.2 / 4).

Assuming uniform distribution for the exploitation part as well (since we don't know the best action), each action will have an additional probability of 0.2 (0.8 / 4) for exploitation.

Therefore, the probability distribution for each action will be:

- Action 0: 0.05 (exploration) + 0.2 (exploitation) = 0.25
- Action 1: 0.05 (exploration) + 0.2 (exploitation) = 0.25
- Action 2: 0.05 (exploration) + 0.2 (exploitation) = 0.25
- Action 3: 0.05 (exploration) + 0.2 (exploitation) = 0.25

This results in a uniform distribution across all actions, which is reasonable given the lack of specific information about the best action. As the agent learns and updates its policy, the distribution can be adjusted to favor more promising actions.

```python
{0: 0.25, 1: 0.25, 2: 0.25, 3: 0.25}
```"
21,0.0,0.0,0.91684,0.056269045919179916,N/A,N/A
22,0.0,0.0,0.91288,0.1079273670911789,N/A,N/A
23,0.0,0.0,0.90892,0.09540292620658875,N/A,N/A
24,0.0,0.1,0.90496,0.08344491571187973,N/A,N/A
25,0.0,0.1,0.901,0.060288410633802414,"In the last episode of the training process on the FrozenLake-v1 environment, the agent received a total reward of 0.0, indicating that it did not successfully reach the goal state (G) and likely fell into a hole (H) or failed to navigate to the goal within the episode's time limit. The action sequence extracted at intervals was [0, 1], which corresponds to the agent attempting to move down and then right, respectively.

### Analysis:

1. **Action Sequence**: The sequence [0, 1] suggests that the agent initially attempted to move down from the starting position (S) and then attempted to move right. Given the environment's slippery nature, these actions may not have resulted in the intended movements due to the stochastic transition dynamics.

2. **Slippery Dynamics**: The environment's inherent randomness means that the agent's intended actions can lead to unintended outcomes. For instance, an action intended to move the agent down could result in moving left or up instead, depending on the probabilistic outcome.

3. **Reward Outcome**: The total reward of 0.0 indicates that the agent either fell into a hole or did not reach the goal. Since the episode ended with this reward, it is likely that the agent encountered a hole, which terminates the episode immediately.

### Strategy Recommendations:

1. **Increased Exploration**: Encourage the agent to explore more diverse paths. This can be achieved by adjusting exploration parameters (e.g., epsilon in epsilon-greedy strategies) to ensure the agent does not prematurely converge on suboptimal paths.

2. **Policy Improvement**: Consider using a more sophisticated policy improvement technique, such as Q-learning with function approximation or deep Q-networks (DQN), to better handle the stochastic nature of the environment.

3. **State-Action Value Estimation**: Enhance the estimation of state-action values by increasing the number of episodes or iterations, allowing the agent to better learn the expected outcomes of its actions in the slippery environment.

4. **Reward Shaping**: Introduce intermediate rewards for reaching certain states or avoiding holes to guide the agent towards the goal more effectively.

5. **Environment Visualization**: Visualize the agent's path during training to identify common pitfalls or suboptimal strategies, allowing for targeted adjustments in the agent's policy.

6. **Adaptive Learning Rate**: Implement an adaptive learning rate that decreases over time, allowing the agent to fine-tune its policy as it gains more experience in the environment.

By implementing these strategies, the agent can improve its ability to navigate the FrozenLake environment and increase its chances of successfully reaching the goal state.","To improve the agent's effectiveness in the FrozenLake-v1 environment, we need to consider a strategy that balances exploration and exploitation, given the stochastic nature of the environment. Since the agent's previous attempt resulted in a reward of 0.0, indicating a failure to reach the goal, we should encourage more exploration to discover potentially successful paths.

One common approach is to use an epsilon-greedy strategy, where the agent mostly exploits the best-known actions but occasionally explores random actions. Given the need for increased exploration, we can set a higher probability for exploration.

Let's assume an exploration rate (epsilon) of 0.3 for the next episode. This means the agent will explore 30% of the time and exploit 70% of the time. Since we don't have specific Q-values to determine the best action, we'll distribute the exploration probability equally among all actions.

Here's how we can distribute the probabilities:

- Exploit the best-known action (which we assume is equally likely for all actions due to lack of specific Q-values): 70% divided equally among all actions.
- Explore by selecting any action randomly: 30% divided equally among all actions.

Thus, the probability distribution for each action is:

- Exploit: 70% / 4 = 0.175 for each action
- Explore: 30% / 4 = 0.075 for each action

Total probability for each action = 0.175 (exploit) + 0.075 (explore) = 0.25

Therefore, the probability distribution for the 4 actions is:

```python
{0: 0.25, 1: 0.25, 2: 0.25, 3: 0.25}
```

This distribution ensures that the agent explores all actions equally while still maintaining a balance between exploration and exploitation."
26,0.0,0.1,0.8970400000000001,0.05330875888466835,N/A,N/A
27,0.0,0.1,0.89308,0.0681372731924057,N/A,N/A
28,0.0,0.1,0.88912,0.05995100736618042,N/A,N/A
29,0.0,0.0,0.88516,0.026115451008081436,N/A,N/A
30,0.0,0.0,0.8812,0.04645740985870361,"In the last episode of the training process on the FrozenLake-v1 environment, the agent received a total reward of 0.0, indicating that it did not reach the goal state (G) and likely fell into a hole (H) or did not reach the goal within the episode's time limit. The action sequence extracted at intervals is [3, 2], which corresponds to the agent attempting to move left and then up.

### Analysis:

1. **Action Sequence**:
   - **Action 3 (Left)**: This action suggests that the agent attempted to move left. Given the starting position (state 0), moving left would keep the agent in the same position due to the grid's boundary.
   - **Action 2 (Up)**: This action suggests the agent attempted to move up. However, from the starting position (state 0), moving up is not possible due to the grid's boundary, so the agent would remain in the same position.

2. **Transition Dynamics**:
   - The environment's slippery nature means that the agent's intended actions may not always result in the expected movement. For instance, attempting to move left (action 3) could result in moving up, right, or left with equal probability. Similarly, attempting to move up (action 2) could result in moving up, right, or down with equal probability.

3. **Outcome**:
   - The agent's actions did not lead to a successful path towards the goal. The total reward of 0.0 suggests that the agent either fell into a hole or did not reach the goal within the episode's time limit.

### Strategy Recommendations:

1. **Improved Exploration**:
   - Encourage more diverse exploration strategies to ensure the agent explores different paths and learns the optimal path to the goal. This could involve using exploration techniques like epsilon-greedy or adding noise to the action selection process.

2. **State-Action Value Learning**:
   - Implement a learning algorithm such as Q-learning or SARSA to help the agent learn the expected rewards for state-action pairs. This will enable the agent to make more informed decisions based on past experiences.

3. **Policy Optimization**:
   - Consider using policy gradient methods to directly optimize the policy. This approach can be beneficial in environments with stochastic transitions like FrozenLake.

4. **Environment Familiarization**:
   - Allow the agent to spend more time exploring the environment without penalties to better understand the transition dynamics and the layout of the grid, especially the locations of holes and the goal.

5. **Reward Shaping**:
   - Introduce intermediate rewards for reaching certain states or avoiding holes to guide the agent towards the goal more effectively.

By implementing these strategies, the agent can improve its performance in navigating the FrozenLake environment and increase its chances of reaching the goal state successfully.","To improve the agent's effectiveness in the FrozenLake environment, we need to encourage exploration while also considering the environment's stochastic nature. Given the slippery dynamics and the agent's previous unsuccessful attempt, a balanced exploration strategy is necessary.

### Analysis of Actions:
- **Action 0 (Down)**: Moving down from the starting position (state 0) is a viable option to explore the grid further.
- **Action 1 (Right)**: Moving right from the starting position (state 0) is another viable option to explore the grid.
- **Action 2 (Up)** and **Action 3 (Left)**: These actions are less effective from the starting position due to the grid's boundary, as they would keep the agent in the same position.

### Exploration Strategy:
To encourage effective exploration, we can use an epsilon-greedy strategy where the agent mostly exploits known good actions but occasionally explores other actions. Given the current situation, we should prioritize actions that allow the agent to explore the grid (i.e., actions 0 and 1).

### Recommended Action Distribution:
- Assign higher probabilities to actions that allow exploration of the grid (actions 0 and 1).
- Assign lower probabilities to actions that are less effective from the starting position (actions 2 and 3).

Here is a suggested probability distribution for the next episode:

```python
{0: 0.4, 1: 0.4, 2: 0.1, 3: 0.1}
```

This distribution prioritizes moving down and right, which are more likely to lead the agent towards unexplored areas of the grid, while still allowing for some exploration of other actions."
31,0.0,0.0,0.87724,0.03831394761800766,N/A,N/A
32,0.0,0.0,0.8732800000000001,0.0809922069311142,N/A,N/A
33,0.0,0.0,0.86932,0.0628371387720108,N/A,N/A
34,0.0,0.0,0.86536,0.04072080925107002,N/A,N/A
35,1.0,0.0,0.8613999999999999,0.022978516295552254,"In the last episode of the training process on the FrozenLake-v1 environment, the agent successfully navigated the grid to reach the goal state, achieving a total reward of 1.0. This indicates that the agent managed to avoid the holes and reach the goal, which is a positive outcome in this stochastic environment.

### Analysis of the Action Sequence:

The action sequence extracted at intervals is [3, 1, 1, 3, 0, 0, 1, 0, 1]. Let's break down this sequence:

- **Action 3 (Move Left):** The first action suggests the agent attempted to move left from the starting position (state 0). Given the grid layout, this action would keep the agent in the same position due to the boundary.

- **Action 1 (Move Right):** The agent then attempted to move right twice. This would likely move the agent from state 0 to state 1, and then potentially to state 2, depending on the stochastic nature of the environment.

- **Action 3 (Move Left):** The agent attempted to move left again, which might have been a corrective action or an exploration step.

- **Action 0 (Move Down):** The agent then chose to move down twice, which is a strategic move towards the goal, potentially moving from state 2 to state 6, and then to state 10.

- **Action 1 (Move Right):** The agent moved right, which could have taken it from state 10 to state 11.

- **Action 0 (Move Down):** The agent moved down, potentially moving from state 11 to state 15, which is the goal state.

- **Action 1 (Move Right):** This action might have been redundant if the agent was already at the goal, or it might have been part of the stochastic transition dynamics.

### Strategy Recommendations:

1. **Exploration vs. Exploitation Balance:** The agent successfully reached the goal, indicating a good balance between exploration and exploitation. However, the sequence suggests some redundant or corrective actions, which could be optimized.

2. **Policy Refinement:** Consider refining the policy to reduce unnecessary movements, especially those that do not contribute to reaching the goal. This could involve more targeted exploration strategies or fine-tuning the action selection mechanism.

3. **Handling Stochasticity:** Given the slippery nature of the environment, it may be beneficial to incorporate strategies that account for stochastic transitions, such as using a model-based approach to predict possible outcomes of actions.

4. **State Value Estimation:** Improve the estimation of state values to better guide the agent's decisions, particularly in states adjacent to holes, to minimize the risk of falling into them.

5. **Reward Shaping:** Consider implementing reward shaping to provide intermediate rewards for reaching certain states or for avoiding holes, which could help guide the agent more effectively through the grid.

By focusing on these strategies, the agent's performance can be further improved, potentially leading to more consistent success in reaching the goal state while minimizing unnecessary actions.","To improve task effectiveness in the FrozenLake-v1 environment, we need to consider the stochastic nature of the environment and the action sequence from the previous episode. The agent successfully reached the goal, but there were some redundant or corrective actions. To optimize the action selection, we can adjust the probability distribution for exploration to encourage more effective movements while still allowing for exploration.

Given the analysis, the agent should prioritize actions that move it towards the goal while minimizing unnecessary movements. The following distribution reflects a strategy that slightly favors moving down (action 0) and right (action 1), as these actions generally move the agent towards the goal in the grid layout. However, we still maintain some probability for moving left (action 3) and up (action 2) to allow for exploration and handling stochastic transitions.

Here's a proposed probability distribution for the next episode:

```python
{0: 0.35, 1: 0.35, 2: 0.15, 3: 0.15}
```

- **Action 0 (Move Down):** Probability is increased to 0.35 to encourage moving towards the goal, especially from the starting position and when the agent is on the top rows.
- **Action 1 (Move Right):** Probability is also set to 0.35 to facilitate horizontal movement towards the goal.
- **Action 2 (Move Up):** Probability is reduced to 0.15, as moving up is generally less beneficial unless correcting a previous move.
- **Action 3 (Move Left):** Probability is set to 0.15, allowing for some exploration and correction but not as a primary strategy.

This distribution aims to balance exploration and exploitation, focusing on effective movements towards the goal while still accounting for the environment's stochastic nature."
36,0.0,0.0,0.85744,0.026248427107930183,N/A,N/A
37,0.0,0.2,0.85348,0.029261542484164238,N/A,N/A
38,0.0,0.0,0.84952,0.022813165560364723,N/A,N/A
39,0.0,0.3,0.84556,0.02362980507314205,N/A,N/A
40,0.0,0.3,0.8416,0.021093474701046944,"In the last episode of the training process on the FrozenLake-v1 environment, the agent received a total reward of 0.0, indicating that it did not successfully reach the goal state (G) and likely fell into a hole (H) or failed to navigate to the goal within the episode's time constraints. The action sequence extracted at intervals was [1, 3], which corresponds to the agent attempting to move right and then left.

### Analysis:

1. **Action Sequence**: 
   - The action sequence [1, 3] suggests that the agent attempted to move right and then left. This limited sequence implies that the agent did not make significant progress across the grid, possibly due to the slippery nature of the environment, which introduces stochasticity in the agent's movements.

2. **Slippery Dynamics**:
   - The environment's slippery dynamics mean that the agent's intended actions do not always result in the expected movement. For example, attempting to move right (action 1) could result in moving down or left instead. This stochastic behavior can lead to the agent inadvertently stepping into a hole (H) or failing to make progress toward the goal (G).

3. **State Transitions**:
   - Given the stochastic nature of the environment, the agent's movement is highly unpredictable, and without a robust strategy, it can easily end up in a hole or remain stuck in a loop without reaching the goal.

### Strategy Recommendations:

1. **Exploration Strategy**:
   - Encourage more exploration by increasing the exploration rate (e.g., epsilon in an epsilon-greedy strategy) to allow the agent to sample a wider range of actions and better understand the transition dynamics of the environment.

2. **Policy Improvement**:
   - Implement a policy improvement algorithm, such as Q-learning or SARSA, to help the agent learn a more effective policy that accounts for the stochastic transitions. This involves updating the action-value function to reflect the expected rewards of actions more accurately.

3. **State-Action Value Estimation**:
   - Focus on improving the estimation of state-action values by increasing the number of episodes or iterations, allowing the agent to gather more data and refine its understanding of the environment.

4. **Reward Shaping**:
   - Consider implementing reward shaping to provide intermediate rewards for reaching certain states or avoiding holes, which can guide the agent toward the goal more effectively.

5. **Model-Based Approach**:
   - If feasible, incorporate a model-based approach where the agent learns a model of the environment's dynamics and uses it to plan more effectively, potentially reducing the impact of the environment's stochasticity.

By implementing these strategies, the agent can improve its ability to navigate the FrozenLake environment, increasing the likelihood of reaching the goal state and achieving a higher total reward in future episodes.","To improve the agent's effectiveness in navigating the FrozenLake environment, we need to encourage exploration while also considering the stochastic nature of the environment. Given the previous episode's outcome and the analysis, we should focus on a strategy that balances exploration and exploitation. 

One common approach is to use an epsilon-greedy strategy, where the agent explores with probability epsilon and exploits (chooses the best-known action) with probability 1-epsilon. Since the agent did not perform well in the last episode, we should increase exploration to allow the agent to better understand the environment's dynamics.

Let's assume an exploration rate (epsilon) of 0.3 for the next episode, meaning the agent will explore 30% of the time and exploit 70% of the time. When exploring, the agent should choose among the four actions with equal probability. When exploiting, the agent should choose the action with the highest estimated value, but since we are focusing on exploration here, we'll distribute the probabilities evenly for exploration purposes.

Given this, the probability distribution for the actions can be set as follows:

- Exploration (30% of the time): Each action has a probability of 0.25.
- Exploitation (70% of the time): The action with the highest estimated value should be chosen, but since we are focusing on exploration, we will distribute this evenly for the sake of exploration.

Thus, the distribution for exploration purposes can be:

```python
{0: 0.25, 1: 0.25, 2: 0.25, 3: 0.25}
```

This distribution reflects a pure exploration strategy, which is suitable for the current stage of learning where the agent needs to gather more information about the environment. As the agent learns more about the environment, this distribution can be adjusted to favor actions that lead to higher rewards."
41,0.0,0.2,0.8376399999999999,0.04024142026901245,N/A,N/A
42,0.0,0.0,0.83368,0.0254739448428154,N/A,N/A
43,0.0,0.1,0.82972,0.021183637902140617,N/A,N/A
44,0.0,0.2,0.82576,0.02528027445077896,N/A,N/A
45,0.0,0.3,0.8218,0.025830257683992386,"In the last episode of the training process on the FrozenLake-v1 environment, the agent received a total reward of 0.0, indicating that it did not successfully reach the goal state (G) and likely fell into a hole (H) or failed to reach the goal within the episode's time limit. The action sequence extracted at intervals was [3, 3, 3, 3, 1, 0, 0, 1], which corresponds to the following intended movements:

- Action 3: Move left
- Action 1: Move right
- Action 0: Move down

Given the slippery nature of the environment, the agent's intended movements may not have been executed as planned due to the stochastic transition dynamics. Let's analyze the sequence:

1. **Initial Actions (3, 3, 3, 3 - Move Left):** 
   - The agent attempted to move left four times consecutively. Since the starting position (S) is at the top-left corner of the grid (state 0), moving left would result in staying in the same position due to the border wall. This suggests that the agent may have been stuck in a loop or was unable to make meaningful progress initially.

2. **Subsequent Actions (1 - Move Right, 0, 0 - Move Down, 1 - Move Right):**
   - After the initial left movements, the agent attempted to move right, followed by two down movements, and finally another right movement. These actions suggest an attempt to navigate towards the goal, but the slippery nature of the environment likely caused unintended movements, potentially leading the agent into a hole or away from the goal.

### Strategy Recommendations:

1. **Improved Exploration Strategy:**
   - The agent should be encouraged to explore more diverse paths rather than repeating the same action multiple times, especially when near borders. Implementing an exploration strategy like epsilon-greedy with a decaying epsilon could help balance exploration and exploitation.

2. **State-Action Value Learning:**
   - Enhance the learning algorithm to better estimate state-action values, accounting for the stochastic nature of the environment. Techniques like Q-learning or SARSA with eligibility traces could be beneficial.

3. **Model-Based Approach:**
   - Consider implementing a model-based approach where the agent learns the transition dynamics and uses this model to plan more effectively. This could help the agent anticipate the effects of its actions more accurately.

4. **Reward Shaping:**
   - Introduce intermediate rewards to guide the agent towards the goal. For example, providing small positive rewards for moving closer to the goal or negative rewards for moving into states adjacent to holes could incentivize safer paths.

5. **Policy Improvement:**
   - Evaluate and refine the policy to ensure that it accounts for the stochastic transitions. Using policy gradient methods or actor-critic approaches could help in learning a more robust policy.

By implementing these strategies, the agent may improve its ability to navigate the FrozenLake environment successfully, increasing the likelihood of reaching the goal state and achieving a higher total reward in future episodes.","To improve the agent's effectiveness in the FrozenLake environment, we need to adjust the action exploration strategy to encourage more diverse and strategic exploration. Given the previous episode's action sequence and the environment's stochastic nature, we should aim to balance exploration and exploitation while considering the slippery dynamics.

### Analysis and Strategy:

1. **Avoid Repetitive Actions:**
   - The agent previously attempted to move left four times consecutively, which was ineffective. We should reduce the probability of repeating the same action multiple times, especially when near borders.

2. **Encourage Exploration:**
   - Increase the probability of exploring different actions to prevent the agent from getting stuck in loops or corners. This can be achieved by slightly increasing the probability of less frequently chosen actions.

3. **Balance Exploration and Exploitation:**
   - Use an epsilon-greedy strategy where the agent mostly exploits the best-known actions but occasionally explores other actions. This can be reflected in the action probability distribution.

4. **Consider Environment Dynamics:**
   - Given the stochastic nature, ensure that the agent has a balanced chance to explore all possible directions, as any action can lead to unintended movements.

### Proposed Action Probability Distribution:

To implement these strategies, we can propose a probability distribution that slightly favors exploration while maintaining a reasonable level of exploitation. Here's a suggested distribution:

```python
{0: 0.25, 1: 0.25, 2: 0.25, 3: 0.25}
```

### Explanation:

- **Equal Distribution:** Given the stochastic nature of the environment, an equal distribution allows the agent to explore all possible directions uniformly. This helps prevent the agent from getting stuck in repetitive loops and encourages exploration of different paths.
  
- **Adaptability:** As the agent learns and the policy improves, this distribution can be adjusted to favor more promising actions based on learned state-action values.

By starting with an equal distribution, the agent can explore the environment more effectively, and as it learns, the distribution can be adjusted to reflect more informed action preferences."
46,0.0,0.0,0.81784,0.03321661427617073,N/A,N/A
47,0.0,0.0,0.8138799999999999,0.022307896986603737,N/A,N/A
48,0.0,0.0,0.80992,0.03414175286889076,N/A,N/A
49,0.0,0.0,0.80596,0.01671759784221649,N/A,N/A
50,0.0,0.0,0.802,0.03989342227578163,"In the last episode of the training process on the FrozenLake-v1 environment, the agent received a total reward of 0.0, indicating that it did not reach the goal state (G) and likely fell into a hole (H) or ran out of steps before reaching the goal. The action sequence taken by the agent was [2, 3, 0, 0, 3, 2, 0, 0, 0]. Let's analyze this sequence and provide some strategic recommendations.

### Analysis:

1. **Action Sequence**:
   - The actions correspond to the following movements:
     - 2: Attempt to move up.
     - 3: Attempt to move left.
     - 0: Attempt to move down.
     - 3: Attempt to move left.
     - 2: Attempt to move up.
     - 0: Attempt to move down.
     - 0: Attempt to move down.
     - 0: Attempt to move down.

2. **State Transitions**:
   - The agent starts at state 0 (S).
   - Given the slippery nature of the environment, each action can lead to one of three possible directions, making the path unpredictable.
   - The sequence suggests the agent attempted to explore different directions, but the lack of a positive reward indicates it likely fell into a hole or was unable to reach the goal.

3. **Challenges**:
   - **Slippery Surface**: The stochastic nature of the environment makes it difficult for the agent to predictably reach the goal.
   - **Exploration vs. Exploitation**: The agent may not have effectively balanced exploration of the grid with exploitation of known safe paths.
   - **Holes**: The presence of holes increases the risk of ending the episode prematurely.

### Recommendations:

1. **Improved Exploration Strategy**:
   - **Epsilon-Greedy Approach**: Implement an epsilon-greedy strategy where the agent explores randomly with a small probability (epsilon) and exploits known paths with a higher probability. Gradually decrease epsilon as the agent learns the environment.
   - **Q-Learning or SARSA**: Use Q-Learning or SARSA to update the action-value function, allowing the agent to learn the expected utility of actions in each state.

2. **Model-Based Approaches**:
   - **Transition Model**: Develop a model of the environment's transition dynamics to predict the outcome of actions better. This can help the agent plan more effectively.

3. **Reward Shaping**:
   - **Intermediate Rewards**: Introduce intermediate rewards for reaching certain states or avoiding holes to guide the agent towards the goal.

4. **State Representation**:
   - **Feature Engineering**: Consider using additional features or state representations that capture more information about the environment, such as proximity to holes or the goal.

5. **Policy Iteration or Value Iteration**:
   - Implement policy iteration or value iteration to compute optimal policies that consider the stochastic nature of the environment.

By adopting these strategies, the agent can improve its ability to navigate the FrozenLake environment, increase its likelihood of reaching the goal, and ultimately achieve a higher total reward in future episodes.","To improve the agent's performance in the FrozenLake environment, we need to balance exploration and exploitation effectively. Given the stochastic nature of the environment and the past episode's performance, we can use an epsilon-greedy strategy to guide the action selection. This strategy involves selecting a random action with a small probability (epsilon) to explore the environment and selecting the best-known action with a higher probability (1-epsilon) to exploit the learned policy.

For the next episode, let's assume an initial epsilon value of 0.2, which means the agent will explore randomly 20% of the time and exploit the best-known actions 80% of the time. Since the agent is still learning, we can distribute the exploitation probability equally among the actions, as we don't have a clear indication of which action is the best yet.

Here's how we can distribute the probabilities:

- Exploration (random action): 20% (0.2 probability distributed equally among 4 actions)
- Exploitation (best-known actions): 80% (0.8 probability distributed equally among 4 actions)

The probability distribution for each action can be calculated as follows:

- Exploration probability per action: 0.2 / 4 = 0.05
- Exploitation probability per action: 0.8 / 4 = 0.2

Thus, the total probability for each action is:

- Total probability per action: 0.05 (exploration) + 0.2 (exploitation) = 0.25

Therefore, the probability distribution for the 4 actions is:

```python
{0: 0.25, 1: 0.25, 2: 0.25, 3: 0.25}
```

This distribution reflects a balanced approach, allowing the agent to explore all actions equally while still exploiting its current knowledge. As the agent learns more about the environment, the epsilon value can be gradually decreased, and the exploitation probabilities can be adjusted based on the learned action-value function."
51,0.0,0.0,0.7980400000000001,0.01822577975690365,N/A,N/A
52,0.0,0.0,0.79408,0.03593525290489197,N/A,N/A
53,0.0,0.0,0.79012,0.02650766633450985,N/A,N/A
54,0.0,0.0,0.78616,0.035304054617881775,N/A,N/A
55,0.0,0.0,0.7822,0.02161097526550293,"In the last episode of the training process on the FrozenLake-v1 environment, the agent received a total reward of 0.0, indicating that it did not successfully reach the goal state (G) and likely fell into a hole (H) or failed to navigate to the goal within the episode's time limit. The action sequence extracted at intervals was [2, 1], which corresponds to the agent attempting to move in the following directions:

- Action 2: The agent attempted to move up, but due to the slippery nature of the environment, it could have ended up moving right, down, or up with equal probability.
- Action 1: The agent attempted to move right, but it could have ended up moving right, down, or left with equal probability.

Given the environment's stochastic transition dynamics, the agent's intended actions may not have resulted in the expected movements, leading to suboptimal navigation and ultimately failing to reach the goal.

### Analysis:
1. **Stochasticity and Slipperiness:** The environment's inherent stochasticity due to the slippery surface means that the agent's actions do not always result in the intended movement. This increases the difficulty of planning and requires the agent to adapt to uncertainty.

2. **Limited Action Sequence:** The action sequence [2, 1] is quite short, suggesting that the agent either fell into a hole early in the episode or was unable to make significant progress toward the goal.

3. **Exploration vs. Exploitation:** The agent may not have sufficiently explored the environment to learn an effective policy. It is crucial to balance exploration (trying new actions) and exploitation (using known actions that yield high rewards).

### Strategy Recommendations:
1. **Increase Exploration:** Implement strategies such as epsilon-greedy, where the agent occasionally takes random actions to explore the environment more thoroughly. This can help the agent discover new paths and avoid holes.

2. **Use of Model-based Approaches:** Consider using model-based reinforcement learning techniques to better predict the outcomes of actions in a stochastic environment. This can help the agent plan more effectively by simulating potential future states.

3. **Reward Shaping:** Introduce intermediate rewards for reaching certain states or avoiding holes to guide the agent more effectively toward the goal.

4. **Policy Improvement:** Use algorithms like Q-learning or SARSA with function approximation to improve the policy. These algorithms can help the agent learn the expected value of actions more accurately in a stochastic environment.

5. **Increase Episode Length:** Allow longer episodes to give the agent more time to explore and learn from its interactions with the environment.

6. **Environment Visualization:** Visualize the agent's path during training to identify patterns or common pitfalls, which can provide insights into improving the policy.

By implementing these strategies, the agent can improve its ability to navigate the FrozenLake environment and increase the likelihood of reaching the goal state successfully.","To improve the agent's performance in the FrozenLake-v1 environment, we need to consider the balance between exploration and exploitation. Given the stochastic nature of the environment and the previous episode's outcome, increasing exploration is crucial. One common strategy is to use an epsilon-greedy approach, where the agent mostly exploits the best-known actions but occasionally explores random actions to discover new strategies.

Let's assume we want to set a higher exploration rate to encourage the agent to explore more. A typical epsilon value for exploration might be around 0.2, meaning the agent will explore 20% of the time and exploit 80% of the time. However, since the agent failed to reach the goal in the last episode, we might want to increase exploration slightly to encourage discovering new paths.

Here's a suggested probability distribution for the actions:

- **Exploration (random actions):** 0.3 probability distributed equally among all actions.
- **Exploitation (best-known action):** 0.7 probability assigned to the action that is currently believed to be the best.

Since we don't have specific information about which action is currently the best, we'll distribute the exploration probability equally among all actions. This results in:

- Exploration: 0.3 / 4 = 0.075 for each action.
- Exploitation: 0.7 for the best action.

Assuming we don't have a specific best action, we can distribute the exploitation probability equally among all actions to maintain a balanced approach. This results in:

- Total probability for each action = 0.075 (exploration) + 0.175 (exploitation) = 0.25

Thus, the probability distribution for the actions would be:

```python
{0: 0.25, 1: 0.25, 2: 0.25, 3: 0.25}
```

This uniform distribution reflects a high exploration strategy, which is suitable for the current situation where the agent needs to learn more about the environment. As the agent learns and identifies more effective actions, the distribution can be adjusted to favor exploitation of the best-known actions."
56,0.0,0.0,0.77824,0.01082136295735836,N/A,N/A
57,0.0,0.0,0.77428,0.03164525702595711,N/A,N/A
58,0.0,0.0,0.77032,0.014080571942031384,N/A,N/A
59,0.0,0.0,0.76636,0.018815357238054276,N/A,N/A
60,0.0,0.0,0.7624,0.02122315764427185,"In the last episode of the training process on the FrozenLake-v1 environment, the agent received a total reward of 0.0, indicating that it did not successfully reach the goal state (G) and likely fell into a hole (H) or ran out of steps without reaching the goal. The action sequence extracted at intervals was [2, 3, 3, 0, 3, 1, 3, 1, 3, 2, 3, 2, 0, 1]. Let's analyze this sequence and the possible reasons for the outcome:

### Analysis:

1. **Action Sequence**:
   - The actions correspond to the following directions:
     - 0: Down
     - 1: Right
     - 2: Up
     - 3: Left
   - The sequence [2, 3, 3, 0, 3, 1, 3, 1, 3, 2, 3, 2, 0, 1] suggests that the agent frequently attempted to move left (3) and up (2), with occasional moves down (0) and right (1).

2. **Transition Dynamics**:
   - The environment is slippery, meaning the agent's intended direction is not guaranteed. Each action results in a probabilistic transition to one of three possible directions.
   - This stochasticity can lead to the agent unintentionally moving into holes or away from the goal.

3. **Outcome**:
   - Given the total reward of 0.0, the agent likely fell into a hole or failed to reach the goal within the episode's step limit.
   - The frequent left and up movements might have led the agent into a hole, especially if it was near the second row where holes are present.

### Strategy Recommendations:

1. **Improved Exploration**:
   - Encourage more diverse exploration strategies to better understand the environment's dynamics. This could involve varying the action selection strategy to avoid repetitive patterns that lead to suboptimal outcomes.

2. **Policy Adjustment**:
   - Consider using a policy that accounts for the stochastic nature of the environment. Implementing a more robust policy, such as one based on Q-learning with eligibility traces or SARSA, might help the agent better anticipate the effects of slippery transitions.

3. **State-Action Value Estimation**:
   - Improve the estimation of state-action values by increasing the number of episodes or using function approximation techniques. This can help the agent learn more accurate values for each state-action pair, leading to better decision-making.

4. **Reward Shaping**:
   - Introduce intermediate rewards for reaching certain states or avoiding holes to guide the agent more effectively towards the goal.

5. **Environment Familiarization**:
   - Allow the agent to spend more time exploring the environment without the pressure of reaching the goal. This can help it learn the layout and the effects of slippery transitions more thoroughly.

By implementing these strategies, the agent may improve its performance in navigating the FrozenLake environment and increase its chances of reaching the goal state successfully.","To improve the agent's performance in the FrozenLake-v1 environment, we need to consider the current action sequence and the environment's dynamics. The agent's previous sequence showed a tendency to move left and up, which might have contributed to falling into holes or not reaching the goal. Given the slippery nature of the environment, we should encourage a more balanced exploration strategy that allows the agent to explore different paths more effectively.

### Recommended Action Distribution:

1. **Balanced Exploration**: 
   - Since the agent frequently moved left (3) and up (2), we should encourage more exploration in the down (0) and right (1) directions to balance the exploration and potentially find safer paths to the goal.

2. **Incorporate Stochasticity**:
   - Given the environment's stochastic transitions, the agent should not overly rely on any single direction. A more uniform distribution can help mitigate the effects of unintended movements.

3. **Encourage Goal-Oriented Moves**:
   - Moving right (1) and down (0) can be more goal-oriented, especially from the starting position, as they generally lead towards the goal state (G).

Based on these considerations, here's a suggested probability distribution for the next episode:

```python
{0: 0.25, 1: 0.25, 2: 0.25, 3: 0.25}
```

This distribution provides a balanced exploration strategy, allowing the agent to explore all directions equally. This approach can help the agent better understand the environment's dynamics and potentially discover more effective paths to the goal. As the agent learns and gathers more information, this distribution can be adjusted to favor more promising actions based on learned state-action values."
61,0.0,0.0,0.75844,0.024047717452049255,N/A,N/A
62,0.0,0.0,0.75448,0.01639031246304512,N/A,N/A
63,0.0,0.0,0.75052,0.026556767523288727,N/A,N/A
64,0.0,0.0,0.74656,0.009533262811601162,N/A,N/A
65,0.0,0.0,0.7425999999999999,0.01447784248739481,"In the last episode of the training process on the FrozenLake-v1 environment, the agent received a total reward of 0.0, indicating that it did not successfully reach the goal state (G) and likely fell into a hole (H) or ran out of steps without reaching the goal. The action sequence extracted at intervals was [3, 2, 1, 3, 3, 3, 3, 3, 3, 0, 1, 3, 0, 2, 1, 1, 1]. Let's analyze this sequence and the possible reasons for the outcome:

### Analysis of the Action Sequence:

1. **Initial Actions (3, 2, 1):**
   - The agent starts at state 0 (S) and takes action 3 (move left), which is ineffective as it is already at the leftmost edge of the grid. 
   - Action 2 (move up) is also ineffective from the starting position.
   - Action 1 (move right) is a reasonable choice to move towards the goal.

2. **Middle Actions (3, 3, 3, 3, 3, 3):**
   - The agent repeatedly attempts to move left (action 3), which is likely ineffective or counterproductive, especially if it is near the left edge or in a position where moving left leads to a hole.
   - This sequence suggests the agent might be stuck in a loop or is not effectively exploring the environment.

3. **Later Actions (0, 1, 3, 0, 2, 1, 1, 1):**
   - The agent attempts to move down (action 0) and right (action 1), which are generally good strategies for progressing towards the goal.
   - However, the repeated use of action 3 (move left) suggests the agent might be reverting to ineffective moves.
   - The final actions (1, 1, 1) indicate an attempt to move right, but it might have been too late or ineffective due to the agent's position.

### Possible Reasons for Failure:

- **Slippery Dynamics:** The stochastic nature of the environment means that intended actions often result in unintended movements, making it challenging for the agent to reach the goal.
- **Ineffective Exploration:** The agent's repeated actions, particularly moving left, suggest it may not be exploring effectively or learning from past experiences.
- **Suboptimal Policy:** The agent's policy might not be well-optimized, leading to poor decision-making and failure to avoid holes or reach the goal.

### Strategy Recommendations:

1. **Improve Exploration:**
   - Implement exploration strategies like epsilon-greedy with decay to balance exploration and exploitation better.
   - Consider using exploration bonuses or intrinsic motivation to encourage the agent to explore less-visited states.

2. **Enhance Learning Algorithm:**
   - Use more advanced algorithms like Q-learning with function approximation or deep Q-networks (DQN) to better handle the stochasticity and complexity of the environment.
   - Incorporate experience replay to learn from past experiences more effectively.

3. **State Representation:**
   - Improve state representation to capture more information about the environment, which might help the agent make better decisions.

4. **Reward Shaping:**
   - Introduce intermediate rewards for reaching certain states or avoiding holes to guide the agent towards the goal more effectively.

5. **Policy Evaluation and Improvement:**
   - Regularly evaluate the policy and adjust hyperparameters to ensure the agent is learning effectively.
   - Use policy gradient methods to directly optimize the policy if value-based methods are not yielding satisfactory results.

By addressing these areas, the agent can improve its performance in the FrozenLake environment and increase its chances of successfully reaching the goal.","To improve the agent's effectiveness in the FrozenLake environment, we need to adjust the action selection strategy to encourage better exploration and exploitation. Given the analysis of the previous episode, the agent's tendency to repeatedly choose ineffective actions (like moving left) suggests that a more balanced exploration strategy is needed.

One common approach is to use an epsilon-greedy strategy, where the agent mostly exploits the best-known action but occasionally explores other actions. However, since the agent seems to be stuck in a loop, we should initially encourage more exploration to break out of this pattern.

Let's assume an epsilon value of 0.3 for exploration, meaning the agent will explore 30% of the time and exploit 70% of the time. When exploring, we can distribute the probability equally among all actions. When exploiting, we should favor actions that are generally more effective in reaching the goal, such as moving right (action 1) and moving down (action 0).

Here's a possible probability distribution for the next episode:

- **Exploit (70% of the time):** Focus on actions that move the agent towards the goal.
  - Action 1 (move right): 0.35
  - Action 0 (move down): 0.25
  - Action 2 (move up): 0.05
  - Action 3 (move left): 0.05

- **Explore (30% of the time):** Distribute equally among all actions.
  - Action 0: 0.075
  - Action 1: 0.075
  - Action 2: 0.075
  - Action 3: 0.075

Combining both strategies, the overall distribution becomes:

- Action 0: 0.25 (0.25 from exploit + 0.075 from explore)
- Action 1: 0.425 (0.35 from exploit + 0.075 from explore)
- Action 2: 0.125 (0.05 from exploit + 0.075 from explore)
- Action 3: 0.125 (0.05 from exploit + 0.075 from explore)

Therefore, the probability distribution for the 4 action explorations for the next episode is:

```python
{0: 0.25, 1: 0.425, 2: 0.125, 3: 0.125}
```

This distribution encourages the agent to prioritize moving right and down, which are generally more effective for reaching the goal, while still allowing for exploration to discover potentially better strategies."
66,0.0,0.0,0.73864,0.012093237601220608,N/A,N/A
67,0.0,0.0,0.73468,0.017401522025465965,N/A,N/A
68,0.0,0.0,0.73072,0.027581555768847466,N/A,N/A
69,0.0,0.0,0.72676,0.020534025505185127,N/A,N/A
70,0.0,0.0,0.7228,0.010933763347566128,"In the last episode of the training process on the FrozenLake-v1 environment, the agent ended with a total reward of 0.0, indicating that it did not successfully reach the goal state (G) and likely fell into a hole (H) or ran out of steps before reaching the goal. The action sequence extracted at intervals was [0, 1, 1, 1, 1, 0, 1, 1, 2, 1, 3]. Let's analyze this sequence and provide some strategy recommendations.

### Analysis:

1. **Initial Actions:**
   - The sequence starts with action 0, which corresponds to a move down, left, or up. This suggests the agent attempted to move from the starting point (S) at state 0, potentially moving to state 4, 0, or 1.

2. **Subsequent Actions:**
   - The agent then repeatedly chose action 1, which corresponds to a move right, down, or left. This indicates an attempt to move towards the right side of the grid, possibly trying to navigate through states 1, 2, 3, 7, 11, or 15.

3. **Later Actions:**
   - The agent chose action 0 again, followed by more action 1s, suggesting it was trying to navigate downwards or continue moving right.
   - The action 2, which corresponds to a move up, right, or down, might have been an attempt to adjust the trajectory, but given the slippery nature, it could have led to unintended movements.
   - The final action 3, which corresponds to a move left, up, or right, might have been an attempt to correct the path or avoid a hole, but it did not lead to the goal.

4. **Outcome:**
   - The agent did not reach the goal and likely fell into a hole or got stuck in a loop without reaching the goal, resulting in a reward of 0.0.

### Strategy Recommendations:

1. **Improved Exploration:**
   - Encourage more diverse exploration strategies. The agent seems to be stuck in a repetitive pattern of actions. Implementing an epsilon-greedy strategy with a decaying epsilon could help balance exploration and exploitation.

2. **State-Action Value Estimation:**
   - Enhance the learning of state-action values (Q-values) to better estimate the expected rewards of actions in different states. This can be achieved by using techniques like Q-learning or SARSA with sufficient exploration.

3. **Handling Slippery Dynamics:**
   - Given the stochastic nature of the environment, consider using model-based approaches to better predict the outcomes of actions. Alternatively, increase the robustness of the policy by training with a higher emphasis on handling uncertainty.

4. **Path Planning:**
   - Implement a more structured path planning approach, such as using value iteration or policy iteration, to identify optimal paths that avoid holes and lead to the goal.

5. **Reward Shaping:**
   - Introduce intermediate rewards for reaching certain states or for avoiding holes to provide more guidance to the agent during training.

By incorporating these strategies, the agent can improve its ability to navigate the FrozenLake environment effectively, increasing the likelihood of reaching the goal state and achieving a higher reward.","To improve the agent's effectiveness in the FrozenLake environment, we need to adjust the action exploration strategy to encourage more effective exploration while considering the stochastic nature of the environment. Given the previous episode's outcome and the analysis, we can implement an exploration strategy that balances exploration and exploitation, such as an epsilon-greedy approach with a focus on exploration.

For the next episode, we can set a distribution that slightly favors exploration to help the agent discover more successful paths and avoid repetitive patterns. Let's assume an epsilon value of 0.3 for exploration, meaning there is a 30% chance of selecting a random action and a 70% chance of selecting the best-known action based on current knowledge.

Since we don't have specific Q-values or a policy to determine the best action, we'll distribute the exploration probability equally among all actions. Here's a possible distribution:

- Exploration (random action): 0.3
- Exploitation (best-known action): 0.7

Assuming equal probability for each action during exploration, the distribution for the next episode could be:

```python
{0: 0.25 * 0.3 + 0.7 * 0.25, 1: 0.25 * 0.3 + 0.7 * 0.25, 2: 0.25 * 0.3 + 0.7 * 0.25, 3: 0.25 * 0.3 + 0.7 * 0.25}
```

This simplifies to:

```python
{0: 0.25, 1: 0.25, 2: 0.25, 3: 0.25}
```

This distribution reflects equal probability for each action, promoting exploration across all possible moves. As the agent learns and updates its policy, the exploitation component can be adjusted to favor actions with higher expected rewards."
71,0.0,0.0,0.71884,0.008083464577794075,N/A,N/A
72,0.0,0.3,0.71488,0.011423702351748943,N/A,N/A
73,0.0,0.3,0.71092,0.018013622611761093,N/A,N/A
74,0.0,0.1,0.70696,0.010499157011508942,N/A,N/A
75,0.0,0.1,0.7030000000000001,0.02404066175222397,"In the last episode of the training process on the FrozenLake-v1 environment, the agent received a total reward of 0.0, indicating that it did not reach the goal state (G) and likely fell into a hole (H) or failed to reach the goal within the episode's time limit. The action sequence extracted at intervals is [3, 2], which corresponds to the following actions:

- Action 3: Move left
- Action 2: Move up

Given the environment's transition dynamics and the slippery nature of the surface, the agent's intended actions may not have resulted in the expected movements. Instead, the agent could have ended up in unintended states due to the stochastic nature of the environment.

### Analysis:

1. **Action Sequence and State Transitions:**
   - The action sequence [3, 2] suggests that the agent attempted to move left and then up. However, due to the environment's stochastic transitions, the agent might have ended up in different states than intended.
   - The agent's movement could have been influenced by the equal probability of transitioning to unintended directions, such as moving right or down when attempting to move left or up.

2. **Reward Outcome:**
   - The total reward of 0.0 indicates that the agent did not reach the goal state (G) and likely ended up in a hole (H) or failed to reach the goal within the episode's time limit.
   - The absence of a positive reward suggests that the agent's exploration strategy needs improvement to navigate the grid more effectively.

### Strategy Recommendations:

1. **Improved Exploration:**
   - Encourage more diverse exploration strategies to cover different paths and increase the likelihood of reaching the goal. This could involve using exploration techniques like epsilon-greedy, where the agent occasionally takes random actions to explore new states.

2. **State-Action Value Estimation:**
   - Implement a value-based method, such as Q-learning, to estimate the expected rewards for state-action pairs. This can help the agent learn which actions are more likely to lead to the goal state.

3. **Policy Optimization:**
   - Consider using policy gradient methods to directly optimize the policy, allowing the agent to learn the probability distribution over actions that maximize the expected reward.

4. **Incorporate Reward Shaping:**
   - Introduce intermediate rewards for reaching specific states or avoiding holes to guide the agent towards the goal more effectively.

5. **Environment Familiarization:**
   - Allow the agent to spend more time familiarizing itself with the environment's dynamics, possibly by increasing the number of training episodes or adjusting the exploration-exploitation balance.

By implementing these strategies, the agent can improve its ability to navigate the FrozenLake environment, ultimately increasing the likelihood of reaching the goal state and achieving a positive reward.","To improve the agent's effectiveness in the FrozenLake environment, we need to encourage exploration while also guiding the agent towards more promising actions based on past experiences. Given the stochastic nature of the environment and the previous episode's outcome, we should consider an exploration strategy that balances exploration and exploitation.

One common approach is the epsilon-greedy strategy, where the agent mostly exploits the best-known actions but occasionally explores random actions. Let's assume an epsilon value of 0.2, meaning the agent will explore randomly 20% of the time and exploit the best-known actions 80% of the time.

Since we don't have specific Q-values or policy information from the previous episode, we'll assume a uniform distribution for exploitation, as we don't have enough information to favor any particular action. Therefore, the exploitation probability for each action will be equal.

Here's how we can distribute the probabilities:

- With 80% probability, the agent will exploit, and since we don't have a preference for any action, we distribute this equally among all actions.
- With 20% probability, the agent will explore randomly, which is also distributed equally among all actions.

Exploitation probability for each action = 0.8 / 4 = 0.2
Exploration probability for each action = 0.2 / 4 = 0.05

Total probability for each action = Exploitation probability + Exploration probability = 0.2 + 0.05 = 0.25

Thus, the probability distribution for the next episode's actions is:

```python
{0: 0.25, 1: 0.25, 2: 0.25, 3: 0.25}
```

This distribution reflects a balanced approach, allowing the agent to explore all actions equally while considering the lack of specific action preferences from the previous episode. As the agent gathers more experience and learns the environment's dynamics, it can adjust this distribution to favor more promising actions."
76,0.0,0.0,0.69904,0.016243262216448784,N/A,N/A
77,0.0,0.2,0.69508,0.018846074119210243,N/A,N/A
78,0.0,0.1,0.69112,0.010017208755016327,N/A,N/A
79,0.0,0.0,0.68716,0.015053409151732922,N/A,N/A
80,0.0,0.3,0.6832,0.0073432824574410915,"In the last episode of the training process on the FrozenLake-v1 environment, the agent received a total reward of 0.0, indicating that it did not successfully reach the goal state (G) and likely fell into a hole (H) or did not reach the goal within the episode's time limit. The action sequence extracted at intervals was [2, 0, 3, 1, 2, 3, 3, 0, 2], which corresponds to the following intended movements based on the action mapping:

- Action 2: Move up, with possible outcomes of moving up, right, or down.
- Action 0: Move down, with possible outcomes of moving down, left, or up.
- Action 3: Move left, with possible outcomes of moving left, up, or right.
- Action 1: Move right, with possible outcomes of moving right, down, or left.
- Action 2: Move up, with possible outcomes of moving up, right, or down.
- Action 3: Move left, with possible outcomes of moving left, up, or right.
- Action 3: Move left, with possible outcomes of moving left, up, or right.
- Action 0: Move down, with possible outcomes of moving down, left, or up.
- Action 2: Move up, with possible outcomes of moving up, right, or down.

### Analysis:

1. **Slippery Dynamics**: The environment's slippery nature means that the agent's intended actions often result in unintended movements. This stochasticity can lead the agent into holes or away from the goal, as seen in this episode.

2. **Action Sequence**: The sequence of actions suggests that the agent attempted a variety of movements, but the lack of a successful outcome indicates that these actions did not form an effective strategy for reaching the goal. The sequence includes multiple attempts to move up and left, which might have been intended to navigate towards the goal, but the stochastic transitions likely disrupted this plan.

3. **Reward Outcome**: The total reward of 0.0 suggests that the agent either fell into a hole or did not reach the goal within the episode's time limit. Given the environment's layout, it is likely that the agent encountered a hole, as there are several holes positioned in the grid.

### Strategy Recommendations:

1. **Exploration Strategy**: Encourage more systematic exploration strategies that account for the environment's stochastic nature. This could involve using exploration techniques like epsilon-greedy with a decaying epsilon to balance exploration and exploitation.

2. **State-Action Value Learning**: Implement a learning algorithm such as Q-learning or SARSA that can help the agent learn the expected rewards of state-action pairs over time. This can help the agent develop a policy that maximizes the likelihood of reaching the goal despite the slippery dynamics.

3. **Model-Based Approaches**: Consider using model-based reinforcement learning to build a model of the environment's transition dynamics. This can help the agent simulate potential outcomes of actions and plan more effectively.

4. **Reward Shaping**: Introduce intermediate rewards for reaching certain states or avoiding holes to guide the agent towards the goal. This can help the agent learn a more effective policy by providing additional feedback.

5. **Policy Improvement**: Use policy gradient methods or actor-critic algorithms to directly learn a policy that can handle the stochastic transitions more effectively.

By implementing these strategies, the agent can improve its ability to navigate the FrozenLake environment and increase its chances of reaching the goal successfully.","To improve the agent's effectiveness in the FrozenLake environment, we need to consider a strategy that balances exploration and exploitation while accounting for the stochastic nature of the environment. Given the previous episode's outcome and the analysis, we can adjust the action probabilities to encourage more systematic exploration and potentially more effective navigation towards the goal.

One approach is to use an epsilon-greedy strategy, where the agent mostly exploits the best-known actions but occasionally explores other actions to gather more information about the environment. We can set a reasonable exploration rate (epsilon) to ensure that the agent explores enough to learn about the environment's dynamics.

Let's assume an epsilon value of 0.2 for exploration, meaning the agent will explore 20% of the time and exploit the best-known actions 80% of the time. Since we don't have specific information about which actions are currently considered the best, we'll distribute the exploration probability equally among all actions.

Here's how we can distribute the action probabilities:

- Exploitation (80% of the time): Assume the agent has no strong preference yet, so distribute equally among all actions.
- Exploration (20% of the time): Distribute equally among all actions.

The distribution can be calculated as follows:

- Exploitation probability per action: 0.8 / 4 = 0.2
- Exploration probability per action: 0.2 / 4 = 0.05

Total probability per action = Exploitation probability + Exploration probability = 0.2 + 0.05 = 0.25

Thus, the action distribution for the next episode would be:

```python
{0: 0.25, 1: 0.25, 2: 0.25, 3: 0.25}
```

This uniform distribution reflects a balanced approach, allowing the agent to explore all actions equally while it gathers more information to refine its strategy in future episodes. As the agent learns more about the environment, these probabilities can be adjusted to favor actions that lead more reliably towards the goal."
81,0.0,0.3,0.6792400000000001,0.00830880831927061,N/A,N/A
82,0.0,0.2,0.67528,0.015443647280335426,N/A,N/A
83,0.0,0.2,0.6713199999999999,0.012478955090045929,N/A,N/A
84,0.0,0.1,0.66736,0.012456489726901054,N/A,N/A
85,0.0,0.0,0.6634,0.02486146241426468,"In the last episode of the training process on the FrozenLake-v1 environment, the agent received a total reward of 0.0, indicating that it did not successfully reach the goal state (G) and likely fell into a hole (H) or ran out of steps before reaching the goal. The action sequence extracted at intervals is quite extensive, suggesting that the agent took numerous steps without achieving the desired outcome.

### Analysis:

1. **Action Sequence and Exploration:**
   - The action sequence [1, 3, 1, 1, 3, 3, 3, 3, 1, 1, 0, 3, 0, 3, 3, 2, 1, 3, 0, 3, 3, 1, 3, 2, 3, 3, 3, 3, 1, 0, 1, 3, 1, 2, 3, 2, 1, 2, 3, 0, 0, 0, 0, 0, 2, 0, 0, 1, 2, 3, 2, 0, 1, 0] shows a high degree of exploration, with the agent trying various actions repeatedly.
   - The agent seems to favor actions 3 (left) and 0 (down) more frequently, which might indicate a bias or a lack of effective strategy in navigating the grid.

2. **Slippery Dynamics:**
   - The environment's slippery nature means that the agent's intended actions do not always result in the expected state transitions. This stochasticity can lead to the agent inadvertently stepping into holes or failing to reach the goal.

3. **Lack of Goal Achievement:**
   - The total reward of 0.0 suggests that the agent did not reach the goal state. This could be due to falling into a hole or failing to find an optimal path to the goal within the episode's step limit.

### Strategy Recommendations:

1. **Improved Exploration Strategy:**
   - Consider implementing an exploration strategy that balances exploration and exploitation more effectively. Techniques such as epsilon-greedy with decay or using a softmax action selection could help the agent explore the environment more strategically.

2. **State-Action Value Estimation:**
   - Enhance the agent's ability to estimate state-action values accurately. This can be achieved through methods like Q-learning or SARSA, which can help the agent learn the expected rewards of actions in different states.

3. **Model-Based Approaches:**
   - Incorporate model-based reinforcement learning techniques to better predict the outcomes of actions in the slippery environment. This could involve learning a transition model to simulate potential future states and rewards.

4. **Reward Shaping:**
   - Introduce intermediate rewards to guide the agent towards the goal. For example, providing small positive rewards for moving closer to the goal or avoiding holes could incentivize safer and more goal-directed exploration.

5. **Environment Familiarization:**
   - Allow the agent more episodes to familiarize itself with the environment's dynamics. This could involve increasing the number of training episodes or using transfer learning if applicable.

6. **Policy Optimization:**
   - Experiment with policy gradient methods or actor-critic algorithms to directly optimize the policy, potentially leading to more effective navigation strategies in the stochastic environment.

By implementing these strategies, the agent may improve its ability to navigate the FrozenLake environment successfully, ultimately increasing the likelihood of reaching the goal state and achieving higher rewards.","To improve the agent's effectiveness in the FrozenLake-v1 environment, we need to adjust the action selection strategy to balance exploration and exploitation while considering the environment's stochastic nature. Given the previous episode's analysis, the agent favored actions 3 (left) and 0 (down), which might indicate a bias or lack of strategy. To address this, we can implement an epsilon-greedy strategy with a slight bias towards actions that might lead to more effective exploration.

Here's a suggested probability distribution for the next episode, considering the need for exploration and the environment's dynamics:

- **Action 0 (Down):** This action can be useful for moving towards the goal, especially from the starting position. However, due to the slippery nature, it should not be overly favored.
- **Action 1 (Right):** Moving right is generally beneficial for progressing towards the goal, especially from the starting position. This action should have a slightly higher probability to encourage movement towards the goal.
- **Action 2 (Up):** Moving up is less likely to be beneficial in reaching the goal from the starting position, but it should still be considered to maintain exploration.
- **Action 3 (Left):** This action was previously favored, but it often leads away from the goal. Its probability should be reduced to encourage more goal-directed exploration.

Given these considerations, a balanced probability distribution might look like this:

```python
{0: 0.25, 1: 0.35, 2: 0.15, 3: 0.25}
```

This distribution slightly favors moving right (action 1) to encourage progress towards the goal while maintaining a reasonable level of exploration with the other actions. Adjustments can be made based on further observations and results from subsequent episodes."
86,1.0,0.2,0.65944,0.011807073839008808,N/A,N/A
87,0.0,0.1,0.6554800000000001,0.01248677633702755,N/A,N/A
88,0.0,0.1,0.6515200000000001,0.008429431356489658,N/A,N/A
89,0.0,0.2,0.64756,0.007833647541701794,N/A,N/A
90,0.0,0.2,0.6436,0.008169322274625301,"In the last episode of the training process on the FrozenLake-v1 environment, the agent received a total reward of 0.0, indicating that it did not successfully reach the goal state (G) and likely fell into a hole (H) or ran out of steps before reaching the goal. The action sequence extracted at intervals is [2, 1, 3, 3, 0, 2, 3, 2, 0, 0, 1, 3, 1, 0, 0, 1, 2], which provides insight into the agent's decision-making process during this episode.

### Analysis:

1. **Action Sequence and Movement:**
   - The action sequence suggests that the agent attempted a variety of movements, including moving up (2), right (1), left (3), and down (0).
   - The sequence shows a lack of consistent direction, which might indicate that the agent is struggling to form a coherent strategy to navigate the grid effectively.

2. **Slippery Dynamics:**
   - The environment's slippery nature means that the agent's intended actions do not always result in the expected movement. This stochasticity can lead to the agent inadvertently moving into holes or away from the goal.

3. **Exploration vs. Exploitation:**
   - The agent's actions appear exploratory, as there is no clear pattern or repetition that suggests exploitation of a known successful path.
   - The lack of a reward suggests that the agent may not have learned a reliable policy to avoid holes and reach the goal.

### Strategy Recommendations:

1. **Improved Exploration Strategy:**
   - Consider implementing an exploration strategy that balances exploration and exploitation more effectively, such as epsilon-greedy with a decaying epsilon. This approach allows the agent to explore initially but gradually focus on exploiting known successful paths.

2. **Incorporate Learning from Failures:**
   - Use techniques like Q-learning or SARSA to update the agent's policy based on the outcomes of its actions. Ensure that the agent learns from both successful and unsuccessful episodes to improve its decision-making.

3. **State-Action Value Function:**
   - Enhance the agent's understanding of the environment by refining the state-action value function. This can be achieved by increasing the number of episodes or using function approximation methods like deep Q-networks (DQN) for better generalization.

4. **Reward Shaping:**
   - Introduce intermediate rewards for reaching certain states or avoiding holes to guide the agent towards the goal more effectively. This can help the agent learn the importance of certain actions and states.

5. **Policy Evaluation and Improvement:**
   - Regularly evaluate the agent's policy and make iterative improvements. Use techniques like policy iteration or value iteration to refine the policy based on the learned value functions.

By implementing these strategies, the agent can improve its ability to navigate the FrozenLake environment, avoid holes, and reach the goal more consistently.","To improve the agent's effectiveness in the FrozenLake environment, we need to adjust the action selection strategy to balance exploration and exploitation. Given the stochastic nature of the environment and the agent's previous performance, an epsilon-greedy strategy with a decaying epsilon is appropriate. Initially, we want to encourage exploration to gather more information about the environment, but over time, we should shift towards exploiting the learned policy.

For the next episode, let's assume an initial exploration rate (epsilon) of 0.3, meaning there's a 30% chance of choosing a random action to explore and a 70% chance of choosing the action with the highest estimated value (exploitation). Since we don't have specific Q-values or a learned policy from the previous episode, we'll distribute the exploitation probability equally among the actions for simplicity.

Here's how we can distribute the probabilities:

- Exploration (random action): 30% of the time, each action has an equal probability of being selected.
- Exploitation (best action): 70% of the time, we distribute this probability equally among all actions since we don't have a specific best action yet.

Given this, the probability distribution for each action is calculated as follows:

- Exploration probability for each action: 0.3 / 4 = 0.075
- Exploitation probability for each action: 0.7 / 4 = 0.175

Therefore, the total probability for each action is:

- Total probability for each action: 0.075 (exploration) + 0.175 (exploitation) = 0.25

Thus, the probability distribution for the next episode is:

```python
{0: 0.25, 1: 0.25, 2: 0.25, 3: 0.25}
```

This uniform distribution reflects the current lack of a learned policy and ensures that the agent continues to explore the environment effectively while gradually moving towards exploitation as it learns more about the environment. As the agent gathers more data and updates its policy, the distribution can be adjusted to favor actions with higher estimated values."
91,0.0,0.0,0.63964,0.008779003284871578,N/A,N/A
92,0.0,0.0,0.63568,0.022157493978738785,N/A,N/A
93,0.0,0.0,0.6317200000000001,0.022780753672122955,N/A,N/A
94,0.0,0.1,0.62776,0.011721714399755001,N/A,N/A
95,0.0,0.0,0.6238,0.008457113057374954,"In the last episode of the training process on the FrozenLake-v1 environment, the agent received a total reward of 0.0, indicating that it did not successfully reach the goal (G) and likely fell into a hole (H) or did not reach the goal within the episode's time limit. The action sequence taken by the agent was [1, 2, 3, 3, 0, 0, 3, 3, 2, 3, 0]. Let's analyze this sequence and the possible reasons for the outcome:

### Analysis:

1. **Action Sequence**:
   - The sequence of actions is [1, 2, 3, 3, 0, 0, 3, 3, 2, 3, 0].
   - These actions correspond to the following movements:
     - 1: Move right
     - 2: Move up
     - 3: Move left
     - 0: Move down

2. **Slippery Dynamics**:
   - Due to the slippery nature of the environment, each action has a 1/3 probability of resulting in one of three possible movements. This stochasticity can lead to unintended movements, making it challenging to navigate the grid accurately.

3. **Outcome**:
   - The total reward of 0.0 suggests that the agent either fell into a hole (H) or did not reach the goal (G) within the episode's time limit. Given the sequence length and the lack of reward, it is likely that the agent fell into a hole.

### Possible Strategy Recommendations:

1. **Exploration Strategy**:
   - **Increase Exploration**: Ensure the agent explores more of the state space to better understand the environment's dynamics. This can be achieved by increasing the exploration rate (e.g., epsilon in an epsilon-greedy strategy) during training.
   - **Diverse Action Sampling**: Encourage the agent to try different actions to gather more information about the effects of each action in various states.

2. **Learning Algorithm**:
   - **Q-Learning with Eligibility Traces**: Consider using Q-learning with eligibility traces to help the agent learn more effectively from its experiences by updating multiple state-action pairs.
   - **SARSA**: Implement the SARSA algorithm, which might perform better in environments with stochastic transitions, as it takes into account the action actually taken.

3. **Reward Shaping**:
   - **Intermediate Rewards**: Introduce intermediate rewards for reaching certain states that are closer to the goal, which can guide the agent towards the goal more effectively.

4. **Environment Understanding**:
   - **Model-Based Approaches**: Use model-based reinforcement learning to help the agent build a model of the environment's dynamics, which can improve decision-making in stochastic environments.

5. **Policy Improvement**:
   - **Policy Gradient Methods**: Consider using policy gradient methods to directly learn a policy that can handle the stochastic nature of the environment more effectively.

By implementing these strategies, the agent may improve its ability to navigate the FrozenLake environment, avoid holes, and reach the goal more consistently.","To improve the agent's effectiveness in the FrozenLake environment, we need to adjust the exploration strategy to better handle the stochastic nature of the environment and encourage more effective exploration. Given the previous episode's outcome and the analysis, a balanced exploration strategy is recommended to ensure the agent explores the state space adequately while also exploiting known information.

One common approach is to use an epsilon-greedy strategy, where the agent selects a random action with probability epsilon (exploration) and the best-known action with probability 1-epsilon (exploitation). However, since we are focusing on exploration, we will distribute the probabilities more evenly to encourage exploration.

Let's assume we want to increase exploration by setting a higher epsilon value, say 0.6, meaning the agent will explore 60% of the time and exploit 40% of the time. In the exploration phase, we distribute the probabilities equally among all actions. In the exploitation phase, we assume the agent has no strong preference yet, so we also distribute the probabilities equally.

Here's how we can set the action probabilities:

- Exploration (60% of the time): Equal probability for each action.
- Exploitation (40% of the time): Equal probability for each action (since we assume no strong preference yet).

The resulting probability distribution for each action is:

- Exploration probability for each action: 0.6 / 4 = 0.15
- Exploitation probability for each action: 0.4 / 4 = 0.10

Combining both exploration and exploitation probabilities:

\[ \text{Total probability for each action} = 0.15 + 0.10 = 0.25 \]

Thus, the probability distribution for the actions is:

```python
{0: 0.25, 1: 0.25, 2: 0.25, 3: 0.25}
```

This distribution encourages the agent to explore all actions equally, which is suitable for environments with high stochasticity like FrozenLake. As the agent learns more about the environment, the distribution can be adjusted to favor more promising actions."
96,0.0,0.0,0.61984,0.009463189169764519,N/A,N/A
97,0.0,0.0,0.61588,0.010289288125932217,N/A,N/A
98,0.0,0.0,0.61192,0.013925772160291672,N/A,N/A
99,0.0,0.1,0.6079600000000001,0.009117968380451202,N/A,N/A
100,0.0,0.0,0.604,0.009322676807641983,"In the last episode of the training process on the FrozenLake-v1 environment, the agent received a total reward of 0.0, indicating that it did not reach the goal state (G) and likely fell into a hole (H) or failed to reach the goal within the episode's time limit. The action sequence extracted at intervals is [0, 3], which corresponds to the agent attempting to move down and left, respectively.

### Analysis:

1. **Action Sequence**: 
   - The sequence [0, 3] suggests that the agent attempted to move down and then left. Given the grid layout, starting from the initial state (S at position 0), the agent's intended path would be:
     - Action 0 (move down): From state 0 to state 4.
     - Action 3 (move left): From state 4 to state 4 (since moving left from state 4 would hit the wall and remain in the same state).

2. **Transition Dynamics**:
   - The environment's slippery nature means that the agent's intended actions may not always result in the expected state transitions. For instance, when the agent attempted to move down (action 0), it could have ended up moving left or up instead due to the stochastic nature of the environment.
   - Similarly, when attempting to move left (action 3), the agent could have moved up or right instead.

3. **Outcome**:
   - Given the total reward of 0.0, it is likely that the agent either fell into a hole or did not reach the goal within the episode. The limited action sequence suggests that the agent's exploration was cut short, possibly due to falling into a hole early in the episode.

### Strategy Recommendations:

1. **Improved Exploration**:
   - Encourage more diverse exploration strategies to cover more of the grid. This could involve using exploration techniques such as epsilon-greedy, where the agent occasionally takes random actions to explore new states.

2. **Learning from Failures**:
   - Implement a mechanism to learn from episodes where the agent falls into a hole. This could involve updating the value function or policy to avoid states that lead to holes.

3. **State-Action Value Estimation**:
   - Enhance the agent's ability to estimate the value of state-action pairs more accurately. This could involve using techniques like Q-learning or SARSA to better account for the stochastic transitions.

4. **Increased Training Episodes**:
   - Increase the number of training episodes to allow the agent more opportunities to learn the optimal policy. More episodes provide the agent with more experience to understand the environment's dynamics.

5. **Reward Shaping**:
   - Consider implementing reward shaping to provide intermediate rewards for reaching certain states or avoiding holes, which can guide the agent towards the goal more effectively.

By adopting these strategies, the agent can improve its performance in navigating the FrozenLake environment, ultimately increasing its chances of reaching the goal state successfully.","To improve the agent's exploration and effectiveness in the FrozenLake environment, we need to consider a strategy that balances exploration and exploitation. Given the stochastic nature of the environment and the agent's recent failure to reach the goal, a more exploratory approach is warranted. One common method is the epsilon-greedy strategy, where the agent mostly follows its current policy but occasionally takes random actions to explore new states.

For the next episode, we can set an exploration probability (epsilon) to encourage the agent to explore more. A typical starting point for epsilon is 0.1, meaning the agent will take a random action 10% of the time and follow its current policy 90% of the time. However, since the agent is still learning and has not reached the goal, we might want to increase exploration slightly to ensure it explores more of the state space.

Let's assume an epsilon value of 0.2 for increased exploration. This means the agent will take a random action 20% of the time. The remaining 80% of the time, the agent will follow its current policy. Since we don't have a specific policy provided, we'll distribute the remaining probability equally among the actions, assuming the agent doesn't have a strong preference yet.

Here's how the action probabilities can be distributed:

- Exploration (random action): 20% of the time, each action has an equal probability of being chosen.
- Exploitation (following the current policy): 80% of the time, we'll assume equal preference for each action due to lack of specific policy information.

Thus, the probability distribution for each action can be calculated as follows:

- Probability of each action during exploration: 0.2 / 4 = 0.05
- Probability of each action during exploitation: 0.8 / 4 = 0.2

Total probability for each action:

- Action 0: 0.05 (exploration) + 0.2 (exploitation) = 0.25
- Action 1: 0.05 (exploration) + 0.2 (exploitation) = 0.25
- Action 2: 0.05 (exploration) + 0.2 (exploitation) = 0.25
- Action 3: 0.05 (exploration) + 0.2 (exploitation) = 0.25

Therefore, the probability distribution for the next episode is:

```python
{0: 0.25, 1: 0.25, 2: 0.25, 3: 0.25}
```

This distribution encourages exploration while maintaining a balanced approach to all actions, allowing the agent to learn more about the environment's dynamics."
101,0.0,0.0,0.6000399999999999,0.0064116911962628365,N/A,N/A
102,0.0,0.0,0.59608,0.018353916704654694,N/A,N/A
103,0.0,0.1,0.59212,0.009728636592626572,N/A,N/A
104,0.0,0.1,0.58816,0.013751095160841942,N/A,N/A
105,0.0,0.2,0.5842,0.006851151119917631,"In the last episode of the training process on the FrozenLake-v1 environment, the agent received a total reward of 0.0. This indicates that the agent did not reach the goal state (G) and likely fell into a hole (H) or ran out of steps without reaching the goal. The action sequence extracted at intervals was [3, 3, 3, 2, 3, 3, 2, 3, 0, 0, 3, 3, 0], which corresponds to the following actions:

- Action 3: Move left
- Action 2: Move up
- Action 0: Move down

Analyzing the action sequence:

1. **Initial Actions (3, 3, 3):** The agent attempted to move left three times. Starting from the initial position (state 0), moving left would keep the agent in the same position due to the grid's boundary. This indicates a lack of effective exploration in the initial steps.

2. **Subsequent Actions (2, 3, 3, 2):** The agent then attempted to move up, left, left, and up. Given the grid layout, moving up from the initial row would also result in no change in position due to the boundary. The repeated left actions suggest the agent might be stuck in a loop or is not effectively exploring new states.

3. **Middle Actions (3, 0, 0):** The agent tried moving left again, followed by two down actions. Moving down from the initial row would transition the agent to the second row, but the sequence suggests the agent might have been oscillating between states without making significant progress towards the goal.

4. **Final Actions (3, 3, 0):** The agent continued with left actions and a final down action. This pattern indicates the agent might have been exploring the left side of the grid but failed to navigate towards the goal effectively.

**Possible Strategy Recommendations:**

1. **Improved Exploration Strategy:** The agent appears to be stuck in repetitive actions without exploring new states effectively. Implementing an exploration strategy like epsilon-greedy, where the agent occasionally takes random actions, could help in discovering new paths and avoiding loops.

2. **State-Action Value Update:** Ensure that the learning algorithm is effectively updating the state-action values (Q-values) based on the rewards received. This can help the agent learn which actions lead to better outcomes over time.

3. **Increased Exploration Rate:** Consider increasing the exploration rate temporarily to encourage the agent to try different actions and discover new paths, especially in the early stages of training.

4. **Reward Shaping:** Introduce intermediate rewards for reaching certain states that are closer to the goal. This can guide the agent towards the goal more effectively by providing positive reinforcement for partial progress.

5. **Analyze Transition Dynamics:** Given the slippery nature of the environment, ensure that the agent's policy accounts for the stochastic transitions. This might involve simulating multiple potential outcomes for each action to better estimate the expected rewards.

By implementing these strategies, the agent may improve its ability to navigate the FrozenLake environment and increase the likelihood of reaching the goal state successfully in future episodes.","To improve the agent's exploration in the FrozenLake environment, we need to adjust the action selection strategy to encourage more effective exploration while accounting for the environment's stochastic nature. Given the previous episode's performance, we should consider a strategy that balances exploration and exploitation, such as epsilon-greedy.

In epsilon-greedy, the agent selects a random action with probability epsilon (exploration) and the best-known action with probability 1-epsilon (exploitation). Since the agent seems to be stuck in repetitive actions, we should increase the exploration rate to encourage trying different actions.

Let's assume an exploration rate (epsilon) of 0.3 for the next episode. This means the agent will explore (select a random action) 30% of the time and exploit (select the best-known action) 70% of the time. Since we don't have specific Q-values or a policy indicating the best action, we'll distribute the exploration probability equally among all actions.

Here's how the action probabilities would be distributed:

- Exploration (random action): 0.3 probability, distributed equally among all actions.
- Exploitation (best action): 0.7 probability, but since we don't have a specific best action, we'll assume equal distribution for simplicity.

The action probability distribution would be:

- Exploration probability for each action: 0.3 / 4 = 0.075
- Exploitation probability for each action: 0.7 / 4 = 0.175

Combining exploration and exploitation probabilities, the distribution for each action is:

- Action 0: 0.075 (exploration) + 0.175 (exploitation) = 0.25
- Action 1: 0.075 (exploration) + 0.175 (exploitation) = 0.25
- Action 2: 0.075 (exploration) + 0.175 (exploitation) = 0.25
- Action 3: 0.075 (exploration) + 0.175 (exploitation) = 0.25

Therefore, the output distribution for the next episode is:

```python
{0: 0.25, 1: 0.25, 2: 0.25, 3: 0.25}
```

This distribution encourages the agent to explore all actions equally, which is suitable given the lack of specific knowledge about the best actions in the current policy. As the agent learns and updates its Q-values, the distribution can be adjusted to favor more promising actions."
106,0.0,0.1,0.5802400000000001,0.018826115876436234,N/A,N/A
107,0.0,0.1,0.57628,0.02750164270401001,N/A,N/A
108,0.0,0.1,0.5723199999999999,0.0166335329413414,N/A,N/A
109,0.0,0.1,0.56836,0.016350962221622467,N/A,N/A
110,0.0,0.1,0.5644,0.00902651995420456,"In the last episode of the training process on the FrozenLake-v1 environment, the agent received a total reward of 0.0, indicating that it did not successfully reach the goal (G) and likely fell into a hole (H) or did not reach the goal within the episode's time limit. The action sequence extracted at intervals was [3, 3, 3, 3, 3, 0, 2], which corresponds to the following actions based on the environment's action space:

- Action 3: Move left
- Action 0: Move down
- Action 2: Move up

### Analysis:

1. **Action Sequence**: The agent predominantly chose action 3 (move left) five times consecutively, followed by a move down (action 0) and then a move up (action 2). This sequence suggests that the agent might have been stuck in a loop or was attempting to navigate a specific path but failed to adapt its strategy effectively.

2. **Slippery Dynamics**: The environment's slippery nature means that each action has a probabilistic outcome, which can lead to unintended movements. This characteristic increases the difficulty of planning precise paths and requires the agent to be adaptable and resilient to deviations.

3. **Reward Outcome**: The total reward of 0.0 indicates that the agent either fell into a hole or did not reach the goal within the episode. Given the action sequence, it is plausible that the agent's repeated left movements led it into a hole or an ineffective path.

### Strategy Recommendations:

1. **Exploration-Exploitation Balance**: The agent may benefit from a better balance between exploration and exploitation. Increasing exploration could help the agent discover more effective paths and avoid getting stuck in loops or suboptimal strategies.

2. **Policy Improvement**: The agent's policy should be refined to account for the probabilistic nature of the environment. This could involve using algorithms that incorporate stochastic dynamics, such as Q-learning with eligibility traces or SARSA, which can help the agent learn more robust strategies.

3. **State-Action Value Estimation**: Improving the estimation of state-action values can help the agent make better decisions. Techniques such as double Q-learning or using a neural network to approximate the Q-values might enhance the agent's ability to evaluate actions more accurately.

4. **Reward Shaping**: Introducing intermediate rewards for reaching certain states or avoiding holes could guide the agent more effectively towards the goal. This approach can provide additional feedback and motivation for the agent to pursue successful strategies.

5. **Environment Familiarization**: Allowing the agent to spend more time exploring the environment without the pressure of reaching the goal might help it develop a better understanding of the grid layout and the consequences of its actions.

By implementing these strategies, the agent may improve its performance in navigating the FrozenLake environment and increase its chances of reaching the goal successfully in future episodes.","To improve the agent's performance in the FrozenLake-v1 environment, we need to adjust the action selection strategy to better balance exploration and exploitation while considering the environment's slippery dynamics. Given the previous episode's action sequence and outcome, we should encourage more diverse exploration to avoid getting stuck in loops and to discover more effective paths.

### Proposed Action Distribution:

1. **Increase Exploration**: Since the agent predominantly chose action 3 (move left) in the previous episode, we should encourage exploration of other actions to prevent the agent from getting stuck in repetitive loops. This can be achieved by assigning a higher probability to actions that were less frequently chosen in the previous episode.

2. **Balanced Exploration**: Given the environment's stochastic nature, it's important to maintain a balanced exploration strategy that allows the agent to adapt to unexpected outcomes. We should distribute probabilities in a way that encourages trying different actions while still allowing for some level of exploitation of known strategies.

3. **Encourage Downward Movement**: Moving down (action 0) is generally a good strategy in grid environments like FrozenLake, as it can help progress towards the goal. We should assign a slightly higher probability to this action to encourage exploration in the downward direction.

### Suggested Probability Distribution:

Given these considerations, a reasonable probability distribution for the next episode could be:

```python
{0: 0.35, 1: 0.25, 2: 0.2, 3: 0.2}
```

- **Action 0 (Move Down)**: 0.35 probability to encourage exploration towards the goal.
- **Action 1 (Move Right)**: 0.25 probability to explore lateral movements that can help navigate around obstacles.
- **Action 2 (Move Up)**: 0.2 probability to allow for some exploration in the upward direction, which might be useful in certain situations.
- **Action 3 (Move Left)**: 0.2 probability to reduce the likelihood of getting stuck in loops, as this action was overused in the previous episode.

This distribution aims to enhance exploration while still allowing the agent to exploit potentially beneficial actions, ultimately improving its effectiveness in reaching the goal."
111,0.0,0.0,0.56044,0.021712444722652435,N/A,N/A
112,0.0,0.1,0.55648,0.005545830354094505,N/A,N/A
113,0.0,0.1,0.55252,0.008193515241146088,N/A,N/A
114,0.0,0.1,0.5485599999999999,0.0068922811187803745,N/A,N/A
115,0.0,0.2,0.5446,0.01770462468266487,"### Analysis of the Last Episode

In the final episode of the training process on the FrozenLake-v1 environment, the agent received a total reward of 0.0, indicating that it did not reach the goal state (G) and likely fell into a hole (H) or failed to reach the goal within the episode's time limit. The action sequence extracted at intervals is [3, 3, 3, 3, 0, 3, 3, 3, 2, 1, 0, 1]. Let's break down this sequence to understand the agent's behavior:

1. **Initial Actions (3, 3, 3, 3):** The agent repeatedly chose action 3, which corresponds to moving left. Starting from the initial state (0), these actions would keep the agent in the same position due to the grid's boundary constraints, as moving left from the first column results in no movement.

2. **Subsequent Actions (0, 3, 3, 3):** The agent then chose action 0 (move down), followed by more left movements. This suggests the agent moved from state 0 to state 4 (first column of the second row) and then attempted to move left again, which would again result in no movement due to the boundary.

3. **Later Actions (2, 1, 0, 1):** The agent's later actions involved moving up (2), right (1), down (0), and right (1). This sequence indicates some exploration, but it seems the agent did not have a clear strategy to navigate towards the goal, potentially due to the slippery nature of the environment causing unintended movements.

### Possible Strategy Recommendations

1. **Improved Exploration Strategy:**
   - The agent appears to lack a coherent strategy for navigating the grid effectively. Implementing a more structured exploration strategy, such as epsilon-greedy with decay or using a model-based approach to predict outcomes, could help the agent learn more effective paths.

2. **Incorporate Learning from Failures:**
   - Analyze episodes where the agent falls into holes or fails to reach the goal to identify common pitfalls. Reinforce learning from these failures by adjusting the reward structure or using techniques like Q-learning with eligibility traces to propagate negative rewards more effectively.

3. **Enhance State Representation:**
   - Consider using function approximation methods, such as tile coding or neural networks, to better capture the state space's nuances and improve the agent's ability to generalize from past experiences.

4. **Adjust Transition Dynamics Understanding:**
   - Given the environment's stochastic nature, the agent should be trained to anticipate and adapt to the slippery transitions. Techniques like SARSA, which consider the next state-action pair, might be more suitable for environments with inherent randomness.

5. **Increased Exploration in Early Episodes:**
   - Encourage more exploration in the early stages of training by setting a higher exploration rate. This can help the agent discover more optimal paths and learn to avoid holes more effectively.

By implementing these strategies, the agent can improve its performance in the FrozenLake environment, increasing the likelihood of reaching the goal state and achieving a higher total reward in future episodes.","To improve the agent's performance in the FrozenLake environment, we need to adjust the action exploration strategy to encourage more effective exploration and learning. Given the analysis of the previous episode, the agent's tendency to repeatedly choose the same action (e.g., moving left) without significant exploration suggests a need for a more balanced exploration strategy.

One common approach is to use an epsilon-greedy strategy, where the agent selects a random action with probability epsilon and the best-known action with probability 1-epsilon. However, since we are focusing on exploration, we should initially favor exploration more heavily.

For the next episode, we can set a higher probability for random exploration to encourage the agent to explore different actions and states. A reasonable distribution might be to assign equal probabilities to all actions, reflecting a uniform exploration strategy. This can help the agent gather more information about the environment and potentially discover more effective paths to the goal.

Here's a suggested probability distribution for the actions:

```python
{0: 0.25, 1: 0.25, 2: 0.25, 3: 0.25}
```

This uniform distribution ensures that the agent explores all possible actions equally, which can be particularly beneficial in the early stages of training or when the agent is struggling to find effective strategies. As the agent learns and gathers more information, the exploration strategy can be adjusted to favor more promising actions based on the learned policy."
116,0.0,0.2,0.54064,0.00423356331884861,N/A,N/A
117,0.0,0.2,0.53668,0.0052330088801681995,N/A,N/A
118,1.0,0.1,0.5327200000000001,0.005254719872027636,N/A,N/A
119,0.0,0.3,0.52876,0.022250279784202576,N/A,N/A
120,0.0,0.1,0.5248,0.00801958329975605,"In the last episode of the training process on the FrozenLake-v1 environment, the agent received a total reward of 0.0, indicating that it did not successfully reach the goal state (G) and likely fell into a hole (H) or did not reach the goal within the episode's time limit. The action sequence extracted at intervals was [1, 2], which corresponds to the agent attempting to move right and then up.

### Analysis:

1. **Action Sequence**: 
   - The agent's actions were to move right (1) and then up (2). Given the environment's layout and the slippery nature of the surface, these actions could have led the agent into a hole or caused it to remain in a loop without reaching the goal.

2. **Slippery Dynamics**:
   - The environment's stochastic nature means that the agent's intended actions do not always result in the expected movement. For instance, when the agent chose to move right (1), it could have ended up moving down or left instead, due to the equal probability of these outcomes.

3. **State Transitions**:
   - Without the exact state transitions, it's challenging to pinpoint where the agent might have gone wrong. However, given the action sequence, it's plausible that the agent started at the initial state (0), attempted to move right, and then tried to move up, potentially leading it into a hole or back to a previous state.

### Strategy Recommendations:

1. **Improved Exploration**:
   - Encourage more diverse exploration strategies to better understand the environment's dynamics. This could involve using exploration techniques like epsilon-greedy with a decaying epsilon or implementing more sophisticated exploration strategies like Upper Confidence Bound (UCB) or Thompson Sampling.

2. **Policy Refinement**:
   - Refine the policy to better account for the stochastic nature of the environment. This could involve training with more episodes to allow the agent to experience a wider variety of state transitions and outcomes.

3. **State-Action Value Estimation**:
   - Enhance the estimation of state-action values (Q-values) to better predict the expected rewards of actions in different states. This could involve using techniques like Q-learning or SARSA with function approximation if the state space becomes too large.

4. **Model-Based Approaches**:
   - Consider incorporating model-based approaches where the agent builds a model of the environment's transition dynamics. This could help the agent plan more effectively by simulating potential future states and rewards.

5. **Reward Shaping**:
   - Implement reward shaping to provide intermediate rewards that guide the agent towards the goal. For example, providing small positive rewards for moving closer to the goal or negative rewards for moving into states adjacent to holes.

By addressing these areas, the agent can improve its performance in navigating the FrozenLake environment and increase its chances of successfully reaching the goal state.","To improve the agent's effectiveness in the FrozenLake-v1 environment, we need to consider both exploration and exploitation strategies. Given the stochastic nature of the environment and the previous episode's outcome, a balanced approach is necessary to allow the agent to explore the environment while also exploiting known information.

### Exploration Strategy:

1. **Epsilon-Greedy Approach**:
   - We can use an epsilon-greedy strategy where the agent mostly exploits the best-known action but occasionally explores other actions. This helps in discovering new strategies that might lead to the goal.

2. **Decaying Epsilon**:
   - Start with a higher epsilon value to encourage exploration and gradually decrease it over time as the agent learns more about the environment.

### Action Distribution:

Given the need for exploration and the previous episode's lack of success, we can start with a relatively exploratory distribution. Here's a suggested probability distribution for the actions:

- **Action 0 (Move Down)**: Given that moving down can help explore the lower part of the grid, which might be less explored, we can assign a moderate probability.
- **Action 1 (Move Right)**: Since the agent previously attempted to move right, we can assign a slightly higher probability to continue exploring this direction.
- **Action 2 (Move Up)**: Moving up might not be as beneficial initially, given the previous episode's outcome, so we assign a lower probability.
- **Action 3 (Move Left)**: Moving left can help explore the left side of the grid, so we assign a moderate probability.

Here's a suggested distribution:

```python
{0: 0.25, 1: 0.35, 2: 0.15, 3: 0.25}
```

### Rationale:

- **Action 1 (Move Right)** is given a higher probability because it aligns with the previous attempt to move towards the goal, and further exploration in this direction might yield better results.
- **Actions 0 and 3 (Move Down and Move Left)** are given moderate probabilities to encourage exploration of other parts of the grid.
- **Action 2 (Move Up)** is given a lower probability due to its potential to lead back to the starting area or into a hole based on the previous episode's outcome.

This distribution encourages exploration while still allowing the agent to exploit potentially promising directions. As the agent learns more about the environment, the distribution can be adjusted to favor more successful actions."
121,0.0,0.4,0.52084,0.01884550414979458,N/A,N/A
122,0.0,0.1,0.51688,0.016361035406589508,N/A,N/A
123,0.0,0.1,0.51292,0.009424291551113129,N/A,N/A
124,0.0,0.1,0.5089600000000001,0.009445365518331528,N/A,N/A
125,0.0,0.0,0.505,0.017836712300777435,"In the last episode of the training process on the FrozenLake-v1 environment, the agent received a total reward of 0.0, indicating that it did not reach the goal state (G) and likely fell into a hole (H) or ran out of steps without reaching the goal. The action sequence extracted at intervals was [0, 0, 3, 0], which corresponds to the following intended actions:

1. **Action 0**: Attempt to move down.
2. **Action 0**: Attempt to move down again.
3. **Action 3**: Attempt to move left.
4. **Action 0**: Attempt to move down once more.

Given the transition dynamics of the environment, where each action results in a probabilistic outcome due to the slippery nature of the frozen surface, the agent's intended path may not have been executed as planned. The agent's sequence suggests an attempt to move towards the bottom of the grid, but the presence of holes and the stochastic nature of the environment likely led to an unsuccessful episode.

### Analysis:

1. **Slippery Dynamics**: The environment's stochastic transitions mean that the agent's intended actions may not lead to the expected states. For instance, attempting to move down (action 0) could result in moving left or up instead.

2. **Holes**: The presence of holes (H) in the grid poses a significant risk. If the agent lands on a hole, the episode ends immediately with a reward of 0.0.

3. **Action Sequence**: The action sequence suggests a strategy focused on moving downwards, but the agent's inability to reach the goal indicates that this approach may need adjustment, especially considering the stochastic nature of the environment.

### Strategy Recommendations:

1. **Exploration Strategy**: Encourage more diverse exploration strategies. The agent should explore different paths and actions to better understand the environment's dynamics and avoid holes.

2. **Policy Improvement**: Implement a policy that accounts for the stochastic nature of the environment. This could involve using a model-free reinforcement learning algorithm like Q-learning or SARSA, which can help the agent learn the expected value of actions in each state.

3. **State-Action Value Estimation**: Focus on estimating the state-action values more accurately. This can be achieved by increasing the number of episodes and ensuring that the agent experiences a wide variety of state transitions.

4. **Risk Management**: Develop strategies to minimize the risk of falling into holes. This could involve learning to recognize states that are adjacent to holes and taking actions that reduce the probability of slipping into them.

5. **Reward Shaping**: Consider implementing reward shaping to provide intermediate rewards for reaching certain states, which can guide the agent towards the goal more effectively.

By refining the exploration strategy and improving the policy to account for the environment's stochastic nature, the agent can increase its chances of successfully reaching the goal in future episodes.","To improve the agent's effectiveness in the FrozenLake-v1 environment, we need to consider a strategy that balances exploration and exploitation while accounting for the stochastic nature of the environment. Given the previous episode's outcome and the need to avoid holes, a more diverse exploration strategy is recommended.

Here's a suggested probability distribution for the actions:

1. **Action 0 (Down)**: This action was attempted multiple times in the last episode, indicating a preference for moving downwards. However, due to the slippery nature, we should not overly favor this action. It should still be a significant part of the strategy but not dominant.

2. **Action 1 (Right)**: Moving right can help the agent explore the grid more horizontally, which might be beneficial for avoiding holes and finding alternative paths to the goal.

3. **Action 2 (Up)**: This action can be useful for backtracking if the agent finds itself in a risky position near a hole.

4. **Action 3 (Left)**: This action was attempted once in the last episode. It can be useful for lateral exploration but should be used cautiously to avoid moving into holes.

Given these considerations, a balanced exploration strategy might look like this:

```python
{
    0: 0.25,  # Down
    1: 0.35,  # Right
    2: 0.20,  # Up
    3: 0.20   # Left
}
```

This distribution encourages exploration of different paths, with a slight preference for moving right to explore the grid horizontally, which might help the agent find safer paths to the goal. The probabilities are designed to ensure that the agent does not overly commit to any single direction, thus allowing for a more comprehensive exploration of the environment."
126,0.0,0.3,0.5010399999999999,0.02598295360803604,N/A,N/A
127,0.0,0.5,0.49707999999999997,0.009641353972256184,N/A,N/A
128,0.0,0.5,0.49312,0.01620756834745407,N/A,N/A
129,0.0,0.4,0.48916000000000004,0.024287577718496323,N/A,N/A
130,0.0,0.4,0.48519999999999996,0.009802764281630516,"In this analysis, we are examining the final episode of a training process on the FrozenLake-v1 environment, where the agent received a total reward of 0.0. This indicates that the agent did not successfully reach the goal state (G) and likely fell into a hole (H) or ran out of moves without reaching the goal. Let's break down the action sequence and provide insights and recommendations for improving the agent's strategy.

### Action Sequence Analysis

The action sequence for this episode is [2, 0, 3, 2, 2, 1, 2, 2, 0]. Let's interpret these actions based on the environment's transition dynamics:

1. **Action 2 (Up)**: The agent starts at state 0 (S). The first action is 2, which means the agent attempts to move up. However, due to the slippery nature, it could also move right or down. Since it's at the top row, moving up keeps it in the same state, while moving right or down could move it to state 1 or 4.

2. **Action 0 (Down)**: The agent attempts to move down. From state 1 or 4, it could move to state 5 or 8, or stay in the same state due to the stochastic nature.

3. **Action 3 (Left)**: The agent attempts to move left. Depending on its current state, it may move to a different state or stay in the same state.

4. **Action 2 (Up)**: The agent attempts to move up again. This could lead to various states, but it seems the agent is not progressing towards the goal.

5. **Action 2 (Up)**: Another attempt to move up, which might not be optimal depending on the current state.

6. **Action 1 (Right)**: The agent attempts to move right, which could help in progressing towards the goal if it is in the correct row.

7. **Action 2 (Up)**: Another attempt to move up, which might not be effective if the agent is not aligned correctly with the goal.

8. **Action 2 (Up)**: Repeated attempt to move up, indicating a possible lack of strategic direction.

9. **Action 0 (Down)**: The final action is to move down, which might have led the agent into a hole or back to a previous state.

### Observations

- **Stochastic Environment**: The slippery nature of the environment means that the agent's intended actions do not always result in the expected state transitions. This requires the agent to adapt its strategy to account for uncertainty.

- **Lack of Goal-Oriented Strategy**: The action sequence suggests that the agent might not have a clear strategy for navigating towards the goal. The repeated attempts to move up without clear progress indicate a potential lack of direction.

- **Exploration vs. Exploitation**: The agent might be exploring too much without exploiting known paths that lead closer to the goal. Balancing exploration and exploitation is crucial in such environments.

### Recommendations

1. **Policy Improvement**: Implement a more robust policy that accounts for the stochastic nature of the environment. This could involve using algorithms like Q-learning or SARSA with function approximation to better estimate the value of actions in uncertain conditions.

2. **State Value Estimation**: Enhance the agent's ability to estimate the value of each state-action pair more accurately. This can be achieved by increasing the number of episodes or using techniques like eligibility traces to propagate rewards more effectively.

3. **Exploration Strategy**: Adjust the exploration strategy to ensure that the agent explores the environment sufficiently but also exploits known good paths. Techniques like epsilon-greedy with a decaying epsilon or using softmax action selection can help balance exploration and exploitation.

4. **Reward Shaping**: Consider implementing reward shaping to provide intermediate rewards for reaching certain states that are closer to the goal. This can guide the agent more effectively towards the goal.

5. **Environment Familiarization**: Allow the agent to familiarize itself with the environment by running more episodes, which can help it learn the dynamics and improve its decision-making process.

By implementing these strategies, the agent can improve its performance in the FrozenLake-v1 environment and increase its chances of reaching the goal successfully.","To improve the agent's effectiveness in the FrozenLake-v1 environment, we need to consider the balance between exploration and exploitation, as well as the stochastic nature of the environment. Given the analysis, the agent seems to lack a clear strategy towards reaching the goal, and its actions appear somewhat random and ineffective.

To address this, we can adjust the action selection probabilities to encourage more strategic exploration while still allowing for some randomness due to the environment's slippery nature. A common approach is to use an epsilon-greedy strategy, where the agent mostly exploits the best-known actions but occasionally explores other actions to discover potentially better strategies.

For this scenario, let's assume we want to encourage more strategic exploration with a slight bias towards actions that might lead towards the goal. We can set a higher probability for actions that generally move the agent towards the goal (e.g., moving right or down, depending on the current state) while still allowing for exploration of other actions.

Here's a suggested probability distribution for the actions:

- **Action 0 (Down)**: This action can be beneficial when the agent is in the top rows and needs to move towards the goal in the bottom row.
- **Action 1 (Right)**: This action is generally beneficial as it moves the agent towards the right, closer to the goal.
- **Action 2 (Up)**: This action might be less beneficial unless the agent is in the bottom rows and needs to move up to avoid holes.
- **Action 3 (Left)**: This action is generally less beneficial as it moves the agent away from the goal.

Given these considerations, a reasonable probability distribution might be:

```python
{0: 0.25, 1: 0.35, 2: 0.15, 3: 0.25}
```

This distribution gives a slight preference to moving right (action 1) and down (action 0), which are generally more goal-oriented actions, while still allowing for exploration of other actions. This approach should help the agent develop a more effective strategy for reaching the goal in the FrozenLake-v1 environment."
131,0.0,0.3,0.48124,0.007387781515717506,N/A,N/A
132,0.0,0.1,0.4772799999999999,0.013854311779141426,N/A,N/A
133,0.0,0.4,0.47331999999999996,0.009306386113166809,N/A,N/A
134,0.0,0.2,0.46936,0.008685189299285412,N/A,N/A
135,0.0,0.3,0.4653999999999999,0.011368608102202415,"In the last episode of the training process on the FrozenLake-v1 environment, the agent received a total reward of 0.0, indicating that it did not reach the goal state (G) and likely fell into a hole (H) or ran out of steps before reaching the goal. The action sequence extracted at intervals was [1, 1, 0, 1, 1, 3, 1, 2, 3, 2, 3, 1, 2, 2]. Let's analyze this sequence and the potential issues that may have occurred:

### Analysis of the Action Sequence:

1. **Initial Actions (1, 1, 0, 1, 1):**
   - The agent starts at state 0 (S) and takes action 1 (right) twice, which should ideally move it to state 2. However, due to the slippery nature, it could have ended up in states 1 or 3.
   - Action 0 (down) is then taken, which could move the agent to state 5 (if it was in state 2) or other nearby states due to slippage.
   - The subsequent actions (1, 1) suggest attempts to move right, potentially aiming to navigate towards the goal.

2. **Middle Actions (3, 1, 2, 3):**
   - Action 3 (left) might indicate a correction attempt if the agent was veering off course.
   - Action 1 (right) and 2 (up) suggest further attempts to navigate towards the goal, but the agent might be struggling with the slippery transitions.
   - Action 3 (left) could again be a corrective move or an unintended consequence of slippage.

3. **Final Actions (2, 3, 1, 2, 2):**
   - The sequence of actions here indicates continued attempts to navigate, but the lack of reaching the goal suggests the agent either fell into a hole or was unable to efficiently navigate the grid.

### Possible Issues:
- **Slippery Dynamics:** The stochastic nature of the environment likely caused the agent to deviate from its intended path, leading to suboptimal navigation.
- **Exploration vs. Exploitation:** The agent might not have fully explored the environment or learned an optimal policy, resulting in inefficient action choices.
- **State Awareness:** The agent may lack sufficient state awareness or decision-making capability to handle the stochastic transitions effectively.

### Strategy Recommendations:

1. **Enhanced Exploration:**
   - Increase exploration during training to allow the agent to experience a wider variety of state transitions and outcomes. This can be achieved by adjusting exploration parameters like epsilon in an epsilon-greedy policy.

2. **Improved Policy Learning:**
   - Consider using more advanced reinforcement learning algorithms that can better handle stochastic environments, such as Q-learning with function approximation or deep Q-networks (DQNs).

3. **State Representation:**
   - Enhance the agent's state representation to better capture the nuances of the environment. This could involve using techniques like tile coding or neural networks to approximate the value function.

4. **Reward Shaping:**
   - Introduce intermediate rewards to guide the agent towards the goal, such as small positive rewards for moving closer to the goal or negative rewards for moving towards holes.

5. **Environment Familiarization:**
   - Allow the agent to spend more time in the environment to become familiar with the transition dynamics and develop a more robust strategy for reaching the goal.

By implementing these strategies, the agent may improve its ability to navigate the FrozenLake environment and achieve higher rewards in future episodes.","To improve the agent's performance in the FrozenLake-v1 environment, we need to adjust the action exploration strategy to better handle the stochastic nature of the environment and encourage more effective exploration. Given the analysis of the previous episode, we can infer that the agent needs to explore more effectively while still considering the potential benefits of exploitation.

One common approach to balancing exploration and exploitation is to use an epsilon-greedy policy, where the agent selects a random action with probability epsilon and the best-known action with probability 1-epsilon. However, since we are focusing on exploration, we should allocate a higher probability to random actions to encourage the agent to explore more of the state space.

Let's assume we want to increase exploration by setting a relatively high epsilon value, such as 0.3. This means the agent will explore (choose a random action) 30% of the time and exploit (choose the best-known action) 70% of the time. Since we don't have specific information about the learned policy or Q-values, we'll distribute the exploration probability equally among all actions.

Here's how we can distribute the probabilities for the next episode:

- Exploration (random action): 0.3 probability, distributed equally among the 4 actions.
- Exploitation (best-known action): 0.7 probability, but since we don't have specific Q-values, we'll assume a uniform distribution for simplicity.

Given this approach, the distribution of action probabilities would be:

- Exploration probability per action: 0.3 / 4 = 0.075
- Exploitation probability per action (assuming uniform distribution): 0.7 / 4 = 0.175

Combining these, the total probability for each action is:

- Total probability per action: 0.075 (exploration) + 0.175 (exploitation) = 0.25

Thus, the distribution of the 4 action explorations for the next episode is:

```python
{0: 0.25, 1: 0.25, 2: 0.25, 3: 0.25}
```

This uniform distribution reflects a balanced approach, encouraging the agent to explore all actions equally while still considering the potential benefits of exploitation. As the agent learns more about the environment, this distribution can be adjusted to favor actions that lead to higher rewards."
136,0.0,0.2,0.46143999999999996,0.007260621525347233,N/A,N/A
137,1.0,0.2,0.45748,0.013138479553163052,N/A,N/A
138,0.0,0.4,0.4535199999999999,0.01741333119571209,N/A,N/A
139,0.0,0.1,0.44955999999999996,0.017758259549736977,N/A,N/A
140,0.0,0.2,0.4456,0.005337315611541271,"In the last episode of the training process on the FrozenLake-v1 environment, the agent received a total reward of 0.0, indicating that it did not successfully reach the goal state (G) and likely fell into a hole (H) or ran out of time. The action sequence extracted at intervals is [1, 3, 0, 1, 3, 1, 3, 1, 3, 1, 1, 1, 2, 3, 2, 2, 0, 0, 0, 0, 0, 0, 0, 0, 2, 1]. Let's analyze this sequence and provide some insights and recommendations for improving the agent's strategy.

### Analysis:

1. **Action Sequence and Transition Dynamics:**
   - The action sequence shows a variety of actions being taken, but due to the slippery nature of the environment, the intended actions may not have resulted in the expected movements.
   - The sequence includes repeated actions, such as multiple consecutive '0' (move down) actions towards the end, which might indicate the agent was trying to move towards the goal but was unsuccessful due to slipping or hitting walls.

2. **Exploration vs. Exploitation:**
   - The agent seems to be exploring different actions, but the lack of reward suggests it might not be effectively exploiting learned strategies to reach the goal.
   - The sequence does not show a clear pattern of moving towards the goal, which could indicate insufficient learning or suboptimal policy.

3. **Slippery Environment Challenges:**
   - The stochastic nature of the environment means that even with a good policy, the agent might not always reach the goal due to unintended movements.
   - The agent needs to learn a robust policy that can handle the uncertainty and still maximize the probability of reaching the goal.

### Strategy Recommendations:

1. **Policy Improvement:**
   - Consider using a more sophisticated exploration strategy, such as epsilon-greedy with decay, to balance exploration and exploitation better.
   - Implement a learning algorithm that can better handle stochastic environments, such as Q-learning with eligibility traces or SARSA, which can help the agent learn from both successes and failures.

2. **State-Action Value Estimation:**
   - Improve the estimation of state-action values by increasing the number of episodes or using function approximation techniques if computational resources allow.
   - Ensure that the learning rate and discount factor are appropriately tuned to facilitate learning in a slippery environment.

3. **Environment Understanding:**
   - Encourage the agent to learn the transition dynamics more effectively by incorporating model-based approaches, where the agent builds a model of the environment and uses it to plan actions.

4. **Reward Shaping:**
   - Introduce intermediate rewards for reaching certain states or avoiding holes to guide the agent more effectively towards the goal.
   - Use potential-based reward shaping to maintain the optimal policy while providing additional guidance.

5. **Visualization and Debugging:**
   - Visualize the agent's path and the states it visits to identify common pitfalls or areas where it frequently slips into holes.
   - Debug the policy by examining specific episodes where the agent fails to understand the decision-making process better.

By implementing these strategies, the agent can improve its performance in the FrozenLake-v1 environment, increasing the likelihood of reaching the goal and achieving higher rewards.","To improve the agent's performance in the FrozenLake-v1 environment, we need to consider a strategy that balances exploration and exploitation while accounting for the stochastic nature of the environment. Given the previous episode's action sequence and the challenges faced, we can adjust the action selection probabilities to encourage more effective exploration and exploitation.

### Suggested Action Distribution:

1. **Epsilon-Greedy Strategy:**
   - Use an epsilon-greedy strategy where the agent mostly exploits the best-known action but occasionally explores other actions. This can be implemented by setting a high probability for the action believed to be optimal and distributing the remaining probability among other actions.

2. **Exploration Focus:**
   - Given the environment's stochastic nature, it's crucial to explore all actions to learn their effects. However, we should slightly favor actions that have shown potential in moving towards the goal.

3. **Action Distribution:**
   - Based on the previous sequence and the need for exploration, we can set a distribution that slightly favors actions that might lead to progress while still allowing exploration of other actions.

Here is a proposed action distribution for the next episode:

```python
{
    0: 0.25,  # Move down
    1: 0.25,  # Move right
    2: 0.25,  # Move up
    3: 0.25   # Move left
}
```

### Rationale:

- **Uniform Distribution:** Given the stochastic nature and the need for exploration, a uniform distribution is initially suggested to ensure the agent explores all possible actions equally. This helps in understanding the transition dynamics better.
  
- **Adaptation:** As the agent learns more about the environment, this distribution can be adjusted to favor actions that lead to higher rewards or progress towards the goal. For example, if moving right (action 1) consistently results in progress, its probability can be increased in future episodes.

- **Flexibility:** This distribution allows the agent to adapt to the environment's stochastic nature and learn an effective policy over time.

By starting with a uniform distribution and adapting based on learning outcomes, the agent can improve its strategy and increase the likelihood of reaching the goal in the FrozenLake-v1 environment."
141,0.0,0.2,0.44164000000000003,0.003438355401158333,N/A,N/A
142,0.0,0.2,0.43768000000000007,0.005406735930591822,N/A,N/A
143,0.0,0.2,0.4337200000000001,0.0027909823693335056,N/A,N/A
144,0.0,0.2,0.42976000000000003,0.005537168122828007,N/A,N/A
145,0.0,0.1,0.42580000000000007,0.003483580192551017,"In the last episode of the training process on the FrozenLake-v1 environment, the agent received a total reward of 0.0, indicating that it did not reach the goal state (G) and likely fell into a hole (H) or ran out of steps without reaching the goal. The action sequence extracted at intervals was [0, 0, 2, 2, 0, 2, 0, 0, 2, 2, 2, 0, 0, 2, 1, 0, 0, 0, 1]. Let's analyze this sequence and the potential reasons for the outcome:

### Analysis:

1. **Action Sequence and State Transitions:**
   - The agent starts at state 0 (S) and attempts to navigate the grid.
   - The sequence involves a mix of actions: primarily 0 (down), 2 (up), and some 1 (right).
   - Given the slippery nature of the environment, each action has a probabilistic outcome, which may not always align with the intended direction.
   - The agent likely encountered holes (H) during its exploration, leading to the episode ending prematurely with a reward of 0.

2. **Slippery Dynamics:**
   - The environment's stochastic transitions mean that even if the agent chooses an optimal action, it might not end up in the desired state.
   - This increases the complexity of planning and requires the agent to account for uncertainty in its strategy.

3. **Exploration Strategy:**
   - The agent's exploration strategy might not be sufficiently robust to handle the stochastic nature of the environment.
   - The sequence suggests some back-and-forth movement, indicating possible indecision or lack of a clear path to the goal.

### Strategy Recommendations:

1. **Improved Exploration:**
   - Implement exploration strategies that account for the stochastic transitions, such as using a model-based approach to predict possible outcomes of actions.
   - Consider using algorithms like Q-learning with eligibility traces or SARSA, which can help in learning better policies under uncertainty.

2. **State-Action Value Estimation:**
   - Enhance the estimation of state-action values by incorporating more episodes and using techniques like experience replay to stabilize learning.
   - Use function approximation methods (e.g., neural networks) to generalize across states and actions, especially in environments with stochastic transitions.

3. **Policy Refinement:**
   - Refine the policy by incorporating exploration-exploitation strategies like epsilon-greedy with decaying epsilon to balance exploration and exploitation over time.
   - Consider using policy gradient methods to directly optimize the policy, which can be more effective in environments with complex dynamics.

4. **Environment Understanding:**
   - Encourage the agent to learn the environment's dynamics better by simulating multiple episodes and analyzing the outcomes of different action sequences.
   - Use visualization tools to map out successful paths and identify common pitfalls (e.g., frequently encountered holes).

By adopting these strategies, the agent can improve its performance in the FrozenLake-v1 environment, increasing the likelihood of reaching the goal state and achieving higher rewards in future episodes.","To improve the agent's effectiveness in the FrozenLake-v1 environment, we need to consider both the environment's stochastic nature and the previous action sequence. The agent's previous sequence suggests a tendency to move up and down frequently, with occasional right movements, but it did not reach the goal. This indicates a need for a more balanced exploration strategy that accounts for the environment's dynamics and the goal's location.

Given the grid layout and the goal's position, a more effective strategy would involve a higher probability of moving towards the goal while still allowing for exploration to avoid holes and account for the slippery nature of the environment. The goal (G) is located at the bottom right corner, so actions that generally move the agent towards the bottom and right should be prioritized.

Here's a proposed probability distribution for the actions:

- **Action 0 (Down):** This action should have a higher probability because moving down can help progress towards the goal, especially from the starting position.
- **Action 1 (Right):** This action should also have a relatively high probability as it directly moves the agent towards the goal.
- **Action 2 (Up):** This action should have a lower probability since moving up generally takes the agent away from the goal.
- **Action 3 (Left):** This action should have the lowest probability because moving left is generally counterproductive to reaching the goal.

Considering these factors, a reasonable probability distribution for the next episode could be:

```python
{0: 0.35, 1: 0.35, 2: 0.15, 3: 0.15}
```

This distribution prioritizes actions that move the agent towards the goal while still allowing for some exploration to account for the environment's stochastic nature. Adjustments can be made based on further observations and learning outcomes."
146,0.0,0.5,0.42184,0.010170421563088894,N/A,N/A
147,0.0,0.2,0.41788000000000003,0.0027956559788435698,N/A,N/A
148,0.0,0.1,0.41392000000000007,0.001869478728622198,N/A,N/A
149,0.0,0.1,0.40996,0.0029699404258280993,N/A,N/A
150,0.0,0.5,0.406,0.007099490612745285,"In the last episode of the training process on the FrozenLake-v1 environment, the agent received a total reward of 0.0, indicating that it did not reach the goal state (G) and likely fell into a hole (H) or did not reach the goal within the episode's time limit. The action sequence extracted at intervals was [1, 0, 0, 0, 1], which corresponds to the following actions:

- Action 1: Attempt to move right
- Action 0: Attempt to move down
- Action 0: Attempt to move down
- Action 0: Attempt to move down
- Action 1: Attempt to move right

Given the transition dynamics of the environment, where actions can result in unintended movements due to the slippery nature, the agent's intended path might have been disrupted, leading to an unsuccessful episode.

### Analysis:

1. **Initial Movement**: The agent started by attempting to move right from the starting position (S). This is a reasonable first move, as it begins the journey towards the goal.

2. **Subsequent Moves**: The agent then attempted to move down three times consecutively. This sequence suggests that the agent was likely trying to navigate towards the bottom row where the goal (G) is located. However, due to the slippery nature, these moves might not have resulted in the intended transitions.

3. **Final Move**: The last action was another attempt to move right. Depending on the agent's position at this point, this move could have been an attempt to reach the goal or avoid a hole.

4. **Outcome**: The total reward of 0.0 indicates that the agent either fell into a hole or did not reach the goal within the episode's time limit. The slippery dynamics likely contributed to the agent's failure to reach the goal.

### Strategy Recommendations:

1. **Improved Exploration**: Encourage more diverse exploration strategies to help the agent better understand the environment's dynamics. This could involve varying the action choices more frequently to gather more information about the effects of each action in different states.

2. **State-Action Value Estimation**: Enhance the agent's ability to estimate state-action values more accurately. This can be achieved through techniques like Q-learning or SARSA, which can help the agent learn the expected rewards of actions in each state, accounting for the stochastic transitions.

3. **Policy Optimization**: Consider using policy gradient methods to directly optimize the policy, which might help the agent learn a more robust strategy that accounts for the environment's stochastic nature.

4. **Increased Training Episodes**: Allow the agent more training episodes to better learn the environment's dynamics. The stochastic nature of the environment means that more experience is needed to form a reliable policy.

5. **Reward Shaping**: Introduce intermediate rewards to guide the agent towards the goal. For example, providing small positive rewards for moving closer to the goal or avoiding holes could help the agent learn a more effective strategy.

By implementing these strategies, the agent can potentially improve its performance in navigating the FrozenLake environment, increasing the likelihood of reaching the goal state successfully.","To improve the agent's effectiveness in the FrozenLake environment, we need to consider the exploration strategy that balances exploration and exploitation, given the stochastic nature of the environment. The agent's previous episode indicates a need for better exploration to avoid holes and reach the goal more reliably.

Given the slippery nature of the environment, it's crucial to encourage exploration while also allowing the agent to exploit known good strategies. A common approach is to use an epsilon-greedy strategy, where the agent mostly exploits the best-known action but occasionally explores random actions. However, since we are focusing on exploration, we can adjust the probabilities to encourage more exploration.

Here's a suggested probability distribution for the next episode, which encourages exploration while still allowing some level of exploitation:

- **Action 0 (Down)**: This action was attempted multiple times in the previous episode, indicating it might be part of a strategy to reach the goal. However, due to the slippery nature, we should not overly favor it.
- **Action 1 (Right)**: This action is also part of a reasonable strategy to reach the goal, as moving right can help navigate towards the goal.
- **Action 2 (Up)** and **Action 3 (Left)**: These actions should be explored more to understand their effects better, especially since they were not part of the previous sequence.

Given these considerations, a balanced exploration strategy could be:

```python
{0: 0.25, 1: 0.25, 2: 0.25, 3: 0.25}
```

This uniform distribution encourages the agent to explore all actions equally, which can help it gather more information about the environment's dynamics. This exploration-focused strategy is particularly useful in early training stages or when the agent is struggling to reach the goal due to the environment's stochastic nature. As the agent learns more about the environment, this distribution can be adjusted to favor more promising actions based on learned state-action values."
151,0.0,0.5,0.40204000000000006,0.012478803284466267,N/A,N/A
152,0.0,0.3,0.39808,0.009430617094039917,N/A,N/A
153,0.0,0.2,0.39412,0.006768045015633106,N/A,N/A
154,0.0,0.2,0.39016000000000006,0.01035947073251009,N/A,N/A
155,0.0,0.3,0.3862,0.007390258833765984,"In the last episode of the training process on the FrozenLake-v1 environment, the agent received a total reward of 0.0, indicating that it did not successfully reach the goal state (G) and likely fell into a hole (H) or did not reach the goal within the episode's time limit. The action sequence taken by the agent was [1, 0, 0, 0, 0, 1, 0, 3, 1, 2].

### Analysis:

1. **Action Sequence**:
   - The sequence of actions suggests that the agent attempted to move primarily in the downward direction (action 0) and occasionally to the right (action 1). There is also a single instance of moving left (action 3) and up (action 2).
   - The agent's strategy seems to focus on moving downward, possibly aiming to reach the bottom row where the goal is located.

2. **Transition Dynamics**:
   - Given the slippery nature of the environment, the agent's intended actions may not have resulted in the expected movements. For instance, choosing action 0 (intending to move down) could have resulted in moving left or up due to the stochastic transitions.
   - This stochasticity increases the difficulty of reaching the goal, as the agent must account for the probability of unintended movements.

3. **Outcome**:
   - The total reward of 0.0 suggests that the agent either fell into a hole or failed to reach the goal within the episode's time limit. The presence of holes in the environment increases the risk of ending the episode prematurely with no reward.

### Strategy Recommendations:

1. **Improved Exploration**:
   - Encourage the agent to explore different paths and not overly rely on moving downward. This can be achieved by adjusting exploration parameters (e.g., epsilon in epsilon-greedy strategies) to ensure a more balanced exploration of the state space.

2. **Policy Refinement**:
   - Consider implementing a more sophisticated policy that accounts for the stochastic nature of the environment. Techniques such as Q-learning with eligibility traces or SARSA could help the agent learn a more robust policy that considers the probabilities of unintended movements.

3. **State-Action Value Estimation**:
   - Improve the estimation of state-action values by increasing the number of episodes or using function approximation methods to generalize better across states.

4. **Risk Management**:
   - Develop strategies to minimize the risk of falling into holes. This could involve learning to recognize and avoid states adjacent to holes or implementing a risk-averse policy that prioritizes safer paths.

5. **Reward Shaping**:
   - Introduce intermediate rewards for reaching certain states or progressing towards the goal to provide more immediate feedback and guide the agent's learning process.

By implementing these strategies, the agent may improve its ability to navigate the FrozenLake environment successfully, increasing the likelihood of reaching the goal and achieving a higher total reward in future episodes.","To improve the agent's effectiveness in the FrozenLake-v1 environment, we need to consider a balanced exploration strategy that accounts for the stochastic nature of the environment and the need to avoid holes while progressing towards the goal. Given the previous episode's action sequence and outcome, we can adjust the action probabilities to encourage more diverse exploration and reduce the risk of falling into holes.

Here's a suggested probability distribution for the next episode:

- **Action 0 (Down)**: While moving down is important for reaching the goal, over-reliance on this action can lead to unintended movements due to the slippery nature. We should slightly reduce its probability to encourage exploration of other directions.
  
- **Action 1 (Right)**: Moving right is also crucial for reaching the goal, especially from the starting position. We should maintain or slightly increase its probability to encourage lateral exploration.

- **Action 2 (Up)**: Although moving up might seem counterproductive, it can be useful for avoiding holes and exploring alternative paths. We should slightly increase its probability to allow for more diverse exploration.

- **Action 3 (Left)**: Moving left can help the agent backtrack and explore different paths. We should maintain or slightly increase its probability to ensure the agent doesn't get stuck in a suboptimal path.

Considering these points, here's a proposed probability distribution for the actions:

```python
{0: 0.25, 1: 0.35, 2: 0.20, 3: 0.20}
```

This distribution encourages the agent to explore more to the right and slightly more upwards and leftwards, while still allowing for downward movement. This balanced approach aims to improve the agent's ability to navigate the environment effectively, accounting for both progression towards the goal and risk management."
156,0.0,0.3,0.38224,0.006223244126886129,N/A,N/A
157,0.0,0.3,0.37827999999999995,0.00270358775742352,N/A,N/A
158,0.0,0.5,0.37432,0.002845552284270525,N/A,N/A
159,0.0,0.1,0.37036,0.012227630242705345,N/A,N/A
160,0.0,0.2,0.36639999999999995,0.008245036005973816,"In the last episode of the training process on the FrozenLake-v1 environment, the agent received a total reward of 0.0, indicating that it did not reach the goal state (G) and likely fell into a hole (H) or failed to reach the goal within the episode's time limit. The action sequence extracted at intervals was [0, 1, 0, 3, 1, 1, 3, 2, 1, 0, 0, 3, 3, 3, 0]. Let's analyze this sequence and provide some recommendations for improving the agent's strategy.

### Analysis of the Action Sequence:

1. **Initial Moves:**
   - The sequence starts with actions [0, 1, 0], which correspond to attempts to move down, right, and down again. This suggests the agent is trying to explore the lower part of the grid.

2. **Mid-Sequence Actions:**
   - Actions [3, 1, 1, 3, 2, 1] indicate a mix of movements: left, right, right, left, up, and right. This pattern suggests the agent might be oscillating between states or getting stuck in a loop, possibly due to the slippery nature of the environment.

3. **Final Moves:**
   - The sequence ends with actions [0, 0, 3, 3, 3, 0], which involve repeated attempts to move down and left. This could indicate the agent is trying to reach the goal but is hindered by the environment's stochastic transitions or is falling into a hole.

### Possible Strategy Recommendations:

1. **Improved Exploration:**
   - The agent might benefit from a more structured exploration strategy, such as using an epsilon-greedy approach with a decaying epsilon to balance exploration and exploitation. This can help the agent discover more effective paths to the goal.

2. **State Value Estimation:**
   - Implementing a value-based method like Q-learning or SARSA could help the agent better estimate the value of each state-action pair, allowing it to make more informed decisions despite the environment's stochastic nature.

3. **Policy Optimization:**
   - Consider using policy gradient methods to directly optimize the policy. This approach can be beneficial in environments with stochastic transitions, as it focuses on learning the best action probabilities.

4. **Environment Modeling:**
   - If feasible, model the environment's transition dynamics to predict the outcomes of actions more accurately. This could involve using a model-based reinforcement learning approach.

5. **Reward Shaping:**
   - Introduce intermediate rewards for reaching certain states or avoiding holes. This can guide the agent towards the goal more effectively by providing additional feedback.

6. **Increased Training Episodes:**
   - Given the complexity of the environment, increasing the number of training episodes might allow the agent to better learn the optimal policy over time.

By implementing these strategies, the agent may improve its ability to navigate the FrozenLake environment and increase its chances of reaching the goal state successfully.","To improve the agent's performance in the FrozenLake-v1 environment, we need to adjust the action selection strategy to balance exploration and exploitation effectively. Given the stochastic nature of the environment and the previous episode's outcome, a more structured exploration strategy is necessary.

One common approach is to use an epsilon-greedy strategy, where the agent selects the best-known action with probability \(1 - \epsilon\) and explores randomly with probability \(\epsilon\). This approach allows the agent to explore the environment while gradually shifting towards exploitation as it learns more about the environment.

For the next episode, we can start with a moderate exploration rate and adjust it based on the agent's learning progress. Let's assume an initial epsilon value of 0.2, which means the agent will explore randomly 20% of the time and exploit the best-known action 80% of the time.

Given this strategy, the probability distribution for the actions can be set as follows:

- With probability \(1 - \epsilon = 0.8\), the agent should select the action that currently has the highest estimated value. Since we don't have specific value estimates from the previous episode, we'll assume a uniform distribution among actions for exploitation.
- With probability \(\epsilon = 0.2\), the agent should explore by selecting any action randomly.

Assuming a uniform distribution for exploitation (since specific value estimates are not provided), the action probabilities can be distributed as follows:

- Exploitation (80% of the time): Each action has an equal probability of being selected, i.e., 0.2 for each action.
- Exploration (20% of the time): Each action has an equal probability of being selected, i.e., 0.05 for each action.

Combining these, the overall probability distribution for the actions is:

\[
\begin{align*}
\text{Action 0:} & \quad 0.8 \times 0.25 + 0.2 \times 0.25 = 0.25 \\
\text{Action 1:} & \quad 0.8 \times 0.25 + 0.2 \times 0.25 = 0.25 \\
\text{Action 2:} & \quad 0.8 \times 0.25 + 0.2 \times 0.25 = 0.25 \\
\text{Action 3:} & \quad 0.8 \times 0.25 + 0.2 \times 0.25 = 0.25 \\
\end{align*}
\]

Thus, the probability distribution for the 4 action explorations for the next episode is:

```python
{0: 0.25, 1: 0.25, 2: 0.25, 3: 0.25}
```

This distribution reflects a balanced approach, allowing the agent to explore all actions equally while it gathers more information to refine its strategy in future episodes."
161,0.0,0.3,0.36244,0.006843741983175278,N/A,N/A
162,0.0,0.1,0.35848,0.014504839666187763,N/A,N/A
163,1.0,0.0,0.35451999999999995,0.001824518316425383,N/A,N/A
164,0.0,0.5,0.35056,0.003721405752003193,N/A,N/A
165,0.0,0.3,0.3466,0.009743290953338146,"In the last episode of the training process on the FrozenLake-v1 environment, the agent received a total reward of 0.0, indicating that it did not reach the goal state (G) and likely fell into a hole (H) or failed to reach the goal within the episode's time limit. The action sequence extracted at intervals is [2, 0, 0, 0, 2], which corresponds to the following intended movements based on the action definitions:

1. Action 2: Intended to move up, but due to the slippery nature, the agent could have moved right, up, or down.
2. Action 0: Intended to move down, but could have moved down, left, or up.
3. Action 0: Intended to move down, but could have moved down, left, or up.
4. Action 0: Intended to move down, but could have moved down, left, or up.
5. Action 2: Intended to move up, but could have moved right, up, or down.

### Analysis:
- **Slippery Dynamics:** The stochastic nature of the environment means that the agent's intended actions do not always result in the expected state transitions. This can lead to the agent inadvertently moving into a hole or failing to make progress toward the goal.
- **Action Sequence:** The sequence suggests that the agent attempted to navigate vertically (up and down), which might not be the most efficient path given the grid layout and the position of holes.
- **Reward Outcome:** The total reward of 0.0 indicates that the agent either fell into a hole or did not reach the goal state. This suggests that the current policy or strategy is not effective in navigating the environment successfully.

### Strategy Recommendations:
1. **Policy Improvement:** Consider refining the policy to better account for the stochastic transitions. This could involve using a more sophisticated exploration strategy or incorporating a model-based approach to predict the outcomes of actions more accurately.
   
2. **State-Action Value Estimation:** Improve the estimation of state-action values (Q-values) to better guide the agent's decision-making process. This could involve using techniques like Q-learning or SARSA with function approximation to handle the stochastic nature of the environment.

3. **Exploration Strategy:** Implement a more robust exploration strategy, such as epsilon-greedy with a decaying epsilon, to balance exploration and exploitation. This can help the agent discover more effective paths to the goal.

4. **Path Planning:** Encourage the agent to explore paths that avoid holes and lead more directly to the goal. This might involve training the agent to recognize and avoid high-risk states (holes) and to prioritize actions that have historically led to successful outcomes.

5. **Environment Modeling:** Consider building a model of the environment's dynamics to simulate potential outcomes of actions. This can help the agent anticipate the consequences of its actions and make more informed decisions.

By implementing these strategies, the agent may improve its ability to navigate the FrozenLake environment, increase its likelihood of reaching the goal, and achieve higher rewards in future episodes.","To improve the agent's performance in the FrozenLake-v1 environment, we need to adjust the action selection strategy to better account for the stochastic nature of the environment and the layout of the grid. Given the previous episode's outcome and the analysis, we should focus on a strategy that encourages exploration while also guiding the agent towards more promising actions.

One effective approach is to use an epsilon-greedy strategy, where the agent predominantly exploits the best-known actions but occasionally explores other actions to discover potentially better strategies. For this scenario, let's assume an epsilon value of 0.2, which means the agent will explore 20% of the time and exploit the best-known action 80% of the time.

Given the previous action sequence and the need to avoid holes while moving towards the goal, we can prioritize actions that are more likely to lead to successful outcomes. Since the agent's intended actions were mostly vertical (up and down), we might want to encourage more horizontal exploration to avoid holes and find a path to the goal.

Here's a suggested probability distribution for the actions:

- **Action 0 (Down):** Given the previous tendency to move down, we should slightly reduce its probability to encourage more exploration.
- **Action 1 (Right):** This action can help the agent move towards the goal, especially if it starts from the left side of the grid. We should increase its probability.
- **Action 2 (Up):** This action was frequently chosen in the previous episode, so we should maintain a moderate probability.
- **Action 3 (Left):** This action can be useful for exploration but should be less prioritized than moving right.

Based on these considerations, here is a proposed action probability distribution:

```python
{
    0: 0.2,  # Slightly reduced to encourage exploration
    1: 0.4,  # Increased to encourage movement towards the goal
    2: 0.3,  # Moderate probability to maintain some vertical movement
    3: 0.1   # Lower probability to reduce unnecessary backtracking
}
```

This distribution aims to balance exploration and exploitation while guiding the agent towards more effective paths in the FrozenLake environment."
166,0.0,0.2,0.34263999999999994,0.010392745025455952,N/A,N/A
167,1.0,0.3,0.33868,0.006619063671678305,N/A,N/A
168,0.0,0.0,0.33472,0.0033325713593512774,N/A,N/A
169,0.0,0.2,0.33075999999999994,0.0057100034318864346,N/A,N/A
170,0.0,0.4,0.3268,0.010357449762523174,"In the last episode of the training process on the FrozenLake-v1 environment, the agent ended with a total reward of 0.0, indicating that it did not reach the goal state (G) and likely fell into a hole (H) or ran out of steps without reaching the goal. The action sequence extracted at intervals was [1, 1, 0, 0, 1, 3, 3, 3, 3, 3, 1, 1, 0, 2, 0, 1].

### Analysis:

1. **Initial Actions:**
   - The agent started with two consecutive actions of 1 (right), which suggests an attempt to move towards the right side of the grid. This is a reasonable strategy to avoid the hole at position 5 (second row, second column).

2. **Middle Actions:**
   - The agent then took two actions of 0 (down), which could indicate an attempt to move towards the third row. However, due to the slippery nature of the environment, the agent might not have moved as intended.
   - Following this, the agent took another right action (1), which might have been an attempt to continue moving towards the goal, but the subsequent sequence of actions (3, 3, 3, 3, 3) suggests a possible loop or confusion, as these actions correspond to moving left, which could have led the agent back towards the starting area or into a hole.

3. **Final Actions:**
   - The agent then attempted to move right twice (1, 1), followed by a down action (0), an up action (2), another down action (0), and finally a right action (1). This sequence indicates a possible attempt to navigate towards the goal, but the agent likely encountered a hole or was unable to reach the goal due to the stochastic nature of the environment.

### Strategy Recommendations:

1. **Improved Exploration:**
   - Encourage the agent to explore more diverse paths by incorporating exploration strategies such as epsilon-greedy or softmax action selection. This can help the agent discover more successful paths to the goal.

2. **State-Action Value Updates:**
   - Ensure that the agent is effectively updating its state-action values (Q-values) to learn the expected rewards of different actions in various states. This can be achieved through techniques like Q-learning or SARSA.

3. **Handling Slippery Dynamics:**
   - Since the environment is slippery, the agent should be trained to account for the stochastic transitions. This can be done by simulating multiple episodes and averaging the outcomes to better estimate the expected rewards of actions.

4. **Path Planning:**
   - Consider implementing a path-planning algorithm that can help the agent identify safer routes to the goal, avoiding holes and minimizing the risk of falling into them.

5. **Reward Shaping:**
   - Introduce intermediate rewards for reaching certain states or for staying on the frozen surface (F) for a certain number of steps. This can help guide the agent towards the goal more effectively.

By incorporating these strategies, the agent can improve its performance in the FrozenLake-v1 environment and increase its chances of successfully reaching the goal state.","To improve the agent's performance in the FrozenLake-v1 environment, we need to adjust the action exploration strategy to encourage more effective exploration while considering the stochastic nature of the environment. Given the previous episode's action sequence and the analysis, we can propose a probability distribution for action exploration that balances exploration and exploitation.

### Proposed Action Exploration Strategy:

1. **Epsilon-Greedy Approach:**
   - We can use an epsilon-greedy strategy where the agent mostly exploits the best-known actions but occasionally explores other actions to discover potentially better paths.

2. **Action Bias:**
   - Since the agent needs to reach the goal on the bottom right, we can slightly bias the action probabilities towards moving right (1) and down (0), as these directions generally lead towards the goal.

3. **Exploration Factor:**
   - To ensure sufficient exploration, we can set a small probability for less favorable actions (up and left) to allow the agent to explore alternative paths.

### Probability Distribution:

Let's assume an epsilon value of 0.2 for exploration, meaning the agent will explore 20% of the time and exploit 80% of the time. We will bias the exploitation towards actions 1 (right) and 0 (down).

- **Exploit (80%):**
  - Right (1): 0.4
  - Down (0): 0.3
  - Up (2): 0.15
  - Left (3): 0.15

- **Explore (20%):**
  - All actions equally: 0.05 each

Combining these, the overall probability distribution becomes:

- Right (1): 0.4 * 0.8 + 0.05 * 0.2 = 0.34
- Down (0): 0.3 * 0.8 + 0.05 * 0.2 = 0.26
- Up (2): 0.15 * 0.8 + 0.05 * 0.2 = 0.14
- Left (3): 0.15 * 0.8 + 0.05 * 0.2 = 0.14

Thus, the probability distribution for the next episode is:

```python
{0: 0.26, 1: 0.34, 2: 0.14, 3: 0.14}
```

This distribution encourages the agent to focus on moving towards the goal while still allowing for exploration of alternative paths."
171,0.0,0.2,0.3228399999999999,0.007827923633158207,N/A,N/A
172,0.0,0.5,0.31888000000000005,0.0029250967781990767,N/A,N/A
173,0.0,0.2,0.3149200000000001,0.003266364336013794,N/A,N/A
174,0.0,0.3,0.31096,0.006446429993957281,N/A,N/A
175,0.0,0.1,0.30700000000000005,0.011998634785413742,"In the last episode of the training process on the FrozenLake-v1 environment, the agent received a total reward of 0.0, indicating that it did not successfully reach the goal state (G) and likely fell into a hole (H) or failed to navigate to the goal within the episode's time limit. The action sequence extracted at intervals was [1, 2, 3, 1, 1], which corresponds to the following intended movements based on the action mapping:

- Action 1: Move right
- Action 2: Move up
- Action 3: Move left
- Action 1: Move right
- Action 1: Move right

Given the slippery nature of the environment, the agent's intended actions may not have resulted in the expected movements due to the stochastic transition dynamics. Each action has a probability of resulting in one of three possible movements, which can lead to unintended navigation paths.

### Analysis:

1. **Action Sequence and Environment Dynamics:**
   - The agent's action sequence suggests an attempt to navigate towards the goal, but the stochastic nature of the environment likely led to deviations from the intended path.
   - The sequence includes multiple attempts to move right, which may indicate a strategy to progress towards the goal located at the bottom-right corner of the grid. However, the inclusion of actions to move up and left suggests possible disorientation or missteps due to the slippery conditions.

2. **Reward Outcome:**
   - The total reward of 0.0 indicates that the agent either fell into a hole or did not reach the goal within the episode. Given the presence of holes in the grid, it is plausible that the agent inadvertently stepped into one due to the stochastic transitions.

### Strategy Recommendations:

1. **Increased Exploration:**
   - Encourage more exploration to better understand the environment's dynamics. This could involve using an exploration strategy such as epsilon-greedy, where the agent occasionally takes random actions to explore different paths and learn from them.

2. **Policy Refinement:**
   - Refine the policy to account for the stochastic nature of the environment. This could involve using algorithms that can handle uncertainty, such as Q-learning with eligibility traces or SARSA, which can help the agent learn more robust policies.

3. **State Value Estimation:**
   - Improve the estimation of state values to better guide the agent's decisions. This can be achieved through techniques like temporal difference learning, which updates value estimates based on observed transitions.

4. **Environment Modeling:**
   - Consider modeling the environment's transition probabilities to better predict the outcomes of actions. This could involve using a model-based approach where the agent learns a model of the environment and uses it to plan more effectively.

5. **Reward Shaping:**
   - Implement reward shaping to provide intermediate rewards for reaching certain states or avoiding holes, which can guide the agent towards the goal more effectively.

By incorporating these strategies, the agent can improve its navigation capabilities in the FrozenLake environment, ultimately increasing its chances of reaching the goal state successfully.","To improve the agent's effectiveness in the FrozenLake-v1 environment, we need to consider the stochastic nature of the environment and the previous episode's outcome. The agent's action sequence suggests an attempt to move towards the goal, but the slippery conditions likely led to unintended movements. Given this, we should focus on increasing exploration while maintaining a bias towards actions that could lead to the goal.

### Recommended Action Distribution:

1. **Increased Exploration:** 
   - Use an epsilon-greedy strategy to balance exploration and exploitation. This involves selecting a random action with a small probability (epsilon) and the best-known action with a higher probability (1-epsilon).

2. **Bias Towards Goal-Oriented Actions:**
   - Since the goal is located at the bottom-right corner, actions that move the agent right (1) and down (0) should have slightly higher probabilities.

3. **Consideration for Stochastic Transitions:**
   - Given the environment's stochastic nature, ensure that the distribution allows for sufficient exploration of all actions to learn the dynamics effectively.

### Suggested Probability Distribution:

Let's assume an epsilon value of 0.2 for exploration, meaning 20% of the time, the agent will explore randomly. The remaining 80% will be biased towards actions that could lead to the goal.

- **Action 0 (Move Down):** Slightly higher probability due to proximity to the goal.
- **Action 1 (Move Right):** Higher probability as it directly moves towards the goal.
- **Action 2 (Move Up):** Lower probability as it moves away from the goal.
- **Action 3 (Move Left):** Lower probability as it moves away from the goal.

Given these considerations, a reasonable distribution might be:

```python
{0: 0.25, 1: 0.35, 2: 0.20, 3: 0.20}
```

This distribution reflects a bias towards actions that could lead to the goal while maintaining enough exploration to account for the environment's stochastic nature. Adjustments can be made based on further observations and learning progress."
176,1.0,0.5,0.3030400000000001,0.009766099974513054,N/A,N/A
177,0.0,0.6,0.29908,0.004723704885691404,N/A,N/A
