episode,train_return,eval_return,epsilon,loss,llm1_full_response,llm2_full_response
1,0.0,0.0,0.99604,nan,N/A,N/A
2,0.0,0.0,0.99208,nan,N/A,N/A
3,0.0,0.0,0.98812,nan,N/A,N/A
4,0.0,0.0,0.98416,nan,N/A,N/A
5,0.0,0.0,0.9802,0.025639832019805908,"In the last episode of the training process on the FrozenLake-v1 environment, the agent received a total reward of 0.0, indicating that it did not successfully reach the goal state (G) and likely fell into a hole (H) or ran out of steps before reaching the goal. The action sequence extracted at intervals is [2, 0, 0, 3, 1, 3, 1, 3, 3, 1, 3, 2, 3, 1, 2, 2, 3, 1, 1, 3, 3, 3, 0, 3].

### Analysis:

1. **Action Sequence and Transition Dynamics:**
   - The action sequence shows a variety of actions being taken, but due to the slippery nature of the environment, the intended actions may not always result in the expected state transitions.
   - The sequence includes multiple instances of the same action being repeated, such as action 3 (move left) and action 1 (move right), which may indicate indecisiveness or oscillation in the agent's policy.

2. **Exploration Challenges:**
   - The slippery nature of the environment introduces stochasticity, making it difficult for the agent to predict the outcome of its actions accurately.
   - The agent may have fallen into a hole (H) or failed to reach the goal (G) due to the randomness in state transitions.

3. **State Coverage:**
   - Without specific state transition data, it's challenging to determine if the agent explored all states effectively. However, the lack of reward suggests that the agent either did not explore the path to the goal sufficiently or was unable to exploit known paths due to the environment's stochastic nature.

### Strategy Recommendations:

1. **Policy Improvement:**
   - Consider using a more sophisticated exploration strategy, such as epsilon-greedy with a decaying epsilon, to balance exploration and exploitation better.
   - Implement a policy that accounts for the stochastic nature of the environment, possibly using a model-based approach to predict state transitions more accurately.

2. **Value Function Optimization:**
   - Enhance the value function approximation by incorporating techniques like Q-learning with function approximation or deep Q-networks (DQN) if computational resources allow.
   - Use eligibility traces (e.g., SARSA(λ) or Q(λ)) to better capture the effects of actions over time and improve learning efficiency.

3. **Environment Interaction:**
   - Increase the number of training episodes to allow the agent more opportunities to learn from the environment's dynamics.
   - Introduce reward shaping to provide intermediate rewards for reaching certain states, encouraging the agent to explore paths leading closer to the goal.

4. **State Representation:**
   - Consider using a more informative state representation that captures additional features of the environment, such as proximity to holes or the goal, to improve decision-making.

By implementing these strategies, the agent may improve its ability to navigate the FrozenLake environment successfully, ultimately increasing the likelihood of reaching the goal state and achieving a higher total reward.","To improve the agent's effectiveness in the FrozenLake environment, we need to consider a strategy that balances exploration and exploitation while accounting for the environment's stochastic nature. Given the previous episode's outcome, a more informed exploration strategy is necessary.

### Analysis for Action Distribution:

1. **Epsilon-Greedy Strategy:**
   - Use an epsilon-greedy strategy where the agent predominantly exploits the best-known actions but occasionally explores other actions to discover potentially better strategies.
   - Start with a moderate epsilon value to ensure sufficient exploration, then decay it over time as the agent learns more about the environment.

2. **Action Distribution:**
   - Initially, we should favor actions that have shown potential in reaching closer to the goal or avoiding holes, based on any prior knowledge or heuristics.
   - Given the stochastic nature, ensure that all actions have a non-zero probability to allow for exploration of different paths.

3. **Exploration Emphasis:**
   - Since the agent did not reach the goal in the last episode, increase exploration slightly to gather more information about the environment.

### Proposed Action Distribution:

Assuming an initial epsilon value of 0.2 (20% exploration), the distribution can be set as follows:

- **Exploitation (80%):** Focus on actions that have shown potential or are part of a known good policy.
- **Exploration (20%):** Distribute evenly among all actions to ensure all possibilities are explored.

Given no specific prior knowledge of which actions are better, we can start with an equal distribution for simplicity:

```python
{
    0: 0.25,  # Move down
    1: 0.25,  # Move right
    2: 0.25,  # Move up
    3: 0.25   # Move left
}
```

This distribution assumes no prior knowledge of which actions are more beneficial. As the agent learns, this distribution can be adjusted to favor actions leading to higher rewards or safer paths."
6,0.0,0.1,0.97624,0.030392399057745934,N/A,N/A
7,0.0,0.0,0.97228,0.02483801543712616,N/A,N/A
8,0.0,0.0,0.96832,0.027848733589053154,N/A,N/A
9,0.0,0.0,0.96436,0.014059292152523994,N/A,N/A
10,0.0,0.0,0.9604,0.025410452857613564,"In the last episode of the training process on the FrozenLake-v1 environment, the agent received a total reward of 0.0, indicating that it did not successfully reach the goal state (G) and likely fell into a hole (H) or did not reach the goal within the episode's time limit. The action sequence extracted at intervals was [3, 2, 1], which corresponds to the following intended moves:

- Action 3: Move left
- Action 2: Move up
- Action 1: Move right

Given the slippery nature of the environment, the agent's intended actions may not have resulted in the expected transitions due to the stochastic transition dynamics. Let's analyze the possible outcomes and provide strategy recommendations:

### Analysis:

1. **Action 3 (Move Left):** 
   - The agent intended to move left, but due to the slippery surface, it could have moved up, right, or left with equal probability. This could have resulted in the agent staying in the same row or moving to an unintended position.

2. **Action 2 (Move Up):**
   - The agent intended to move up, but it could have moved right, down, or up. This action might have moved the agent closer to a hole or kept it in a less advantageous position.

3. **Action 1 (Move Right):**
   - The agent intended to move right, but it could have moved down, left, or right. This could have led to the agent falling into a hole or moving away from the goal.

### Strategy Recommendations:

1. **Increase Exploration:**
   - Encourage the agent to explore more diverse paths by increasing the exploration rate (e.g., epsilon in epsilon-greedy strategies). This will help the agent discover more successful paths to the goal.

2. **Improve Policy Learning:**
   - Consider using a more sophisticated policy learning algorithm, such as Q-learning with function approximation or deep Q-networks (DQN), to better handle the stochastic transitions and learn more robust policies.

3. **Reward Shaping:**
   - Introduce intermediate rewards for reaching certain states that are closer to the goal or avoiding holes. This can guide the agent towards more promising paths.

4. **State Value Estimation:**
   - Use value iteration or policy iteration to estimate the value of each state more accurately, helping the agent make better decisions in uncertain conditions.

5. **Environment Modeling:**
   - Consider modeling the environment's transition dynamics more explicitly, allowing the agent to predict the outcomes of its actions better and adjust its strategy accordingly.

6. **Action Selection Strategy:**
   - Implement a more sophisticated action selection strategy that accounts for the stochastic nature of the environment, such as using a softmax policy that weighs actions based on their expected value.

By implementing these strategies, the agent can improve its performance in navigating the FrozenLake environment, increasing the likelihood of reaching the goal state successfully.","To improve the agent's performance in the FrozenLake environment, we need to consider the stochastic nature of the environment and the need for effective exploration. Given the slippery dynamics and the previous episode's outcome, we should encourage exploration while also considering the potential benefits of each action.

### Action Selection Strategy:

1. **Exploration vs. Exploitation:**
   - Since the agent did not reach the goal in the previous episode, increasing exploration is crucial. We can use an epsilon-greedy strategy where we assign a higher probability to exploration.

2. **Action Value Estimation:**
   - Without specific action-value estimates, we can assume a uniform distribution for exploration. However, we should slightly favor actions that are more likely to lead towards the goal based on the typical layout of the FrozenLake environment.

3. **Probabilistic Action Distribution:**
   - Given the stochastic nature and the need for exploration, we can start with a balanced approach but slightly favor actions that are generally beneficial in reaching the goal.

### Recommended Action Distribution:

Let's assume a moderate exploration rate with a slight bias towards actions that might generally be more beneficial (e.g., moving right or down in the context of reaching the goal in the bottom-right corner).

```python
{
    0: 0.25,  # Move down
    1: 0.30,  # Move right
    2: 0.20,  # Move up
    3: 0.25   # Move left
}
```

### Explanation:

- **Move Down (0):** This action is generally beneficial as it can help progress towards the goal, especially from the starting position.
- **Move Right (1):** Slightly higher probability as moving right is often necessary to reach the goal in the bottom-right corner.
- **Move Up (2):** Lower probability since moving up can often lead away from the goal.
- **Move Left (3):** Balanced probability as it can be useful in certain situations but also risky due to potential holes.

This distribution encourages exploration while slightly favoring actions that are more likely to lead towards the goal, considering the typical layout and dynamics of the FrozenLake environment."
11,0.0,0.0,0.95644,0.03525260463356972,N/A,N/A
12,0.0,0.0,0.95248,0.028156308457255363,N/A,N/A
13,0.0,0.0,0.94852,0.024104533717036247,N/A,N/A
14,0.0,0.0,0.94456,0.04448312520980835,N/A,N/A
15,0.0,0.0,0.9406,0.05941510945558548,"In the last episode of the training process on the FrozenLake-v1 environment, the agent received a total reward of 0.0, indicating that it did not reach the goal state (G) and likely fell into a hole (H) or failed to reach the goal within the episode's time limit. The action sequence extracted at intervals is [2, 3], which suggests that the agent attempted to move up and left at key points during the episode.

### Analysis:

1. **Action Sequence**:
   - **Action 2 (Up)**: This action was chosen first, which means the agent attempted to move upwards. Given the starting position (state 0), moving up would not change the state due to the grid's boundary.
   - **Action 3 (Left)**: This action was chosen next, which would also not change the state from the starting position due to the boundary.

2. **Slippery Dynamics**:
   - The environment's slippery nature means that the agent's intended actions may not always result in the expected movement. For example, choosing to move up (action 2) could result in moving right or down with equal probability, and choosing to move left (action 3) could result in moving up or right.

3. **Outcome**:
   - The total reward of 0.0 suggests that the agent either fell into a hole or did not reach the goal. Given the limited action sequence and the slippery dynamics, it is likely that the agent's movements were not optimal, leading to an unsuccessful episode.

### Strategy Recommendations:

1. **Exploration Strategy**:
   - **Increased Exploration**: Encourage the agent to explore more diverse actions to better understand the environment's dynamics. Implementing an epsilon-greedy strategy with a higher epsilon value could help the agent explore more states and actions.
   - **Action Value Estimation**: Use techniques like Q-learning or SARSA to estimate the value of actions in different states, which can guide the agent towards more rewarding paths.

2. **Handling Slippery Dynamics**:
   - **Model-Based Approach**: Consider using a model-based approach to predict the outcomes of actions under the environment's stochastic dynamics. This can help the agent plan more effectively.
   - **Policy Gradient Methods**: Implement policy gradient methods that can learn stochastic policies, which might be more suitable for environments with inherent randomness.

3. **State Representation**:
   - **Feature Engineering**: Enhance the state representation to include information about the agent's position relative to holes and the goal. This can help the agent make more informed decisions.

4. **Reward Shaping**:
   - **Intermediate Rewards**: Introduce intermediate rewards for reaching certain states or avoiding holes to provide the agent with more feedback during training.

By implementing these strategies, the agent can improve its understanding of the environment and increase its chances of successfully reaching the goal in future episodes.","To improve the agent's exploration and task effectiveness in the FrozenLake-v1 environment, we need to adjust the action selection strategy to encourage more exploration while considering the environment's slippery dynamics. Given the previous episode's outcome and the need for better exploration, we can use an epsilon-greedy strategy to balance exploration and exploitation.

Let's assume a higher epsilon value (e.g., 0.3) to encourage exploration. This means that 30% of the time, the agent will choose a random action, and 70% of the time, it will choose the action with the highest estimated value (exploitation). Since we are focusing on exploration, we will distribute the exploration probability equally among all actions.

Here's how we can distribute the probabilities:

- Exploration probability (random action): 0.3 / 4 = 0.075 for each action
- Exploitation probability (best action): 0.7

Assuming that the agent does not yet have a clear preference for any action due to limited learning, we can initially distribute the exploitation probability equally among all actions. This will be refined as the agent learns more about the environment.

Therefore, the probability distribution for the next episode could be:

```python
{0: 0.175, 1: 0.175, 2: 0.175, 3: 0.175}
```

This distribution reflects a balanced approach, encouraging exploration while allowing for exploitation as the agent learns more about the environment. As the agent's knowledge improves, the distribution can be adjusted to favor actions with higher estimated values."
16,0.0,0.0,0.93664,0.02204136550426483,N/A,N/A
17,0.0,0.0,0.93268,0.054010797291994095,N/A,N/A
18,0.0,0.0,0.92872,0.025290578603744507,N/A,N/A
19,0.0,0.0,0.92476,0.025151997804641724,N/A,N/A
20,0.0,0.2,0.9208,0.0237496979534626,"In the last episode of the training process on the FrozenLake-v1 environment, the agent received a total reward of 0.0, indicating that it did not successfully reach the goal state (G) and likely fell into a hole (H) or ran out of steps without reaching the goal. The action sequence extracted at intervals was [3, 3, 1, 2, 0, 1, 1, 0, 1, 2, 0], which corresponds to the following intended movements based on the action mapping:

- Action 3: Move left
- Action 1: Move right
- Action 2: Move up
- Action 0: Move down

Given the slippery nature of the environment, the agent's intended movements may not have been executed as planned due to the stochastic transition dynamics. This means that even if the agent intended to move in a particular direction, it could have ended up moving in one of the other two directions with equal probability.

### Analysis of the Episode:

1. **Initial Actions (3, 3):** The agent attempted to move left twice. Starting from the initial state (S), moving left would not change the state as it is already at the leftmost boundary. This suggests that the agent might have been stuck or was exploring the boundaries.

2. **Subsequent Actions (1, 2, 0, 1, 1, 0, 1, 2, 0):** The agent's actions indicate attempts to move right, up, down, and right again. Given the stochastic nature, these actions could have resulted in unintended movements, potentially leading the agent into a hole or backtracking.

3. **Outcome:** The total reward of 0.0 suggests that the agent either fell into a hole or failed to reach the goal within the episode's time limit. The sequence of actions and the environment's stochastic dynamics likely contributed to this outcome.

### Strategy Recommendations:

1. **Improved Exploration Strategy:** The agent should be encouraged to explore more systematically to better understand the environment's dynamics. Implementing an exploration strategy like epsilon-greedy, where the agent occasionally takes random actions, could help it discover more effective paths.

2. **Incorporate Learning from Failures:** The agent should be trained to learn from episodes where it falls into holes. Techniques like Q-learning or SARSA can be used to update the value of states and actions based on the received rewards, helping the agent avoid holes in future episodes.

3. **Model the Environment's Stochasticity:** Since the environment is slippery, the agent should be trained to anticipate and adapt to the stochastic nature of the transitions. This could involve using algorithms that account for uncertainty, such as Monte Carlo methods or policy gradient methods.

4. **State-Action Value Function:** The agent should develop a more accurate state-action value function to better estimate the expected rewards of actions in different states. This can be achieved through more extensive training and possibly using function approximation techniques if the state space is large.

5. **Reward Shaping:** Consider implementing reward shaping to provide intermediate rewards for reaching certain states that are closer to the goal, encouraging the agent to make progress even if it doesn't reach the goal immediately.

By addressing these areas, the agent can improve its performance in the FrozenLake-v1 environment, increasing the likelihood of successfully reaching the goal in future episodes.","To improve the agent's performance in the FrozenLake-v1 environment, we need to consider a strategy that balances exploration and exploitation while accounting for the stochastic nature of the environment. Given the previous episode's outcome and the need for better exploration, an epsilon-greedy strategy can be effective. This strategy involves selecting the action with the highest estimated value most of the time (exploitation) while occasionally selecting a random action (exploration) to discover new strategies.

Let's assume an epsilon value of 0.2 for exploration, which means the agent will explore with a probability of 0.2 and exploit with a probability of 0.8. Since the agent's policy is not yet optimal, we will distribute the exploration probability equally among all actions.

Here's how we can distribute the probabilities:

- Exploitation: 0.8 probability is assigned to the action with the highest estimated value. Since we don't have specific value estimates from the previous episode, we'll distribute this equally among all actions for simplicity.
- Exploration: 0.2 probability is distributed equally among all actions.

Given the lack of specific value estimates, we can start with an equal distribution for simplicity:

- Exploitation (0.8): Distributed equally among all actions: 0.8 / 4 = 0.2
- Exploration (0.2): Distributed equally among all actions: 0.2 / 4 = 0.05

Total probability for each action: 0.2 (exploitation) + 0.05 (exploration) = 0.25

Therefore, the probability distribution for the next episode is:

```python
{0: 0.25, 1: 0.25, 2: 0.25, 3: 0.25}
```

This distribution reflects a balanced approach, allowing the agent to explore all actions equally while it continues to learn and improve its policy. As the agent gathers more information and updates its value estimates, the distribution can be adjusted to favor more promising actions."
21,0.0,0.0,0.91684,0.016794607043266296,N/A,N/A
22,0.0,0.0,0.91288,0.01628289557993412,N/A,N/A
23,0.0,0.2,0.90892,0.007381229195743799,N/A,N/A
24,0.0,0.2,0.90496,0.015623735263943672,N/A,N/A
25,0.0,0.1,0.901,0.009985880926251411,"In the last episode of the training process on the FrozenLake-v1 environment, the agent received a total reward of 0.0, indicating that it did not successfully reach the goal state (G) and likely fell into a hole (H) or failed to reach the goal within the episode's time limit. The action sequence taken by the agent was [2, 3, 3, 3, 1, 1, 3, 3, 3, 0].

### Analysis:

1. **Action Sequence and Movement:**
   - **Action 2 (Up):** The agent starts by attempting to move up. Given the starting position (state 0), moving up is not possible, so the agent remains in the same state.
   - **Action 3 (Left):** The agent attempts to move left three times consecutively. Since it starts at the leftmost column, these actions do not change its position.
   - **Action 1 (Right):** The agent then tries to move right twice. This could potentially move the agent to the right, but due to the slippery nature of the environment, it might not have moved as intended.
   - **Action 3 (Left):** Another series of left moves follows, which again might not have changed the agent's position significantly due to the grid's boundaries.
   - **Action 0 (Down):** Finally, the agent attempts to move down, which might have been an attempt to move towards the goal, but it could have also led the agent into a hole or kept it in a non-goal state.

2. **Slippery Dynamics:**
   - The environment's slippery nature means that the agent's intended actions do not always result in the expected state transitions. This randomness can lead to the agent falling into holes or failing to reach the goal.

3. **Reward Outcome:**
   - The total reward of 0.0 suggests that the agent either fell into a hole or did not reach the goal within the episode's time limit. The sequence of actions and the environment's dynamics likely contributed to this outcome.

### Strategy Recommendations:

1. **Exploration Strategy:**
   - Encourage more diverse exploration strategies to better understand the environment's dynamics. This could involve varying the action sequences more and exploring different paths to the goal.

2. **Policy Improvement:**
   - Implement a policy that accounts for the stochastic nature of the environment. This could involve using algorithms like Q-learning with exploration strategies such as epsilon-greedy to balance exploration and exploitation.

3. **State-Action Value Estimation:**
   - Improve the estimation of state-action values by increasing the number of episodes and using techniques like eligibility traces or deep Q-networks to better approximate the value function.

4. **Environment Understanding:**
   - Enhance the agent's understanding of the environment by incorporating model-based approaches that simulate the environment's dynamics, allowing the agent to plan more effectively.

5. **Reward Shaping:**
   - Consider implementing reward shaping to provide intermediate rewards that guide the agent towards the goal, potentially reducing the likelihood of falling into holes.

By adopting these strategies, the agent can improve its performance in the FrozenLake-v1 environment, increasing the likelihood of reaching the goal and achieving a higher total reward in future episodes.","To improve the agent's performance in the FrozenLake-v1 environment, we need to consider the balance between exploration and exploitation, as well as the stochastic nature of the environment. Given the previous episode's outcome and the analysis, we should encourage the agent to explore more effectively while also considering the environment's dynamics.

### Recommended Action Distribution:

1. **Action 0 (Down):** This action can potentially move the agent towards the goal, especially from the starting position. However, due to the slippery nature, it might not always result in the intended movement. We should assign a moderate probability to this action to encourage exploration towards the goal.

2. **Action 1 (Right):** Moving right is generally a good strategy from the starting position to explore the grid. It can help the agent move towards the goal while avoiding holes. We should assign a slightly higher probability to this action to encourage exploration in this direction.

3. **Action 2 (Up):** Since moving up from the starting position does not change the state, we should assign a lower probability to this action. However, it can still be useful in other states, so it should not be completely ignored.

4. **Action 3 (Left):** Similar to moving up, moving left from the starting position does not change the state. We should assign a lower probability to this action, but it can still be useful in other states.

Considering these factors, here is a suggested probability distribution for the next episode:

```python
{0: 0.25, 1: 0.35, 2: 0.20, 3: 0.20}
```

- **Action 0 (Down):** 0.25 probability to encourage exploration towards the goal.
- **Action 1 (Right):** 0.35 probability to explore the grid effectively and move towards the goal.
- **Action 2 (Up):** 0.20 probability to allow for some exploration in other states.
- **Action 3 (Left):** 0.20 probability to allow for some exploration in other states.

This distribution encourages the agent to explore more effectively while considering the environment's dynamics and the need to balance exploration and exploitation."
26,0.0,0.1,0.8970400000000001,0.0036442382261157036,N/A,N/A
27,0.0,0.2,0.89308,0.013030976057052612,N/A,N/A
28,0.0,0.0,0.88912,0.012026259675621986,N/A,N/A
29,0.0,0.1,0.88516,0.010439516976475716,N/A,N/A
30,0.0,0.1,0.8812,0.01321929320693016,"In the last episode of training on the FrozenLake-v1 environment, the agent received a total reward of 0.0, indicating that it did not successfully reach the goal state (G) and likely fell into a hole (H) or failed to reach the goal within the episode's time limit. The action sequence extracted at intervals was [2, 1, 3, 0], which corresponds to the following intended movements based on the environment's transition dynamics:

1. **Action 2 (Up)**: The agent intended to move up, but due to the slippery nature of the environment, it could have moved right, up, or down with equal probability.
2. **Action 1 (Right)**: The agent intended to move right, but it could have moved right, down, or left.
3. **Action 3 (Left)**: The agent intended to move left, but it could have moved left, up, or right.
4. **Action 0 (Down)**: The agent intended to move down, but it could have moved down, left, or up.

Given the slippery nature of the environment, the agent's intended actions often do not result in the expected state transitions, leading to a higher likelihood of falling into holes or failing to reach the goal.

### Analysis:
- **Slippery Dynamics**: The stochastic nature of the environment means that even if the agent selects the optimal action, it may not end up in the desired state. This increases the complexity of the task and requires the agent to adapt to uncertainty.
- **Exploration vs. Exploitation**: The agent may not have explored the environment sufficiently to learn a robust policy that accounts for the stochastic transitions. Alternatively, it may be exploiting a suboptimal policy that does not adequately handle the environment's randomness.
- **Action Sequence**: The sequence of actions suggests the agent was attempting to navigate the grid, but the lack of reward indicates it either fell into a hole or did not reach the goal.

### Strategy Recommendations:
1. **Increased Exploration**: Encourage more exploration to allow the agent to experience a wider variety of state transitions and outcomes. This can be achieved by adjusting exploration parameters, such as increasing the epsilon in an epsilon-greedy policy.
   
2. **Policy Robustness**: Focus on developing a policy that is robust to the stochastic nature of the environment. This could involve using techniques like Q-learning with eligibility traces or SARSA, which can help the agent learn more effectively from the stochastic transitions.

3. **Reward Shaping**: Consider implementing reward shaping to provide intermediate rewards that guide the agent towards the goal. For example, small negative rewards for falling into holes or small positive rewards for moving closer to the goal could help the agent learn more effectively.

4. **Model-Based Approaches**: Incorporate model-based reinforcement learning techniques to allow the agent to simulate potential outcomes of actions and plan more effectively under uncertainty.

5. **Environment Familiarization**: Allow the agent to spend more time in the environment to better understand the transition dynamics and develop strategies that account for the stochastic nature of the grid.

By implementing these strategies, the agent can improve its ability to navigate the FrozenLake environment successfully, even with the inherent challenges posed by its slippery dynamics.","To improve the agent's effectiveness in the FrozenLake environment, we need to consider the balance between exploration and exploitation. Given the stochastic nature of the environment and the previous episode's outcome, increasing exploration is crucial to help the agent learn a more robust policy. 

One common approach is to use an epsilon-greedy strategy, where the agent selects a random action with probability epsilon and the best-known action with probability 1-epsilon. Since the agent received a total reward of 0.0 in the last episode, it suggests that the current policy may not be effective, and more exploration is needed.

Let's assume we want to increase exploration by setting epsilon to a relatively high value, such as 0.3. This means the agent will explore by selecting a random action 30% of the time and exploit the current policy 70% of the time. However, since we don't have a specific policy to exploit here, we'll distribute the exploration probability equally among all actions.

Here's how the action distribution could be set for the next episode:

- Exploration (random action): 30% of the time, distributed equally among the four actions.
- Exploitation (best action): 70% of the time, but since we don't have a specific best action, we'll distribute this equally as well.

The distribution of actions would be:

- Exploration: 0.3 / 4 = 0.075 for each action
- Exploitation: 0.7 / 4 = 0.175 for each action

Combining these, the probability for each action would be:

- Total probability for each action: 0.075 + 0.175 = 0.25

Therefore, the distribution of the 4 action explorations for the next episode would be:

```python
{0: 0.25, 1: 0.25, 2: 0.25, 3: 0.25}
```

This uniform distribution reflects a high level of exploration, which is appropriate given the agent's current performance and the need to better understand the environment's dynamics."
31,0.0,0.1,0.87724,0.0139462286606431,N/A,N/A
32,0.0,0.2,0.8732800000000001,0.005613959394395351,N/A,N/A
33,0.0,0.2,0.86932,0.007398341316729784,N/A,N/A
34,0.0,0.2,0.86536,0.0069047859869897366,N/A,N/A
35,0.0,0.1,0.8613999999999999,0.006446244195103645,"In the last episode of the training process on the FrozenLake-v1 task, the agent received a total reward of 0.0, indicating that it did not successfully reach the goal (G) and likely fell into a hole (H) or ran out of steps before reaching the goal. The action sequence extracted at intervals was [2, 0, 0, 0, 3, 2, 0, 1, 3, 2, 3, 0, 1, 3, 2, 2, 2, 1, 3]. Let's analyze this sequence and provide some strategy recommendations.

### Analysis:

1. **Action Sequence and State Transitions:**
   - The sequence of actions suggests that the agent attempted to explore different parts of the grid. However, due to the stochastic nature of the environment (slippery surface), the intended actions might not have always resulted in the expected state transitions.
   - The sequence includes multiple instances of the same action in succession (e.g., three consecutive '0' actions), which might indicate an attempt to move in a particular direction, but due to the environment's stochasticity, the agent might not have moved as intended.

2. **Slippery Dynamics:**
   - The environment's transition dynamics mean that each action has a 1/3 probability of resulting in one of three possible directions. This makes it challenging for the agent to predict its next state accurately, leading to potential missteps into holes (H).

3. **Exploration vs. Exploitation:**
   - The agent's exploration strategy might be too random or not sufficiently informed by past experiences, leading to ineffective exploration and failure to avoid holes or reach the goal.

4. **Lack of Goal Achievement:**
   - The total reward of 0.0 indicates that the agent did not reach the goal (G). This could be due to falling into a hole or not finding an optimal path within the episode's time limit.

### Strategy Recommendations:

1. **Improved Exploration Strategy:**
   - Implement a more sophisticated exploration strategy, such as epsilon-greedy with a decaying epsilon, to balance exploration and exploitation. This can help the agent learn more about the environment while gradually focusing on exploiting known paths to the goal.

2. **State-Action Value Estimation:**
   - Use Q-learning or SARSA to estimate the state-action values more accurately. This will help the agent make better-informed decisions about which actions to take in each state, considering the stochastic nature of the environment.

3. **Model-Based Approach:**
   - Consider using a model-based approach to predict the outcomes of actions more accurately. This could involve learning a transition model of the environment and using it to simulate potential future states.

4. **Reward Shaping:**
   - Introduce intermediate rewards for reaching certain states or avoiding holes to guide the agent more effectively toward the goal.

5. **Policy Optimization:**
   - Explore policy gradient methods or actor-critic algorithms to directly optimize the policy, potentially leading to more robust strategies in the face of stochastic transitions.

By implementing these strategies, the agent can improve its performance in navigating the FrozenLake environment, increasing the likelihood of reaching the goal and achieving a higher total reward.","To improve the agent's effectiveness in the FrozenLake environment, we need to adjust the action exploration strategy to better balance exploration and exploitation, considering the stochastic nature of the environment. Given the previous episode's performance and the analysis, we can propose a probability distribution for the actions that encourages exploration while also allowing for some degree of exploitation of known paths.

A common approach is to use an epsilon-greedy strategy, where the agent mostly exploits the best-known action but occasionally explores other actions. For this scenario, let's assume an epsilon value of 0.2, meaning the agent will explore 20% of the time and exploit 80% of the time. Since we don't have specific Q-values or a policy from which to determine the best action, we'll assume a uniform distribution for exploration.

Here's how we can distribute the probabilities:

1. **Exploitation**: With 80% probability, the agent will choose the action that is currently believed to be the best. Without specific Q-values, we assume equal probability among all actions for exploitation.
2. **Exploration**: With 20% probability, the agent will choose randomly among all actions.

Given this, the probability distribution for each action can be calculated as follows:

- Exploitation: 80% of the time, equally distributed among 4 actions: \(0.8 / 4 = 0.2\) for each action.
- Exploration: 20% of the time, equally distributed among 4 actions: \(0.2 / 4 = 0.05\) for each action.

Adding these together gives us:

- Total probability for each action: \(0.2 + 0.05 = 0.25\)

Thus, the probability distribution for the actions is:

```python
{0: 0.25, 1: 0.25, 2: 0.25, 3: 0.25}
```

This distribution reflects a balanced approach where the agent has an equal chance of selecting any action, which is suitable given the lack of specific state-action value information. As the agent learns and develops a better understanding of the environment, this distribution can be adjusted to favor actions with higher estimated values."
36,0.0,0.2,0.85744,0.004333870019763708,N/A,N/A
37,0.0,0.1,0.85348,0.006318984087556601,N/A,N/A
38,0.0,0.1,0.84952,0.005052655469626188,N/A,N/A
39,0.0,0.2,0.84556,0.008257785812020302,N/A,N/A
40,0.0,0.4,0.8416,0.005944785196334124,"In the last episode of the training process on the FrozenLake-v1 environment, the agent received a total reward of 0.0, indicating that it did not successfully reach the goal state (G) and likely fell into a hole (H) or did not reach the goal within the episode's time limit. The action sequence extracted at intervals was [2, 3, 1, 1], which corresponds to the following intended movements:

- Action 2: Attempt to move up.
- Action 3: Attempt to move left.
- Action 1: Attempt to move right.
- Action 1: Attempt to move right again.

Given the slippery nature of the environment, these intended actions do not always result in the expected movements due to the stochastic transition dynamics. The agent's actual path may have deviated significantly from the intended path, leading to an unsuccessful episode.

### Analysis:

1. **Stochastic Transitions**: The environment's slippery nature means that the agent's actions do not always lead to the intended outcomes. This increases the difficulty of navigating the grid and reaching the goal.

2. **Action Sequence**: The sequence [2, 3, 1, 1] suggests that the agent attempted a combination of movements that might not have been optimal for reaching the goal. The sequence indicates a lack of a clear strategy to avoid holes and reach the goal efficiently.

3. **Reward Outcome**: The total reward of 0.0 implies that the agent either fell into a hole or failed to reach the goal within the episode's time limit. This suggests a need for improved exploration or policy refinement.

### Strategy Recommendations:

1. **Policy Improvement**: The agent's policy may need refinement to better account for the stochastic nature of the environment. Consider using algorithms that can handle uncertainty, such as Q-learning with exploration strategies like epsilon-greedy or softmax action selection.

2. **Exploration vs. Exploitation**: Ensure that the agent balances exploration and exploitation effectively. Early in training, prioritize exploration to gather diverse experiences. As training progresses, shift towards exploitation to refine the policy based on learned experiences.

3. **State-Action Value Estimation**: Improve the estimation of state-action values by increasing the number of episodes or using function approximation techniques if the tabular approach is insufficient.

4. **Environment Understanding**: Encourage the agent to learn the environment's dynamics better by incorporating model-based approaches, where the agent builds a model of the environment's transition probabilities and rewards.

5. **Reward Shaping**: Introduce intermediate rewards to guide the agent towards the goal more effectively. For example, provide small positive rewards for moving closer to the goal or negative rewards for moving towards holes.

6. **Training Variability**: Introduce variability in training scenarios to ensure the agent can generalize its policy across different starting conditions and adapt to the stochastic nature of the environment.

By implementing these strategies, the agent can improve its ability to navigate the FrozenLake environment and increase its chances of successfully reaching the goal state.","To improve the agent's effectiveness in the FrozenLake environment, we need to consider a strategy that balances exploration and exploitation while accounting for the stochastic nature of the environment. Given the previous episode's outcome and the need for better exploration, we can use an epsilon-greedy strategy to define the action distribution. This strategy allows the agent to explore different actions while still exploiting the best-known actions.

Let's assume an epsilon value of 0.2 for exploration, meaning the agent will explore 20% of the time and exploit the best-known action 80% of the time. Since we don't have specific Q-values or a policy indicating which action is currently the best, we'll distribute the exploration probability equally among all actions.

Here's how we can distribute the probabilities:

- Exploit the best-known action: 80% of the time
- Explore other actions: 20% of the time, distributed equally among all actions

Assuming we don't have a specific best action yet, we can distribute the probabilities as follows:

- Exploit (choose any action as the best for now, say action 1): 0.8 probability
- Explore (equally distribute the remaining 0.2 among all actions):

  - Action 0: 0.05 (20% / 4)
  - Action 1: 0.05 (20% / 4)
  - Action 2: 0.05 (20% / 4)
  - Action 3: 0.05 (20% / 4)

However, since we need to account for the exploitation of the best action, we can adjust this to:

- Action 0: 0.05 (exploration)
- Action 1: 0.8 (exploitation, assuming it's the best action)
- Action 2: 0.05 (exploration)
- Action 3: 0.05 (exploration)

This results in the following distribution:

```python
{0: 0.05, 1: 0.8, 2: 0.05, 3: 0.05}
```

This distribution assumes action 1 is currently the best action based on prior knowledge or assumptions. As the agent learns and updates its policy, the distribution can be adjusted to reflect the true best action."
41,0.0,0.4,0.8376399999999999,0.0101699847728014,N/A,N/A
42,0.0,0.0,0.83368,0.004882637411355972,N/A,N/A
43,0.0,0.0,0.82972,0.011931695975363255,N/A,N/A
44,0.0,0.0,0.82576,0.01004720851778984,N/A,N/A
45,0.0,0.3,0.8218,0.009404376149177551,"In the last episode of the training process on the FrozenLake-v1 environment, the agent received a total reward of 0.0, indicating that it did not reach the goal state (G) and likely fell into a hole (H) or failed to reach the goal within the episode's time limit. The action sequence extracted at intervals is [1, 1, 0, 1, 1, 1], which corresponds to the following actions:

- Action 1: Move right
- Action 1: Move right
- Action 0: Move down
- Action 1: Move right
- Action 1: Move right
- Action 1: Move right

Given the environment's transition dynamics, where actions are probabilistic due to the slippery nature of the frozen surface, the agent's intended path may not have been followed exactly as planned. Let's analyze the potential path and outcomes based on the action sequence:

1. **Initial State (0):** The agent starts at the initial state (S) at position 0.
2. **Action 1 (Move right):** The agent attempts to move right from state 0 to state 1. However, due to the slippery nature, it could have ended up in state 4 (down) or stayed in state 0 (left).
3. **Action 1 (Move right):** The agent attempts to move right again. If it was in state 1, it could have moved to state 2, state 5 (down), or stayed in state 1 (left). If it was in state 4, it could have moved to state 5, state 8 (down), or stayed in state 4 (left).
4. **Action 0 (Move down):** The agent attempts to move down. If it was in state 2, it could have moved to state 6, state 1 (left), or stayed in state 2 (up). If it was in state 5, it could have moved to state 9, state 4 (left), or stayed in state 5 (up).
5. **Action 1 (Move right):** The agent attempts to move right. If it was in state 6, it could have moved to state 7, state 10 (down), or stayed in state 6 (left). If it was in state 9, it could have moved to state 10, state 13 (down), or stayed in state 9 (left).
6. **Action 1 (Move right):** The agent attempts to move right again. If it was in state 7, it could have moved to state 11, state 6 (left), or stayed in state 7 (up). If it was in state 10, it could have moved to state 11, state 14 (down), or stayed in state 10 (left).
7. **Action 1 (Move right):** The agent attempts to move right once more. If it was in state 11, it could have moved to state 10 (left), state 15 (goal), or stayed in state 11 (up). If it was in state 14, it could have moved to state 15 (goal), state 13 (left), or stayed in state 14 (up).

Given the total reward of 0.0, it is likely that the agent fell into a hole or did not reach the goal state. The slippery nature of the environment makes it challenging for the agent to follow a deterministic path.

### Strategy Recommendations:

1. **Increased Exploration:** Encourage the agent to explore more diverse paths to avoid falling into holes. This can be achieved by adjusting the exploration-exploitation balance (e.g., using an epsilon-greedy strategy with a higher epsilon value).

2. **Improved Policy Learning:** Consider using algorithms that can better handle stochastic environments, such as SARSA or Q-learning with eligibility traces, to improve the agent's policy over time.

3. **State Value Estimation:** Implement value function approximation techniques to better estimate the value of each state, helping the agent make more informed decisions.

4. **Reward Shaping:** Introduce intermediate rewards for reaching certain states or avoiding holes to guide the agent towards the goal more effectively.

5. **Environment Modeling:** Use model-based approaches to predict the outcomes of actions more accurately, helping the agent plan its moves better in a stochastic environment.

By implementing these strategies, the agent can improve its performance in navigating the FrozenLake environment and increase its chances of reaching the goal state successfully.","To improve the agent's performance in the FrozenLake-v1 environment, we need to consider a strategy that balances exploration and exploitation while accounting for the stochastic nature of the environment. Given the previous episode's action sequence and the resulting failure to reach the goal, we should encourage more exploration to discover potentially successful paths.

One common approach is to use an epsilon-greedy strategy, where the agent selects the best-known action with probability \(1 - \epsilon\) and explores a random action with probability \(\epsilon\). Since the agent failed to reach the goal, we should increase exploration to avoid getting stuck in suboptimal paths.

Let's assume a moderate exploration rate, such as \(\epsilon = 0.3\), which means the agent will explore 30% of the time and exploit 70% of the time. The exploration probability will be evenly distributed among all actions, while the exploitation probability will be concentrated on the best-known action. However, since we don't have specific information about the best-known action, we'll distribute the exploitation probability evenly among all actions for simplicity.

Here's how the action probabilities can be distributed:

- Exploration probability: \(\epsilon = 0.3\)
- Exploitation probability: \(1 - \epsilon = 0.7\)

Since we don't have a specific best action, we'll distribute the exploitation probability evenly among all actions:

- Probability for each action during exploration: \( \frac{\epsilon}{4} = \frac{0.3}{4} = 0.075\)
- Probability for each action during exploitation: \( \frac{0.7}{4} = 0.175\)

Combining exploration and exploitation probabilities, the distribution for each action becomes:

- Action 0: \(0.075 + 0.175 = 0.25\)
- Action 1: \(0.075 + 0.175 = 0.25\)
- Action 2: \(0.075 + 0.175 = 0.25\)
- Action 3: \(0.075 + 0.175 = 0.25\)

Thus, the distribution of the 4 action explorations for the next episode is:

```python
{0: 0.25, 1: 0.25, 2: 0.25, 3: 0.25}
```

This distribution encourages balanced exploration across all actions, allowing the agent to gather more information about the environment and potentially discover more effective paths to the goal."
46,0.0,0.4,0.81784,0.008380232378840446,N/A,N/A
47,0.0,0.3,0.8138799999999999,0.006647069938480854,N/A,N/A
48,0.0,0.1,0.80992,0.008836030960083008,N/A,N/A
49,0.0,0.4,0.80596,0.00714619318023324,N/A,N/A
50,0.0,0.0,0.802,0.009836483746767044,"In the last episode of the training process on the FrozenLake-v1 environment, the agent received a total reward of 0.0, indicating that it did not reach the goal state (G) and likely fell into a hole (H) or failed to reach the goal within the episode's time limit. The action sequence extracted at intervals is [3, 3, 0, 3, 2, 2, 1, 2, 3, 0, 1, 1, 0], which corresponds to the following actions:

- 3: Move left
- 0: Move down
- 2: Move up
- 1: Move right

Analyzing the action sequence, we can infer the following:

1. **Initial Movements**: The agent starts with two consecutive left moves (3, 3). Given the starting position (state 0), these moves would keep the agent in the same position due to the grid's boundary, indicating an inefficient start.

2. **Subsequent Actions**: The agent then attempts to move down (0), left (3), up (2), and up (2) again. These actions suggest the agent is exploring the grid but may not be effectively navigating towards the goal.

3. **Middle Sequence**: The sequence [1, 2, 3, 0, 1, 1] indicates some right and down movements, which could be attempts to progress towards the goal. However, the randomness due to the slippery nature of the environment might have led to unintended movements.

4. **Final Actions**: The episode ends with a down move (0), suggesting the agent might have fallen into a hole or reached a state where it could not progress further.

### Strategy Recommendations:

1. **Improved Exploration Strategy**: The agent's exploration strategy needs refinement to effectively navigate the grid. Implementing a more structured exploration policy, such as epsilon-greedy with decay, could help balance exploration and exploitation.

2. **State-Action Value Estimation**: Enhance the agent's ability to estimate state-action values accurately. Techniques like Q-learning or SARSA with function approximation could improve decision-making under uncertainty.

3. **Incorporate Heuristics**: Introduce heuristic guidance to prioritize actions that lead towards the goal. This could involve using potential-based reward shaping to encourage movements that reduce the distance to the goal.

4. **Model-Based Approaches**: Consider incorporating model-based reinforcement learning to predict the outcomes of actions more accurately, given the stochastic nature of the environment.

5. **Environment Familiarization**: Allow the agent more episodes to familiarize itself with the environment's dynamics. This could involve increasing the number of training episodes or using transfer learning from similar environments.

6. **Reward Shaping**: Introduce intermediate rewards for reaching specific states or avoiding holes to guide the agent towards the goal more effectively.

By implementing these strategies, the agent can improve its performance in navigating the FrozenLake environment and increase its likelihood of reaching the goal state successfully.","To improve the agent's effectiveness in the FrozenLake environment, we need to adjust the action exploration strategy to better balance exploration and exploitation, while considering the stochastic nature of the environment. Given the previous episode's performance and the need for a more structured exploration approach, we can use an epsilon-greedy strategy with a slight bias towards actions that might lead the agent towards the goal.

Here's a suggested probability distribution for the actions:

- **Action 0 (Move Down)**: This action is generally favorable as it can help the agent progress towards the goal, especially from the starting position. We should assign a slightly higher probability to this action.

- **Action 1 (Move Right)**: Moving right is also beneficial as it can help the agent navigate towards the goal. This action should also have a higher probability.

- **Action 2 (Move Up)**: Moving up is less favorable in the initial stages, as it might lead the agent away from the goal. However, it should still have a non-zero probability to allow for exploration.

- **Action 3 (Move Left)**: Moving left is generally less favorable from the starting position, as it can lead to inefficient movements. This action should have the lowest probability.

Given these considerations, here's a proposed action probability distribution:

```python
{0: 0.35, 1: 0.35, 2: 0.15, 3: 0.15}
```

This distribution reflects a preference for moving down and right, which are generally more effective actions for progressing towards the goal, while still allowing for some exploration with the other actions. Adjustments can be made based on further observations and performance in subsequent episodes."
51,0.0,0.0,0.7980400000000001,0.012920545414090157,N/A,N/A
52,0.0,0.1,0.79408,0.0054981280118227005,N/A,N/A
53,0.0,0.1,0.79012,0.0034590947907418013,N/A,N/A
54,0.0,0.0,0.78616,0.005572254303842783,N/A,N/A
55,0.0,0.3,0.7822,0.008194571360945702,"In the last episode of the training process on the FrozenLake-v1 environment, the agent received a total reward of 0.0, indicating that it did not reach the goal state (G) and likely fell into a hole (H) or did not reach the goal within the episode's time limit. The action sequence extracted at intervals is [2, 3, 3, 1, 2], which corresponds to the following intended movements:

- Action 2: Intended to move up, but due to the slippery nature, the agent could have moved right, up, or down.
- Action 3: Intended to move left, but could have moved up, right, or left.
- Action 3: Intended to move left again, with the same possible outcomes.
- Action 1: Intended to move right, but could have moved down, left, or right.
- Action 2: Intended to move up, with possible outcomes of moving right, up, or down.

### Analysis:

1. **Slippery Dynamics**: The environment's stochastic nature means that the agent's intended actions do not always result in the expected movements. This can lead to the agent inadvertently stepping into holes (H) or failing to reach the goal (G).

2. **Action Sequence**: The sequence [2, 3, 3, 1, 2] suggests that the agent attempted to navigate through the grid but was likely diverted from its intended path due to the environment's randomness. The repeated attempts to move left (action 3) might indicate a strategy to avoid holes or reach a specific path, but the stochastic transitions could have led to unintended outcomes.

3. **Reward**: The total reward of 0.0 suggests that the agent either fell into a hole or did not reach the goal within the episode. Given the action sequence, it is possible that the agent fell into a hole, as the sequence does not seem to lead directly to the goal.

### Strategy Recommendations:

1. **Increased Exploration**: Encourage more exploration to better understand the environment's dynamics. This can be achieved by adjusting the exploration-exploitation balance, possibly by increasing the exploration rate (e.g., epsilon in an epsilon-greedy strategy).

2. **Path Planning**: Develop a more robust path-planning strategy that accounts for the stochastic nature of the environment. This could involve using a model-based approach to predict possible outcomes of actions and plan accordingly.

3. **State-Action Value Updates**: Ensure that the agent's learning algorithm effectively updates state-action values to reflect the stochastic transitions. This might involve using techniques like Q-learning with eligibility traces or SARSA to better capture the environment's dynamics.

4. **Policy Refinement**: Refine the policy to prioritize actions that have a higher probability of leading to the goal while minimizing the risk of falling into holes. This could involve using a policy gradient method to optimize the policy directly.

5. **Simulation and Analysis**: Run simulations to analyze the agent's behavior in different scenarios, identifying common pitfalls and adjusting the strategy to mitigate these issues.

By implementing these strategies, the agent can improve its performance in the FrozenLake-v1 environment, increasing the likelihood of reaching the goal and achieving a positive reward.","To improve the agent's performance in the FrozenLake-v1 environment, we need to consider both the stochastic nature of the environment and the agent's previous behavior. Given the slippery dynamics and the previous episode's outcome, it is crucial to encourage exploration while also guiding the agent towards more effective actions.

### Analysis of Actions:
- **Action 0 (Down)**: This action can be useful for moving towards the goal, especially from the top rows. However, it can also lead to holes if not carefully planned.
- **Action 1 (Right)**: Moving right is generally beneficial for progressing towards the goal, especially from the left side of the grid.
- **Action 2 (Up)**: This action can help avoid holes but may not be as effective for reaching the goal unless the agent is near the bottom of the grid.
- **Action 3 (Left)**: Moving left can be useful for avoiding holes on the right side but may not contribute directly to reaching the goal.

### Strategy for Action Selection:
1. **Balanced Exploration**: Given the stochastic nature, we should encourage exploration across all actions but with a slight preference for actions that are more likely to lead towards the goal (i.e., moving right and down).

2. **Avoiding Repeated Mistakes**: Since the previous sequence involved multiple left moves (action 3) without success, we should slightly reduce the probability of this action unless it is strategically beneficial.

3. **Increased Exploration for New Paths**: Encourage exploration of actions that were less frequently chosen in the previous episode to discover potentially more effective paths.

### Recommended Action Distribution:
To balance exploration and exploitation while considering the previous episode's outcomes, we can propose the following distribution:

- **Action 0 (Down)**: Increase probability slightly to encourage exploration towards the goal.
- **Action 1 (Right)**: Increase probability as it is generally beneficial for reaching the goal.
- **Action 2 (Up)**: Maintain a moderate probability to allow for exploration and avoiding holes.
- **Action 3 (Left)**: Slightly decrease probability due to previous ineffectiveness.

Here is a suggested probability distribution for the next episode:

```python
{0: 0.25, 1: 0.35, 2: 0.25, 3: 0.15}
```

This distribution encourages exploration while slightly favoring actions that are more likely to lead towards the goal, based on the grid layout and previous episode analysis."
56,0.0,0.3,0.77824,0.006248104851692915,N/A,N/A
57,0.0,0.4,0.77428,0.00510865543037653,N/A,N/A
58,0.0,0.0,0.77032,0.004008736927062273,N/A,N/A
59,0.0,0.1,0.76636,0.005134711042046547,N/A,N/A
60,0.0,0.3,0.7624,0.010168327949941158,"In the last episode of the training process on the FrozenLake-v1 environment, the agent received a total reward of 0.0, indicating that it did not successfully reach the goal state (G) and likely fell into a hole (H) or failed to reach the goal within the episode's time limit. The action sequence extracted at intervals was [1, 3, 1, 2, 1, 2, 2], which corresponds to the following actions:

- Action 1: Move right
- Action 3: Move left
- Action 1: Move right
- Action 2: Move up
- Action 1: Move right
- Action 2: Move up
- Action 2: Move up

### Analysis:

1. **Initial Actions:**
   - The sequence starts with a move to the right (action 1), which is a reasonable choice from the starting position (S) at state 0. However, due to the slippery nature of the environment, the agent might not have moved directly to the intended state.

2. **Subsequent Actions:**
   - The agent then attempts to move left (action 3) and right again (action 1), indicating potential indecision or correction of an unintended move due to the environment's stochastic transitions.
   - The sequence includes multiple upward movements (action 2), which suggests the agent might have been trying to navigate towards the goal, but the slippery dynamics could have led it astray.

3. **Outcome:**
   - Given the total reward of 0.0, it is likely that the agent either fell into a hole or did not reach the goal within the episode's time limit. The presence of holes in the second and third rows (states 5, 7, 11) could have contributed to the episode ending prematurely.

### Strategy Recommendations:

1. **Improved Exploration:**
   - Encourage more systematic exploration strategies, such as using a model-based approach to predict the outcomes of actions or employing a more sophisticated exploration policy like epsilon-greedy with decay to balance exploration and exploitation.

2. **State-Action Value Estimation:**
   - Implement Q-learning or SARSA to better estimate the value of state-action pairs, which can help the agent make more informed decisions despite the stochastic transitions.

3. **Environment Dynamics Understanding:**
   - Train the agent to better understand and anticipate the environment's slippery dynamics. This could involve simulating multiple potential outcomes for each action and choosing the one with the highest expected reward.

4. **Policy Optimization:**
   - Consider using policy gradient methods to directly optimize the policy, which might be more effective in handling the stochastic nature of the environment.

5. **Reward Shaping:**
   - Introduce intermediate rewards for reaching certain states or avoiding holes to guide the agent more effectively towards the goal.

By implementing these strategies, the agent can improve its performance in navigating the FrozenLake environment, increasing the likelihood of reaching the goal state successfully in future episodes.","To improve the agent's performance in the FrozenLake environment, we need to adjust the action exploration strategy to account for the stochastic nature of the environment and the need for effective exploration. Given the previous episode's outcome and the analysis, we should aim for a balanced exploration strategy that encourages the agent to explore different actions while also considering the potential benefits of each action.

One approach is to use an epsilon-greedy strategy, where the agent predominantly exploits the best-known action but occasionally explores other actions. However, since we are focusing on exploration, we can start with a more exploratory distribution and adjust it over time.

Considering the agent's previous actions and the environment's dynamics, we can propose a distribution that slightly favors moving right (action 1) and moving up (action 2), as these actions are generally aligned with progressing towards the goal. However, we should still maintain a reasonable probability for moving left (action 3) and moving down (action 0) to ensure comprehensive exploration.

Here's a proposed action distribution for the next episode:

```python
{0: 0.2, 1: 0.3, 2: 0.3, 3: 0.2}
```

- **Action 0 (Move Down):** Probability of 0.2. This action can be useful for exploring the lower parts of the grid and potentially avoiding holes.
- **Action 1 (Move Right):** Probability of 0.3. Moving right is generally beneficial for progressing towards the goal, especially from the starting position.
- **Action 2 (Move Up):** Probability of 0.3. Moving up can help the agent navigate towards the goal, especially if it finds itself in the lower rows.
- **Action 3 (Move Left):** Probability of 0.2. This action can help the agent correct its path if it overshoots or needs to explore the left side of the grid.

This distribution provides a balanced approach, encouraging exploration while still maintaining a focus on actions that are likely to lead towards the goal. As the agent learns and improves its understanding of the environment, this distribution can be adjusted to favor more exploitation of the best-known actions."
61,0.0,0.2,0.75844,0.004322596825659275,N/A,N/A
62,0.0,0.0,0.75448,0.0052978782914578915,N/A,N/A
63,0.0,0.0,0.75052,0.005216106306761503,N/A,N/A
64,0.0,0.3,0.74656,0.0015817505773156881,N/A,N/A
65,0.0,0.1,0.7425999999999999,0.0017829086864367127,"In the final episode of the training process on the FrozenLake-v1 environment, the agent received a total reward of 0.0, indicating that it did not successfully reach the goal state (G) and likely fell into a hole (H) or failed to reach the goal within the episode's time limit. The action sequence extracted at intervals was [2, 2, 2, 2, 0, 3, 2, 3, 1, 1, 3, 2, 0, 1, 2].

### Analysis:

1. **Action Sequence and State Transitions:**
   - The agent predominantly chose action 2 (up) at the start, which suggests an attempt to move upwards. However, due to the slippery nature of the environment, the agent's intended direction might not have been achieved consistently.
   - The sequence shows a mix of actions, including 0 (down), 3 (left), and 1 (right), indicating that the agent attempted to explore different directions, possibly in response to the stochastic transitions.
   - The lack of a consistent pattern towards the goal state suggests that the agent might not have developed a reliable strategy to navigate the grid effectively.

2. **Slippery Environment:**
   - The stochastic nature of the environment, where actions do not always lead to the intended direction, adds complexity to the task. This could have contributed to the agent's failure to reach the goal, as it might have inadvertently moved into a hole or away from the goal.

3. **Exploration vs. Exploitation:**
   - The action sequence suggests a high level of exploration, which is typical in the learning phase. However, the absence of a successful path to the goal indicates that the agent might not have sufficiently learned to exploit known paths to the goal.

### Recommendations:

1. **Improved Exploration Strategy:**
   - Consider implementing an exploration strategy that balances exploration and exploitation more effectively. Techniques such as epsilon-greedy with a decaying epsilon or using softmax action selection could help the agent focus more on promising actions over time.

2. **Incorporate Learning from Failures:**
   - Implement a mechanism for the agent to learn from episodes where it falls into holes. This could involve penalizing actions leading to holes more heavily or using a replay buffer to review and learn from past mistakes.

3. **Model-Based Approaches:**
   - Introduce a model-based reinforcement learning approach where the agent builds a model of the environment's dynamics. This could help the agent predict the outcomes of its actions more accurately, especially in a stochastic environment.

4. **Reward Shaping:**
   - Consider shaping the reward function to provide intermediate rewards for reaching certain states closer to the goal. This can guide the agent towards the goal more effectively by providing positive feedback for partial progress.

5. **Policy Optimization:**
   - Explore policy gradient methods or actor-critic algorithms that might better handle the stochastic transitions by learning a policy that directly maps states to actions, potentially improving the agent's ability to navigate the slippery grid.

By implementing these strategies, the agent may improve its ability to navigate the FrozenLake environment and increase its chances of reaching the goal state successfully in future episodes.","To improve the agent's effectiveness in the FrozenLake-v1 environment, we need to adjust the action selection strategy to balance exploration and exploitation while considering the stochastic nature of the environment. Given the analysis, the agent should focus more on promising actions that have historically led to better outcomes, while still allowing for some exploration to discover new strategies.

A common approach is to use an epsilon-greedy strategy, where the agent predominantly selects the best-known action but occasionally explores other actions. To reflect this, we can set a higher probability for the action that seems most promising based on past experiences, while distributing the remaining probability among the other actions.

From the action sequence provided, action 2 (up) was frequently chosen, suggesting that the agent might have found it somewhat promising. However, due to the stochastic transitions, it's important to not overly commit to a single action. Instead, we should slightly favor action 2 while allowing for exploration of other actions.

Let's assume an epsilon value of 0.2 for exploration, meaning the agent will explore 20% of the time and exploit the best-known action 80% of the time. We can distribute the probabilities as follows:

- Assign a higher probability to action 2 (up) since it was frequently chosen.
- Distribute the remaining probability equally among the other actions.

Here's a possible distribution:

```python
{0: 0.2, 1: 0.2, 2: 0.4, 3: 0.2}
```

This distribution gives a higher probability to action 2 while still allowing exploration of actions 0, 1, and 3. This approach should help the agent improve its navigation strategy in the slippery environment by focusing on potentially promising actions while still exploring other possibilities."
66,0.0,0.1,0.73864,0.0043448531068861485,N/A,N/A
67,0.0,0.1,0.73468,0.0035780498292297125,N/A,N/A
68,0.0,0.2,0.73072,0.0057147592306137085,N/A,N/A
69,0.0,0.2,0.72676,0.0030725602991878986,N/A,N/A
70,0.0,0.3,0.7228,0.0019793494138866663,"In the last episode of the training process on the FrozenLake-v1 environment, the agent received a total reward of 0.0, indicating that it did not successfully reach the goal state (G) and likely fell into a hole (H) or ran out of steps before reaching the goal. The action sequence taken by the agent was [2, 0, 1, 1, 0, 2, 2, 2, 3, 2], which corresponds to the following intended movements based on the action mapping:

- Action 2: Move up
- Action 0: Move down
- Action 1: Move right
- Action 3: Move left

Given the slippery nature of the environment, each action has a 1/3 probability of resulting in the intended move, and a 2/3 probability of resulting in one of the other two possible moves. This stochasticity significantly impacts the agent's ability to navigate the grid effectively.

### Analysis of the Episode:

1. **Initial Actions (2, 0, 1, 1):**
   - The agent starts at state 0 (S) and attempts to move up (action 2), down (action 0), and right twice (actions 1, 1). However, due to the stochastic transitions, the agent may not have moved as intended, potentially leading it into a hole or backtracking.

2. **Middle Actions (0, 2, 2, 2):**
   - The agent continues with a down move (action 0) followed by three up moves (actions 2, 2, 2). This sequence suggests an attempt to navigate through the grid, but the slippery nature likely caused deviations from the intended path.

3. **Final Actions (3, 2):**
   - The agent attempts to move left (action 3) and up (action 2) towards the end of the episode. These actions might have been intended to avoid holes or navigate towards the goal, but the stochastic transitions could have led to unintended outcomes.

### Possible Strategy Recommendations:

1. **Policy Improvement:**
   - The agent's policy may need refinement to better account for the stochastic nature of the environment. Consider using a more robust exploration strategy, such as epsilon-greedy with decay, to balance exploration and exploitation.

2. **State-Action Value Estimation:**
   - Improve the estimation of state-action values (Q-values) by increasing the number of episodes and ensuring sufficient exploration of all state-action pairs. This can help the agent learn more reliable policies.

3. **Model-Based Approaches:**
   - Consider incorporating model-based reinforcement learning techniques to predict the outcomes of actions more accurately. This can help the agent plan better by simulating potential future states.

4. **Reward Shaping:**
   - Implement reward shaping to provide intermediate rewards for reaching certain states or avoiding holes. This can guide the agent towards the goal more effectively.

5. **Environment Modifications:**
   - If feasible, modify the environment to reduce stochasticity or provide additional feedback to the agent, such as visual cues or a more detailed state representation.

By addressing these areas, the agent can improve its performance in navigating the FrozenLake environment and increase its chances of successfully reaching the goal state.","To improve the agent's effectiveness in the FrozenLake environment, we need to consider a strategy that balances exploration and exploitation while accounting for the stochastic nature of the environment. Given the agent's previous performance and the environment's characteristics, we can use an epsilon-greedy strategy with a slight bias towards actions that may lead to more promising outcomes based on the current policy.

Since the agent received a total reward of 0.0 in the last episode, it suggests that the current policy might not be optimal. We should encourage exploration to discover better strategies while still allowing some level of exploitation of known actions. A reasonable approach is to set a higher probability for exploration and distribute the remaining probability among the actions based on their potential effectiveness.

Assuming we use an epsilon-greedy strategy with an exploration rate (epsilon) of 0.3, we can distribute the probabilities as follows:

- Allocate 0.3 probability for exploration, distributed equally among all actions.
- Distribute the remaining 0.7 probability based on the current policy's preference or prior knowledge about effective actions.

For simplicity, let's assume a uniform distribution for the exploitation part, as we don't have specific Q-values or policy preferences from the previous episode. This approach encourages exploration while still allowing for some level of exploitation.

Here's the proposed probability distribution for the next episode:

```python
{
    0: 0.25,  # Probability for action 0 (move down)
    1: 0.25,  # Probability for action 1 (move right)
    2: 0.25,  # Probability for action 2 (move up)
    3: 0.25   # Probability for action 3 (move left)
}
```

This distribution reflects an equal probability for each action, encouraging exploration across all possible moves. As the agent gathers more information and updates its policy, this distribution can be adjusted to favor more promising actions based on learned Q-values or policy improvements."
71,0.0,0.3,0.71884,0.0010863281786441803,N/A,N/A
72,0.0,0.0,0.71488,0.0031272408086806536,N/A,N/A
73,0.0,0.1,0.71092,0.002077524084597826,N/A,N/A
74,0.0,0.1,0.70696,0.00312613183632493,N/A,N/A
75,0.0,0.2,0.7030000000000001,0.002767369383946061,"In the last episode of the training process on the FrozenLake-v1 environment, the agent received a total reward of 0.0, indicating that it did not reach the goal state (G) and likely fell into a hole (H) or ran out of steps. The action sequence extracted at intervals is [1, 0, 2, 1, 3, 0, 0, 1, 1, 3, 3, 3, 3, 3, 3, 3, 3, 2, 2, 0, 2, 3, 3, 1, 1].

### Analysis:

1. **Action Sequence and Exploration:**
   - The action sequence shows a variety of actions being taken, which suggests that the agent is exploring the environment. However, the sequence does not lead to a successful episode, indicating that the exploration strategy might not be effectively guiding the agent towards the goal.
   - The repeated actions, especially towards the end of the sequence (e.g., multiple '3's), might suggest that the agent is stuck in a loop or is repeatedly hitting walls, which prevents it from making progress towards the goal.

2. **Slippery Dynamics:**
   - The environment's slippery nature means that the agent's intended actions do not always result in the expected state transitions. This stochasticity can lead to the agent ending up in unintended states, which complicates the learning process.

3. **State Transitions:**
   - Given the sequence of actions, it is possible that the agent encountered holes or was unable to navigate effectively due to the stochastic transitions. The lack of reward suggests that the agent did not reach the goal state.

### Strategy Recommendations:

1. **Improved Exploration Strategy:**
   - Consider implementing an exploration strategy that balances exploration and exploitation more effectively. Techniques such as epsilon-greedy with a decaying epsilon, or more advanced methods like Upper Confidence Bound (UCB) or Thompson Sampling, could help the agent explore more efficiently.

2. **Learning from Failures:**
   - Analyze episodes where the agent falls into holes or gets stuck to identify patterns or states that lead to failure. This analysis can inform adjustments to the policy or reward structure to discourage these actions.

3. **Incorporate Model-Based Approaches:**
   - Given the stochastic nature of the environment, incorporating a model-based approach could help the agent predict the outcomes of its actions more accurately. This could involve learning a transition model and using it to simulate potential future states.

4. **Reward Shaping:**
   - Introduce intermediate rewards for reaching certain states or making progress towards the goal. This can help guide the agent towards the goal even if it doesn't reach it immediately.

5. **State Representation:**
   - Consider enhancing the state representation to include more information about the environment, such as proximity to holes or the goal. This additional information could help the agent make more informed decisions.

By implementing these strategies, the agent may improve its ability to navigate the FrozenLake environment and increase the likelihood of reaching the goal state successfully.","To improve the agent's effectiveness in the FrozenLake environment, we need to adjust the action selection strategy to better balance exploration and exploitation. Given the analysis, the agent seems to be exploring but not effectively reaching the goal. We can use an epsilon-greedy strategy with a decaying epsilon to encourage exploration initially and gradually shift towards exploitation as the agent learns more about the environment.

For the next episode, we can start with a moderate level of exploration. Let's assume an initial epsilon value of 0.3, which means the agent will explore 30% of the time and exploit 70% of the time. The exploitation will be based on the current policy, which we assume is uniform since the agent is still learning.

Here's how we can distribute the probabilities:

- With probability 0.3, the agent will explore by selecting any action uniformly at random.
- With probability 0.7, the agent will exploit by selecting the action that currently seems best. Since we don't have a specific policy yet, we'll assume a uniform distribution for exploitation.

Thus, the probability distribution for the actions can be calculated as follows:

- Exploration (random action): 0.3 / 4 = 0.075 for each action
- Exploitation (uniform policy): 0.7 / 4 = 0.175 for each action

Combining these, the probability for each action is:

- Action 0: 0.075 (exploration) + 0.175 (exploitation) = 0.25
- Action 1: 0.075 (exploration) + 0.175 (exploitation) = 0.25
- Action 2: 0.075 (exploration) + 0.175 (exploitation) = 0.25
- Action 3: 0.075 (exploration) + 0.175 (exploitation) = 0.25

Therefore, the probability distribution for the 4 action explorations for the next episode is:

```python
{0: 0.25, 1: 0.25, 2: 0.25, 3: 0.25}
```

This distribution reflects a balanced approach, allowing the agent to explore the environment while also exploiting its current knowledge. As the agent learns more, the epsilon value can be decayed to shift more towards exploitation."
76,0.0,0.2,0.69904,0.0017340019112452865,N/A,N/A
77,0.0,0.1,0.69508,0.001544256112538278,N/A,N/A
78,0.0,0.0,0.69112,0.001451343996450305,N/A,N/A
79,0.0,0.0,0.68716,0.0025162959937006235,N/A,N/A
80,0.0,0.1,0.6832,0.002631791867315769,"In the last episode of the training process on the FrozenLake-v1 environment, the agent received a total reward of 0.0, indicating that it did not successfully reach the goal state (G) and likely fell into a hole (H) or ran out of steps before reaching the goal. The action sequence extracted at intervals was [0, 0, 0, 2, 3, 1, 0, 3, 0, 0, 0, 0, 1, 0, 2, 0, 0, 3, 1, 0, 0, 2, 0].

### Analysis:

1. **Action Sequence and State Transitions:**
   - The sequence shows a predominance of action 0 (move down) and action 2 (move up), suggesting the agent is attempting to navigate vertically through the grid.
   - Actions 1 (move right) and 3 (move left) are less frequent, indicating less horizontal movement.
   - Given the slippery nature of the environment, the agent's intended actions may not always result in the expected state transitions, leading to unintended movements.

2. **Outcome:**
   - The total reward of 0.0 suggests the agent either fell into a hole or did not reach the goal within the episode's step limit.
   - The presence of multiple action 0s in sequence could imply the agent was stuck in a loop or repeatedly attempted to move downwards, potentially leading to a hole.

3. **Challenges:**
   - The stochastic nature of the environment due to slipperiness makes it difficult for the agent to predictably reach the goal.
   - The agent might not have a well-formed policy or strategy to avoid holes and navigate towards the goal efficiently.

### Strategy Recommendations:

1. **Policy Improvement:**
   - **Exploration vs. Exploitation:** Ensure a balance between exploration and exploitation. The agent might benefit from more exploration to better understand the environment's dynamics and discover successful paths to the goal.
   - **Reward Shaping:** Introduce intermediate rewards for reaching certain states or avoiding holes to guide the agent towards the goal more effectively.

2. **Learning Algorithm:**
   - Consider using algorithms that can handle stochastic environments better, such as Q-learning with eligibility traces or SARSA, which might help the agent learn more robust policies.
   - Implement function approximation techniques like Deep Q-Networks (DQN) if computational resources allow, to generalize better across states.

3. **Environment Interaction:**
   - Increase the number of training episodes to allow the agent more opportunities to learn from its interactions with the environment.
   - Use a decaying epsilon-greedy strategy to gradually shift from exploration to exploitation as the agent's policy improves.

4. **State Representation:**
   - Enhance state representation by incorporating additional features or using techniques like tile coding to capture more information about the environment, which might help the agent make better decisions.

By addressing these areas, the agent's performance in the FrozenLake-v1 environment can be improved, increasing the likelihood of successfully reaching the goal in future episodes.","To improve the agent's effectiveness in the FrozenLake-v1 environment, we need to adjust the action exploration strategy to encourage better navigation and learning. Given the analysis, the agent's previous action sequence showed a predominance of vertical movements, which might not be optimal due to the environment's stochastic nature and the presence of holes.

To enhance exploration and encourage a more balanced strategy, we can adjust the action probabilities to promote a more even exploration of all possible actions. This will help the agent discover potentially successful paths and avoid getting stuck in loops or falling into holes.

Here's a suggested probability distribution for the next episode:

```python
{0: 0.25, 1: 0.25, 2: 0.25, 3: 0.25}
```

This uniform distribution encourages the agent to explore all actions equally, which can help it learn more about the environment's dynamics and potentially discover better strategies for reaching the goal. As the agent learns and its policy improves, this distribution can be adjusted to favor more promising actions based on the learned value function or policy."
81,0.0,0.1,0.6792400000000001,0.001503050560131669,N/A,N/A
82,1.0,0.3,0.67528,0.002428281819447875,N/A,N/A
83,0.0,0.1,0.6713199999999999,0.0024684094823896885,N/A,N/A
84,0.0,0.0,0.66736,0.00040627425187267363,N/A,N/A
85,0.0,0.1,0.6634,0.0022829174995422363,"In the last episode of the training process on the FrozenLake-v1 environment, the agent received a total reward of 0.0, indicating that it did not reach the goal state (G) and likely fell into a hole (H) or ran out of steps. The action sequence extracted at intervals was [0, 2, 2, 2, 0, 1, 1, 3, 3, 0, 1, 2, 1]. Let's analyze the sequence and provide some insights and recommendations.

### Analysis of the Action Sequence:

1. **Initial Actions (0, 2, 2, 2):**
   - The agent starts at state 0 (S) and takes action 0 (move down), which could lead to states 4, 0, or 1 due to the slippery nature.
   - The subsequent actions (2, 2, 2) suggest attempts to move up or right, but due to the stochastic nature, the agent might not have moved as intended.

2. **Middle Actions (0, 1, 1, 3, 3):**
   - The agent continues with action 0 (move down), possibly trying to progress towards the goal.
   - Actions 1 (move right) and 3 (move left) indicate attempts to navigate horizontally, but the agent might have been stuck or oscillating between states due to the environment's randomness.

3. **Final Actions (0, 1, 2, 1):**
   - The agent again tries to move down and right, possibly aiming for the goal.
   - However, the sequence ends without reaching the goal, suggesting the agent either fell into a hole or was unable to reach the goal within the episode's step limit.

### Possible Strategy Recommendations:

1. **Improved Exploration:**
   - Encourage more diverse exploration strategies to better understand the environment's dynamics. Consider using exploration techniques like epsilon-greedy with decaying epsilon or adding noise to actions to prevent getting stuck in loops.

2. **State Value Estimation:**
   - Enhance the agent's ability to estimate the value of states more accurately. Implementing techniques like Q-learning or SARSA with function approximation could help the agent learn better policies over time.

3. **Model-Based Approaches:**
   - Consider incorporating model-based reinforcement learning to predict the outcomes of actions more accurately, which could help in planning and decision-making in a stochastic environment.

4. **Reward Shaping:**
   - Introduce intermediate rewards to guide the agent towards the goal. For instance, providing small positive rewards for moving closer to the goal or negative rewards for moving towards holes could help improve learning efficiency.

5. **Policy Optimization:**
   - Explore policy gradient methods or actor-critic algorithms to directly optimize the policy, which might be more effective in handling the stochastic transitions of the environment.

6. **Environment Understanding:**
   - Encourage the agent to learn the environment's transition dynamics better, possibly through additional training episodes or by simulating the environment to gather more data.

By implementing these strategies, the agent may improve its ability to navigate the FrozenLake environment effectively, increasing the likelihood of reaching the goal and achieving higher rewards in future episodes.","To improve the agent's effectiveness in the FrozenLake-v1 environment, we need to adjust the action exploration strategy. Given the stochastic nature of the environment and the agent's previous performance, a balanced exploration strategy is necessary. We should encourage exploration while also allowing the agent to exploit known beneficial actions.

One common approach is to use an epsilon-greedy strategy, where the agent mostly exploits the best-known action but occasionally explores other actions. For this scenario, let's assume an epsilon value of 0.2, meaning the agent will explore 20% of the time and exploit 80% of the time. Given the lack of specific information about which action is currently the best, we can distribute the exploration probability evenly among all actions.

Here's how we can distribute the probabilities:

- Exploit the best-known action: 80% of the time
- Explore other actions: 20% of the time, distributed evenly among all actions

Since we don't have a specific best action from the previous episode, we'll assume a uniform distribution for the exploitation part. Therefore, each action will have an equal probability of being chosen during exploitation.

The probability distribution for the actions can be calculated as follows:

- Exploitation probability for each action: 0.8 / 4 = 0.2
- Exploration probability for each action: 0.2 / 4 = 0.05

Combining both, the probability for each action is:

- Total probability for each action: 0.2 (exploitation) + 0.05 (exploration) = 0.25

Thus, the probability distribution for the actions in the next episode is:

```python
{0: 0.25, 1: 0.25, 2: 0.25, 3: 0.25}
```

This uniform distribution encourages exploration while maintaining a balance with exploitation, given the lack of specific knowledge about the best action. As the agent learns more about the environment, this distribution can be adjusted to favor more promising actions."
86,0.0,0.0,0.65944,0.0008193050744011998,N/A,N/A
87,0.0,0.2,0.6554800000000001,0.0009876112453639507,N/A,N/A
88,0.0,0.0,0.6515200000000001,0.003217170014977455,N/A,N/A
89,0.0,0.0,0.64756,0.0011050214525312185,N/A,N/A
90,0.0,0.0,0.6436,0.00403426680713892,"In the last episode of the training process on the FrozenLake-v1 environment, the agent received a total reward of 0.0, indicating that it did not reach the goal state (G) and likely fell into a hole (H) or did not reach the goal within the episode's time limit. The action sequence extracted at intervals was [1, 2], which corresponds to the agent attempting to move right and then up.

### Analysis:

1. **Action Sequence**: 
   - The agent's action sequence of [1, 2] suggests that it initially attempted to move right and then up. Given the environment's slippery nature, these actions could have resulted in unintended movements due to the stochastic transition dynamics.

2. **Transition Dynamics**:
   - The environment's stochastic nature means that each action has a 1/3 probability of resulting in one of three possible movements. This makes it challenging for the agent to predict its next state accurately, especially when trying to avoid holes (H).

3. **Outcome**:
   - Since the total reward was 0.0, the agent either fell into a hole or did not reach the goal within the episode. The presence of holes in the environment increases the risk of receiving a zero reward, especially if the agent's path is not well-planned or if it relies on risky actions.

### Strategy Recommendations:

1. **Improved Exploration**:
   - Encourage more diverse exploration strategies to help the agent better understand the environment's dynamics. This could involve using exploration techniques like epsilon-greedy with a decaying epsilon or implementing exploration bonuses for visiting less frequently visited states.

2. **Policy Refinement**:
   - Focus on refining the policy to account for the stochastic nature of the environment. This could involve training the agent to anticipate and plan for unintended movements, possibly by using model-based approaches to simulate potential outcomes.

3. **State Value Estimation**:
   - Enhance the agent's ability to estimate the value of each state more accurately. This can be achieved through techniques like temporal difference learning or Monte Carlo methods, which can help the agent learn the expected rewards of different states more effectively.

4. **Risk Management**:
   - Implement strategies to minimize the risk of falling into holes. This could involve training the agent to recognize high-risk states and take more conservative actions when near holes, or using potential-based reward shaping to guide the agent away from dangerous areas.

5. **Environment Familiarization**:
   - Allow the agent more time to familiarize itself with the environment by increasing the number of training episodes. This can help the agent build a more comprehensive understanding of the grid layout and the consequences of its actions.

By addressing these areas, the agent can improve its performance in the FrozenLake-v1 environment, increasing its chances of reaching the goal state and achieving a higher total reward in future episodes.","To improve the agent's performance in the FrozenLake-v1 environment, we need to consider a strategy that balances exploration and exploitation while accounting for the stochastic nature of the environment. Given the agent's previous episode where it failed to reach the goal, we should encourage more exploration to help the agent better understand the environment's dynamics and avoid pitfalls like holes.

One common approach is to use an epsilon-greedy strategy, where the agent mostly exploits the best-known action but occasionally explores other actions. Since the agent received a total reward of 0.0 in the last episode, it suggests that more exploration might be beneficial at this stage.

Let's assume an epsilon value of 0.3 for exploration, meaning the agent will explore 30% of the time and exploit the best-known action 70% of the time. However, since we don't have specific information about the best-known action from the previous episode, we will distribute the exploration probability evenly among all actions.

Here's how we can distribute the probabilities:

- Exploitation (best-known action): 70% probability
- Exploration (other actions): 30% probability distributed evenly among all actions

Since we don't have a specific best-known action, we'll distribute the probabilities evenly for this example:

- Each action gets an equal share of the exploration probability (0.3 / 4 = 0.075)
- The remaining probability is distributed for exploitation (0.7 / 4 = 0.175)

Thus, the probability distribution for the next episode could be:

```python
{0: 0.175, 1: 0.175, 2: 0.175, 3: 0.175}
```

This distribution encourages exploration while maintaining a balanced approach to action selection, allowing the agent to learn more about the environment and potentially discover more effective strategies."
91,0.0,0.0,0.63964,0.001959603512659669,N/A,N/A
92,0.0,0.2,0.63568,0.0020600513089448214,N/A,N/A
93,0.0,0.1,0.6317200000000001,0.0014724612701684237,N/A,N/A
94,0.0,0.0,0.62776,0.0020867916755378246,N/A,N/A
95,0.0,0.0,0.6238,0.0026288062799721956,"In the last episode of the training process on the FrozenLake-v1 environment, the agent received a total reward of 0.0, indicating that it did not reach the goal state (G) and likely fell into a hole (H) or failed to reach the goal within the episode's step limit. The action sequence extracted at intervals was [3, 0, 2, 1, 0, 0, 0, 1, 1, 3, 0, 1, 1, 1, 0]. Let's analyze this sequence and provide some strategy recommendations.

### Analysis:

1. **Action Sequence Interpretation:**
   - The actions correspond to the following movements:
     - 0: Down
     - 1: Right
     - 2: Up
     - 3: Left
   - The sequence suggests that the agent attempted various directions, but the slippery nature of the environment likely caused deviations from the intended path.

2. **Potential Issues:**
   - **Slippery Dynamics:** The stochastic transitions due to the slippery surface mean that the agent's intended actions often result in unintended movements. This increases the difficulty of navigating safely to the goal.
   - **Exploration vs. Exploitation:** The agent might be exploring too much without a clear strategy to exploit known safe paths to the goal.
   - **Holes Encountered:** Given the reward of 0.0, the agent likely fell into a hole at some point, ending the episode prematurely.

3. **State Transitions:**
   - Without specific state information, it's challenging to pinpoint exactly where the agent fell into a hole. However, the presence of multiple holes (H) in the grid increases the risk of the agent ending the episode with no reward.

### Strategy Recommendations:

1. **Policy Improvement:**
   - **Value Iteration or Policy Iteration:** Implementing these methods can help the agent learn the optimal policy by evaluating the expected rewards of actions in each state, accounting for the stochastic transitions.
   - **Q-Learning or SARSA:** These reinforcement learning algorithms can help the agent learn the expected utility of actions in each state, gradually improving its policy through exploration and exploitation.

2. **Exploration Strategy:**
   - **Epsilon-Greedy Strategy:** Use an epsilon-greedy approach to balance exploration and exploitation. Start with a higher exploration rate and gradually decrease it as the agent learns the environment.
   - **Boltzmann Exploration:** Consider using a Boltzmann exploration strategy to allow the agent to explore actions with probabilities proportional to their estimated values.

3. **Handling Slippery Dynamics:**
   - **Model-Based Approaches:** Consider using a model-based approach where the agent learns a model of the environment's dynamics and uses it to plan optimal paths.
   - **Monte Carlo Tree Search (MCTS):** This approach can help the agent simulate potential future states and actions, accounting for the stochastic nature of the environment.

4. **State Representation:**
   - **Feature Engineering:** Enhance the state representation to include information about nearby holes and the goal, helping the agent make more informed decisions.

5. **Reward Shaping:**
   - **Intermediate Rewards:** Introduce intermediate rewards for reaching certain safe states or avoiding holes to guide the agent more effectively toward the goal.

By implementing these strategies, the agent can improve its performance in navigating the FrozenLake environment, increasing the likelihood of reaching the goal state and achieving a positive reward.","To improve the agent's effectiveness in the FrozenLake environment, we need to consider a strategy that balances exploration and exploitation while accounting for the slippery dynamics. Given the stochastic nature of the environment, it is crucial to allow the agent to explore different actions but also to start exploiting actions that have shown promise in leading towards the goal.

One common approach is to use an epsilon-greedy strategy, where the agent selects a random action with probability epsilon (exploration) and the best-known action with probability 1-epsilon (exploitation). Since the agent has not yet reached the goal, we should start with a relatively high exploration rate to allow the agent to gather more information about the environment.

Let's assume an initial exploration rate (epsilon) of 0.3. This means the agent will explore randomly 30% of the time and exploit the best-known action 70% of the time. Since we don't have specific information about which actions are better, we can distribute the exploration probability equally among all actions.

Here's how we can set the action probabilities:

- Exploration probability (random action): 0.3
- Exploitation probability (best-known action): 0.7

Assuming equal distribution for exploration among all actions, each action will have an exploration probability of 0.3 / 4 = 0.075.

For exploitation, since we don't have a specific best action, we can initially distribute this equally as well. However, in practice, this would be biased towards the action with the highest estimated value.

Thus, the initial action distribution could be:

```python
{0: 0.075 + 0.175, 1: 0.075 + 0.175, 2: 0.075 + 0.175, 3: 0.075 + 0.175}
```

Simplifying, we get:

```python
{0: 0.25, 1: 0.25, 2: 0.25, 3: 0.25}
```

This distribution reflects an equal probability for each action, which is suitable for initial exploration when no action is known to be better than others. As the agent learns, this distribution should be adjusted to favor actions that lead to higher rewards."
96,0.0,0.3,0.61984,0.007193724624812603,N/A,N/A
97,0.0,0.1,0.61588,0.00282078655436635,N/A,N/A
98,0.0,0.2,0.61192,0.011210525408387184,N/A,N/A
99,0.0,0.2,0.6079600000000001,0.00425900099799037,N/A,N/A
100,0.0,0.3,0.604,0.010848653502762318,"In the last episode of training on the FrozenLake-v1 environment, the agent received a total reward of 0.0, indicating that it did not successfully reach the goal state (G) and likely fell into a hole (H) or ran out of steps without reaching the goal. The action sequence extracted at intervals was [0, 3, 0, 3, 2, 0, 3, 1, 1, 2, 0, 1, 1]. Let's analyze this sequence and provide some insights and recommendations.

### Analysis:

1. **Action Sequence Interpretation:**
   - The actions correspond to the following movements:
     - 0: Move down
     - 1: Move right
     - 2: Move up
     - 3: Move left
   - The sequence suggests that the agent attempted to navigate the grid but likely encountered obstacles or slipped into holes due to the environment's slippery nature.

2. **Possible Trajectory:**
   - Starting from state 0 (S), the agent's movements can be mapped as follows:
     - 0 (down) -> 4
     - 3 (left) -> 4 (stays the same due to wall)
     - 0 (down) -> 8
     - 3 (left) -> 8 (stays the same due to wall)
     - 2 (up) -> 4
     - 0 (down) -> 8
     - 3 (left) -> 8 (stays the same due to wall)
     - 1 (right) -> 9
     - 1 (right) -> 10
     - 2 (up) -> 6
     - 0 (down) -> 10
     - 1 (right) -> 11
     - 1 (right) -> 11 (stays the same due to wall)
   - The agent likely fell into a hole at some point or failed to reach the goal within the episode's step limit.

3. **Challenges:**
   - **Slippery Dynamics:** The stochastic nature of the environment means that intended actions do not always result in expected movements, complicating navigation.
   - **Exploration vs. Exploitation:** The agent may not have effectively balanced exploration of the environment with exploitation of known safe paths.

### Recommendations:

1. **Improved Exploration Strategy:**
   - Consider using exploration strategies like epsilon-greedy with decay, where the agent initially explores more and gradually exploits known paths as it learns the environment dynamics.

2. **Model-Based Approaches:**
   - Implement a model-based reinforcement learning approach to better predict the outcomes of actions in the slippery environment, potentially improving decision-making.

3. **State Value Estimation:**
   - Enhance the agent's ability to estimate state values more accurately, possibly through techniques like Q-learning or SARSA, to better inform action selection.

4. **Reward Shaping:**
   - Introduce intermediate rewards for reaching certain states or avoiding holes to guide the agent more effectively towards the goal.

5. **Environment Familiarization:**
   - Allow the agent to spend more time in the environment to learn the transition dynamics better, potentially through increased training episodes or simulations.

By addressing these areas, the agent can improve its performance in navigating the FrozenLake environment and increase its chances of successfully reaching the goal state.","To improve the agent's effectiveness in the FrozenLake environment, we need to consider a strategy that balances exploration and exploitation while accounting for the slippery nature of the grid. Given the challenges and recommendations outlined, an epsilon-greedy strategy with a focus on exploration can be beneficial. Initially, we should encourage exploration to allow the agent to learn more about the environment and its dynamics.

For the next episode, we can start with a higher exploration rate, meaning the agent will choose random actions more frequently. This can be achieved by setting a higher probability for exploration actions and a lower probability for exploitation actions. As the agent learns, this exploration rate can be decayed over time.

Let's assume an initial exploration rate (epsilon) of 0.3, meaning the agent will explore 30% of the time and exploit 70% of the time. Given the four possible actions, we can distribute the probabilities as follows:

- Exploration: 0.3 probability distributed equally among all actions.
- Exploitation: 0.7 probability focused on the action believed to be optimal based on past experiences.

Since we don't have specific information on which action is optimal, we'll distribute the exploitation probability equally among all actions for now. This can be adjusted as the agent learns more about the environment.

Here's the probability distribution for the actions:

```python
{
    0: 0.25,  # (0.3/4) + (0.7/4)
    1: 0.25,  # (0.3/4) + (0.7/4)
    2: 0.25,  # (0.3/4) + (0.7/4)
    3: 0.25   # (0.3/4) + (0.7/4)
}
```

This distribution reflects an equal probability for each action, allowing the agent to explore the environment more effectively. As the agent gathers more information and identifies safer paths or more promising actions, the distribution can be adjusted to favor those actions."
101,0.0,0.0,0.6000399999999999,0.015949808061122894,N/A,N/A
102,0.0,0.4,0.59608,0.011282476596534252,N/A,N/A
103,0.0,0.6,0.59212,0.008990954607725143,N/A,N/A
