episode,train_return,eval_return,epsilon,loss,llm1_full_response,llm2_full_response
1,0.0,0.0,0.99604,nan,N/A,N/A
2,0.0,0.0,0.99208,nan,N/A,N/A
3,0.0,0.0,0.98812,0.12504641711711884,N/A,N/A
4,0.0,0.0,0.98416,0.09828120470046997,N/A,N/A
5,0.0,0.0,0.9802,0.04523138701915741,"In the last episode of the training process on the FrozenLake-v1 task, the agent received a total reward of 0.0, indicating that it did not successfully reach the goal state (G) and likely fell into a hole (H) or did not reach the goal within the episode's time limit. The action sequence extracted at intervals was [1, 2, 1, 3, 0], which corresponds to the following intended movements based on the action definitions:

1. **Action 1**: Intended to move right, but due to the slippery nature, the agent could have moved down, left, or stayed in the same position.
2. **Action 2**: Intended to move up, but could have moved right, down, or stayed in the same position.
3. **Action 1**: Again intended to move right, with the same possible deviations.
4. **Action 3**: Intended to move left, but could have moved up, right, or stayed in the same position.
5. **Action 0**: Intended to move down, but could have moved left, up, or stayed in the same position.

### Analysis:

- **Slippery Dynamics**: The environment's stochastic nature means that the agent's intended actions often result in unintended movements. This can lead to the agent falling into holes or failing to reach the goal.
- **Action Sequence**: The sequence suggests the agent attempted to navigate the grid but was likely diverted from its intended path due to the environment's randomness.
- **Reward**: The total reward of 0.0 indicates that the agent did not reach the goal, which is consistent with the possibility of falling into a hole or being stuck in a loop without reaching the goal.

### Strategy Recommendations:

1. **Exploration Strategy**: Encourage more diverse exploration strategies to better understand the environment's dynamics. This could involve varying the action selection strategy to explore different parts of the grid more thoroughly.

2. **Policy Improvement**: Implement a more robust policy that accounts for the stochastic nature of the environment. This could involve using algorithms that incorporate uncertainty, such as Q-learning with eligibility traces or SARSA, which can help the agent learn more effective policies over time.

3. **State Value Estimation**: Improve the estimation of state values to better guide the agent's decision-making process. This can be achieved by increasing the number of episodes or using function approximation techniques to generalize across states.

4. **Risk Management**: Develop strategies to minimize the risk of falling into holes. This could involve learning safer paths that avoid high-risk areas or implementing a risk-sensitive reward function that penalizes falling into holes more heavily.

5. **Environment Understanding**: Enhance the agent's understanding of the environment by incorporating model-based approaches that simulate the environment's dynamics. This can help the agent predict the outcomes of its actions more accurately.

By implementing these strategies, the agent can improve its performance in the FrozenLake-v1 environment, increasing its chances of reaching the goal and achieving a higher total reward in future episodes.","To improve the agent's performance in the FrozenLake-v1 environment, we need to consider the stochastic nature of the environment and the agent's previous performance. Given that the agent received a total reward of 0.0 in the last episode, it's crucial to adjust the exploration strategy to encourage more effective exploration and learning.

### Analysis of Actions:
1. **Action 0 (Down)**: This action can be useful for moving towards the goal, especially from the top rows. However, it can also lead to holes if not used cautiously.
2. **Action 1 (Right)**: This action is generally favorable for moving towards the goal, especially from the left columns.
3. **Action 2 (Up)**: This action is less likely to be beneficial unless the agent is near the bottom rows and needs to avoid a hole.
4. **Action 3 (Left)**: This action can help avoid holes on the right side but generally moves the agent away from the goal.

### Strategy for Action Distribution:
- **Encourage Exploration**: Given the stochastic nature, it's important to maintain a balance between exploration and exploitation. We should slightly favor actions that move the agent towards the goal (Right and Down) while still allowing for exploration of other actions.
- **Risk Management**: Avoid over-committing to actions that frequently lead to holes, such as moving down from the second row or right from the third column.

### Proposed Action Distribution:
To balance exploration and exploitation while considering the environment's dynamics, we can use a slightly biased distribution towards actions that are more likely to lead towards the goal, while still allowing for exploration of other actions:

```python
{
    0: 0.25,  # Down
    1: 0.35,  # Right
    2: 0.20,  # Up
    3: 0.20   # Left
}
```

### Rationale:
- **Action 1 (Right)** is given a higher probability because it generally moves the agent towards the goal.
- **Action 0 (Down)** is also favored but slightly less than Right, as it can lead to holes if not used carefully.
- **Actions 2 (Up) and 3 (Left)** are given lower probabilities to encourage exploration but are less likely to be beneficial in reaching the goal directly.

This distribution encourages the agent to explore actions that are more likely to lead to the goal while still allowing for exploration to understand the environment better."
6,0.0,0.0,0.97624,0.04445203021168709,N/A,N/A
7,0.0,0.0,0.97228,0.06184551864862442,N/A,N/A
8,0.0,0.0,0.96832,0.03641819208860397,N/A,N/A
9,0.0,0.0,0.96436,0.02523641102015972,N/A,N/A
10,0.0,0.0,0.9604,0.009703526273369789,"In the last episode of the training process on the FrozenLake-v1 environment, the agent received a total reward of 0.0, indicating that it did not successfully reach the goal state (G) and likely fell into a hole (H) or remained on the frozen surface (F) without reaching the goal. The action sequence extracted at intervals is [3, 3, 1, 0, 1], which corresponds to the following intended movements:

- Action 3: Move left
- Action 3: Move left
- Action 1: Move right
- Action 0: Move down
- Action 1: Move right

Given the slippery nature of the environment, the agent's intended actions may not have resulted in the expected movements due to the stochastic transition dynamics. Let's analyze the possible outcomes of this action sequence:

1. **Initial State (S, state 0):** The agent starts at the initial position.
2. **Action 3 (Move left):** The agent attempts to move left, but due to the stochastic nature, it could have moved up, right, or left. Since it is at the left border, moving left keeps it in the same state.
3. **Action 3 (Move left):** Again, the agent attempts to move left, but it might have moved up, right, or left. It remains in the same state if it moves left.
4. **Action 1 (Move right):** The agent tries to move right, but it could have moved down, left, or right. If it successfully moves right, it transitions to state 1.
5. **Action 0 (Move down):** The agent attempts to move down, but it could have moved left, up, or down. If it moves down successfully, it transitions to state 5.
6. **Action 1 (Move right):** The agent tries to move right, but it could have moved down, left, or right. If it moves right successfully, it transitions to state 6.

Given the total reward of 0.0, it is likely that the agent either fell into a hole or did not reach the goal within the episode. The sequence suggests that the agent might have encountered a hole at some point, possibly due to the stochastic transitions leading it into an unintended state.

### Strategy Recommendations:

1. **Increased Exploration:** Encourage more exploration to allow the agent to better understand the transition dynamics and the layout of the grid. This can be achieved by adjusting exploration parameters, such as increasing the epsilon in an epsilon-greedy policy.

2. **Improved Policy Learning:** Consider using algorithms that can better handle stochastic environments, such as Q-learning with function approximation or deep reinforcement learning methods like DQN, which can learn more robust policies.

3. **State-Action Value Estimation:** Focus on improving the estimation of state-action values to account for the stochastic nature of the environment. This can help the agent make more informed decisions even when the intended action does not always result in the expected outcome.

4. **Environment Modeling:** Implement a model-based approach where the agent learns a model of the environment's dynamics. This can help the agent predict the outcomes of actions more accurately and plan better paths to the goal.

5. **Reward Shaping:** Introduce intermediate rewards for reaching certain states or avoiding holes to guide the agent towards the goal more effectively.

By adopting these strategies, the agent can potentially improve its performance in the FrozenLake-v1 environment and increase its chances of reaching the goal state successfully.","To improve the agent's performance in the FrozenLake-v1 environment, we need to consider a strategy that balances exploration and exploitation while accounting for the stochastic nature of the environment. Given the previous episode's outcome and the need for better exploration, we can adjust the action probabilities to encourage more exploration.

One common approach is to use an epsilon-greedy strategy, where the agent primarily selects the action with the highest estimated value (exploitation) but occasionally selects a random action (exploration). Since the agent did not reach the goal in the previous episode, we should increase exploration to allow the agent to better understand the environment.

Let's assume an epsilon value of 0.3 for exploration, meaning the agent will explore 30% of the time and exploit 70% of the time. In the absence of specific Q-values or a learned policy, we can distribute the exploration probability equally among all actions.

Here's how we can distribute the probabilities:

- Exploitation (70%): The agent selects the best-known action. Without specific Q-values, we assume equal probability among actions.
- Exploration (30%): The agent selects any action randomly.

Given this, the action distribution can be calculated as follows:

- Each action has an equal probability of being selected during exploration, which is 0.3 / 4 = 0.075.
- During exploitation, each action also has an equal probability since we don't have specific Q-values, which is 0.7 / 4 = 0.175.

Thus, the total probability for each action is the sum of exploration and exploitation probabilities:

- Probability for each action = 0.075 (exploration) + 0.175 (exploitation) = 0.25

Therefore, the action distribution for the next episode should be:

```python
{0: 0.25, 1: 0.25, 2: 0.25, 3: 0.25}
```

This distribution encourages exploration by allowing the agent to try different actions equally, which can help it learn more about the environment and potentially discover more effective strategies for reaching the goal."
11,0.0,0.0,0.95644,0.011771072633564472,N/A,N/A
12,0.0,0.0,0.95248,0.03750963881611824,N/A,N/A
13,0.0,0.0,0.94852,0.021557806059718132,N/A,N/A
14,0.0,0.0,0.94456,0.014058344066143036,N/A,N/A
15,0.0,0.0,0.9406,0.012039931491017342,"In the last episode of the training process on the FrozenLake-v1 environment, the agent received a total reward of 0.0, indicating that it did not successfully reach the goal state (G) and likely fell into a hole (H) or ran out of steps without reaching the goal. The action sequence extracted at intervals was [0, 0, 2], which corresponds to the following intended movements based on the action mapping:

- Action 0: Move down
- Action 0: Move down
- Action 2: Move up

Given the slippery nature of the environment, the agent's intended actions may not have resulted in the expected movements due to the stochastic transition dynamics. Each action has a 1/3 probability of resulting in one of three possible movements, which can lead to unintended outcomes.

### Analysis:

1. **Initial Actions (0, 0):** 
   - The agent attempted to move down twice. Starting from the initial state (0), the first action (0) could have moved the agent to state 4, 0, or 1. The second action (0) could have moved the agent further down to state 8, back to state 4, or to state 5, depending on the stochastic outcome.

2. **Final Action (2):**
   - The agent attempted to move up. If the agent was at state 8, this action could have moved it to state 4, 9, or 12. If the agent was at state 4, it could have moved to state 0, 5, or 8. If the agent was at state 5, it could have moved to state 1, 6, or 9.

3. **Outcome:**
   - Given the total reward of 0.0, it is likely that the agent fell into a hole (H) or did not reach the goal (G) within the episode's step limit. The holes are located at states 5, 7, 11, and 12, which are potential states the agent could have reached based on the action sequence and transition dynamics.

### Strategy Recommendations:

1. **Increased Exploration:**
   - Encourage more exploration by adjusting the exploration-exploitation balance (e.g., using an epsilon-greedy strategy with a higher epsilon value) to allow the agent to better understand the environment's dynamics and discover successful paths to the goal.

2. **Improved Policy Learning:**
   - Implement a more sophisticated policy learning algorithm, such as Q-learning with function approximation or deep Q-networks (DQN), to better capture the stochastic nature of the environment and learn more robust policies.

3. **State-Action Value Estimation:**
   - Enhance the estimation of state-action values by incorporating techniques like eligibility traces (e.g., SARSA(λ) or Q(λ)) to improve learning from past experiences and better handle the delayed effects of actions.

4. **Environment Modeling:**
   - Consider modeling the environment's transition dynamics explicitly to predict the outcomes of actions more accurately, potentially using model-based reinforcement learning approaches.

5. **Reward Shaping:**
   - Introduce intermediate rewards for reaching certain states or avoiding holes to guide the agent towards the goal more effectively and provide more informative feedback during training.

By implementing these strategies, the agent can improve its performance in navigating the FrozenLake environment and increase its likelihood of successfully reaching the goal state.","To improve the agent's effectiveness in the FrozenLake-v1 environment, we need to consider the exploration strategy that balances exploration and exploitation. Given the stochastic nature of the environment and the agent's previous failure to reach the goal, increasing exploration is crucial. This can be achieved by using an epsilon-greedy strategy with a higher epsilon value, which encourages the agent to explore more diverse actions.

For the next episode, we can set a probability distribution that favors exploration. A common approach is to set a higher probability for random exploration while still allowing some degree of exploitation based on the current policy. Let's assume an epsilon value of 0.3 for exploration, meaning 30% of the time, the agent will choose a random action, and 70% of the time, it will choose the action it currently believes is the best.

Given that the agent's policy is not yet well-formed, we can distribute the exploration probability equally among all actions. Here's how the distribution might look:

- 70% of the time, the agent will choose the best-known action (exploitation).
- 30% of the time, the agent will explore randomly (exploration).

Assuming a uniform distribution for exploration, the probability distribution for each action can be calculated as follows:

- Exploitation: 0.7 probability for the best action (assuming equal preference for now).
- Exploration: 0.3 probability distributed equally among all actions.

Since we don't have a specific best action yet, we can distribute the probabilities equally for simplicity:

```plaintext
{0: 0.25, 1: 0.25, 2: 0.25, 3: 0.25}
```

This distribution reflects a purely exploratory strategy, which is suitable given the agent's current lack of success. As the agent learns and identifies more promising actions, the distribution can be adjusted to favor those actions more heavily."
16,0.0,0.0,0.93664,0.02464541234076023,N/A,N/A
17,0.0,0.0,0.93268,0.01204091589897871,N/A,N/A
18,0.0,0.0,0.92872,0.024350576102733612,N/A,N/A
19,0.0,0.0,0.92476,0.03590341657400131,N/A,N/A
20,0.0,0.0,0.9208,0.03440089151263237,"In the last episode of the training process on the FrozenLake-v1 environment, the agent received a total reward of 0.0, indicating that it did not successfully reach the goal state (G) and likely fell into a hole (H) or failed to reach the goal within the episode's time limit. The action sequence extracted at intervals was [2, 1, 1, 3, 3, 2, 2, 2, 0, 1, 0, 2]. Let's analyze this sequence and the agent's performance:

### Analysis of the Action Sequence:

1. **Initial Actions (2, 1, 1):**
   - The agent starts at state 0 (S) and takes action 2 (up), which is not optimal since it cannot move up from the top row. This suggests a lack of understanding of the grid boundaries.
   - The subsequent actions (1, 1) suggest attempts to move right, which is a reasonable strategy to progress towards the goal, but due to the slippery nature, the agent might not have moved as intended.

2. **Middle Actions (3, 3, 2, 2, 2):**
   - Actions 3 (left) and 2 (up) indicate possible confusion or missteps, as moving left from the initial position or moving up from the top row does not contribute towards reaching the goal.
   - Repeated actions of 2 (up) suggest the agent might be stuck in a loop or attempting to correct its course, but due to the stochastic nature of the environment, it might not be achieving the desired movement.

3. **Final Actions (0, 1, 0, 2):**
   - Action 0 (down) could be an attempt to move towards the goal, but if executed from a non-optimal position, it might lead to a hole.
   - The sequence ends with actions (1, 0, 2), which might indicate a final attempt to navigate towards the goal, but the agent likely fell into a hole or ran out of time.

### Possible Strategy Recommendations:

1. **Improved Exploration Strategy:**
   - Encourage the agent to explore more systematically by incorporating a strategy that balances exploration and exploitation, such as epsilon-greedy or Boltzmann exploration, to prevent getting stuck in loops or making random moves.

2. **State Awareness and Boundary Handling:**
   - Enhance the agent's understanding of the grid boundaries and the consequences of actions that lead to no movement (e.g., attempting to move up from the top row). This can be achieved by incorporating state-based penalties or rewards for boundary actions.

3. **Learning from Failures:**
   - Implement a mechanism to learn from episodes where the agent falls into holes, such as using negative reinforcement or prioritizing learning from these experiences to avoid similar mistakes in future episodes.

4. **Model-Based Approaches:**
   - Consider using model-based reinforcement learning techniques to predict the outcomes of actions more accurately, given the stochastic nature of the environment, and plan more effective paths to the goal.

5. **Reward Shaping:**
   - Introduce intermediate rewards for reaching certain states closer to the goal or avoiding holes, which can guide the agent more effectively towards successful episodes.

By adopting these strategies, the agent can improve its performance in navigating the FrozenLake environment and increase its chances of reaching the goal state successfully.","To improve the agent's performance in the FrozenLake environment, we need to adjust the action selection strategy to better balance exploration and exploitation while considering the environment's stochastic nature. Given the analysis of the previous episode, the agent should focus on actions that are more likely to progress towards the goal while avoiding actions that lead to boundaries or holes.

### Recommended Action Distribution:

1. **Action 1 (Right):** This action is generally favorable for progressing towards the goal, especially from the starting position. It should have a higher probability to encourage movement towards the goal.

2. **Action 0 (Down):** This action can be useful for moving towards the goal, especially when the agent is in the top rows. It should have a moderate probability.

3. **Action 2 (Up):** This action is less favorable, especially from the starting position, as it can lead to no movement or backtracking. It should have a lower probability.

4. **Action 3 (Left):** This action is generally not beneficial for reaching the goal from the starting position and should have the lowest probability.

### Proposed Probability Distribution:

Given these considerations, a reasonable distribution could be:

```python
{0: 0.25, 1: 0.4, 2: 0.15, 3: 0.2}
```

- **Action 1 (Right):** 0.4 probability to encourage movement towards the goal.
- **Action 0 (Down):** 0.25 probability to allow for vertical movement when beneficial.
- **Action 2 (Up):** 0.15 probability to reduce unnecessary upward movement.
- **Action 3 (Left):** 0.2 probability to avoid moving away from the goal.

This distribution encourages the agent to focus on actions that are more likely to lead towards the goal while still allowing for some exploration to adapt to the environment's stochastic nature."
21,0.0,0.1,0.91684,0.043494246900081635,N/A,N/A
22,0.0,0.0,0.91288,0.025816945359110832,N/A,N/A
23,0.0,0.0,0.90892,0.026672255247831345,N/A,N/A
24,0.0,0.0,0.90496,0.019799474626779556,N/A,N/A
25,0.0,0.0,0.901,0.01682371273636818,"In the last episode of the training process on the FrozenLake-v1 environment, the agent received a total reward of 0.0, indicating that it did not successfully reach the goal state (G) and likely fell into a hole (H) or did not reach the goal within the episode's time limit. The action sequence extracted at intervals was [0, 2, 0, 3, 1, 3, 1, 0, 0, 0, 2, 0, 0, 3], which provides insight into the agent's exploration strategy and decision-making process.

### Analysis of the Action Sequence:

1. **Initial Actions (0, 2, 0):**
   - The agent starts by attempting to move down (action 0), then up (action 2), and again down (action 0). This suggests some indecision or lack of a clear strategy, as the agent is oscillating between moving down and up.

2. **Mid-Sequence Actions (3, 1, 3, 1):**
   - The agent then tries to move left (action 3), right (action 1), left (action 3), and right (action 1). This pattern indicates the agent might be stuck in a loop or is exploring the boundaries of its current position, possibly near a wall or a hole.

3. **Later Actions (0, 0, 0, 2, 0, 0, 3):**
   - The agent predominantly chooses to move down (action 0) multiple times, with a brief attempt to move up (action 2) and a final move left (action 3). This suggests the agent is trying to progress towards the goal but is either hindered by the environment's slippery nature or is not effectively navigating around obstacles.

### Possible Strategy Recommendations:

1. **Improved Exploration Strategy:**
   - The agent's exploration strategy could benefit from more structured exploration, such as using an epsilon-greedy approach with a decaying epsilon to balance exploration and exploitation. This would allow the agent to explore more initially and gradually focus on exploiting known successful paths.

2. **State-Action Value Estimation:**
   - Implementing a more robust method for estimating state-action values, such as Q-learning or SARSA, could help the agent learn more effective policies by better understanding the expected rewards of different actions in each state.

3. **Incorporating a Model of the Environment:**
   - Using a model-based approach, where the agent learns a model of the environment's dynamics, could help it predict the outcomes of its actions more accurately, especially given the stochastic nature of the environment.

4. **Reward Shaping:**
   - Introducing intermediate rewards for reaching certain states or avoiding holes could guide the agent more effectively towards the goal. This would provide additional feedback and motivation for the agent to avoid suboptimal paths.

5. **Policy Optimization Techniques:**
   - Techniques such as policy gradient methods or actor-critic algorithms could be employed to directly optimize the policy, potentially leading to more efficient learning in environments with complex dynamics like FrozenLake.

By implementing these strategies, the agent may improve its ability to navigate the FrozenLake environment, avoid holes, and ultimately reach the goal state more consistently.","To improve the agent's exploration strategy in the FrozenLake-v1 environment, we need to consider a balanced approach that allows for both exploration of new paths and exploitation of known successful strategies. Given the stochastic nature of the environment and the previous episode's action sequence, we can adjust the action probabilities to encourage more effective exploration.

Considering the recommendations provided, we can use an epsilon-greedy strategy to adjust the action probabilities. This approach involves selecting the best-known action with a high probability (exploitation) while still allowing for random exploration of other actions with a smaller probability.

Let's assume an initial epsilon value of 0.2 for exploration, which means the agent will explore randomly 20% of the time and exploit the best-known action 80% of the time. Since we don't have specific state-action values from the previous episode, we'll distribute the exploration probability equally among all actions.

Here's how we can distribute the probabilities:

- Exploitation (best-known action): 80% probability
- Exploration (other actions): 20% probability equally distributed

Assuming the agent should focus more on moving towards the goal (action 0, moving down), we can set the probabilities as follows:

- Action 0 (move down): 0.8 (exploitation)
- Action 1 (move right): 0.0667 (exploration)
- Action 2 (move up): 0.0667 (exploration)
- Action 3 (move left): 0.0667 (exploration)

This distribution encourages the agent to primarily move down towards the goal while still allowing for exploration of other directions.

```python
{0: 0.8, 1: 0.0667, 2: 0.0667, 3: 0.0667}
```

This probability distribution should help the agent explore more effectively while still prioritizing actions that are more likely to lead towards the goal. As the agent learns and the state-action values become clearer, these probabilities can be adjusted to reflect the learned policy more accurately."
26,0.0,0.0,0.8970400000000001,0.004464602097868919,N/A,N/A
27,0.0,0.0,0.89308,0.0227523073554039,N/A,N/A
28,0.0,0.0,0.88912,0.006827803328633308,N/A,N/A
29,0.0,0.0,0.88516,0.003658952657133341,N/A,N/A
30,0.0,0.0,0.8812,0.008852740749716759,"In the last episode of the training process on the FrozenLake-v1 environment, the agent ended with a total reward of 0.0, indicating that it did not reach the goal state (G) and likely fell into a hole (H) or failed to reach the goal within the episode's time limit. The action sequence extracted at intervals was [1, 0, 0, 0, 0, 0, 3, 0]. Let's analyze this sequence and the possible outcomes:

### Analysis:

1. **Initial State and Actions:**
   - The agent starts at state 0 (S).
   - The first action is 1, which means the agent attempts to move right. Due to the slippery nature, it could have moved right, down, or left. Assuming it moved right, it would be in state 1.

2. **Subsequent Actions:**
   - The next series of actions are 0, which corresponds to attempting to move down. Given the slippery dynamics, the agent could have moved down, left, or up. If it successfully moved down, it would transition to states 5, 9, and so on.

3. **Action 3:**
   - The action 3 indicates an attempt to move left. Depending on the agent's current state and the stochastic nature, it could have moved left, up, or right.

4. **Final Action:**
   - The last action is 0, another attempt to move down. The agent could have moved down, left, or up.

### Possible Outcomes:

- Given the reward of 0.0, it is likely that the agent fell into a hole (H) at some point during the episode. The holes are located at states 5, 7, 11, and 12. The sequence of moves suggests that the agent might have ended up in one of these states due to the stochastic transitions.

### Strategy Recommendations:

1. **Improved Exploration:**
   - Encourage more diverse exploration strategies to better understand the environment's dynamics. This could involve using exploration techniques like epsilon-greedy with a decaying epsilon or implementing a more sophisticated exploration strategy like Upper Confidence Bound (UCB).

2. **Modeling Transition Probabilities:**
   - Given the stochastic nature of the environment, it might be beneficial to model the transition probabilities more accurately. This could involve using a model-based approach to predict the outcomes of actions more reliably.

3. **Policy Improvement:**
   - Focus on improving the policy by incorporating learning algorithms that can handle stochastic environments effectively, such as Q-learning with function approximation or using policy gradient methods.

4. **State Value Estimation:**
   - Enhance the estimation of state values to better guide the agent's decisions. This could involve using techniques like Temporal Difference (TD) learning to update value estimates based on observed transitions.

5. **Avoiding Holes:**
   - Implement strategies to recognize and avoid states that lead to holes. This could involve learning from past episodes and adjusting the policy to reduce the likelihood of falling into holes.

By addressing these areas, the agent can improve its performance in the FrozenLake environment and increase its chances of reaching the goal state successfully.","To improve the agent's performance in the FrozenLake-v1 environment, we need to consider a strategy that balances exploration and exploitation while accounting for the stochastic nature of the environment. Given the previous episode's outcome and the analysis, we should encourage the agent to explore more effectively while avoiding states that lead to holes.

One approach is to use an epsilon-greedy strategy, where the agent mostly exploits the current best-known actions but occasionally explores other actions to gather more information about the environment. Given the need for exploration, we can set a moderate epsilon value, such as 0.2, which means the agent will explore 20% of the time and exploit 80% of the time.

Assuming the agent has some prior knowledge or a basic policy that suggests which actions are generally more favorable (e.g., moving towards the goal), we can distribute the probabilities accordingly. However, since the environment is stochastic, we should ensure that all actions have some probability to allow for exploration.

Here's a suggested probability distribution for the actions:

- Action 0 (Down): This action seems to be frequently chosen, possibly indicating a strategy to move towards the goal. We can assign a slightly higher probability to this action.
- Action 1 (Right): Moving right is generally favorable from the starting position, so it should also have a higher probability.
- Action 2 (Up): This action is less likely to be beneficial initially, so it can have a lower probability.
- Action 3 (Left): Similar to action 2, moving left from the starting position is less favorable, so it can have a lower probability.

Given these considerations, here's a possible distribution:

```python
{
    0: 0.35,  # Down
    1: 0.35,  # Right
    2: 0.15,  # Up
    3: 0.15   # Left
}
```

This distribution encourages the agent to explore actions that are more likely to lead towards the goal while still allowing for exploration of other actions to gather more information about the environment's dynamics."
31,0.0,0.0,0.87724,0.008366345427930355,N/A,N/A
32,0.0,0.0,0.8732800000000001,0.0066260783933103085,N/A,N/A
33,0.0,0.0,0.86932,0.006030113436281681,N/A,N/A
34,0.0,0.0,0.86536,0.007744102273136377,N/A,N/A
35,0.0,0.0,0.8613999999999999,0.0027816288638859987,"In the last episode of the training process on the FrozenLake-v1 task, the agent received a total reward of 0.0, indicating that it did not successfully reach the goal state (G) and likely fell into a hole (H) or did not reach the goal within the episode's time limit. The action sequence extracted at intervals was [0, 1, 0], which corresponds to the following:

- Action 0: The agent attempted to move down, but due to the slippery nature of the environment, it could have moved left, up, or down with equal probability.
- Action 1: The agent attempted to move right, but it could have moved down, left, or right with equal probability.
- Action 0: Again, the agent attempted to move down, with the same probabilistic outcomes as before.

Given this sequence and the total reward of 0.0, it is likely that the agent either fell into a hole or did not make significant progress towards the goal. The slippery nature of the environment adds complexity, as the agent's intended actions do not always result in the expected state transitions.

### Analysis:
1. **Slippery Dynamics**: The stochastic transitions make it challenging for the agent to predictably reach the goal. The agent's intended actions may not align with the actual outcomes, leading to suboptimal paths or falling into holes.

2. **Action Sequence**: The sequence [0, 1, 0] suggests that the agent is attempting to explore different directions, but the randomness in transitions might be causing it to end up in undesirable states.

3. **Reward Outcome**: The reward of 0.0 indicates that the agent did not reach the goal. This could be due to falling into a hole or not reaching the goal within the episode's time limit.

### Strategy Recommendations:
1. **Increased Exploration**: Encourage more exploration to allow the agent to better understand the environment's dynamics. This could involve using an exploration strategy like epsilon-greedy with a higher epsilon value initially.

2. **Policy Improvement**: Consider using a more sophisticated policy improvement technique, such as Q-learning with eligibility traces or SARSA, to better handle the stochastic nature of the environment.

3. **State-Action Value Estimation**: Improve the estimation of state-action values by increasing the number of episodes or using function approximation methods to generalize better across states.

4. **Model-Based Approach**: Incorporate a model-based approach to predict the outcomes of actions more accurately, allowing the agent to plan its moves with a better understanding of the environment's dynamics.

5. **Reward Shaping**: Introduce intermediate rewards to guide the agent towards the goal, such as small positive rewards for moving closer to the goal state, to encourage progress even in the presence of stochastic transitions.

6. **Environment Familiarization**: Allow the agent to spend more time in the environment to learn the effects of slippery transitions and develop strategies to mitigate their impact.

By implementing these strategies, the agent can improve its performance in the FrozenLake-v1 environment and increase its chances of successfully reaching the goal state.","To improve the agent's effectiveness in the FrozenLake-v1 environment, we need to encourage exploration while also allowing the agent to learn from its experiences. Given the stochastic nature of the environment and the previous episode's outcome, an exploration strategy like epsilon-greedy can be beneficial. This strategy allows the agent to explore different actions with a certain probability (epsilon) while exploiting the best-known actions with probability (1-epsilon).

For the next episode, we can start with a higher exploration rate to allow the agent to gather more information about the environment. A common choice for epsilon in the initial stages is around 0.1 to 0.3. Let's assume we choose an epsilon of 0.2 for this scenario. This means the agent will explore with a probability of 0.2 and exploit the best-known action with a probability of 0.8.

Since we don't have a specific policy or Q-values to determine the best-known action, we'll distribute the exploration probability equally among all actions. The exploitation probability will also be equally distributed among all actions initially, as we are still in the early stages of learning.

Here's how the action distribution might look:

- Exploration probability (epsilon): 0.2
- Exploitation probability (1-epsilon): 0.8

Since we are in the early stages and don't have a specific action preference, we distribute the probabilities equally:

- Exploration: 0.2 / 4 = 0.05 for each action
- Exploitation: 0.8 / 4 = 0.2 for each action

Combining exploration and exploitation probabilities:

- Total probability for each action = 0.05 (exploration) + 0.2 (exploitation) = 0.25

Thus, the probability distribution for the actions is:

```python
{0: 0.25, 1: 0.25, 2: 0.25, 3: 0.25}
```

This uniform distribution reflects the initial stage of learning where the agent is encouraged to explore all actions equally to gather information about the environment. As the agent learns more about the environment, the distribution can be adjusted to favor actions that lead to better outcomes."
36,0.0,0.0,0.85744,0.00611937465146184,N/A,N/A
37,0.0,0.0,0.85348,0.0006965817301534116,N/A,N/A
38,0.0,0.0,0.84952,0.0037830283399671316,N/A,N/A
39,0.0,0.0,0.84556,0.0008265353972092271,N/A,N/A
40,0.0,0.0,0.8416,0.007336566224694252,"In the last episode of the training process on the FrozenLake-v1 environment, the agent received a total reward of 0.0, indicating that it did not successfully reach the goal state (G) and likely fell into a hole (H) or failed to reach the goal within the episode's time limit. The action sequence extracted at intervals was [2, 2, 2, 1, 3, 1, 1, 0, 0]. Let's analyze this sequence and the possible reasons for the outcome:

### Analysis:

1. **Initial Actions (2, 2, 2):**
   - The agent started by taking three consecutive actions of type 2, which corresponds to a primary intention to move up. However, due to the slippery nature of the environment, these actions could have resulted in unintended movements to the right or down, potentially leading the agent away from the intended path.

2. **Middle Actions (1, 3, 1):**
   - The agent then attempted to move right (action 1), followed by left (action 3), and then right again (action 1). This sequence suggests some indecision or correction attempts, possibly due to the agent trying to navigate around obstacles or correct its course after unintended slips.

3. **Final Actions (1, 0, 0):**
   - The agent continued with another right move (action 1) and then attempted to move down twice (action 0). These actions might have been aimed at reaching the goal, but given the reward of 0.0, it's likely that the agent either fell into a hole or was unable to reach the goal within the episode's time limit.

### Possible Strategy Recommendations:

1. **Improved Exploration Strategy:**
   - The agent might benefit from a more structured exploration strategy, such as using a model-based approach to better predict the outcomes of actions in the slippery environment. This could involve learning a transition model to anticipate the effects of actions more accurately.

2. **Increased Exploration:**
   - Encourage more exploration by adjusting the exploration-exploitation balance. This could involve increasing the exploration rate (e.g., epsilon in an epsilon-greedy strategy) to allow the agent to discover more effective paths and strategies.

3. **Learning from Failures:**
   - Implement a mechanism to learn from episodes where the agent falls into holes. This could involve negative reinforcement or a penalty system to discourage paths leading to holes, thereby refining the agent's policy.

4. **State-Action Value Function Refinement:**
   - Focus on refining the state-action value function (Q-values) to better capture the expected rewards of actions in different states. This could involve more frequent updates or using techniques like Q-learning with eligibility traces to propagate learning more effectively.

5. **Incorporate Heuristics:**
   - Introduce heuristic guidance to help the agent prioritize actions that are more likely to lead towards the goal, such as preferring actions that move the agent closer to the goal state when uncertain.

By implementing these strategies, the agent may improve its ability to navigate the FrozenLake environment, avoid holes, and successfully reach the goal state more consistently.","To improve the agent's effectiveness in the FrozenLake environment, we need to adjust the action exploration strategy to encourage better navigation and goal-reaching behavior. Given the analysis of the previous episode, we can infer that the agent might benefit from a more balanced exploration strategy that accounts for the environment's slippery nature and the need to avoid holes while moving towards the goal.

Here's a proposed action exploration distribution:

1. **Action 0 (Down):** This action can be useful for moving towards the goal, especially from the starting position. However, it can also lead to holes if not carefully managed. We should assign a moderate probability to this action to encourage exploration while being cautious.

2. **Action 1 (Right):** Moving right is generally a good strategy to progress towards the goal, especially from the starting position. We should assign a slightly higher probability to this action to encourage the agent to explore paths leading towards the goal.

3. **Action 2 (Up):** Moving up can be risky as it might lead the agent back towards the starting position or into holes. We should assign a lower probability to this action to reduce the likelihood of regressing or falling into holes.

4. **Action 3 (Left):** Moving left can also be risky for similar reasons as moving up. We should assign a lower probability to this action as well.

Considering these factors, here's a proposed probability distribution for the actions:

```python
{
    0: 0.25,  # Down
    1: 0.35,  # Right
    2: 0.20,  # Up
    3: 0.20   # Left
}
```

This distribution prioritizes moving right, which is generally a safer and more goal-oriented action, while still allowing for exploration in other directions. The probabilities are adjusted to encourage exploration while minimizing the risk of falling into holes or regressing."
41,0.0,0.0,0.8376399999999999,0.004617192782461643,N/A,N/A
42,0.0,0.0,0.83368,0.0008921085391193628,N/A,N/A
43,0.0,0.1,0.82972,0.002878040773794055,N/A,N/A
44,0.0,0.1,0.82576,0.004546754993498325,N/A,N/A
45,0.0,0.2,0.8218,0.0018513172399252653,"In the last episode of the training process on the FrozenLake-v1 environment, the agent received a total reward of 0.0, indicating that it did not reach the goal state (G) and likely fell into a hole (H) or ran out of steps before reaching the goal. The action sequence extracted at intervals was [0, 1, 1, 0, 0, 1, 2, 2, 2, 0, 1], which corresponds to the following actions:

- 0: Move down
- 1: Move right
- 2: Move up
- 3: Move left

Given the slippery nature of the environment, each action has a 1/3 probability of resulting in the intended move, and a 2/3 probability of resulting in one of the other two possible moves. This stochasticity makes it challenging for the agent to navigate the grid effectively.

### Analysis of the Episode:

1. **Initial Actions (0, 1, 1):** The agent starts by attempting to move down and then right twice. This suggests an initial strategy to move towards the goal, which is located at the bottom right corner of the grid.

2. **Mid-Episode Actions (0, 0, 1):** The agent continues with a down-down-right pattern. This sequence indicates an attempt to move towards the lower rows, possibly aiming to reach the third row where the path to the goal is clearer.

3. **Later Actions (2, 2, 2, 0, 1):** The agent then attempts to move up three times, followed by down and right. This could indicate confusion or a reaction to the stochastic transitions, possibly resulting in the agent being pushed back towards the starting area or into a hole.

4. **Outcome:** The total reward of 0.0 suggests that the agent either fell into a hole or did not reach the goal within the episode's step limit. The sequence of actions, particularly the repeated 'up' moves, might have led the agent into a hole or away from the goal.

### Strategy Recommendations:

1. **Improved Exploration:** Encourage the agent to explore more diverse paths by incorporating exploration strategies such as epsilon-greedy or softmax action selection. This can help the agent discover more successful paths to the goal.

2. **State-Action Value Estimation:** Implement a more robust method for estimating state-action values, such as Q-learning or SARSA, to better account for the stochastic transitions and improve decision-making.

3. **Reward Shaping:** Consider introducing intermediate rewards for reaching certain states or avoiding holes to guide the agent more effectively towards the goal.

4. **Policy Optimization:** Use policy gradient methods to directly optimize the policy, which might be more effective in handling the stochastic nature of the environment.

5. **Environment Familiarization:** Allow the agent to run more episodes to better learn the transition dynamics and develop a more reliable strategy for reaching the goal.

By implementing these strategies, the agent can improve its performance in navigating the FrozenLake environment and increase its chances of reaching the goal state successfully.","To improve the agent's effectiveness in the FrozenLake environment, we need to consider a strategy that balances exploration and exploitation, given the stochastic nature of the environment. The agent's previous action sequence suggests a need for better exploration to avoid holes and reach the goal more effectively.

One common approach is to use an epsilon-greedy strategy, where the agent mostly exploits the best-known actions but occasionally explores random actions to discover potentially better paths. Given the agent's previous performance, we can start with a higher exploration rate to encourage more diverse path discovery.

Let's assume an epsilon value of 0.2 for exploration, meaning the agent will explore 20% of the time and exploit the best-known actions 80% of the time. Since we don't have specific Q-values or policy information, we'll distribute the exploration probability equally among all actions.

Here's how the action probabilities can be distributed:

- Exploit the best-known action (assuming equal preference initially): 0.8 / 4 = 0.2 for each action
- Explore randomly: 0.2 / 4 = 0.05 for each action

Combining these, each action will have a probability of 0.25 (0.2 + 0.05) since we are assuming equal preference initially due to lack of specific Q-values.

Therefore, the probability distribution for the next episode would be:

```python
{0: 0.25, 1: 0.25, 2: 0.25, 3: 0.25}
```

This distribution reflects a balanced approach, allowing the agent to explore all actions equally while it gathers more information about the environment. As the agent learns and updates its policy or Q-values, this distribution can be adjusted to favor more promising actions."
46,0.0,0.2,0.81784,0.0034783289302140474,N/A,N/A
47,0.0,0.2,0.8138799999999999,0.002379993675276637,N/A,N/A
48,0.0,0.2,0.80992,0.0019065778469666839,N/A,N/A
49,0.0,0.0,0.80596,0.00045430869795382023,N/A,N/A
50,0.0,0.1,0.802,0.0011268035741522908,"In the last episode of the training process on the FrozenLake-v1 environment, the agent received a total reward of 0.0, indicating that it did not successfully reach the goal state (G) and likely fell into a hole (H) or failed to reach the goal within the episode's time limit. The action sequence extracted at intervals was [3, 3, 1, 2, 3, 3, 1, 0, 0], which corresponds to the following actions:

- 3: Move left
- 1: Move right
- 2: Move up
- 0: Move down

### Analysis of the Episode:

1. **Initial Actions (3, 3):** The agent started by attempting to move left twice. Given the grid layout, these actions likely kept the agent in the starting row, possibly moving between states 0 and 1 or staying in state 0 due to the slippery nature of the environment.

2. **Middle Actions (1, 2, 3):** The agent then attempted to move right, up, and left. These actions suggest the agent was exploring the grid but may have been oscillating between states without making significant progress toward the goal. The slippery nature of the environment could have caused unintended movements, complicating the agent's navigation.

3. **Final Actions (3, 1, 0, 0):** The agent continued with a left move, followed by a right move, and then two down moves. This sequence might have led the agent into a hole or kept it in a loop, preventing it from reaching the goal.

### Possible Strategy Recommendations:

1. **Improved Exploration Strategy:** The agent may benefit from a more structured exploration strategy, such as using a policy that balances exploration and exploitation more effectively. Techniques like epsilon-greedy with a decaying epsilon or using a softmax action selection could help the agent explore the state space more efficiently.

2. **Incorporate Learning from Failures:** The agent should be encouraged to learn from episodes where it falls into holes. Implementing a mechanism to avoid previously encountered pitfalls, such as using a Q-learning approach with negative rewards for holes, could help the agent develop a more robust policy.

3. **Model-Based Approaches:** Consider using model-based reinforcement learning to help the agent predict the outcomes of its actions more accurately. This could involve building a transition model of the environment to simulate potential future states and make more informed decisions.

4. **State Representation Enhancement:** Enhancing the state representation to include additional information, such as the proximity to holes or the goal, could help the agent make better decisions. This could involve feature engineering or using function approximation techniques like neural networks.

5. **Increased Training Episodes:** Given the stochastic nature of the environment, increasing the number of training episodes could provide the agent with more opportunities to learn effective strategies and improve its performance over time.

By implementing these strategies, the agent may improve its ability to navigate the FrozenLake environment and increase its chances of reaching the goal state successfully.","To improve the agent's effectiveness in navigating the FrozenLake environment, we need to adjust the action exploration strategy to balance exploration and exploitation while considering the environment's stochastic nature. Given the previous episode's outcome and the recommendations, a more structured exploration strategy can be beneficial.

One common approach is to use an epsilon-greedy strategy, where the agent mostly exploits the best-known action but occasionally explores other actions. However, since we are focusing on exploration, we can consider a softmax action selection strategy, which assigns probabilities to actions based on their estimated values, allowing for more nuanced exploration.

Assuming we want to encourage exploration while still giving some preference to actions that might lead to progress (e.g., moving towards the goal), we can assign slightly higher probabilities to actions that are more likely to lead to the goal state, while still maintaining a reasonable level of exploration for all actions.

Given the grid layout and the goal's position, actions that generally move the agent towards the bottom-right corner (where the goal is located) might be slightly favored. However, due to the slippery nature, we should not overly bias the probabilities.

Here's a suggested probability distribution for the actions:

```python
{
    0: 0.25,  # Move down
    1: 0.25,  # Move right
    2: 0.25,  # Move up
    3: 0.25   # Move left
}
```

This uniform distribution reflects a balanced exploration strategy, allowing the agent to explore all possible directions equally. This approach is suitable for environments where the agent needs to gather more information about the state space and the effects of its actions. As the agent learns and gathers more data, the distribution can be adjusted to favor actions that lead to higher rewards based on the learned policy."
51,0.0,0.0,0.7980400000000001,0.0014769964618608356,N/A,N/A
52,0.0,0.0,0.79408,0.0013609922025352716,N/A,N/A
53,0.0,0.2,0.79012,0.0006242803065106273,N/A,N/A
54,0.0,0.2,0.78616,0.0014865135308355093,N/A,N/A
55,0.0,0.0,0.7822,0.0007335821283049881,"In the last episode of the training process on the FrozenLake-v1 environment, the agent received a total reward of 0.0, indicating that it did not reach the goal state (G) and likely fell into a hole (H) or ran out of steps without reaching the goal. The action sequence extracted at intervals was [2, 3, 2, 1, 0, 1, 0, 3, 1, 2, 2]. Let's analyze this sequence and the possible reasons for the outcome.

### Analysis:

1. **Action Sequence Interpretation:**
   - The actions correspond to the following intended movements:
     - 2: Move up
     - 3: Move left
     - 1: Move right
     - 0: Move down

2. **Environment Dynamics:**
   - Due to the slippery nature of the environment, the agent's intended actions may not always result in the expected movement. For example, an action intended to move up (2) could result in moving right or down instead.

3. **Potential Issues:**
   - **Slippery Dynamics:** The stochastic nature of the environment means that even if the agent chooses a seemingly optimal action, it might end up in an unintended state.
   - **Exploration vs. Exploitation:** The agent might not have sufficiently explored the environment to learn an optimal policy. It may be stuck in a suboptimal policy due to insufficient exploration or an overly greedy strategy.
   - **State Transitions:** The sequence of actions suggests that the agent might have been oscillating between states without making significant progress toward the goal.

4. **Possible Outcomes:**
   - The agent likely fell into a hole (H) at some point, resulting in the episode ending with a reward of 0.0.
   - Alternatively, the agent could have been stuck in a loop or reached a dead-end without reaching the goal within the allowed number of steps.

### Strategy Recommendations:

1. **Enhanced Exploration:**
   - Implement strategies to encourage more exploration, such as increasing the exploration rate (epsilon) in an epsilon-greedy policy or using exploration strategies like Upper Confidence Bound (UCB) or Thompson Sampling.

2. **Improved Learning Algorithm:**
   - Consider using algorithms that can better handle stochastic environments, such as Q-learning with eligibility traces or SARSA, which might better capture the nuances of the environment's dynamics.

3. **State Representation:**
   - Ensure that the state representation captures enough information to distinguish between different scenarios, potentially using function approximation methods like neural networks if the state space is large or complex.

4. **Policy Evaluation and Improvement:**
   - Regularly evaluate the policy to identify areas where the agent is consistently failing and adjust the learning parameters or reward structure to guide the agent toward more successful strategies.

5. **Environment Understanding:**
   - Conduct a thorough analysis of the environment's transition dynamics to better understand how the agent's actions translate into state changes, which can inform better policy development.

By implementing these strategies, the agent may improve its ability to navigate the FrozenLake environment and increase its chances of reaching the goal state successfully.","To improve the agent's performance in the FrozenLake-v1 environment, we need to adjust the action selection strategy to better handle the stochastic nature of the environment and encourage exploration. Given the previous episode's outcome and the analysis, a balanced exploration strategy is crucial.

One common approach is to use an epsilon-greedy strategy, where the agent mostly exploits the best-known action but occasionally explores other actions. However, since the environment is slippery and the agent did not reach the goal in the last episode, we should lean more towards exploration to allow the agent to discover potentially better paths.

Let's assume we want to set a higher exploration rate to encourage the agent to explore more. A reasonable distribution could be to set a higher probability for exploration while still maintaining some level of exploitation. For instance, we could set an exploration rate (epsilon) of 0.3, meaning the agent will explore 30% of the time and exploit 70% of the time. Within the exploration phase, we distribute the probability equally among all actions.

Here's how we can distribute the probabilities:

- Exploit the best-known action with a probability of 0.7.
- Explore other actions with a probability of 0.3 distributed equally among all actions.

Assuming the agent currently does not have a clear best action due to the lack of successful episodes, we can distribute the probabilities equally for exploration:

```python
{
    0: 0.25,
    1: 0.25,
    2: 0.25,
    3: 0.25
}
```

This distribution reflects a purely exploratory approach, which can be beneficial if the agent has not yet developed a clear policy. As the agent learns and identifies more successful actions, the distribution can be adjusted to favor the more successful actions while still allowing for exploration."
56,0.0,0.0,0.77824,0.001465503592044115,N/A,N/A
57,0.0,0.0,0.77428,0.0012521914904937148,N/A,N/A
58,0.0,0.0,0.77032,0.001597780268639326,N/A,N/A
59,0.0,0.0,0.76636,0.0008049219031818211,N/A,N/A
60,0.0,0.0,0.7624,0.000623395899310708,"In the last episode of the training process on the FrozenLake-v1 environment, the agent received a total reward of 0.0, indicating that it did not reach the goal (G) and likely fell into a hole (H) or failed to reach the goal within the episode's time limit. The action sequence extracted at intervals was [3, 1, 2, 2, 3]. Let's analyze this sequence and the possible outcomes:

### Analysis of the Action Sequence:

1. **Action 3 (Move Left, Up, or Right):** 
   - Starting from state 0 (S), the agent could have moved to state 0 (left), state 0 (up), or state 1 (right). Given the grid layout, moving right to state 1 is the most likely beneficial move.

2. **Action 1 (Move Right, Down, or Left):**
   - From state 1, the agent could have moved to state 2 (right), state 5 (down), or back to state 0 (left). Moving to state 2 or state 5 would be progress towards the goal.

3. **Action 2 (Move Up, Right, or Down):**
   - If the agent was at state 2, it could have moved to state 1 (up), state 3 (right), or state 6 (down). If it was at state 5, it could have moved to state 1 (up), state 6 (right), or state 9 (down). Moving to state 3 or state 6 would be progress.

4. **Action 2 (Move Up, Right, or Down):**
   - Continuing from state 3, the agent could have moved to state 2 (up), state 7 (right), or state 6 (down). From state 6, it could have moved to state 5 (up), state 7 (right), or state 10 (down). Moving to state 7 or state 10 would be progress.

5. **Action 3 (Move Left, Up, or Right):**
   - From state 7, the agent could have moved to state 6 (left), state 3 (up), or state 8 (right). From state 10, it could have moved to state 9 (left), state 6 (up), or state 11 (right). Moving to state 11 would be progress.

### Possible Outcomes:
- Given the total reward of 0.0, it is likely that the agent fell into a hole (H) at some point during the episode. The holes are located at states 5, 7, 11, and 12. The agent's path might have led it to one of these states.

### Strategy Recommendations:

1. **Improved Exploration:**
   - Encourage more diverse exploration strategies to avoid repeatedly falling into holes. This can be achieved by using exploration techniques like epsilon-greedy with a decaying epsilon or implementing a more sophisticated exploration strategy like Upper Confidence Bound (UCB).

2. **Learning from Failures:**
   - Implement a mechanism to learn from episodes where the agent falls into a hole. This could involve updating the value function or policy to reduce the likelihood of selecting actions that lead to holes.

3. **State Value Estimation:**
   - Enhance the state value estimation by using techniques like Temporal Difference (TD) learning or Monte Carlo methods to better estimate the expected return from each state.

4. **Policy Optimization:**
   - Consider using policy gradient methods or actor-critic approaches to optimize the policy directly, which may help in navigating the slippery environment more effectively.

5. **Environment Modeling:**
   - Develop a model of the environment's transition dynamics to predict the outcomes of actions more accurately, which can help in planning and decision-making.

By implementing these strategies, the agent can improve its performance in the FrozenLake environment and increase its chances of reaching the goal successfully.","To improve the agent's performance in the FrozenLake environment, we need to adjust the action exploration strategy to encourage more effective exploration while avoiding pitfalls like holes. Given the environment's stochastic nature and the agent's previous performance, a balanced exploration strategy is necessary.

One common approach is to use an epsilon-greedy strategy, where the agent mostly exploits the best-known actions but occasionally explores other actions to discover potentially better strategies. We can adjust the probabilities to favor exploration while still allowing for exploitation.

Here's a suggested probability distribution for the next episode:

- **Action 0 (Move Down, Left, Up):** This action can help the agent move towards the goal, especially from the starting position. However, it also has a risk of moving into holes if not careful. We should assign a moderate probability to encourage exploration in this direction.
  
- **Action 1 (Move Right, Down, Left):** Moving right is generally beneficial from the starting position and can lead to progress towards the goal. This action should have a higher probability to encourage movement towards the goal.

- **Action 2 (Move Up, Right, Down):** This action can be useful in certain states but also has a risk of moving back or into holes. We should assign a moderate probability to this action.

- **Action 3 (Move Left, Up, Right):** Moving left or up can often lead back to the starting position or into holes. This action should have a lower probability to reduce the likelihood of regressing or falling into holes.

Given these considerations, here's a suggested probability distribution for the actions:

```python
{0: 0.25, 1: 0.35, 2: 0.25, 3: 0.15}
```

This distribution encourages the agent to explore actions that are more likely to lead towards the goal while still allowing for some exploration of other actions to avoid getting stuck in suboptimal paths. Adjustments can be made based on further observations and results from subsequent episodes."
61,0.0,0.0,0.75844,0.001451497315429151,N/A,N/A
62,0.0,0.2,0.75448,0.0008254802669398487,N/A,N/A
63,0.0,0.2,0.75052,0.0010911079589277506,N/A,N/A
64,0.0,0.1,0.74656,0.0011123928707093,N/A,N/A
65,0.0,0.1,0.7425999999999999,0.0010493230074644089,"In the last episode of the training process on the FrozenLake-v1 environment, the agent received a total reward of 0.0, indicating that it did not reach the goal state (G) and likely fell into a hole (H) or failed to reach the goal within the episode's time limit. The action sequence extracted at intervals was [2, 1, 1, 1, 2, 1, 1]. Let's analyze this sequence and the potential reasons for the outcome.

### Analysis:

1. **Action Sequence Interpretation:**
   - The actions correspond to the following intended movements:
     - Action 2: Move up
     - Action 1: Move right
   - The sequence indicates the agent's intention to move up once, followed by a series of right movements, another up movement, and then more right movements.

2. **Environment Dynamics:**
   - Due to the slippery nature of the environment, the agent's intended actions may not have resulted in the expected movements. Each action has a 1/3 probability of resulting in one of three possible directions, which introduces significant stochasticity.

3. **Possible Trajectory:**
   - Starting from state 0 (S), the agent likely attempted to move up (action 2), which could have resulted in moving right, down, or up. Given the grid layout, moving up from state 0 would not change the state, while moving right would lead to state 1, and moving down would lead to state 4.
   - The subsequent right movements (action 1) would have been intended to progress horizontally across the grid. However, due to the stochastic transitions, the agent may have ended up in unintended states, potentially leading to a hole (H) or circling back to previous states.

4. **Outcome:**
   - The total reward of 0.0 suggests that the agent either fell into a hole or did not reach the goal within the episode's time limit. Given the sequence of actions, it is plausible that the agent encountered a hole, especially since the grid contains several holes that can be reached with unintended movements.

### Strategy Recommendations:

1. **Increased Exploration:**
   - Encourage more exploration to better understand the environment dynamics. This can be achieved by adjusting the exploration-exploitation balance, such as increasing the exploration rate (epsilon) in an epsilon-greedy strategy.

2. **Model-Based Approach:**
   - Consider using a model-based approach to learn the transition dynamics more accurately. This could help the agent predict the outcomes of its actions more effectively and plan its moves accordingly.

3. **Policy Improvement:**
   - Focus on improving the policy by incorporating more sophisticated algorithms like Q-learning with function approximation or deep reinforcement learning techniques, which can handle the stochastic nature of the environment better.

4. **State-Action Value Estimation:**
   - Enhance the estimation of state-action values to account for the probabilistic transitions. This can involve using techniques like Monte Carlo simulations or Temporal Difference learning to refine the value function.

5. **Environment Familiarization:**
   - Allow the agent to spend more time familiarizing itself with the environment, possibly through extended training episodes or by simulating multiple episodes to gather more data on state transitions and rewards.

By implementing these strategies, the agent can improve its performance in navigating the FrozenLake environment, increasing its chances of reaching the goal state successfully.","To improve the agent's performance in the FrozenLake-v1 environment, we need to adjust the exploration strategy to better handle the stochastic nature of the environment and increase the likelihood of reaching the goal. Given the previous episode's outcome and the analysis, we should encourage more exploration to allow the agent to better understand the environment dynamics.

One common approach is to use an epsilon-greedy strategy, where the agent selects a random action with probability epsilon (exploration) and the best-known action with probability 1-epsilon (exploitation). Since the agent did not perform well in the last episode, we should increase the exploration rate to allow the agent to explore more diverse actions and states.

Let's assume we decide on an exploration rate (epsilon) of 0.3 for the next episode, meaning the agent will explore 30% of the time and exploit 70% of the time. Given that the agent's previous actions were predominantly moving right (action 1), we can slightly favor this action while still maintaining exploration.

Here's a possible distribution of actions for the next episode:

- Exploration (random action): 0.3 probability distributed equally among all actions.
- Exploitation (favoring action 1): 0.7 probability, with a slight preference for action 1.

The distribution can be calculated as follows:

- Exploration component: 0.3 / 4 = 0.075 for each action.
- Exploitation component: 0.7, with a preference for action 1.

Let's distribute the exploitation component with a slight preference for action 1:

- Action 0: 0.075 (exploration) + 0.1 (exploitation) = 0.175
- Action 1: 0.075 (exploration) + 0.4 (exploitation) = 0.475
- Action 2: 0.075 (exploration) + 0.1 (exploitation) = 0.175
- Action 3: 0.075 (exploration) + 0.1 (exploitation) = 0.175

This distribution encourages exploration while slightly favoring the action that was most frequently chosen in the previous episode.

```python
{0: 0.175, 1: 0.475, 2: 0.175, 3: 0.175}
```

This distribution allows the agent to explore different actions while still leveraging the knowledge gained from previous episodes, with a slight preference for moving right, which was the agent's intended direction in the last episode."
66,0.0,0.1,0.73864,0.0008966868626885116,N/A,N/A
67,0.0,0.0,0.73468,0.0009452647645957768,N/A,N/A
68,0.0,0.1,0.73072,0.000920638965908438,N/A,N/A
69,0.0,0.0,0.72676,0.0008602826856076717,N/A,N/A
70,0.0,0.0,0.7228,0.0007238490507006645,"In the last episode of the training process on the FrozenLake-v1 environment, the agent received a total reward of 0.0, indicating that it did not successfully reach the goal state (G) and likely fell into a hole (H) or ran out of steps before reaching the goal. The action sequence taken by the agent was [3, 2, 0, 1, 3, 1, 1, 1, 3, 3, 0, 3, 1, 2, 0, 1, 0, 1, 0, 3].

### Analysis:

1. **Action Sequence**: The actions correspond to:
   - 0: Move down
   - 1: Move right
   - 2: Move up
   - 3: Move left

2. **Exploration Dynamics**: Given the slippery nature of the environment, each action has a probabilistic outcome, which means the agent might not always move in the intended direction. This adds complexity to the exploration strategy.

3. **Path Analysis**:
   - The sequence shows a mix of movements in all directions, suggesting the agent is exploring rather than following a specific path to the goal.
   - The presence of multiple consecutive '1' (move right) and '3' (move left) actions indicates potential oscillation between states, which might be due to the agent getting stuck in a loop or trying to avoid holes.

4. **Outcome**: The total reward of 0.0 suggests that the agent either fell into a hole or did not reach the goal within the episode's time limit.

### Strategy Recommendations:

1. **Improved Exploration Strategy**:
   - **Epsilon-Greedy with Decay**: Implement an epsilon-greedy strategy with decay to balance exploration and exploitation. Start with a high exploration rate and gradually shift towards exploitation as the agent learns the environment.
   - **Prioritized Exploration**: Encourage exploration of less-visited states to improve the agent's understanding of the environment.

2. **Learning from Failures**:
   - **Reward Shaping**: Introduce intermediate rewards for reaching specific states or avoiding holes to guide the agent towards the goal.
   - **Penalty for Holes**: Implement a small negative reward for falling into holes to discourage the agent from taking risky paths.

3. **Model-Based Approaches**:
   - **Transition Model**: Develop a model of the environment's transition dynamics to predict the outcomes of actions better and plan more effectively.
   - **Planning Algorithms**: Use planning algorithms like Dyna-Q to simulate experiences and update the policy based on hypothetical scenarios.

4. **State Representation**:
   - **Feature Engineering**: Enhance state representation by incorporating features such as proximity to the goal or distance from holes to provide more informative inputs to the learning algorithm.

5. **Policy Optimization**:
   - **Policy Gradient Methods**: Consider using policy gradient methods to directly optimize the policy, which might be more effective in handling the stochastic nature of the environment.

By implementing these strategies, the agent can potentially improve its performance in navigating the FrozenLake environment and increase its chances of reaching the goal state successfully.","To improve the agent's effectiveness in the FrozenLake environment, we need to consider both exploration and exploitation strategies. Given the stochastic nature of the environment and the previous episode's outcome, a balanced approach is necessary. Here's how we can structure the action distribution:

1. **Epsilon-Greedy Strategy**: Start with a higher probability for exploration to allow the agent to learn more about the environment. As the agent learns, this probability can be decayed to favor exploitation of known good actions.

2. **Prioritized Exploration**: Since the agent needs to explore less-visited states, we should ensure that all actions have a non-zero probability, allowing the agent to explore different paths.

3. **Action Distribution**: Given the previous episode's outcome and the need for exploration, we can start with a distribution that slightly favors moving towards the goal (right and down) but still allows for exploration in all directions.

Here's a suggested action distribution for the next episode:

```python
{0: 0.25, 1: 0.35, 2: 0.15, 3: 0.25}
```

- **0 (Move Down)**: 0.25 probability. Moving down is generally beneficial for progressing towards the goal, especially from the starting position.
- **1 (Move Right)**: 0.35 probability. Moving right is often necessary to reach the goal, so it is slightly favored.
- **2 (Move Up)**: 0.15 probability. Moving up is less likely to be beneficial but should still be explored occasionally.
- **3 (Move Left)**: 0.25 probability. Moving left can help in exploring different paths and avoiding holes.

This distribution encourages exploration while slightly favoring actions that are more likely to lead towards the goal. As the agent learns, the probabilities can be adjusted to favor more successful actions based on the agent's experiences."
71,0.0,0.0,0.71884,0.0004572122707031667,N/A,N/A
72,0.0,0.0,0.71488,0.00039693358121439815,N/A,N/A
73,0.0,0.0,0.71092,0.0005546554457396269,N/A,N/A
74,0.0,0.0,0.70696,0.0008141691214405,N/A,N/A
75,0.0,0.3,0.7030000000000001,0.0005127141484990716,"In the final episode of the training process on the FrozenLake-v1 environment, the agent received a total reward of 0.0, indicating that it did not successfully reach the goal state (G) and likely fell into a hole (H) or failed to reach the goal within the episode's time limit. The action sequence recorded at intervals was [0, 0, 0, 1, 0, 3, 1, 1]. Let's analyze this sequence and provide some strategic recommendations for improvement.

### Analysis:

1. **Initial Actions (0, 0, 0):**
   - The agent starts at state 0 (S) and attempts to move downwards three times. Given the slippery nature of the environment, these actions could result in the agent moving to unintended states due to the probabilistic transition dynamics. The agent might have moved to states like 4, 5, or even stayed in state 0 if the transitions were unfavorable.

2. **Middle Actions (1, 0):**
   - The agent then attempts to move right (action 1) and down (action 0). Depending on its current position, these actions could have moved the agent closer to the goal or into a hole. The right action could have been intended to navigate around holes, but the slippery nature might have caused unintended movements.

3. **Later Actions (3, 1, 1):**
   - The agent attempts to move left (action 3) and then right twice (action 1). These actions suggest the agent might have been trying to correct its path or was stuck in a loop due to the environment's stochastic nature. The repeated right actions could indicate an attempt to reach the goal, but the agent might have been near a hole or the edge of the grid.

### Possible Strategy Recommendations:

1. **Improved Exploration:**
   - Encourage more diverse exploration strategies to better understand the environment's dynamics. This could involve using exploration techniques like epsilon-greedy with a decaying epsilon or implementing more sophisticated exploration strategies like Upper Confidence Bound (UCB) or Thompson Sampling.

2. **State-Action Value Estimation:**
   - Enhance the agent's learning of state-action values (Q-values) by increasing the number of episodes or using more advanced algorithms like Q-learning with function approximation or Deep Q-Networks (DQN) if computational resources allow.

3. **Model-Based Approaches:**
   - Consider incorporating model-based reinforcement learning techniques to predict the outcomes of actions more accurately. This could help the agent plan better by simulating potential future states and rewards.

4. **Reward Shaping:**
   - Introduce intermediate rewards for reaching certain states or avoiding holes to guide the agent more effectively towards the goal. This can help the agent learn a more optimal policy by providing additional feedback.

5. **Policy Optimization:**
   - Experiment with policy gradient methods or actor-critic algorithms to directly optimize the policy, which might be more effective in handling the stochastic transitions of the environment.

By implementing these strategies, the agent can potentially improve its performance in navigating the FrozenLake environment, increasing the likelihood of reaching the goal state successfully.","To improve the agent's exploration strategy in the FrozenLake environment, we need to consider the stochastic nature of the environment and the previous episode's performance. Given the agent's tendency to fall into holes or fail to reach the goal, a balanced exploration strategy is essential. 

The agent's previous actions suggest a lack of effective exploration, possibly due to over-reliance on certain actions. To address this, we can use an epsilon-greedy strategy with a moderate epsilon value to encourage exploration while still allowing for exploitation of known good actions. This approach will help the agent explore the environment more effectively and learn better state-action values.

For the next episode, we can set a distribution that slightly favors exploration over exploitation. A common starting point for epsilon-greedy strategies is to set epsilon around 0.1 to 0.2, meaning the agent will explore 10% to 20% of the time and exploit 80% to 90% of the time. However, given the need for more exploration, we can adjust this to encourage more exploration.

Here's a suggested action distribution:

```python
{0: 0.25, 1: 0.25, 2: 0.25, 3: 0.25}
```

This uniform distribution ensures that the agent explores all actions equally, which is beneficial in the early stages of learning or when the agent is struggling to find a successful path to the goal. As the agent learns more about the environment, this distribution can be adjusted to favor actions that lead to higher rewards."
76,0.0,0.3,0.69904,0.00023958779638633132,N/A,N/A
77,0.0,0.3,0.69508,0.00023466676066163927,N/A,N/A
78,0.0,0.0,0.69112,0.00048580183647572994,N/A,N/A
79,0.0,0.0,0.68716,0.0006002804730087519,N/A,N/A
80,0.0,0.1,0.6832,0.0004834509454667568,"In the last episode of the training process on the FrozenLake-v1 environment, the agent received a total reward of 0.0, indicating that it did not reach the goal state (G) and likely fell into a hole (H) or ran out of steps without reaching the goal. The action sequence extracted at intervals was [3, 3, 2, 0, 0, 1, 3, 2, 1], which corresponds to the following movements based on the action mapping:

- Action 3: Move left
- Action 2: Move up
- Action 0: Move down
- Action 1: Move right

Let's analyze the sequence:

1. **Initial State (S, State 0):** The agent starts at the starting point.
2. **Actions 3, 3 (Move Left, Move Left):** Since the agent is at the leftmost position initially, attempting to move left keeps it in the same state (State 0).
3. **Action 2 (Move Up):** This action is ineffective from the starting position as it is already at the top row, so the agent remains in State 0.
4. **Actions 0, 0 (Move Down, Move Down):** The agent successfully moves down to State 4 and then to State 8.
5. **Action 1 (Move Right):** The agent moves right to State 9.
6. **Action 3 (Move Left):** The agent moves back to State 8.
7. **Action 2 (Move Up):** The agent moves up to State 4.
8. **Action 1 (Move Right):** The agent moves right to State 5, which is a hole (H), ending the episode with a reward of 0.

### Analysis:

- **Ineffective Movements:** The initial actions (3, 3, 2) were ineffective as they did not change the agent's state due to the boundaries of the grid.
- **Slippery Dynamics:** The stochastic nature of the environment might have contributed to the agent's failure to reach the goal, as intended actions may not have resulted in expected movements.
- **Hole Encounter:** The agent eventually moved into a hole, which terminated the episode prematurely.

### Strategy Recommendations:

1. **Improved Exploration:** Encourage more diverse exploration strategies to better understand the environment's dynamics. Consider using exploration techniques like epsilon-greedy with decay or softmax action selection to balance exploration and exploitation.

2. **State-Action Value Learning:** Implement a learning algorithm such as Q-learning or SARSA to update state-action values based on the agent's experiences. This can help the agent learn the expected rewards of actions in different states.

3. **Model-Based Approach:** Consider building a model of the environment's transition dynamics to predict the outcomes of actions more accurately, which can be particularly useful in slippery environments.

4. **Reward Shaping:** Introduce intermediate rewards for reaching specific states or avoiding holes to guide the agent towards the goal more effectively.

5. **Policy Improvement:** Use policy iteration or value iteration methods to iteratively improve the policy based on the learned value functions.

6. **Environment Familiarization:** Allow the agent to spend more time exploring the environment to become familiar with the layout and the effects of the slippery dynamics.

By implementing these strategies, the agent can potentially improve its performance in navigating the FrozenLake environment and increase its chances of reaching the goal state successfully.","To improve the agent's effectiveness in the FrozenLake environment, we need to consider a strategy that balances exploration and exploitation, while also accounting for the stochastic nature of the environment. Given the previous episode's outcome and the analysis, we can adjust the action selection probabilities to encourage more effective exploration.

The agent's initial actions were ineffective due to boundary constraints, and it eventually fell into a hole. To address this, we should encourage exploration of actions that have a higher likelihood of leading to new states and avoiding holes. Since the environment is slippery, we should also ensure that the agent explores all possible actions to better understand the transition dynamics.

A common approach is to use an epsilon-greedy strategy, where the agent mostly exploits the best-known action but occasionally explores other actions. For this scenario, let's assume an epsilon value of 0.2, meaning the agent will explore with a probability of 0.2 and exploit the best-known action with a probability of 0.8. However, since we don't have specific Q-values or a learned policy yet, we can distribute the exploration probability evenly among all actions.

Here's a proposed action probability distribution:

- Exploit the most promising action (e.g., moving towards the goal or avoiding holes) with a higher probability.
- Distribute the exploration probability evenly among all actions to ensure diverse exploration.

Assuming we don't have a specific action to exploit yet, we can start with an equal distribution for exploration:

```python
{0: 0.25, 1: 0.25, 2: 0.25, 3: 0.25}
```

This distribution assumes equal exploration of all actions, which is a good starting point for learning the environment's dynamics. As the agent learns more about the environment, this distribution can be adjusted based on the learned state-action values to favor actions that lead to higher rewards or safer paths."
81,0.0,0.1,0.6792400000000001,0.000416085182223469,N/A,N/A
82,0.0,0.1,0.67528,0.0005139856366440654,N/A,N/A
83,0.0,0.1,0.6713199999999999,0.0002949043409898877,N/A,N/A
84,0.0,0.1,0.66736,0.00015716595225967467,N/A,N/A
85,0.0,0.1,0.6634,0.0006379584665410221,"In the last episode of the training process on the FrozenLake-v1 environment, the agent received a total reward of 0.0, indicating that it did not successfully reach the goal state (G) and likely fell into a hole (H) or failed to reach the goal within the episode's time limit. The action sequence extracted at intervals was [3, 0, 0, 2, 3, 0, 3, 2, 2], which corresponds to the following actions:

- 3: Move left
- 0: Move down
- 2: Move up

Given the transition dynamics of the environment, where actions have a probabilistic outcome due to the slippery nature of the ice, the agent's intended path may have been disrupted by unintended movements. Let's analyze the possible trajectory based on the action sequence:

1. **Initial State (0):** The agent starts at the starting point (S).
2. **Action 3 (Move Left):** The agent attempts to move left, but due to the grid's boundaries, it remains in the same state (0).
3. **Action 0 (Move Down):** The agent attempts to move down, potentially moving to state 4, 0, or 1.
4. **Action 0 (Move Down):** If the agent moved to state 4, it might now move to state 8, 4, or 5.
5. **Action 2 (Move Up):** The agent attempts to move up, potentially moving to state 4, 8, or 9.
6. **Action 3 (Move Left):** The agent attempts to move left, potentially moving to state 8, 4, or 5.
7. **Action 0 (Move Down):** The agent attempts to move down, potentially moving to state 12, 8, or 9.
8. **Action 3 (Move Left):** The agent attempts to move left, potentially moving to state 12, 8, or 9.
9. **Action 2 (Move Up):** The agent attempts to move up, potentially moving to state 8, 12, or 13.
10. **Action 2 (Move Up):** The agent attempts to move up, potentially moving to state 4, 8, or 9.

Given the sequence and the probabilistic nature of the environment, it is likely that the agent fell into a hole (H) or was unable to reach the goal (G) within the episode's time limit.

### Strategy Recommendations:

1. **Exploration Strategy:**
   - Encourage more exploration by using an epsilon-greedy strategy, where the agent occasionally takes random actions to explore the state space more thoroughly.
   - Consider using a decaying epsilon value to balance exploration and exploitation over time.

2. **State-Action Value Estimation:**
   - Implement Q-learning or SARSA to better estimate the state-action values, allowing the agent to learn the expected rewards of actions in each state.
   - Use a learning rate to ensure the agent updates its knowledge effectively based on new experiences.

3. **Handling Slippery Dynamics:**
   - Train the agent to account for the probabilistic nature of the environment by simulating multiple episodes and learning from the variability in outcomes.
   - Consider using a model-based approach to predict the outcomes of actions more accurately.

4. **Reward Shaping:**
   - Introduce intermediate rewards for reaching certain states or avoiding holes to guide the agent towards the goal more effectively.
   - Penalize actions that lead to holes to discourage risky moves.

5. **Policy Optimization:**
   - Explore policy gradient methods to directly optimize the policy, potentially leading to more robust strategies in environments with stochastic transitions.

By implementing these strategies, the agent can improve its performance in navigating the FrozenLake environment and increase its chances of reaching the goal state successfully.","To improve the agent's performance in the FrozenLake-v1 environment, we need to consider the balance between exploration and exploitation, especially given the slippery nature of the environment. The agent should explore more to understand the environment better, but also exploit known strategies to reach the goal.

Given the previous episode's outcome and the need for better exploration, an epsilon-greedy strategy can be effective. Let's assume an initial epsilon value of 0.2, meaning the agent will explore (take random actions) 20% of the time and exploit (take the best-known action) 80% of the time. This is a common starting point for balancing exploration and exploitation.

For the exploration part, we distribute the probability equally among all actions. For the exploitation part, we assume the agent has some knowledge of the environment and will choose the best action based on its current policy.

Here's how the distribution can be structured:

- Exploration (random actions): 20% of the time, distributed equally among all actions.
- Exploitation (best-known action): 80% of the time, focused on the best action(s).

Assuming the agent has no strong preference for any action yet (since it didn't reach the goal), we can start with a uniform distribution for exploitation. This can be refined as the agent learns more about the environment.

Given this strategy, the action distribution for the next episode can be:

```python
{
    0: 0.25,  # Move down
    1: 0.25,  # Move right
    2: 0.25,  # Move up
    3: 0.25   # Move left
}
```

This distribution reflects an equal probability for each action, which is suitable for initial exploration. As the agent learns, this distribution can be adjusted to favor actions that lead to higher rewards based on the agent's experiences."
86,0.0,0.0,0.65944,0.00041497047641314566,N/A,N/A
87,0.0,0.0,0.6554800000000001,0.00031924634822644293,N/A,N/A
88,0.0,0.1,0.6515200000000001,0.0006140117766335607,N/A,N/A
89,0.0,0.0,0.64756,0.00029658255516551435,N/A,N/A
90,0.0,0.0,0.6436,0.000427647348260507,"In the last episode of the training process on the FrozenLake-v1 environment, the agent received a total reward of 0.0, indicating that it did not successfully reach the goal state (G) and likely fell into a hole (H) or failed to reach the goal within the episode's time limit. The action sequence extracted at intervals was [2, 1, 1], which corresponds to the following actions:

- Action 2: The agent attempted to move up, but due to the slippery nature of the environment, it could have moved in one of three directions: up, right, or down.
- Action 1: The agent attempted to move right, but again, it could have moved right, down, or left.
- Action 1: The agent attempted to move right once more, with the same potential outcomes as the previous action.

### Analysis:

1. **Slippery Dynamics**: The stochastic nature of the environment means that the agent's intended actions do not always result in the expected movement. This can lead to the agent inadvertently stepping into a hole or failing to make progress toward the goal.

2. **Action Sequence**: The sequence [2, 1, 1] suggests that the agent was trying to navigate upwards and then to the right, which is a reasonable strategy to reach the goal from the starting position. However, due to the environment's stochastic transitions, this sequence did not lead to a successful outcome.

3. **Reward Outcome**: The total reward of 0.0 indicates that the agent either fell into a hole or did not reach the goal within the episode's time limit. This suggests that the current strategy may not be robust enough to consistently reach the goal.

### Strategy Recommendations:

1. **Increased Exploration**: Encourage more exploration to allow the agent to better understand the dynamics of the environment. This could involve using an exploration strategy like epsilon-greedy, where the agent occasionally takes random actions to explore different paths.

2. **Policy Improvement**: Consider implementing a more sophisticated policy improvement algorithm, such as Q-learning or SARSA, which can help the agent learn better action-value estimates and improve its decision-making over time.

3. **State-Action Value Estimation**: Focus on improving the estimation of state-action values to account for the stochastic transitions. This can be achieved by increasing the number of episodes or using techniques like eligibility traces to better capture the long-term effects of actions.

4. **Environment Modeling**: If feasible, model the environment's transition dynamics to predict the outcomes of actions more accurately. This could involve using a model-based approach to simulate potential future states and rewards.

5. **Reward Shaping**: Introduce intermediate rewards to guide the agent towards the goal. For example, providing small positive rewards for moving closer to the goal or avoiding holes could help the agent learn a more effective policy.

By implementing these strategies, the agent may improve its ability to navigate the FrozenLake environment and achieve a higher success rate in reaching the goal state.","To improve the agent's effectiveness in the FrozenLake environment, we need to balance exploration and exploitation. Given the stochastic nature of the environment and the agent's previous unsuccessful attempt, we should encourage more exploration to allow the agent to learn more about the environment's dynamics.

One common approach is to use an epsilon-greedy strategy, where the agent mostly follows its current best policy but occasionally takes random actions to explore. Let's assume an epsilon value of 0.2, which means the agent will explore 20% of the time and exploit 80% of the time.

Since the agent's previous strategy involved moving up and right, we can assume these are the preferred actions for exploitation. We can distribute the probabilities as follows:

- Assign a higher probability to the actions that align with the agent's previous strategy (up and right).
- Assign a lower probability to the other actions to encourage exploration.

Here's a possible distribution:

- Action 0 (Down): 0.05 (exploration)
- Action 1 (Right): 0.45 (exploitation)
- Action 2 (Up): 0.45 (exploitation)
- Action 3 (Left): 0.05 (exploration)

This distribution reflects a strategy that favors the previously attempted directions (up and right) while still allowing for some exploration of other actions.

```python
{0: 0.05, 1: 0.45, 2: 0.45, 3: 0.05}
```

This distribution encourages the agent to continue exploring the directions it previously attempted while also allowing for some exploration of other actions to better understand the environment's dynamics."
91,1.0,0.1,0.63964,0.00032521155662834644,N/A,N/A
92,0.0,0.1,0.63568,0.0004425032821018249,N/A,N/A
93,1.0,0.5,0.6317200000000001,0.00021995138376951218,N/A,N/A
94,0.0,0.2,0.62776,0.0010809032246470451,N/A,N/A
95,0.0,0.1,0.6238,0.0005834042094647884,"In the last episode of the training process on the FrozenLake-v1 environment, the agent received a total reward of 0.0, indicating that it did not successfully reach the goal state (G) and likely fell into a hole (H) or failed to reach the goal within the episode's time limit. The action sequence extracted at intervals was [2, 2, 2, 2, 2, 2, 1, 1, 1], which corresponds to the agent's attempts to navigate the grid.

### Analysis:

1. **Action Sequence:**
   - The agent predominantly chose action 2 (which corresponds to the intended movement sequence of [up, right, down]) for the first six actions. This suggests an attempt to move upwards or towards the right side of the grid.
   - The subsequent actions were 1 (corresponding to [right, down, left]), indicating a shift in strategy, possibly trying to move towards the right or downward.

2. **State Transitions:**
   - Given the slippery nature of the environment, the agent's intended movements were subject to stochastic transitions. This means that even though the agent intended to move in a particular direction, it might have ended up in a different state due to the probabilistic nature of the environment.
   - The repeated use of action 2 suggests the agent might have been trying to move upwards initially, but due to the stochastic transitions, it likely did not progress as intended.

3. **Outcome:**
   - The total reward of 0.0 implies that the agent either fell into a hole or did not reach the goal within the episode. The absence of a positive reward indicates that the agent's strategy was not effective in navigating the grid to reach the goal.

### Strategy Recommendations:

1. **Exploration Strategy:**
   - **Diverse Exploration:** Encourage the agent to explore a wider range of actions to better understand the environment's dynamics. This could involve using an exploration strategy like epsilon-greedy, where the agent occasionally takes random actions to explore new states.
   - **State-Action Value Learning:** Implement a learning algorithm like Q-learning or SARSA to help the agent learn the expected rewards for state-action pairs, which can guide it towards more promising actions.

2. **Handling Stochasticity:**
   - **Model-Based Approach:** Consider using a model-based approach where the agent learns a model of the environment's transition dynamics. This can help the agent predict the outcomes of its actions more accurately and plan accordingly.
   - **Policy Robustness:** Train the agent to develop a policy that is robust to the stochastic nature of the environment. This might involve learning to recover from unintended state transitions effectively.

3. **Reward Shaping:**
   - **Intermediate Rewards:** Introduce intermediate rewards for reaching certain states or avoiding holes to guide the agent towards the goal more effectively. This can help the agent learn a more effective policy by providing additional feedback.

4. **Environment Familiarization:**
   - **Simulated Episodes:** Run additional simulated episodes where the agent can explore the environment without penalty to better understand the layout and dynamics, which can improve its decision-making in actual episodes.

By implementing these strategies, the agent can improve its ability to navigate the FrozenLake environment and increase its chances of successfully reaching the goal state.","To improve the agent's effectiveness in the FrozenLake-v1 environment, we need to adjust the exploration strategy to encourage a more balanced exploration of actions. Given the previous episode's action sequence and the stochastic nature of the environment, a more diverse exploration strategy can help the agent better understand the environment's dynamics and avoid pitfalls like holes.

One common approach is to use an epsilon-greedy strategy, where the agent predominantly exploits the best-known action but occasionally explores other actions. Since the agent has been heavily favoring action 2, we should encourage more exploration of other actions.

Let's assume an epsilon value of 0.2 for exploration, meaning the agent will explore 20% of the time and exploit 80% of the time. Given the previous bias towards action 2, we can distribute the exploration probability more evenly among all actions.

Here's a suggested probability distribution for the next episode:

- Exploit the current best action (action 2) with a reduced probability.
- Distribute the exploration probability evenly among all actions.

```python
{
    0: 0.25,  # Explore action 0
    1: 0.25,  # Explore action 1
    2: 0.25,  # Exploit action 2, but with reduced probability
    3: 0.25   # Explore action 3
}
```

This distribution encourages the agent to explore all actions equally, which can help it discover more effective strategies and adapt to the stochastic transitions of the environment. Over time, as the agent learns more about the environment, the distribution can be adjusted to favor actions that lead to higher rewards."
96,0.0,0.0,0.61984,0.00029907497810199857,N/A,N/A
97,0.0,0.0,0.61588,0.0017371333669871092,N/A,N/A
98,0.0,0.0,0.61192,0.002268989337608218,N/A,N/A
99,0.0,0.5,0.6079600000000001,0.0006788019672967494,N/A,N/A
100,0.0,0.0,0.604,0.005053888075053692,"In the last episode of the training process on the FrozenLake-v1 environment, the agent received a total reward of 0.0, indicating that it did not successfully reach the goal state (G) and possibly fell into a hole (H) or ran out of steps before reaching the goal. The action sequence extracted at intervals is [3, 2, 3, 1, 2, 0, 0, 1, 0, 0, 0, 3, 1, 3, 2, 3, 0, 3, 3, 2, 1, 2].

### Analysis of the Episode:

1. **Action Sequence**: 
   - The sequence of actions suggests that the agent is attempting to explore the environment but is likely struggling with the slippery nature of the grid, which causes it to deviate from its intended path.
   - The actions are distributed across all four possible moves (0: down, 1: right, 2: up, 3: left), indicating that the agent is exploring rather than exploiting a known path to the goal.

2. **Slippery Dynamics**:
   - The environment's stochastic nature means that even if the agent chooses a specific action, it may end up in an unintended state due to the probabilistic transition dynamics.
   - This could lead to the agent inadvertently stepping into a hole or failing to make progress towards the goal.

3. **Reward Outcome**:
   - The total reward of 0.0 suggests that the agent either fell into a hole or did not reach the goal within the episode's time limit.
   - The lack of positive reward indicates that the agent's exploration strategy needs refinement to better navigate the environment's challenges.

### Strategy Recommendations:

1. **Improved Exploration Strategy**:
   - Implement a more sophisticated exploration strategy that balances exploration and exploitation, such as epsilon-greedy with decay, to allow the agent to explore initially but gradually focus on exploiting known successful paths.
   - Consider using a model-based approach to predict the outcomes of actions more accurately, which could help the agent plan its moves more effectively.

2. **Learning from Failures**:
   - Analyze episodes where the agent falls into holes to understand common pitfalls and adjust the policy to avoid these states.
   - Use techniques like Q-learning or SARSA with eligibility traces to reinforce successful paths and penalize actions leading to holes.

3. **Incorporate State Value Estimation**:
   - Implement value iteration or policy iteration to estimate the value of each state more accurately, helping the agent make better decisions based on expected future rewards.
   - Use function approximation methods like neural networks if the state space becomes too large for tabular methods.

4. **Enhance Robustness to Stochasticity**:
   - Train the agent with additional episodes to better adapt to the environment's stochastic nature, allowing it to learn more robust policies that can handle unexpected transitions.
   - Consider using techniques like Monte Carlo simulations to better estimate the expected outcomes of actions under uncertainty.

By refining the exploration strategy and leveraging more advanced reinforcement learning techniques, the agent can improve its performance in the FrozenLake-v1 environment and increase its chances of reaching the goal successfully.","To improve the agent's performance in the FrozenLake-v1 environment, we need to adjust the exploration strategy to better balance exploration and exploitation, considering the stochastic nature of the environment. Given the previous episode's outcome and the need for a more effective exploration strategy, we can use an epsilon-greedy approach with a slight bias towards actions that might lead to more promising paths.

Assuming we want to start with a moderate level of exploration, let's set an epsilon value of 0.2, meaning there's a 20% chance of exploring randomly and an 80% chance of exploiting the best-known actions. Since the environment is stochastic and the agent needs to explore effectively, we can distribute the exploration probability evenly across all actions, while the exploitation probability can be slightly biased towards actions that are more likely to lead to the goal based on prior knowledge or heuristic assumptions.

For this scenario, let's assume that moving right (action 1) and moving down (action 0) are generally more promising directions to reach the goal from the starting position. We can then distribute the probabilities as follows:

- Exploration (20%): Distribute evenly across all actions.
- Exploitation (80%): Bias towards actions 0 and 1.

Here's a possible distribution:

- Exploration probability for each action: 0.2 / 4 = 0.05
- Exploitation probability for actions 0 and 1: 0.8 * 0.4 = 0.32 each
- Exploitation probability for actions 2 and 3: 0.8 * 0.1 = 0.08 each

Combining exploration and exploitation probabilities:

- Action 0: 0.05 (exploration) + 0.32 (exploitation) = 0.37
- Action 1: 0.05 (exploration) + 0.32 (exploitation) = 0.37
- Action 2: 0.05 (exploration) + 0.08 (exploitation) = 0.13
- Action 3: 0.05 (exploration) + 0.08 (exploitation) = 0.13

Thus, the action probability distribution for the next episode could be:

```python
{0: 0.37, 1: 0.37, 2: 0.13, 3: 0.13}
```

This distribution encourages the agent to explore more promising directions while still allowing for some exploration of other actions to discover potentially better paths."
101,0.0,0.0,0.6000399999999999,0.002905652392655611,N/A,N/A
102,0.0,0.0,0.59608,0.0013669772306457162,N/A,N/A
103,0.0,0.1,0.59212,0.005742322653532028,N/A,N/A
104,0.0,0.2,0.58816,0.0036981888115406036,N/A,N/A
105,0.0,0.3,0.5842,0.006575314328074455,"In the last episode of the training process on the FrozenLake-v1 environment, the agent received a total reward of 0.0, indicating that it did not successfully reach the goal state (G) and likely fell into a hole (H) or did not reach the goal within the episode's time limit. The action sequence taken by the agent was [1, 3, 3, 0, 3, 0, 2, 1, 1, 2, 2]. Let's analyze this sequence and the potential reasons for the outcome.

### Analysis of the Action Sequence:

1. **Initial Actions (1, 3, 3):**
   - The agent starts at state 0 (S) and takes action 1 (right), which could move it to state 1, 4, or 0 due to the slippery nature.
   - Subsequent actions 3 (left) and 3 (left) suggest the agent might be oscillating between states or trying to navigate around obstacles.

2. **Middle Actions (0, 3, 0, 2):**
   - Action 0 (down) could move the agent to state 4, 1, or 0.
   - Action 3 (left) and 0 (down) might indicate attempts to move towards the goal, but the agent could be slipping back or moving in unintended directions.
   - Action 2 (up) suggests an attempt to move upwards, potentially to avoid a hole or reposition.

3. **Final Actions (1, 1, 2, 2):**
   - Actions 1 (right) and 1 (right) could be attempts to move towards the goal, but the agent might be slipping or encountering holes.
   - Actions 2 (up) and 2 (up) might indicate the agent is trying to correct its path or avoid obstacles, but ultimately did not reach the goal.

### Possible Reasons for Failure:

- **Slippery Dynamics:** The stochastic nature of the environment means the agent's intended actions often result in unintended movements, making it challenging to navigate towards the goal.
- **Exploration vs. Exploitation:** The agent might not have fully explored the environment to learn the optimal path or might be over-exploring without exploiting known paths effectively.
- **Suboptimal Policy:** The current policy might not be well-tuned to handle the stochastic transitions, leading to inefficient navigation and increased likelihood of falling into holes.

### Strategy Recommendations:

1. **Improved Exploration:**
   - Encourage more systematic exploration strategies, such as using an epsilon-greedy approach with decaying epsilon to balance exploration and exploitation.
   - Consider using exploration bonuses or intrinsic motivation to encourage the agent to explore less-visited states.

2. **Policy Optimization:**
   - Refine the policy using techniques like Q-learning or SARSA with function approximation to better handle the stochastic transitions.
   - Implement policy gradient methods or actor-critic algorithms to learn more robust policies that can adapt to the environment's dynamics.

3. **Environment Modeling:**
   - Incorporate model-based approaches to predict the outcomes of actions more accurately, allowing the agent to plan its moves better.
   - Use simulations or planning algorithms like Monte Carlo Tree Search to evaluate potential action sequences before execution.

4. **Reward Shaping:**
   - Introduce intermediate rewards for reaching certain states or avoiding holes to guide the agent more effectively towards the goal.
   - Ensure the reward structure aligns with the desired behavior, encouraging safe and efficient navigation.

By implementing these strategies, the agent can improve its performance in the FrozenLake-v1 environment, increasing the likelihood of reaching the goal state successfully.","To improve the agent's performance in the FrozenLake-v1 environment, we need to adjust the action selection strategy to better handle the stochastic nature of the environment and guide the agent towards the goal. Given the analysis, we should focus on balancing exploration and exploitation while considering the environment's dynamics.

### Proposed Action Distribution Strategy:

1. **Epsilon-Greedy Approach:**
   - Use an epsilon-greedy strategy where the agent mostly exploits the best-known actions but occasionally explores other actions to discover potentially better paths.
   - Start with a moderate epsilon value to allow for exploration, then decay it over time as the agent learns the environment.

2. **Action Biasing:**
   - Given the environment's layout, certain actions might be more beneficial initially. For example, moving right (action 1) and down (action 0) can help the agent progress towards the goal.
   - However, due to the slippery nature, we should not overly bias towards any single action.

3. **Balanced Exploration:**
   - Ensure that all actions have a non-zero probability to account for the stochastic transitions and avoid getting stuck in local optima.

### Recommended Action Distribution:

Let's start with a balanced exploration strategy with a slight bias towards moving right and down, as these directions generally lead towards the goal from the starting position:

```python
{
    0: 0.25,  # Move down
    1: 0.35,  # Move right
    2: 0.20,  # Move up
    3: 0.20   # Move left
}
```

### Rationale:

- **Action 1 (Right):** Slightly higher probability as moving right is often beneficial from the starting position and can help progress towards the goal.
- **Action 0 (Down):** Also slightly prioritized to encourage moving towards the goal.
- **Actions 2 (Up) and 3 (Left):** Lower probabilities but still significant to allow for exploration and handling the stochastic nature of the environment.

This distribution provides a good balance between exploration and exploitation, allowing the agent to learn the environment effectively while still making progress towards the goal. As the agent learns, the distribution can be adjusted based on the agent's performance and the learned policy."
106,0.0,0.0,0.5802400000000001,0.005520939361304045,N/A,N/A
107,0.0,0.1,0.57628,0.006057072430849075,N/A,N/A
108,0.0,0.1,0.5723199999999999,0.007654031738638878,N/A,N/A
109,0.0,0.1,0.56836,0.00812513753771782,N/A,N/A
110,0.0,0.1,0.5644,0.010937029495835304,"In the last episode of the training process on the FrozenLake-v1 environment, the agent ended with a total reward of 0.0, indicating that it did not reach the goal state (G) and likely fell into a hole (H) or failed to navigate effectively to the goal. The action sequence extracted at intervals is [0, 2], which corresponds to the agent attempting to move down and then up/right/down, respectively, due to the slippery nature of the environment.

### Analysis:

1. **Action Sequence**:
   - The sequence [0, 2] suggests that the agent attempted to move down first and then attempted to move up/right/down. Given the stochastic nature of the environment, these actions might not have resulted in the intended movements.

2. **Slippery Dynamics**:
   - The environment's slippery dynamics mean that the agent's intended actions often result in unintended movements. This increases the complexity of planning and requires the agent to account for the probability of ending up in unintended states.

3. **Reward Outcome**:
   - The total reward of 0.0 indicates that the agent did not reach the goal state. This could be due to falling into a hole or failing to navigate effectively through the grid.

4. **Exploration vs. Exploitation**:
   - The agent might be struggling with balancing exploration and exploitation. It needs to explore different paths to find a reliable route to the goal while also exploiting known paths that lead to success.

### Strategy Recommendations:

1. **Increased Exploration**:
   - Encourage more exploration to allow the agent to discover alternative paths and strategies. This could involve adjusting exploration parameters such as epsilon in an epsilon-greedy strategy.

2. **Model-Based Approaches**:
   - Consider incorporating model-based reinforcement learning techniques to better predict the outcomes of actions in the slippery environment. This can help the agent plan more effectively by simulating potential future states.

3. **Value Function Approximation**:
   - Use function approximation methods to generalize the value function across similar states, which can help the agent learn more efficiently in the stochastic environment.

4. **Policy Improvement**:
   - Implement policy improvement techniques, such as policy iteration or actor-critic methods, to refine the agent's decision-making process and adapt to the environment's dynamics.

5. **Reward Shaping**:
   - Introduce intermediate rewards for reaching certain states or avoiding holes to guide the agent towards the goal more effectively.

6. **Environment Familiarization**:
   - Allow the agent to spend more time familiarizing itself with the environment's dynamics, possibly through additional training episodes or simulations, to improve its understanding of state transitions.

By adopting these strategies, the agent can improve its navigation and decision-making capabilities in the FrozenLake-v1 environment, increasing the likelihood of reaching the goal state successfully in future episodes.","To improve the agent's effectiveness in the FrozenLake-v1 environment, we need to balance exploration and exploitation while considering the stochastic nature of the environment. Given the agent's previous performance and the need for increased exploration, we can adjust the action selection probabilities to encourage more exploration.

A common approach is to use an epsilon-greedy strategy, where the agent selects the best-known action with probability \(1 - \epsilon\) and explores with probability \(\epsilon\). Since the agent struggled in the last episode, we should increase exploration by setting a higher epsilon value. Let's assume an epsilon value of 0.3 for increased exploration.

In an epsilon-greedy strategy:
- With probability \(1 - \epsilon\), the agent selects the action with the highest estimated value (exploitation).
- With probability \(\epsilon\), the agent selects a random action (exploration).

Assuming the agent does not have a clear best action yet due to the lack of success, we can distribute the exploration probability equally among all actions. Here's how the distribution might look:

- Probability of selecting the best-known action (exploitation): \(1 - \epsilon = 0.7\)
- Probability of exploring (selecting any action randomly): \(\epsilon = 0.3\)

Since we don't have a specific best action from the previous episode, we can distribute the exploration probability equally among all actions. Thus, the distribution for the next episode could be:

```python
{
    0: 0.25,
    1: 0.25,
    2: 0.25,
    3: 0.25
}
```

This distribution assumes equal probability for all actions, reflecting a pure exploration strategy. However, if the agent had some knowledge of better actions, you would adjust the probabilities accordingly, giving more weight to the more promising actions."
111,0.0,0.2,0.56044,0.015825562179088593,N/A,N/A
112,0.0,0.3,0.55648,0.0027385212015360594,N/A,N/A
113,0.0,0.3,0.55252,0.004437628202140331,N/A,N/A
114,0.0,0.2,0.5485599999999999,0.0035691987723112106,N/A,N/A
115,0.0,0.5,0.5446,0.022866342216730118,"In the last episode of the training process on the FrozenLake-v1 environment, the agent received a total reward of 0.0, indicating that it did not successfully reach the goal state (G) and likely fell into a hole (H) or failed to reach the goal within the episode's time limit. The action sequence extracted at intervals was [1, 1, 1, 2, 3, 0, 3, 3, 2, 0]. Let's analyze this sequence and provide some strategy recommendations.

### Analysis of the Action Sequence:

1. **Initial Actions [1, 1, 1]:**
   - The agent starts at state 0 (S) and takes three consecutive actions of 1, which corresponds to attempting to move right. Given the slippery nature of the environment, these actions could have resulted in the agent moving unpredictably, possibly staying in the same row or moving downwards.

2. **Middle Actions [2, 3, 0]:**
   - The agent then attempts to move up (action 2), left (action 3), and down (action 0). These actions suggest the agent might have been trying to navigate around obstacles or holes. However, due to the stochastic transitions, the agent's actual path could have been quite different from the intended one.

3. **Final Actions [3, 3, 2, 0]:**
   - The agent continues with actions to move left, left, up, and down. This sequence indicates a possible attempt to correct its path or explore different parts of the grid. However, the lack of reward suggests that the agent either fell into a hole or did not reach the goal.

### Possible Strategy Recommendations:

1. **Improved Exploration:**
   - The agent may benefit from a more structured exploration strategy, such as using an epsilon-greedy policy with a decaying epsilon to balance exploration and exploitation. This approach can help the agent explore the environment more thoroughly while gradually focusing on the most promising actions.

2. **State Value Estimation:**
   - Implementing a value-based method like Q-learning or SARSA could help the agent learn the expected rewards for each state-action pair, allowing it to make more informed decisions even in a stochastic environment.

3. **Model-Based Approach:**
   - Given the deterministic layout of the grid, a model-based approach could be beneficial. The agent could learn a model of the environment's dynamics and use planning algorithms like value iteration or policy iteration to compute optimal policies.

4. **Incorporate Heuristics:**
   - Introducing heuristics that guide the agent towards the goal, such as prioritizing actions that move closer to the goal state, could improve the agent's performance. However, care must be taken to ensure these heuristics do not overly restrict exploration.

5. **Reward Shaping:**
   - Modifying the reward structure to provide small positive rewards for reaching certain states or penalizing moves that lead to holes could incentivize safer and more goal-directed exploration.

By implementing these strategies, the agent can potentially improve its performance in the FrozenLake environment, increasing the likelihood of reaching the goal state and achieving a higher total reward in future episodes.","To improve the agent's performance in the FrozenLake-v1 environment, we need to consider a strategy that balances exploration and exploitation while accounting for the stochastic nature of the environment. Given the previous episode's action sequence and the recommendations provided, we can propose a probability distribution for the actions that encourages exploration but also considers the potential benefits of certain actions.

### Proposed Action Distribution:

1. **Action 1 (Right):**
   - Moving right is generally beneficial in reaching the goal, especially from the starting position. However, due to the slippery nature, the agent might not always move as intended. We should assign a slightly higher probability to this action to encourage movement towards the goal.

2. **Action 0 (Down):**
   - Moving down can be useful in certain situations, especially when the agent is in the top rows. However, it can also lead to holes, so we should assign a moderate probability to this action.

3. **Action 2 (Up):**
   - Moving up is less likely to be beneficial unless the agent is correcting its path. We should assign a lower probability to this action, as it generally moves the agent away from the goal.

4. **Action 3 (Left):**
   - Moving left is typically not beneficial for reaching the goal, as it moves the agent away from the goal state. We should assign the lowest probability to this action.

### Suggested Probability Distribution:

Given these considerations, a reasonable probability distribution for the actions could be:

```python
{0: 0.25, 1: 0.35, 2: 0.20, 3: 0.20}
```

- **Action 1 (Right)** is given the highest probability (0.35) to encourage movement towards the goal.
- **Action 0 (Down)** is given a moderate probability (0.25) to allow for exploration in the downward direction.
- **Actions 2 (Up)** and **3 (Left)** are given lower probabilities (0.20 each) as they are less likely to be beneficial in reaching the goal.

This distribution aims to balance exploration and exploitation while considering the environment's dynamics and the goal's location. Adjustments can be made based on further observations and learning progress."
116,0.0,0.2,0.54064,0.011590175330638885,N/A,N/A
117,0.0,0.3,0.53668,0.004703287035226822,N/A,N/A
118,0.0,0.1,0.5327200000000001,0.005068313796073198,N/A,N/A
119,0.0,0.2,0.52876,0.0018945967312902212,N/A,N/A
120,0.0,0.2,0.5248,0.006852550897747278,"In the last episode of the training process on the FrozenLake-v1 environment, the agent received a total reward of 0.0, indicating that it did not successfully reach the goal state (G) and likely fell into a hole (H) or failed to reach the goal within the episode's time limit. The action sequence extracted at intervals was [1, 0, 1, 3, 1, 3], which corresponds to the following intended movements based on the action mapping:

- Action 1: Move right
- Action 0: Move down
- Action 1: Move right
- Action 3: Move left
- Action 1: Move right
- Action 3: Move left

### Analysis:

1. **Slippery Dynamics**: The environment's slippery nature means that the agent's intended actions do not always result in the expected movements. This stochasticity can lead to the agent falling into holes or failing to make progress towards the goal.

2. **Action Sequence**: The sequence of actions suggests that the agent attempted to navigate towards the right and downwards initially, which is a reasonable strategy to reach the goal located at the bottom-right corner of the grid. However, the subsequent left and right movements indicate potential indecision or correction attempts, possibly due to the agent slipping off its intended path.

3. **Reward Outcome**: The total reward of 0.0 suggests that the agent either fell into a hole or did not reach the goal. Given the action sequence, it is plausible that the agent encountered a hole, as the sequence includes movements that could lead to such an outcome, especially with the environment's stochastic transitions.

### Strategy Recommendations:

1. **Improved Exploration**: Encourage more diverse exploration strategies to better understand the environment's dynamics. This could involve varying the exploration-exploitation balance or using techniques like epsilon-greedy with decaying epsilon to allow for more exploration initially.

2. **State-Action Value Estimation**: Enhance the agent's ability to estimate state-action values accurately by using techniques such as Q-learning or SARSA, which can help the agent learn the expected rewards of actions in different states more effectively.

3. **Model-Based Approaches**: Consider incorporating model-based reinforcement learning techniques to predict the outcomes of actions more accurately, which could help the agent plan its movements better in a slippery environment.

4. **Policy Optimization**: Explore policy gradient methods or actor-critic approaches to optimize the agent's policy directly, potentially leading to more robust strategies in handling the stochastic transitions.

5. **Environment Familiarization**: Allow the agent to spend more time familiarizing itself with the environment's layout and dynamics, possibly through simulated episodes or increased training time, to develop a more intuitive understanding of safe paths to the goal.

By implementing these strategies, the agent may improve its ability to navigate the FrozenLake environment successfully, increasing the likelihood of reaching the goal and achieving higher rewards in future episodes.","To improve the agent's effectiveness in the FrozenLake environment, we need to consider a strategy that balances exploration and exploitation while accounting for the environment's stochastic nature. Given the previous episode's outcome and the analysis, a more exploratory approach is recommended initially, which can be gradually refined as the agent learns more about the environment.

A common strategy is to use an epsilon-greedy approach, where the agent explores randomly with probability epsilon and exploits the best-known action with probability 1-epsilon. For the next episode, we can start with a relatively high exploration rate to encourage the agent to gather more information about the environment.

Let's assume an initial epsilon value of 0.3, meaning the agent will explore randomly 30% of the time and exploit the best-known action 70% of the time. Since we don't have specific Q-values or a policy to determine the best action yet, we can distribute the exploration probability equally among all actions.

Here's how the action probabilities can be distributed:

- Exploration (random choice among all actions): 0.3 / 4 = 0.075 for each action
- Exploitation (assuming equal preference initially): 0.7 / 4 = 0.175 for each action

Thus, the distribution for the next episode would be:

```python
{0: 0.075 + 0.175, 1: 0.075 + 0.175, 2: 0.075 + 0.175, 3: 0.075 + 0.175}
```

Simplifying, we get:

```python
{0: 0.25, 1: 0.25, 2: 0.25, 3: 0.25}
```

This uniform distribution reflects a high exploration rate, allowing the agent to gather more information about the environment's dynamics. As the agent learns and updates its policy or Q-values, the distribution can be adjusted to favor actions that lead to higher expected rewards."
121,0.0,0.2,0.52084,0.004294199403375387,N/A,N/A
122,0.0,0.2,0.51688,0.0076826270669698715,N/A,N/A
123,0.0,0.2,0.51292,0.0048889219760894775,N/A,N/A
124,0.0,0.2,0.5089600000000001,0.009529994800686836,N/A,N/A
125,0.0,0.5,0.505,0.003125622635707259,"In the last episode of the training process on the FrozenLake-v1 environment, the agent received a total reward of 0.0, indicating that it did not successfully reach the goal state (G) and likely fell into a hole (H) or failed to reach the goal within the episode's time limit. The action sequence extracted at intervals was [2, 2, 2, 2, 2, 0], which corresponds to the following actions based on the environment's transition dynamics:

1. Action 2: Attempt to move up, with a chance to move right or down.
2. Action 2: Attempt to move up, with a chance to move right or down.
3. Action 2: Attempt to move up, with a chance to move right or down.
4. Action 2: Attempt to move up, with a chance to move right or down.
5. Action 2: Attempt to move up, with a chance to move right or down.
6. Action 0: Attempt to move down, with a chance to move left or up.

### Analysis:

1. **Action Pattern**: The agent predominantly chose action 2, which aims to move up. However, due to the slippery nature of the environment, the agent might have ended up moving right or down instead. This repeated choice suggests a potential strategy to move upwards, but it might not have been effective due to the stochastic transitions.

2. **Outcome**: Given the total reward of 0.0, it is likely that the agent either fell into a hole or did not reach the goal state. The repeated action 2 might have led the agent into a hole or kept it in a loop without making significant progress toward the goal.

3. **Exploration vs. Exploitation**: The agent's strategy seems to lack sufficient exploration, as it repeatedly chose the same action. This could indicate a lack of exploration in the policy, leading to suboptimal paths.

### Strategy Recommendations:

1. **Increased Exploration**: Introduce more exploration into the agent's policy, such as using an epsilon-greedy strategy where the agent occasionally selects random actions. This can help the agent discover more effective paths to the goal.

2. **Policy Adjustment**: Evaluate and adjust the policy to ensure it considers the stochastic nature of the environment. The agent should be trained to account for the possibility of unintended movements due to the slippery surface.

3. **State-Action Evaluation**: Implement a more robust evaluation of state-action pairs to better understand which actions lead to successful outcomes. This can be achieved through techniques like Q-learning or SARSA, which update the value of state-action pairs based on the received rewards.

4. **Reward Shaping**: Consider introducing intermediate rewards for reaching certain states or avoiding holes to guide the agent more effectively toward the goal.

5. **Simulation and Visualization**: Use simulations and visualizations to analyze the agent's paths and identify common pitfalls or ineffective strategies. This can provide insights into areas where the agent's policy needs improvement.

By implementing these strategies, the agent can improve its performance in navigating the FrozenLake environment and increase its chances of reaching the goal state successfully.","To improve the agent's performance in the FrozenLake environment, we need to adjust the action selection strategy to encourage more exploration. Given the previous episode's outcome and the analysis, the agent should explore more diverse actions rather than predominantly choosing action 2. An epsilon-greedy strategy can be useful here, where the agent mostly follows its current policy but occasionally explores other actions.

Let's assume an epsilon value of 0.2 for exploration, meaning the agent will explore with a 20% probability and exploit its current knowledge with an 80% probability. Since the agent previously favored action 2, we can distribute the probabilities to encourage exploration while still allowing for some exploitation of the current strategy.

Here's a suggested probability distribution for the actions:

- Action 0: 0.25 (Encourage exploration of moving down)
- Action 1: 0.25 (Encourage exploration of moving right)
- Action 2: 0.25 (Maintain some focus on the previously favored action)
- Action 3: 0.25 (Encourage exploration of moving left)

This distribution provides equal probability to all actions, promoting exploration across all possible directions. This approach can help the agent discover more effective paths and avoid getting stuck in suboptimal loops.

```python
{0: 0.25, 1: 0.25, 2: 0.25, 3: 0.25}
```"
126,0.0,0.4,0.5010399999999999,0.014436434023082256,N/A,N/A
127,0.0,0.4,0.49707999999999997,0.010426728054881096,N/A,N/A
128,0.0,0.7,0.49312,0.01328007411211729,N/A,N/A
