episode,train_return,eval_return,epsilon,loss,llm1_full_response,llm2_full_response
1,0.0,0.1,0.99604,nan,N/A,N/A
2,0.0,0.1,0.99208,nan,N/A,N/A
3,1.0,0.1,0.98812,nan,N/A,N/A
4,0.0,0.1,0.98416,nan,N/A,N/A
5,0.0,0.1,0.9802,0.15697291493415833,"In the last episode of the training process on the FrozenLake-v1 environment, the agent received a total reward of 0.0, indicating that it did not reach the goal state (G) and likely fell into a hole (H) or failed to navigate effectively to the goal. The action sequence extracted at intervals is [1, 3, 0, 1, 1], which corresponds to the following intended movements based on the environment's transition dynamics:

1. **Action 1 (Move Right)**: The agent intended to move right, but due to the slippery nature of the environment, it could have moved down, left, or stayed in the same position with equal probability.
2. **Action 3 (Move Left)**: The agent intended to move left, but it could have moved up, right, or stayed in the same position.
3. **Action 0 (Move Down)**: The agent intended to move down, but it could have moved left, up, or stayed in the same position.
4. **Action 1 (Move Right)**: Again, the agent intended to move right, but it could have moved down, left, or stayed in the same position.
5. **Action 1 (Move Right)**: Once more, the agent intended to move right, but it could have moved down, left, or stayed in the same position.

### Analysis:

- **Slippery Dynamics**: The environment's slippery nature introduces significant stochasticity, making it challenging for the agent to predictably reach the goal. The agent's intended actions may not align with the actual movements, leading to suboptimal paths or falling into holes.
  
- **Action Sequence**: The sequence of actions suggests an attempt to navigate towards the goal, but the stochastic transitions likely resulted in unintended movements, possibly leading the agent into a hole or away from the goal.

- **Reward Outcome**: The total reward of 0.0 indicates that the agent did not successfully reach the goal. This could be due to falling into a hole or failing to reach the goal within the episode's time limit.

### Strategy Recommendations:

1. **Policy Improvement**: Consider using a more sophisticated policy that accounts for the stochastic nature of the environment. Techniques like Q-learning with eligibility traces or SARSA might help the agent learn better policies over time.

2. **Exploration Strategy**: Implement an exploration strategy that balances exploration and exploitation, such as epsilon-greedy or Boltzmann exploration, to allow the agent to discover more effective paths to the goal.

3. **State-Action Value Estimation**: Enhance the estimation of state-action values by increasing the number of episodes or using function approximation methods to generalize better across states.

4. **Reward Shaping**: Introduce intermediate rewards for reaching certain states or avoiding holes to guide the agent more effectively towards the goal.

5. **Environment Familiarization**: Allow the agent to explore the environment more extensively to build a better understanding of the transition dynamics and the layout of holes.

6. **Model-Based Approaches**: Consider using model-based reinforcement learning to predict the outcomes of actions more accurately, which could help in planning more reliable paths to the goal.

By implementing these strategies, the agent may improve its ability to navigate the FrozenLake environment successfully and achieve higher rewards in future episodes.","To improve the agent's effectiveness in the FrozenLake-v1 environment, we need to consider a strategy that balances exploration and exploitation while accounting for the stochastic nature of the environment. Given the previous episode's outcome and the analysis, we can use an epsilon-greedy strategy to determine the action probabilities. This strategy allows the agent to explore different actions while still exploiting the best-known actions.

Let's assume an epsilon value of 0.2 for exploration, meaning the agent will explore 20% of the time and exploit the best-known action 80% of the time. Since we don't have specific Q-values or a policy to determine the best action, we'll distribute the probabilities evenly among all actions for exploration.

Here's how the distribution can be structured:

- **Exploitation**: 80% of the time, the agent will choose the best-known action. Without specific knowledge of the best action, we can assume equal probability for each action during exploitation.
- **Exploration**: 20% of the time, the agent will choose randomly among all actions.

Given this, the probability distribution for each action can be calculated as follows:

- Exploitation probability for each action: \( \frac{0.8}{4} = 0.2 \)
- Exploration probability for each action: \( \frac{0.2}{4} = 0.05 \)

Thus, the total probability for each action is:

- Total probability for each action: \( 0.2 + 0.05 = 0.25 \)

Therefore, the action probability distribution for the next episode is:

```python
{0: 0.25, 1: 0.25, 2: 0.25, 3: 0.25}
```

This distribution reflects a balanced approach, allowing the agent to explore all actions equally while still considering the possibility of exploiting known actions. As the agent learns more about the environment and updates its policy, this distribution can be adjusted to favor more effective actions."
6,0.0,0.2,0.97624,0.03519707918167114,N/A,N/A
7,0.0,0.0,0.97228,0.02497004345059395,N/A,N/A
8,0.0,0.0,0.96832,0.049779683351516724,N/A,N/A
9,0.0,0.0,0.96436,0.03757384046912193,N/A,N/A
10,0.0,0.0,0.9604,0.02546115592122078,"In the last episode of the training process on the FrozenLake-v1 environment, the agent received a total reward of 0.0, indicating that it did not reach the goal state (G) and likely fell into a hole (H) or failed to reach the goal within the episode's time limit. The action sequence taken by the agent was [2, 1, 1, 2, 0, 2, 3, 1, 3, 2, 3, 0, 3, 0]. Let's analyze this sequence and provide some insights and recommendations.

### Analysis of the Action Sequence:

1. **Initial Actions (2, 1, 1, 2):**
   - The agent starts with actions 2 (up), 1 (right), 1 (right), and 2 (up). Given the slippery nature of the environment, these actions might not have resulted in the intended movements. The agent likely attempted to move towards the upper right corner of the grid.

2. **Middle Actions (0, 2, 3, 1, 3, 2):**
   - The agent then takes actions 0 (down), 2 (up), 3 (left), 1 (right), 3 (left), and 2 (up). This sequence suggests the agent might have been trying to navigate around obstacles or correct its path after unintended slides due to the environment's slipperiness.

3. **Final Actions (3, 0, 3, 0):**
   - The final set of actions includes 3 (left), 0 (down), 3 (left), and 0 (down). These actions might have led the agent into a hole or caused it to circle back without reaching the goal.

### Possible Issues:

- **Slippery Dynamics:** The stochastic nature of the environment likely caused the agent to deviate from its intended path, leading to suboptimal navigation.
- **Exploration vs. Exploitation:** The agent might be exploring too much or not exploiting learned paths effectively, resulting in inefficient navigation.
- **Lack of Strategy:** The action sequence does not show a clear strategy or pattern, indicating the agent might not have a well-formed policy for reaching the goal.

### Recommendations for Strategy Improvement:

1. **Policy Refinement:**
   - Encourage the agent to refine its policy by increasing the number of training episodes, allowing it to better learn the environment's dynamics and develop a more effective strategy for reaching the goal.

2. **Exploration Strategy:**
   - Implement an exploration strategy that balances exploration and exploitation, such as ε-greedy with decay, to allow the agent to explore new paths while exploiting known successful routes.

3. **Reward Shaping:**
   - Introduce intermediate rewards for reaching certain states or avoiding holes to guide the agent towards the goal more effectively.

4. **State-Action Value Estimation:**
   - Use techniques like Q-learning or SARSA to improve the estimation of state-action values, helping the agent make more informed decisions under uncertainty.

5. **Environment Familiarization:**
   - Allow the agent to spend more time familiarizing itself with the environment's transition dynamics, possibly through simulated episodes or model-based approaches, to better anticipate the effects of its actions.

By implementing these strategies, the agent can improve its performance in navigating the FrozenLake environment, increasing its chances of reaching the goal state successfully.","To improve the agent's performance in the FrozenLake environment, we need to consider a strategy that balances exploration and exploitation. Given the stochastic nature of the environment, the agent should explore enough to understand the dynamics but also exploit known strategies to reach the goal.

One common approach is to use an ε-greedy strategy, where with probability ε, the agent explores by selecting a random action, and with probability 1-ε, it exploits by selecting the best-known action. However, since we are asked to provide a probability distribution for action exploration, we can assume a softmax-like distribution that slightly favors exploration while still allowing for exploitation.

Let's assume a moderate exploration rate, where the agent is encouraged to explore but not excessively. We can distribute the probabilities such that there's a slight preference for actions that might lead to the goal, but still allow for exploration of other actions.

Given the previous episode's performance and the need for exploration, we can propose a distribution that slightly favors actions that could potentially lead to the goal (e.g., moving right or down from the start) while still maintaining a balance for exploration:

```python
{
    0: 0.25,  # Move down
    1: 0.30,  # Move right
    2: 0.20,  # Move up
    3: 0.25   # Move left
}
```

This distribution suggests a slight preference for moving right (action 1) as it might help in reaching the goal more directly from the start, while still allowing for exploration of other directions. The probabilities are balanced to ensure that the agent explores sufficiently to learn the environment's dynamics."
11,0.0,0.0,0.95644,0.009326069615781307,N/A,N/A
12,0.0,0.0,0.95248,0.021015793085098267,N/A,N/A
13,0.0,0.2,0.94852,0.00686489837244153,N/A,N/A
14,0.0,0.1,0.94456,0.010979165323078632,N/A,N/A
15,0.0,0.1,0.9406,0.011005768552422523,"In the last episode of the training process on the FrozenLake-v1 task, the agent received a total reward of 0.0, indicating that it did not reach the goal state (G) and likely fell into a hole (H) or failed to reach the goal within the episode's time limit. The action sequence extracted at intervals was [2, 0, 1, 0, 3], which corresponds to the following intended movements based on the action mapping:

- Action 2: Intended to move up, but due to the slippery nature, the agent could have moved right, up, or down.
- Action 0: Intended to move down, but could have moved down, left, or up.
- Action 1: Intended to move right, but could have moved right, down, or left.
- Action 0: Intended to move down again, with the same potential outcomes as before.
- Action 3: Intended to move left, but could have moved left, up, or right.

Given the stochastic nature of the environment, the agent's actual path may have deviated significantly from the intended path due to the probabilistic transitions. This deviation likely led the agent into a hole or prevented it from reaching the goal.

### Analysis:
1. **Stochastic Transitions**: The environment's slippery nature introduces a high level of uncertainty in the agent's movements, making it challenging to follow a precise path.
2. **Action Sequence**: The chosen actions suggest an attempt to navigate through the grid, but the lack of reward indicates that the strategy was not effective in this episode.
3. **Exploration vs. Exploitation**: The agent may not have sufficiently explored the environment to learn an optimal policy that accounts for the stochastic transitions.

### Strategy Recommendations:
1. **Increased Exploration**: Encourage more exploration to better understand the environment's dynamics. This can be achieved by using strategies like epsilon-greedy with a higher epsilon value initially, gradually decreasing it as the agent learns.
   
2. **Model-Based Approach**: Consider implementing a model-based approach where the agent learns the transition probabilities and uses this model to plan its actions more effectively.

3. **Policy Improvement**: Utilize algorithms like Q-learning or SARSA with function approximation to improve the policy. These algorithms can help the agent learn the expected rewards of actions in each state, accounting for the stochastic transitions.

4. **Reward Shaping**: Introduce intermediate rewards for reaching certain states that are closer to the goal, which can guide the agent towards the goal more effectively.

5. **State Aggregation**: Simplify the state space by aggregating states that have similar outcomes, which can help the agent generalize better and learn more robust policies.

6. **Simulation and Visualization**: Use simulations to visualize the agent's path and understand where it deviates from the intended path. This can provide insights into how the policy can be adjusted to account for the environment's stochastic nature.

By implementing these strategies, the agent can improve its performance in the FrozenLake environment and increase its chances of reaching the goal state successfully.","To improve task effectiveness in the FrozenLake environment, we need to consider the balance between exploration and exploitation, especially given the stochastic nature of the environment. Since the agent did not reach the goal in the previous episode, increasing exploration can help the agent better understand the environment's dynamics and discover more effective paths.

One common strategy is to use an epsilon-greedy approach, where the agent mostly exploits the best-known action but occasionally explores random actions. Given the need for increased exploration, we can set a relatively high epsilon value initially. For example, let's use an epsilon value of 0.3, meaning the agent will explore 30% of the time and exploit 70% of the time.

Assuming the agent has some knowledge of the environment and a preliminary policy, we can distribute the probabilities as follows:

- Exploit the best-known action with a probability of 0.7.
- Distribute the remaining 0.3 probability equally among all actions to encourage exploration.

Without specific knowledge of the agent's current policy or Q-values, we can assume a uniform distribution for exploration. Therefore, the probability distribution for the actions can be:

```python
{0: 0.175, 1: 0.175, 2: 0.175, 3: 0.175}
```

This distribution reflects a balanced approach where each action has an equal chance of being selected during exploration, while still allowing for exploitation of the best-known action. As the agent learns and updates its policy, the distribution can be adjusted to favor more promising actions."
16,0.0,0.1,0.93664,0.009071575477719307,N/A,N/A
17,0.0,0.1,0.93268,0.02861570380628109,N/A,N/A
18,0.0,0.1,0.92872,0.00826382264494896,N/A,N/A
19,0.0,0.1,0.92476,0.02781442552804947,N/A,N/A
20,0.0,0.1,0.9208,0.011050316505134106,"In the last episode of the training process on the FrozenLake-v1 environment, the agent received a total reward of 0.0, indicating that it did not successfully reach the goal state (G) and likely fell into a hole (H) or failed to reach the goal within the episode's time limit. The action sequence extracted at intervals was [3, 2, 3, 3, 2, 2, 1]. Let's analyze this sequence and the potential reasons for the outcome:

### Analysis:

1. **Action Sequence Interpretation:**
   - **Action 3 (Move Left):** The agent attempted to move left multiple times, which could indicate a strategy to avoid holes or explore the left side of the grid. However, given the grid layout, excessive left movements might lead to hitting the grid's boundary or revisiting previously explored states.
   - **Action 2 (Move Up):** The agent also attempted to move up, which might have been intended to navigate towards the top of the grid. However, this action could lead to revisiting the starting row if not executed strategically.
   - **Action 1 (Move Right):** The final action in the sequence was to move right, which might have been an attempt to progress towards the goal, but it was insufficient to reach the goal state.

2. **Slippery Dynamics:**
   - The environment's slippery nature means that the agent's intended actions are not guaranteed to result in the expected state transitions. This stochasticity can lead to unintended movements, such as slipping into a hole or moving away from the goal.

3. **Reward Outcome:**
   - The total reward of 0.0 suggests that the agent either fell into a hole or did not reach the goal within the episode. The presence of holes in the grid and the stochastic transitions likely contributed to this outcome.

### Strategy Recommendations:

1. **Improved Exploration:**
   - Encourage more diverse exploration strategies to cover different parts of the grid. This could involve varying the action selection to avoid repetitive patterns that might lead to suboptimal paths or revisiting the same states.

2. **Incorporate Learning from Failures:**
   - Analyze episodes where the agent falls into holes to identify common patterns or states that lead to failure. Use this information to adjust the policy to avoid these states or actions in future episodes.

3. **Policy Refinement:**
   - Use techniques like Q-learning or SARSA to refine the policy based on the expected rewards of different actions in each state. This can help the agent learn to navigate the slippery environment more effectively.

4. **Exploration-Exploitation Balance:**
   - Adjust the exploration-exploitation balance to ensure the agent explores sufficiently while also exploiting known good strategies. Techniques like epsilon-greedy or softmax action selection can be useful here.

5. **State Value Estimation:**
   - Implement value function approximation to better estimate the value of each state, helping the agent make more informed decisions about which actions to take.

By addressing these areas, the agent can improve its performance in the FrozenLake-v1 environment, increasing its chances of reaching the goal state and achieving a higher total reward in future episodes.","To improve the agent's performance in the FrozenLake-v1 environment, we need to consider a strategy that balances exploration and exploitation while accounting for the environment's stochastic nature. Given the previous episode's action sequence and outcome, we can adjust the action probabilities to encourage more effective exploration.

### Strategy for Action Selection:

1. **Encourage Exploration:**
   - Since the agent's previous actions were not successful, we should encourage exploration of different actions to discover potentially more effective paths.

2. **Avoid Repetitive Patterns:**
   - The agent's previous sequence had a bias towards moving left (action 3) and up (action 2). We should diversify the action selection to avoid getting stuck in suboptimal loops.

3. **Exploration-Exploitation Balance:**
   - Use an epsilon-greedy strategy where a portion of the time, the agent explores random actions, and the rest of the time, it exploits the best-known actions. Given the need for exploration, we can set a higher probability for exploration.

4. **Incorporate Learning:**
   - As the agent learns, it should gradually shift towards exploiting the best-known actions. However, since we are focusing on exploration, we will initially set a higher exploration rate.

### Proposed Action Probability Distribution:

Given the need for exploration and the previous action sequence, we can propose a distribution that slightly favors exploration while still allowing for some exploitation. Here's a suggested distribution:

```python
{0: 0.25, 1: 0.25, 2: 0.25, 3: 0.25}
```

### Explanation:

- **Uniform Distribution:** Initially, we use a uniform distribution to encourage equal exploration of all actions. This helps the agent to explore different paths and potentially discover more effective strategies.
- **Adaptation:** As the agent learns and gathers more information about the environment, this distribution can be adjusted to favor actions that lead to higher rewards.

This distribution provides a balanced approach to exploration, allowing the agent to gather more information about the environment and improve its policy over time."
21,0.0,0.0,0.91684,0.02386719360947609,N/A,N/A
22,0.0,0.0,0.91288,0.04164156690239906,N/A,N/A
23,0.0,0.0,0.90892,0.01769760251045227,N/A,N/A
24,0.0,0.0,0.90496,0.00805775448679924,N/A,N/A
25,0.0,0.0,0.901,0.014267674647271633,"In the last episode of the training process on the FrozenLake-v1 environment, the agent received a total reward of 0.0, indicating that it did not successfully reach the goal state (G) and likely fell into a hole (H) or failed to navigate to the goal within the episode's time constraints. The action sequence extracted at intervals was [2, 1, 1, 1], which corresponds to the following actions based on the environment's transition dynamics:

1. **Action 2**: The agent attempted to move up, but due to the slippery nature of the environment, it could have moved up, right, or down with equal probability.
2. **Action 1**: The agent attempted to move right, but it could have moved right, down, or left with equal probability.
3. **Action 1**: Again, the agent attempted to move right, with the same probabilistic outcomes as the previous step.
4. **Action 1**: The agent attempted to move right once more, facing the same probabilistic outcomes.

Given the action sequence and the resulting reward of 0.0, it is likely that the agent either fell into a hole or was unable to reach the goal due to the stochastic nature of the environment. The slippery dynamics make it challenging for the agent to follow a deterministic path, as intended actions can result in unintended movements.

### Strategy Recommendations:

1. **Increased Exploration**: Encourage the agent to explore more diverse paths by adjusting exploration parameters (e.g., epsilon in epsilon-greedy strategies) to prevent premature convergence on suboptimal paths.

2. **Model-Based Approaches**: Consider incorporating model-based reinforcement learning techniques to better predict the probabilistic outcomes of actions, allowing the agent to plan more effectively in the slippery environment.

3. **Policy Optimization**: Use policy gradient methods or other policy optimization techniques to directly learn a policy that can better handle the stochastic transitions, potentially improving the agent's ability to reach the goal.

4. **Reward Shaping**: Introduce intermediate rewards for reaching certain states or avoiding holes to guide the agent towards the goal more effectively, while being cautious not to distort the original task objective.

5. **State Value Estimation**: Improve the agent's state value estimation by using techniques like temporal difference learning or Monte Carlo methods to better evaluate the expected returns from each state, helping the agent make more informed decisions.

6. **Environment Familiarization**: Allow the agent to spend more time in the environment to better understand the transition dynamics and develop strategies that account for the stochastic nature of the actions.

By implementing these strategies, the agent may improve its ability to navigate the FrozenLake environment successfully, increasing the likelihood of reaching the goal state and achieving a higher reward.","To improve the agent's effectiveness in the FrozenLake environment, we need to consider a strategy that balances exploration and exploitation, given the stochastic nature of the environment. The agent's previous episode resulted in a reward of 0.0, indicating that it either fell into a hole or failed to reach the goal. To address this, we should encourage more exploration to discover potentially better paths while still allowing for some exploitation of known paths.

Given the slippery dynamics, it's important to maintain a diverse set of actions to explore different paths. A common approach is to use an epsilon-greedy strategy, where the agent mostly exploits the best-known action but occasionally explores other actions. However, since the agent is struggling, we should lean more towards exploration.

Let's assume an epsilon value of 0.3 for increased exploration. This means the agent will explore with a probability of 0.3 and exploit the best-known action with a probability of 0.7. Since we don't have specific knowledge of which action is currently the best, we will distribute the exploration probability equally among all actions.

Here's how we can distribute the probabilities:

- Exploitation (best action): 0.7 (we'll assume action 1, moving right, is the best-known action based on the previous sequence)
- Exploration (all actions): 0.3 equally distributed among all actions

The distribution would be as follows:

- Action 0: 0.3 / 4 = 0.075
- Action 1: 0.7 + 0.075 = 0.775
- Action 2: 0.075
- Action 3: 0.075

Thus, the probability distribution for the next episode should be:

```python
{0: 0.075, 1: 0.775, 2: 0.075, 3: 0.075}
```

This distribution encourages the agent to primarily attempt moving right (action 1) while still exploring other actions to potentially discover better paths."
26,0.0,0.0,0.8970400000000001,0.016088321805000305,N/A,N/A
27,0.0,0.0,0.89308,0.02500186301767826,N/A,N/A
28,0.0,0.0,0.88912,0.018534228205680847,N/A,N/A
29,0.0,0.1,0.88516,0.02093612775206566,N/A,N/A
30,0.0,0.1,0.8812,0.009114026091992855,"In the final episode of the training process on the FrozenLake-v1 environment, the agent received a total reward of 0.0, indicating that it did not successfully reach the goal state (G) and likely fell into a hole (H) or failed to navigate to the goal within the episode's time limit. The action sequence extracted at intervals is [1, 1, 1, 1, 1, 1, 1, 1, 1], which corresponds to the agent predominantly attempting to move right.

### Analysis:

1. **Action Bias**: The agent consistently chose action 1 (move right) throughout the episode. This suggests a potential bias or lack of exploration in the agent's policy, as it did not attempt other actions that might have led to a successful path to the goal.

2. **Environment Dynamics**: Given the slippery nature of the environment, each action has a stochastic outcome. The agent's repeated choice of moving right could have resulted in unintended movements due to the transition dynamics, potentially leading it into a hole or away from the goal.

3. **State Exploration**: The agent's strategy appears to lack sufficient exploration of the state space. By repeatedly choosing the same action, it may not have adequately explored alternative paths that could lead to the goal.

### Recommendations:

1. **Enhance Exploration**: Introduce or increase exploration strategies such as epsilon-greedy, where the agent occasionally selects random actions to explore different paths. This can help the agent discover more effective routes to the goal.

2. **Diversify Action Selection**: Encourage the agent to diversify its action selection by incorporating techniques like softmax action selection or adding noise to the policy. This can help prevent the agent from getting stuck in suboptimal action loops.

3. **Reward Shaping**: Consider implementing reward shaping to provide intermediate rewards for reaching certain states or avoiding holes. This can guide the agent towards more promising paths and improve learning efficiency.

4. **Policy Evaluation**: Evaluate the current policy to identify potential flaws or biases. Adjust the policy update mechanism to ensure that the agent learns from successful episodes and adjusts its strategy accordingly.

5. **Environment Familiarization**: Allow the agent to interact with the environment in a controlled manner, such as through simulated episodes or visualizations, to better understand the transition dynamics and state space.

By addressing these areas, the agent can improve its ability to navigate the FrozenLake environment and increase the likelihood of reaching the goal state successfully in future episodes.","To improve the agent's exploration and effectiveness in the FrozenLake environment, we need to adjust the action selection strategy to encourage more exploration and reduce the bias towards a single action. Given the analysis and recommendations, a balanced approach that incorporates exploration is necessary.

One common method to achieve this is using an epsilon-greedy strategy, where the agent predominantly follows its current policy but occasionally explores by selecting random actions. For instance, if we set an exploration rate (epsilon) of 0.2, the agent will explore 20% of the time and exploit its current knowledge 80% of the time.

Assuming the current policy is biased towards action 1, we can distribute the probabilities as follows:

- With probability (1 - epsilon), the agent will follow its current policy. Since the current policy is biased towards action 1, we can assign a higher probability to action 1.
- With probability epsilon, the agent will explore by selecting any action randomly.

Let's assume the current policy assigns a probability of 0.7 to action 1 and 0.1 to each of the other actions. With an epsilon of 0.2, the exploration component will assign equal probability to all actions.

Combining these, the distribution can be calculated as follows:

- Exploit (80% of the time): {0: 0.1, 1: 0.7, 2: 0.1, 3: 0.1}
- Explore (20% of the time): {0: 0.25, 1: 0.25, 2: 0.25, 3: 0.25}

The combined distribution is:

- Action 0: 0.8 * 0.1 + 0.2 * 0.25 = 0.08 + 0.05 = 0.13
- Action 1: 0.8 * 0.7 + 0.2 * 0.25 = 0.56 + 0.05 = 0.61
- Action 2: 0.8 * 0.1 + 0.2 * 0.25 = 0.08 + 0.05 = 0.13
- Action 3: 0.8 * 0.1 + 0.2 * 0.25 = 0.08 + 0.05 = 0.13

Thus, the distribution for the next episode should be:

```python
{0: 0.13, 1: 0.61, 2: 0.13, 3: 0.13}
```

This distribution encourages the agent to continue exploiting its current knowledge while also exploring other actions to discover potentially better paths to the goal."
31,0.0,0.0,0.87724,0.01895412802696228,N/A,N/A
32,0.0,0.0,0.8732800000000001,0.01357250940054655,N/A,N/A
33,0.0,0.0,0.86932,0.014729340560734272,N/A,N/A
34,0.0,0.0,0.86536,0.011053931899368763,N/A,N/A
35,0.0,0.1,0.8613999999999999,0.008757385425269604,"In the final episode of the training process on the FrozenLake-v1 environment, the agent received a total reward of 0.0, indicating that it did not successfully reach the goal state (G) and likely fell into a hole (H) or did not reach the goal within the episode's time limit. The action sequence extracted at intervals was [1, 2, 0, 1], which corresponds to the following intended movements based on the action mapping:

- Action 1: Intended to move right.
- Action 2: Intended to move up.
- Action 0: Intended to move down.
- Action 1: Intended to move right.

Given the slippery nature of the environment, the agent's intended actions may not have resulted in the expected movements due to the stochastic transition dynamics. Each action has a 1/3 probability of resulting in one of three possible movements, which can lead to unintended outcomes.

### Analysis of the Episode:

1. **Action 1 (Right):** The agent intended to move right, but due to the stochastic nature, it could have moved down or left instead. If it moved down, it could have ended up in a hole (H) if it was on the second row.

2. **Action 2 (Up):** The agent intended to move up, but it could have moved right or down. If it moved down, it might have ended up in a hole, especially if it was on the third row.

3. **Action 0 (Down):** The agent intended to move down, but it could have moved left or up. If it moved left, it might have stayed on a safe frozen surface (F) or moved into a hole.

4. **Action 1 (Right):** Again, the agent intended to move right, but it could have moved down or left. If it moved down, it might have fallen into a hole, particularly if it was on the third row.

### Strategy Recommendations:

1. **Increased Exploration:** Given the stochastic nature of the environment, the agent may benefit from increased exploration to better understand the transition dynamics. Implementing an exploration strategy such as epsilon-greedy with a decaying epsilon could help the agent explore more effectively early in training and exploit learned strategies later.

2. **Policy Improvement:** The agent's policy might need refinement to account for the stochastic transitions. Consider using a model-based approach to better predict the outcomes of actions or employing a more sophisticated policy gradient method to optimize the policy.

3. **State-Action Value Estimation:** Improve the estimation of state-action values (Q-values) by using techniques like Q-learning or SARSA, which can help the agent learn the expected rewards of actions in different states more accurately.

4. **Reward Shaping:** Introduce intermediate rewards for reaching certain states or avoiding holes to guide the agent more effectively towards the goal. This can help the agent learn a more optimal path by providing additional feedback.

5. **Environment Familiarization:** Allow the agent to interact with a deterministic version of the environment initially to understand the basic dynamics before introducing stochasticity. This can help the agent develop a foundational strategy that can be adapted to the slippery conditions.

By implementing these strategies, the agent can improve its performance in navigating the FrozenLake environment and increase its chances of reaching the goal state successfully.","To improve the agent's performance in the FrozenLake environment, we need to consider a strategy that balances exploration and exploitation while accounting for the stochastic nature of the environment. Given the agent's previous episode performance and the need for better exploration, an epsilon-greedy strategy with a focus on exploration can be beneficial.

In an epsilon-greedy strategy, the agent selects a random action with probability epsilon (ε) and the best-known action with probability 1-ε. Since the agent did not reach the goal in the previous episode, we should emphasize exploration to allow the agent to discover more effective strategies.

Let's assume a relatively high epsilon value for exploration, such as 0.3, to encourage the agent to explore different actions. This means that 30% of the time, the agent will choose a random action, and 70% of the time, it will choose the action it currently believes is the best.

Given that the agent's policy might not be well-optimized yet, we can distribute the exploration probability equally among all actions. Therefore, the probability distribution for the actions can be calculated as follows:

- Exploration probability (ε) = 0.3
- Exploitation probability (1-ε) = 0.7
- Assuming equal probability for each action during exploration, each action gets ε/4 probability.

Thus, the distribution for the actions would be:

- For the best-known action (let's assume action 1 for this example), the probability is 0.7 + (0.3/4) = 0.775
- For the other actions, the probability is 0.3/4 = 0.075 each

Assuming action 1 is the best-known action based on the agent's current policy, the distribution would be:

```python
{0: 0.075, 1: 0.775, 2: 0.075, 3: 0.075}
```

This distribution encourages exploration while still allowing the agent to exploit its current knowledge, potentially leading to improved performance in future episodes."
36,0.0,0.2,0.85744,0.012520919553935528,N/A,N/A
37,0.0,0.2,0.85348,0.01594322733581066,N/A,N/A
38,0.0,0.3,0.84952,0.014624142087996006,N/A,N/A
39,0.0,0.1,0.84556,0.013991213403642178,N/A,N/A
40,0.0,0.1,0.8416,0.016074297949671745,"In the last episode of training on the FrozenLake-v1 environment, the agent received a total reward of 0.0, indicating that it did not successfully reach the goal state (G) and likely fell into a hole (H) or ran out of steps before reaching the goal. The action sequence recorded at intervals was [1, 1, 0, 1, 2], which corresponds to the following intended movements based on the action mapping:

- Action 1: Move right
- Action 1: Move right
- Action 0: Move down
- Action 1: Move right
- Action 2: Move up

Given the slippery nature of the environment, each action has a one-third probability of resulting in the intended move, with the remaining two-thirds distributed among two other possible moves. This stochasticity can lead to unintended transitions, making it challenging for the agent to navigate the grid effectively.

### Analysis:

1. **Initial Movements:**
   - The agent starts at state 0 (S) and attempts to move right twice. This suggests an initial strategy to move towards the goal, which is located at the bottom right corner of the grid. However, due to the slippery nature, these actions may not have resulted in the intended transitions.

2. **Mid-Episode Movements:**
   - After attempting to move right, the agent tries to move down, which is a logical step towards progressing through the grid. However, the stochastic transitions could have diverted the agent off course.

3. **Final Movements:**
   - The agent attempts to move right again, followed by an upward move. This sequence might indicate an attempt to correct its path or a result of unintended transitions due to the environment's stochastic nature.

4. **Outcome:**
   - The episode ended with a reward of 0.0, suggesting the agent either fell into a hole or did not reach the goal within the episode's step limit.

### Strategy Recommendations:

1. **Increased Exploration:**
   - Encourage more exploration by adjusting the exploration-exploitation balance (e.g., using an epsilon-greedy strategy with a higher epsilon value) to allow the agent to experience a wider variety of state transitions and outcomes.

2. **Improved Policy Learning:**
   - Consider using a model-free reinforcement learning algorithm like Q-learning or SARSA with function approximation to better capture the value of actions in each state, accounting for the stochastic transitions.

3. **Environment Modeling:**
   - Implement a model-based approach where the agent learns a transition model of the environment. This can help the agent predict the outcomes of its actions more accurately and plan its path more effectively.

4. **Reward Shaping:**
   - Introduce intermediate rewards for reaching certain states or avoiding holes to guide the agent towards the goal more effectively.

5. **State Representation:**
   - Enhance state representation by incorporating additional features or using techniques like tile coding to better capture the nuances of the environment.

By adopting these strategies, the agent may improve its ability to navigate the FrozenLake environment and increase its likelihood of reaching the goal state successfully.","To improve the agent's effectiveness in navigating the FrozenLake environment, we need to consider a strategy that balances exploration and exploitation while accounting for the stochastic nature of the environment. Given the previous episode's outcome and the analysis, we should encourage more exploration to allow the agent to experience a wider variety of state transitions and outcomes.

An epsilon-greedy strategy is a common approach to balance exploration and exploitation. In this strategy, with probability epsilon, the agent chooses a random action (exploration), and with probability 1-epsilon, it chooses the best-known action (exploitation). Since the agent did not reach the goal in the last episode, we should increase exploration to help it learn more about the environment.

Let's assume a relatively high exploration rate for the next episode to encourage the agent to explore more. We can set epsilon to 0.3, meaning the agent will explore 30% of the time and exploit 70% of the time. When exploring, each action is equally likely.

Here's how we can distribute the probabilities for the actions:

- Exploration (random action): 0.3 probability, distributed equally among the 4 actions.
- Exploitation (best-known action): 0.7 probability, distributed based on the agent's current policy or equally if no policy is established.

Assuming no established policy, the distribution for exploration would be:

- Exploration: 0.3 / 4 = 0.075 for each action.

For simplicity, let's assume the exploitation part is equally distributed among actions (since no specific policy is given), which means each action gets an equal share of the exploitation probability:

- Exploitation: 0.7 / 4 = 0.175 for each action.

Combining exploration and exploitation, the action probabilities are:

- Action 0: 0.075 (exploration) + 0.175 (exploitation) = 0.25
- Action 1: 0.075 (exploration) + 0.175 (exploitation) = 0.25
- Action 2: 0.075 (exploration) + 0.175 (exploitation) = 0.25
- Action 3: 0.075 (exploration) + 0.175 (exploitation) = 0.25

Thus, the distribution of the 4 action explorations for the next episode is:

```python
{0: 0.25, 1: 0.25, 2: 0.25, 3: 0.25}
```

This distribution encourages exploration while maintaining a balance with exploitation, allowing the agent to learn more about the environment and improve its navigation strategy."
41,0.0,0.1,0.8376399999999999,0.020061826333403587,N/A,N/A
42,0.0,0.0,0.83368,0.03299048915505409,N/A,N/A
43,0.0,0.0,0.82972,0.014824111014604568,N/A,N/A
44,0.0,0.2,0.82576,0.011979020200669765,N/A,N/A
45,0.0,0.2,0.8218,0.017047464847564697,"In the last episode of training on the FrozenLake-v1 environment, the agent received a total reward of 0.0, indicating that it did not reach the goal state (G) and likely fell into a hole (H) or did not reach the goal within the episode's time limit. The action sequence extracted at intervals was [0, 1, 0, 1, 0, 2]. Let's analyze this sequence and the possible implications:

### Analysis of the Action Sequence:

1. **Action 0 (Move Down, Move Left, Move Up):**
   - The agent starts at state 0 (S) and takes action 0. Due to the slippery nature of the environment, the agent could move to state 4 (down), stay in state 0 (left), or stay in state 0 (up).

2. **Action 1 (Move Right, Move Down, Move Left):**
   - From its new position, the agent takes action 1. If it moved to state 4 in the previous step, it could now move to state 5 (right), state 8 (down), or back to state 0 (left).

3. **Action 0 (Move Down, Move Left, Move Up):**
   - The agent takes action 0 again. If it was at state 5, it could move to state 9 (down), back to state 4 (left), or stay at state 5 (up).

4. **Action 1 (Move Right, Move Down, Move Left):**
   - The agent takes action 1. If it was at state 9, it could move to state 10 (right), state 13 (down), or back to state 8 (left).

5. **Action 0 (Move Down, Move Left, Move Up):**
   - The agent takes action 0. If it was at state 10, it could move to state 14 (down), back to state 9 (left), or stay at state 10 (up).

6. **Action 2 (Move Up, Move Right, Move Down):**
   - The agent takes action 2. If it was at state 14, it could move to state 10 (up), state 15 (right, which is the goal), or back to state 13 (down).

### Possible Outcomes:
- Given the total reward of 0.0, it is likely that the agent fell into a hole (H) at some point during the episode or failed to reach the goal within the time limit.
- The sequence of actions suggests that the agent may have been navigating through the grid but was unable to consistently avoid holes or reach the goal due to the stochastic nature of the environment.

### Strategy Recommendations:

1. **Improved Exploration:**
   - Encourage more diverse exploration strategies to better understand the environment's dynamics. Consider using exploration techniques like epsilon-greedy with a decaying epsilon or implementing a more sophisticated exploration strategy such as Upper Confidence Bound (UCB) or Thompson Sampling.

2. **Model-Based Approaches:**
   - Consider using model-based reinforcement learning to better predict the outcomes of actions in this stochastic environment. This could help the agent plan more effectively by simulating potential future states.

3. **State Value Estimation:**
   - Improve the estimation of state values to help the agent make better decisions. Techniques such as Temporal Difference (TD) learning or Monte Carlo methods could be employed to refine the value function.

4. **Policy Optimization:**
   - Focus on optimizing the policy to increase the likelihood of reaching the goal. Policy Gradient methods or Actor-Critic algorithms could be beneficial in learning a more effective policy.

5. **Environment-Specific Heuristics:**
   - Implement heuristics specific to the FrozenLake environment, such as prioritizing actions that move towards the goal while avoiding known holes.

By incorporating these strategies, the agent may improve its ability to navigate the FrozenLake environment successfully and achieve higher rewards in future episodes.","To improve the agent's effectiveness in the FrozenLake-v1 environment, we need to consider a strategy that balances exploration and exploitation while accounting for the stochastic nature of the environment. Given the previous episode's outcome and the analysis, we should encourage the agent to explore more effectively while still considering the potential benefits of actions that could lead towards the goal.

One approach is to use an epsilon-greedy strategy where the agent mostly exploits the best-known actions but occasionally explores other actions to discover potentially better strategies. We can set a higher probability for the action that seems to lead towards the goal based on the current policy or value estimates, while still allowing some exploration of other actions.

Assuming we want to encourage exploration but still have a bias towards potentially beneficial actions, we can set the action probabilities as follows:

- Assign a slightly higher probability to the action that seems to lead towards the goal or has shown promise in past episodes.
- Distribute the remaining probability among the other actions to ensure exploration.

Here's a possible distribution for the next episode, assuming action 1 (move right) is slightly more promising based on past observations:

```python
{0: 0.25, 1: 0.4, 2: 0.25, 3: 0.1}
```

Explanation:
- **Action 0 (Move Down, Move Left, Move Up):** Probability of 0.25 to explore moving downwards or staying in place.
- **Action 1 (Move Right, Move Down, Move Left):** Probability of 0.4 to encourage moving towards the goal, as moving right is often beneficial in reaching the goal.
- **Action 2 (Move Up, Move Right, Move Down):** Probability of 0.25 to explore moving upwards or right.
- **Action 3 (Move Left, Move Up, Move Right):** Probability of 0.1 to explore moving left, which is generally less favorable in reaching the goal.

This distribution allows for a balance between exploration and exploitation, with a slight bias towards actions that may lead to the goal, while still exploring other possibilities to avoid getting stuck in suboptimal paths. Adjustments can be made based on further analysis and results from subsequent episodes."
46,0.0,0.1,0.81784,0.0215515848249197,N/A,N/A
47,0.0,0.1,0.8138799999999999,0.005886803846806288,N/A,N/A
48,0.0,0.0,0.80992,0.01806587353348732,N/A,N/A
49,0.0,0.1,0.80596,0.005816474091261625,N/A,N/A
50,0.0,0.0,0.802,0.006143371108919382,"In the last episode of the training process on the FrozenLake-v1 environment, the agent received a total reward of 0.0, indicating that it did not reach the goal state (G) and likely fell into a hole (H) or failed to reach the goal within the episode's time limit. The action sequence extracted at intervals is [0, 3, 2, 1, 3, 2, 1, 1, 0, 1, 1, 1], which corresponds to the following actions:

- 0: Move down
- 1: Move right
- 2: Move up
- 3: Move left

Given the slippery nature of the environment, each action taken by the agent has a probabilistic outcome, which means the agent's intended direction may not always be the direction it actually moves in. This adds a layer of complexity to the agent's decision-making process.

### Analysis:

1. **Initial Steps**: The agent starts at state 0 (S) and attempts to move down (action 0). However, due to the slippery nature, it may not have moved directly down to state 4.

2. **Subsequent Actions**: The sequence of actions suggests the agent is trying to navigate through the grid, but the presence of holes (H) and the stochastic transitions likely led to the agent falling into a hole or getting stuck in a loop without reaching the goal.

3. **Action Sequence**: The sequence includes multiple instances of moving right (action 1) and moving up (action 2), which might indicate the agent is trying to explore the right side of the grid. However, the repeated actions and lack of reaching the goal suggest inefficiencies in the exploration strategy.

4. **Reward Outcome**: The total reward of 0.0 indicates that the agent either fell into a hole or did not reach the goal within the episode, which is consistent with the action sequence not leading to the goal state.

### Strategy Recommendations:

1. **Improved Exploration Strategy**: The agent should be encouraged to explore more systematically. Implementing an exploration strategy like epsilon-greedy, where the agent occasionally takes random actions, could help it discover more effective paths to the goal.

2. **Incorporate Learning from Failures**: The agent can benefit from learning from episodes where it falls into holes. Techniques like Q-learning or SARSA can help the agent update its action-value estimates based on negative outcomes, discouraging it from taking actions that lead to holes.

3. **State-Action Value Estimation**: Enhance the agent's ability to estimate the value of state-action pairs more accurately. This can be achieved by increasing the number of episodes or using function approximation methods to generalize learning across similar states.

4. **Reward Shaping**: Introduce intermediate rewards for reaching certain states or avoiding holes to guide the agent more effectively towards the goal.

5. **Policy Optimization**: Consider using policy gradient methods to directly optimize the policy, which might be more effective in handling the stochastic transitions of the environment.

By implementing these strategies, the agent can improve its performance in navigating the FrozenLake environment, increasing its chances of reaching the goal state successfully.","To improve the agent's effectiveness in the FrozenLake-v1 environment, we need to balance exploration and exploitation while considering the environment's stochastic nature. Given the previous episode's outcome and the need for better exploration, we can employ an epsilon-greedy strategy to encourage exploration while still allowing for exploitation of known good actions.

In an epsilon-greedy strategy, the agent selects a random action with probability epsilon and the best-known action with probability 1-epsilon. Since the agent's previous performance was suboptimal, we should set a relatively high epsilon value to encourage exploration. A typical starting point might be epsilon = 0.2, meaning the agent will explore randomly 20% of the time and exploit the best-known actions 80% of the time.

Assuming the agent has no strong preference for any particular action due to the lack of successful episodes, we can distribute the probabilities for exploration equally among all actions. For exploitation, we assume a uniform distribution as well, given the lack of a clear best action from the previous episode.

Thus, the action distribution can be calculated as follows:

- Exploration (random action): 0.2 probability distributed equally among all actions.
- Exploitation (best-known action): 0.8 probability distributed equally among all actions due to lack of clear preference.

The resulting distribution for each action is:

- Exploration contribution: 0.2 / 4 = 0.05 for each action.
- Exploitation contribution: 0.8 / 4 = 0.20 for each action.

Combining both contributions, the probability for each action is:

- Total probability for each action: 0.05 (exploration) + 0.20 (exploitation) = 0.25

Therefore, the action distribution for the next episode is:

```python
{0: 0.25, 1: 0.25, 2: 0.25, 3: 0.25}
```

This uniform distribution reflects a balanced approach, allowing the agent to explore all actions equally while it gathers more information to refine its strategy in future episodes."
51,0.0,0.2,0.7980400000000001,0.007588774897158146,N/A,N/A
52,0.0,0.1,0.79408,0.015972724184393883,N/A,N/A
53,0.0,0.2,0.79012,0.004194169770926237,N/A,N/A
54,0.0,0.1,0.78616,0.017563901841640472,N/A,N/A
55,0.0,0.0,0.7822,0.017677202820777893,"In the last episode of the training process on the FrozenLake-v1 environment, the agent received a total reward of 0.0, indicating that it did not successfully reach the goal state (G) and likely fell into a hole (H) or did not reach the goal within the episode's time limit. The action sequence extracted at intervals was [3, 1, 1, 0, 2, 2, 3, 0], which corresponds to the following intended movements:

- Action 3: Move left
- Action 1: Move right
- Action 1: Move right
- Action 0: Move down
- Action 2: Move up
- Action 2: Move up
- Action 3: Move left
- Action 0: Move down

Given the slippery nature of the environment, the agent's intended movements may not have been executed as planned due to the stochastic transition dynamics. This could have led to the agent inadvertently stepping into a hole or failing to reach the goal.

### Analysis:

1. **Stochastic Transitions**: The environment's slippery nature means that the agent's actions do not always result in the intended movement. This increases the difficulty of planning a reliable path to the goal.

2. **Action Sequence**: The sequence of actions suggests that the agent attempted to navigate through the grid but may have been redirected by the stochastic transitions. The sequence includes multiple changes in direction, which might indicate confusion or a lack of a clear strategy.

3. **Reward**: The total reward of 0.0 suggests that the agent either fell into a hole or did not reach the goal within the episode. This indicates a need for improved exploration or strategy refinement.

### Strategy Recommendations:

1. **Policy Improvement**: Consider using a more sophisticated policy that accounts for the stochastic nature of the environment. Techniques such as Q-learning with eligibility traces or SARSA might help the agent learn more robust policies.

2. **Exploration Strategy**: Implement an exploration strategy that balances exploration and exploitation, such as epsilon-greedy or Boltzmann exploration. This can help the agent discover more effective paths to the goal.

3. **State-Action Value Estimation**: Improve the estimation of state-action values by increasing the number of episodes or iterations, allowing the agent to better learn the expected rewards of different actions in various states.

4. **Model-Based Approaches**: Consider using model-based reinforcement learning to predict the outcomes of actions more accurately. This could help the agent plan better by simulating potential future states.

5. **Reward Shaping**: Introduce intermediate rewards for reaching certain states or avoiding holes to guide the agent more effectively towards the goal.

6. **Environment Familiarization**: Allow the agent to spend more time exploring the environment to become familiar with the effects of slippery transitions and develop strategies to mitigate their impact.

By implementing these strategies, the agent may improve its ability to navigate the FrozenLake environment successfully and increase the likelihood of reaching the goal state.","To improve the agent's effectiveness in the FrozenLake-v1 environment, we need to consider an exploration strategy that balances exploration and exploitation while accounting for the stochastic nature of the environment. Given the agent's previous performance and the need for better exploration, an epsilon-greedy strategy can be a good choice. This strategy allows the agent to explore new actions with a certain probability (epsilon) while exploiting known good actions with the remaining probability.

For this scenario, let's assume an epsilon value of 0.2, which means the agent will explore with a 20% probability and exploit with an 80% probability. Since we don't have a specific policy to exploit yet, we can distribute the exploitation probability equally among all actions, as the agent is still learning.

Here's how the action probabilities can be distributed:

- Exploration (random action): 20% of the time
- Exploitation (equal probability among all actions): 80% of the time

Thus, the probability distribution for the actions can be calculated as follows:

- Exploration probability for each action: 0.2 / 4 = 0.05
- Exploitation probability for each action: 0.8 / 4 = 0.20

Combining exploration and exploitation probabilities for each action:

- Total probability for each action = Exploration probability + Exploitation probability
- Total probability for each action = 0.05 + 0.20 = 0.25

Therefore, the probability distribution for the 4 actions is:

```python
{0: 0.25, 1: 0.25, 2: 0.25, 3: 0.25}
```

This distribution ensures that the agent explores all actions equally while also exploiting its current knowledge, which is evenly distributed due to the lack of a specific policy. As the agent learns more about the environment, these probabilities can be adjusted to favor actions that lead to higher rewards."
56,0.0,0.1,0.77824,0.011531009338796139,N/A,N/A
57,0.0,0.3,0.77428,0.010268772020936012,N/A,N/A
58,0.0,0.1,0.77032,0.014957301318645477,N/A,N/A
59,0.0,0.1,0.76636,0.014752217568457127,N/A,N/A
60,0.0,0.1,0.7624,0.016565868631005287,"In the last episode of the training process on the FrozenLake-v1 environment, the agent received a total reward of 0.0, indicating that it did not reach the goal state (G) and likely fell into a hole (H) or did not reach the goal within the episode's time limit. The action sequence extracted at intervals was [2, 0], which corresponds to the following intended actions:

- Action 2: Attempt to move up.
- Action 0: Attempt to move down.

Given the slippery nature of the environment, these intended actions may not have resulted in the expected movements due to the stochastic transition dynamics. For instance, when the agent attempted to move up (action 2), it could have moved right, down, or up with equal probability. Similarly, when attempting to move down (action 0), it could have moved down, left, or up.

### Analysis:

1. **Stochastic Transitions**: The agent's actions are subject to randomness, which can lead to unintended movements. This makes planning and executing a precise path challenging.

2. **Limited Action Sequence**: The action sequence [2, 0] is quite short, suggesting that the episode ended quickly. This could be due to the agent falling into a hole early in the episode.

3. **Exploration vs. Exploitation**: The agent may not have explored the environment sufficiently to learn an optimal policy. It is possible that the agent is still in the exploration phase and has not yet converged to a strategy that consistently avoids holes and reaches the goal.

### Strategy Recommendations:

1. **Increase Exploration**: Consider using an exploration strategy such as epsilon-greedy, where the agent occasionally takes random actions to explore the environment more thoroughly. This can help the agent discover new paths and avoid pitfalls.

2. **Longer Training**: Extend the training duration to allow the agent more time to learn the environment's dynamics and develop a robust policy.

3. **Reward Shaping**: Introduce intermediate rewards for reaching certain states or avoiding holes to guide the agent towards the goal more effectively.

4. **Policy Evaluation**: Regularly evaluate the agent's policy to identify weaknesses and areas for improvement. This can involve analyzing the frequency of falling into holes or failing to reach the goal.

5. **State-Action Value Function**: Implement a state-action value function (Q-learning) to help the agent learn the expected utility of actions in specific states, which can improve decision-making under uncertainty.

6. **Model-Based Approaches**: Consider using model-based reinforcement learning techniques to predict the outcomes of actions more accurately, potentially reducing the impact of the environment's stochastic nature.

By implementing these strategies, the agent can improve its performance in the FrozenLake-v1 environment, increasing the likelihood of reaching the goal state and achieving higher rewards.","To improve the agent's performance in the FrozenLake-v1 environment, we need to balance exploration and exploitation effectively. Given the stochastic nature of the environment and the agent's previous performance, an epsilon-greedy strategy can be a good choice. This strategy allows the agent to explore the environment by taking random actions with a certain probability (epsilon) while exploiting the learned policy by taking the best-known action with probability (1 - epsilon).

Let's assume an epsilon value of 0.2 for exploration, which means the agent will take a random action 20% of the time and the best-known action 80% of the time. Since the agent is still learning and the environment is slippery, this level of exploration can help the agent discover better paths and avoid pitfalls.

Given that we don't have a specific policy or Q-values to determine the best action, we'll distribute the exploitation probability equally among all actions. Here's how the action distribution would look:

- Exploration (random action): 20% probability distributed equally among all actions.
- Exploitation (best-known action): 80% probability distributed equally among all actions since we don't have a specific best action.

The distribution of the 4 action explorations for the next episode would be:

```python
{
    0: 0.25,
    1: 0.25,
    2: 0.25,
    3: 0.25
}
```

This distribution reflects a balanced approach where the agent explores all actions equally due to the lack of a specific policy or Q-values. As the agent learns and develops a better understanding of the environment, this distribution can be adjusted to favor actions that lead to higher rewards."
61,0.0,0.0,0.75844,0.012515220791101456,N/A,N/A
62,0.0,0.0,0.75448,0.01098561566323042,N/A,N/A
63,0.0,0.0,0.75052,0.012526487931609154,N/A,N/A
64,0.0,0.0,0.74656,0.014463122002780437,N/A,N/A
65,0.0,0.0,0.7425999999999999,0.018898891285061836,"In the last episode of the training process on the FrozenLake-v1 environment, the agent received a total reward of 0.0, indicating that it did not successfully reach the goal state (G) and likely fell into a hole (H) or failed to reach the goal within the episode's time limit. The action sequence extracted at intervals was [3, 3, 2, 2, 1], which corresponds to the following intended movements based on the action mapping:

- Action 3: Move left
- Action 3: Move left
- Action 2: Move up
- Action 2: Move up
- Action 1: Move right

Given the slippery nature of the environment, these intended actions may not have resulted in the expected movements due to the stochastic transition dynamics. The agent's actual path could have deviated significantly from the intended path, leading to suboptimal outcomes.

### Analysis:

1. **Initial Actions (3, 3 - Move Left):**
   - Starting from state 0 (S), moving left is not possible as it is already at the leftmost boundary. The agent likely remained in the same state or moved unpredictably due to the slippery surface.

2. **Middle Actions (2, 2 - Move Up):**
   - Attempting to move up from the initial row is not feasible, as it is already at the top boundary. These actions may have resulted in the agent staying in place or moving unpredictably.

3. **Final Action (1 - Move Right):**
   - This action could have moved the agent to the right, but given the stochastic nature, it might have ended up in a hole or remained in a non-goal state.

### Strategy Recommendations:

1. **Improved Exploration:**
   - Encourage more diverse exploration strategies to better understand the environment's dynamics. Consider using exploration techniques like epsilon-greedy with a decaying epsilon or implementing an exploration bonus to incentivize visiting less-explored states.

2. **Policy Refinement:**
   - Refine the policy to account for the stochastic transitions. This could involve using algorithms that better handle uncertainty, such as Q-learning with eligibility traces or SARSA, which can adapt to the probabilistic nature of the environment.

3. **State-Action Value Estimation:**
   - Improve the estimation of state-action values by increasing the number of episodes or using function approximation methods like deep Q-networks (DQNs) to generalize across similar states.

4. **Reward Shaping:**
   - Introduce intermediate rewards for reaching certain states or avoiding holes to guide the agent towards the goal more effectively.

5. **Environment Modeling:**
   - Consider building a model of the environment's transition dynamics to predict the outcomes of actions more accurately, allowing the agent to plan more effectively.

By implementing these strategies, the agent's performance in the FrozenLake-v1 environment can be improved, increasing the likelihood of successfully reaching the goal state in future episodes.","To improve the agent's exploration strategy in the FrozenLake-v1 environment, we need to consider the stochastic nature of the environment and the previous episode's performance. The agent's previous actions were not effective, likely due to the slippery surface and the resulting unpredictable movements. To enhance exploration and task effectiveness, we can adjust the action selection probabilities to encourage more balanced exploration across all possible actions.

Given the analysis and strategy recommendations, a reasonable approach is to use an exploration strategy like epsilon-greedy, where the agent mostly exploits the best-known actions but occasionally explores other actions to gather more information about the environment. Since the agent's previous actions were not successful, we should encourage more exploration.

Let's assume a moderate exploration rate for the next episode. We can set a higher probability for exploration (e.g., 0.2) and distribute the remaining probability equally among all actions. This approach allows the agent to explore different actions while still having a chance to exploit potentially better-known actions.

Here's a suggested probability distribution for the next episode:

```python
{0: 0.25, 1: 0.25, 2: 0.25, 3: 0.25}
```

This uniform distribution encourages the agent to explore all actions equally, which is suitable for environments with high uncertainty and stochastic transitions like FrozenLake. As the agent learns more about the environment, the distribution can be adjusted to favor more promising actions based on the learned policy."
66,0.0,0.0,0.73864,0.009054101072251797,N/A,N/A
67,0.0,0.2,0.73468,0.02014290727674961,N/A,N/A
68,0.0,0.2,0.73072,0.0037113893777132034,N/A,N/A
69,0.0,0.1,0.72676,0.007711183279752731,N/A,N/A
70,0.0,0.0,0.7228,0.030789755284786224,"In the last episode of the training process on the FrozenLake-v1 environment, the agent received a total reward of 0.0, indicating that it did not successfully reach the goal state (G) and likely fell into a hole (H) or ran out of steps without reaching the goal. The action sequence extracted at intervals was [3, 0, 3, 3, 1, 2, 1, 3, 1, 0, 1, 0, 2, 0]. Let's analyze this sequence and the agent's behavior:

### Analysis:

1. **Action Sequence Interpretation:**
   - The actions correspond to the following directions:
     - 0: Down
     - 1: Right
     - 2: Up
     - 3: Left
   - The sequence [3, 0, 3, 3, 1, 2, 1, 3, 1, 0, 1, 0, 2, 0] suggests a somewhat erratic movement pattern, with the agent frequently changing directions.

2. **Possible Movement Path:**
   - Starting at state 0 (S), the agent's movements can be interpreted as follows:
     - 3 (Left): Attempt to move left, but stays in state 0 due to the wall.
     - 0 (Down): Moves to state 4.
     - 3 (Left): Moves to state 4 (no change, as it's already at the leftmost column).
     - 3 (Left): Moves to state 4 (no change).
     - 1 (Right): Moves to state 5.
     - 2 (Up): Moves to state 1.
     - 1 (Right): Moves to state 2.
     - 3 (Left): Moves to state 1.
     - 1 (Right): Moves to state 2.
     - 0 (Down): Moves to state 6.
     - 1 (Right): Moves to state 7.
     - 0 (Down): Moves to state 11.
     - 2 (Up): Moves to state 7.
     - 0 (Down): Moves to state 11.
   - The agent likely fell into a hole or ran out of steps without reaching the goal, as indicated by the total reward of 0.0.

3. **Challenges Observed:**
   - **Slippery Dynamics:** The stochastic nature of the environment likely caused unintended movements, making it difficult for the agent to follow a precise path.
   - **Erratic Movements:** The frequent changes in direction suggest a lack of a coherent strategy or policy, possibly due to insufficient exploration or suboptimal policy learning.

### Strategy Recommendations:

1. **Improved Exploration:**
   - Encourage more systematic exploration strategies, such as using epsilon-greedy policies with decaying epsilon, to balance exploration and exploitation effectively.
   - Consider implementing exploration techniques like Upper Confidence Bound (UCB) or Thompson Sampling to improve action selection.

2. **Policy Optimization:**
   - Use policy gradient methods or Q-learning with function approximation to learn a more robust policy that can handle the stochastic transitions.
   - Implement value-based methods with eligibility traces (e.g., SARSA(λ) or Q(λ)) to better capture the temporal dependencies in the environment.

3. **Environment Understanding:**
   - Train the agent to better understand the environment's dynamics by simulating multiple episodes and analyzing successful paths to the goal.
   - Use model-based approaches to predict the outcomes of actions more accurately, potentially reducing the impact of the environment's stochastic nature.

4. **Reward Shaping:**
   - Introduce intermediate rewards for reaching certain states or avoiding holes to guide the agent towards the goal more effectively.

By addressing these areas, the agent can improve its performance in navigating the FrozenLake environment and increase its likelihood of reaching the goal state successfully.","To improve the agent's effectiveness in the FrozenLake environment, we need to consider a strategy that balances exploration and exploitation while accounting for the stochastic nature of the environment. Given the erratic movement pattern observed in the previous episode, it would be beneficial to encourage more systematic exploration while also allowing the agent to exploit known good actions.

A common approach is to use an epsilon-greedy strategy, where the agent selects a random action with probability epsilon (exploration) and the best-known action with probability 1-epsilon (exploitation). However, since we are focusing on exploration, we can adjust the probabilities to encourage exploration while still maintaining some level of exploitation.

For this scenario, let's assume we want to encourage exploration more heavily, given the agent's previous struggles. We can set a higher probability for exploration actions while still allowing some preference for the actions that might lead to better outcomes based on prior knowledge.

Here's a suggested probability distribution for the actions:

- **0 (Down):** This action can help the agent progress towards the goal, especially from the starting position. We should assign a higher probability to this action.
- **1 (Right):** Moving right can also be beneficial, especially when the agent is in the left half of the grid. This action should have a moderate probability.
- **2 (Up):** Moving up is generally less favorable unless the agent is near the bottom of the grid, so this action should have a lower probability.
- **3 (Left):** Moving left is often less beneficial, especially from the starting position, so this action should have the lowest probability.

Given these considerations, a possible distribution could be:

```python
{0: 0.4, 1: 0.3, 2: 0.15, 3: 0.15}
```

This distribution encourages the agent to explore actions that are more likely to lead towards the goal (down and right), while still allowing for some exploration of other actions to gather more information about the environment's dynamics. Adjustments to these probabilities can be made based on further analysis and the agent's learning progress."
71,0.0,0.1,0.71884,0.00907892920076847,N/A,N/A
72,0.0,0.1,0.71488,0.01471671462059021,N/A,N/A
73,0.0,0.0,0.71092,0.009899008087813854,N/A,N/A
74,0.0,0.0,0.70696,0.004520117305219173,N/A,N/A
75,0.0,0.0,0.7030000000000001,0.0040664332918822765,"In the last episode of training on the FrozenLake-v1 environment, the agent received a total reward of 0.0, indicating that it did not successfully reach the goal state (G) and likely fell into a hole (H) or ran out of steps without reaching the goal. The action sequence extracted at intervals was [0, 0, 1, 1], which corresponds to the following intended movements based on the action mapping:

- Action 0: Intended to move down
- Action 0: Intended to move down
- Action 1: Intended to move right
- Action 1: Intended to move right

Given the slippery nature of the environment, the agent's intended actions may not have resulted in the expected movements due to the stochastic transition dynamics. Each action has a 1/3 probability of resulting in one of three possible movements, which can lead to unintended outcomes.

### Analysis:

1. **Initial Actions (0, 0):** 
   - The agent attempted to move down twice from the starting position (S). Depending on the actual transitions, it could have ended up in any of the states in the first two rows (0 to 7). If the agent slipped into a hole (H), the episode would have ended immediately with a reward of 0.

2. **Subsequent Actions (1, 1):**
   - The agent then attempted to move right twice. If it was still on a frozen surface (F), these actions could have moved it towards the goal (G) or into a hole (H). The stochastic nature of the environment means the agent could have slipped into a hole, ending the episode with a reward of 0.

### Possible Strategy Recommendations:

1. **Increased Exploration:**
   - Encourage more exploration to better understand the transition dynamics. This could involve using an exploration strategy like epsilon-greedy with a higher epsilon value to allow the agent to explore more diverse paths.

2. **Policy Improvement:**
   - Consider using a more sophisticated policy improvement method, such as Q-learning or SARSA, which can help the agent learn the expected value of actions in each state, accounting for the stochastic transitions.

3. **Model-Based Approach:**
   - Implement a model-based approach where the agent builds a model of the environment's transition probabilities. This can help the agent predict the outcomes of actions more accurately and plan better paths to the goal.

4. **Reward Shaping:**
   - Introduce intermediate rewards for reaching certain states or avoiding holes to guide the agent towards the goal more effectively.

5. **State-Action Pair Analysis:**
   - Analyze state-action pairs to identify patterns where the agent frequently falls into holes or fails to progress. This can help in refining the policy to avoid such pitfalls.

By implementing these strategies, the agent can improve its performance in navigating the FrozenLake environment, increasing the likelihood of reaching the goal state successfully.","To improve the agent's effectiveness in the FrozenLake environment, we need to consider the stochastic nature of the environment and the previous episode's outcome. Since the agent received a total reward of 0.0, it likely fell into a hole or failed to reach the goal. The strategy should focus on encouraging exploration while also considering the potential benefits of each action.

Given the slippery nature of the environment, it's important to balance exploration and exploitation. An epsilon-greedy strategy can be useful here, where the agent explores with probability epsilon and exploits the best-known action with probability 1-epsilon. However, since we are asked to provide a probability distribution for action exploration, we can assume a uniform distribution to encourage exploration across all actions, or we can slightly favor actions that might lead to more promising outcomes based on the grid layout.

In the FrozenLake environment, moving down (action 0) and moving right (action 1) are generally more favorable because they can potentially lead the agent towards the goal (G) located at the bottom-right corner. However, due to the stochastic nature, we should still allow for exploration of all actions.

Here's a suggested probability distribution for the next episode, slightly favoring actions 0 and 1:

```python
{0: 0.3, 1: 0.3, 2: 0.2, 3: 0.2}
```

- **Action 0 (Down):** 0.3 probability, as moving down can help progress towards the goal.
- **Action 1 (Right):** 0.3 probability, as moving right is also generally beneficial for reaching the goal.
- **Action 2 (Up):** 0.2 probability, to allow exploration and potential recovery from suboptimal positions.
- **Action 3 (Left):** 0.2 probability, to explore alternative paths and avoid getting stuck.

This distribution encourages exploration while slightly favoring actions that are more likely to lead towards the goal, given the layout of the grid and the goal's position."
76,0.0,0.0,0.69904,0.005072133615612984,N/A,N/A
77,0.0,0.5,0.69508,0.0040869018994271755,N/A,N/A
78,0.0,0.0,0.69112,0.007330019026994705,N/A,N/A
79,0.0,0.5,0.68716,0.0034572328440845013,N/A,N/A
80,0.0,0.5,0.6832,0.004626544192433357,"In the last episode of the training process on the FrozenLake-v1 environment, the agent received a total reward of 0.0, indicating that it did not successfully reach the goal state (G) and likely fell into a hole (H) or ran out of steps before reaching the goal. The action sequence recorded at intervals was [1, 3, 0, 3, 1, 0, 1, 0, 3, 3, 1, 1], which corresponds to the following actions based on the environment's transition dynamics:

- Action 1: Attempt to move right
- Action 3: Attempt to move left
- Action 0: Attempt to move down

Given the slippery nature of the environment, each action has a 1/3 probability of resulting in an unintended move, which complicates the agent's ability to navigate the grid effectively.

### Analysis of the Episode:

1. **Action Sequence and Slippery Dynamics:**
   - The sequence shows a mix of right, left, and down movements, which suggests the agent was attempting to navigate through the grid but was likely hindered by the stochastic nature of the environment.
   - The presence of multiple left (3) and right (1) actions could indicate the agent was trying to correct its path after unintended movements due to the slippery dynamics.

2. **Potential Pitfalls:**
   - Given the total reward of 0.0, it is likely that the agent fell into a hole (H) at some point during the episode. The holes are located at states 5, 7, 11, and 12, which are critical areas to avoid.
   - The sequence does not show a clear strategy for avoiding these holes, suggesting that the agent may not have learned an effective policy for navigating the grid safely.

3. **Exploration vs. Exploitation:**
   - The agent may still be in an exploration phase, trying different actions to learn the environment's dynamics. However, the lack of a successful episode suggests that the exploration strategy may need refinement.

### Strategy Recommendations:

1. **Increased Exploration with Safety:**
   - Implement an exploration strategy that emphasizes safety, such as using a model-based approach to simulate potential outcomes before taking risky actions.
   - Consider using a higher exploration rate initially to allow the agent to gather more information about the environment, but gradually decrease it to encourage exploitation of learned strategies.

2. **Reward Shaping:**
   - Introduce intermediate rewards for reaching certain states that are closer to the goal or further from holes. This can guide the agent towards safer paths and help it learn the value of avoiding holes.

3. **Policy Improvement:**
   - Use techniques like Q-learning with eligibility traces or SARSA to improve the policy. These methods can help the agent learn more effectively from its experiences by considering the sequence of actions leading to a reward or penalty.

4. **Environment Modeling:**
   - Develop a model of the environment's transition dynamics to predict the outcomes of actions more accurately. This can help the agent make more informed decisions in the face of uncertainty.

5. **State Abstraction:**
   - Simplify the state space by grouping similar states or using feature-based representations. This can help the agent generalize its learning across similar situations and improve its decision-making process.

By implementing these strategies, the agent can potentially improve its performance in the FrozenLake-v1 environment, increasing its chances of reaching the goal state successfully.","To improve the agent's effectiveness in the FrozenLake-v1 environment, we need to consider a balance between exploration and exploitation while accounting for the environment's slippery dynamics. Given the previous episode's outcome and the need to avoid holes, we should encourage the agent to explore more while still considering the potential risks associated with each action.

Here's a suggested probability distribution for the next episode's action exploration:

- **Action 0 (Attempt to move down):** This action can help the agent progress towards the goal, especially from the starting position. However, it should be used cautiously to avoid holes.
- **Action 1 (Attempt to move right):** Moving right is often necessary to reach the goal, especially from the starting position. This action should be prioritized slightly higher.
- **Action 2 (Attempt to move up):** This action is less likely to be beneficial in reaching the goal, given the grid layout, and can be deprioritized.
- **Action 3 (Attempt to move left):** Moving left can be useful for correcting the path but should be used sparingly to avoid backtracking unnecessarily.

Considering these factors, a reasonable exploration distribution could be:

```python
{0: 0.25, 1: 0.35, 2: 0.15, 3: 0.25}
```

This distribution prioritizes moving right (action 1) slightly more than other actions, as it is often necessary to progress towards the goal. Moving down (action 0) and left (action 3) are balanced to allow for exploration and path correction, while moving up (action 2) is less emphasized due to its limited utility in reaching the goal. This distribution encourages exploration while maintaining a focus on progressing towards the goal state."
81,0.0,0.5,0.6792400000000001,0.0035153687931597233,N/A,N/A
82,0.0,0.1,0.67528,0.005195922218263149,N/A,N/A
83,0.0,0.3,0.6713199999999999,0.008171389810740948,N/A,N/A
84,0.0,0.3,0.66736,0.0022033981513231993,N/A,N/A
85,0.0,0.1,0.6634,0.002685659797862172,"In the last episode of the training process on the FrozenLake-v1 environment, the agent did not successfully reach the goal, as indicated by the total reward of 0.0. The action sequence extracted at intervals is [0, 3], which suggests that the agent attempted to navigate the grid, but ultimately fell into a hole or failed to reach the goal.

### Analysis:

1. **Action Sequence:**
   - The action sequence [0, 3] indicates that the agent initially attempted to move down (action 0) and then attempted to move left (action 3). Given the slippery nature of the environment, these actions may not have resulted in the intended movements.
   
2. **Transition Dynamics:**
   - The stochastic nature of the environment means that each action has a 1/3 probability of resulting in one of three possible movements. This increases the complexity of planning a path to the goal, as the agent must account for the possibility of unintended movements.
   
3. **Outcome:**
   - The agent did not reach the goal, which suggests that the chosen actions, combined with the stochastic transitions, led the agent into a hole or kept it from reaching the goal state.

### Strategy Recommendations:

1. **Exploration Strategy:**
   - Increase exploration to better understand the transition dynamics. This could involve using an exploration strategy like epsilon-greedy, where the agent occasionally takes random actions to explore the environment more thoroughly.

2. **Policy Improvement:**
   - Implement a more robust policy that accounts for the stochastic nature of the environment. This could involve using a model-based approach to predict the outcomes of actions more accurately.

3. **Learning Algorithm:**
   - Consider using a learning algorithm that can handle stochastic environments effectively, such as Q-learning with eligibility traces or SARSA, which can help the agent learn a more reliable policy over time.

4. **State-Action Value Estimation:**
   - Improve the estimation of state-action values by increasing the number of episodes or iterations, allowing the agent to gather more data and refine its understanding of the environment.

5. **Reward Shaping:**
   - Introduce intermediate rewards to guide the agent towards the goal. This could involve providing small positive rewards for reaching certain states that are closer to the goal, encouraging the agent to explore paths that lead to success.

By implementing these strategies, the agent can improve its performance in the FrozenLake-v1 environment, increasing the likelihood of reaching the goal and achieving a higher total reward in future episodes.","To improve the agent's effectiveness in the FrozenLake-v1 environment, we need to consider a strategy that balances exploration and exploitation, given the stochastic nature of the environment. The epsilon-greedy strategy is a common approach where the agent mostly exploits the best-known actions but occasionally explores random actions to gather more information about the environment.

Given the previous episode's outcome and the need for better exploration, we can adjust the action probabilities to encourage more exploration. Let's assume an epsilon value of 0.2 for exploration, meaning the agent will explore 20% of the time and exploit 80% of the time.

Assuming the agent has a preliminary policy that suggests a preferred action based on its current knowledge (let's say action 0 is currently preferred due to its potential to move the agent towards the goal), we can distribute the probabilities as follows:

- With 80% probability, the agent will choose the best-known action (action 0).
- With 20% probability, the agent will explore other actions randomly.

Here's how the distribution might look:

- Exploit the best-known action (action 0): 80% of the time.
- Explore other actions (actions 1, 2, 3): 20% of the time, distributed equally.

Thus, the probability distribution for the actions would be:

```python
{0: 0.8, 1: 0.0667, 2: 0.0667, 3: 0.0667}
```

This distribution allows the agent to primarily follow its current best strategy while still exploring other actions to gather more information about the environment, which is crucial given the stochastic transitions in FrozenLake-v1."
86,0.0,0.3,0.65944,0.004393165465444326,N/A,N/A
87,0.0,0.5,0.6554800000000001,0.008969355374574661,N/A,N/A
88,0.0,0.0,0.6515200000000001,0.0015233965823426843,N/A,N/A
89,0.0,0.3,0.64756,0.0018109267111867666,N/A,N/A
90,0.0,0.2,0.6436,0.005372250452637672,"In the last episode of the training process on the FrozenLake-v1 environment, the agent received a total reward of 0.0. This indicates that the agent did not successfully reach the goal state (G) and likely fell into a hole (H) or ran out of steps without reaching the goal. The action sequence taken by the agent was [0, 0, 0, 0, 3, 2, 1, 1, 0].

### Analysis of the Episode:

1. **Initial Actions (0, 0, 0, 0):**
   - The agent started by taking four consecutive actions of 0, which corresponds to moving down. Given the slippery nature of the environment, these actions likely resulted in the agent moving in unintended directions due to the stochastic transition dynamics.

2. **Subsequent Actions (3, 2, 1, 1, 0):**
   - The agent then attempted to move left (3), up (2), right (1), right (1), and down (0). This sequence suggests that the agent was trying to navigate around obstacles or correct its path after unintended movements.
   - The sequence of actions indicates a lack of a clear strategy or path towards the goal, possibly due to the agent's difficulty in adapting to the stochastic nature of the environment.

3. **Outcome:**
   - The episode ended with a total reward of 0.0, implying that the agent either fell into a hole or failed to reach the goal within the allowed number of steps.

### Strategy Recommendations:

1. **Improved Exploration:**
   - Encourage more diverse exploration strategies to better understand the environment's dynamics. This could involve using exploration techniques like epsilon-greedy with a decaying epsilon or implementing more sophisticated exploration strategies like Upper Confidence Bound (UCB) or Thompson Sampling.

2. **Model-Free Reinforcement Learning:**
   - Consider using model-free reinforcement learning algorithms such as Q-learning or SARSA, which can help the agent learn optimal policies through trial and error. These algorithms can be enhanced with function approximation techniques like Deep Q-Networks (DQN) for better generalization.

3. **Incorporate State-Action Value Estimation:**
   - Implement techniques to estimate the state-action values more accurately, potentially using eligibility traces or experience replay to stabilize learning.

4. **Environment Dynamics Understanding:**
   - Train the agent to better understand the stochastic transition dynamics by simulating multiple episodes and analyzing the outcomes of different action sequences. This can help the agent develop a more robust policy that accounts for the environment's slipperiness.

5. **Reward Shaping:**
   - Introduce intermediate rewards for reaching certain states or avoiding holes to guide the agent towards the goal more effectively. This can help the agent learn a more directed path towards the goal.

By implementing these strategies, the agent can improve its ability to navigate the FrozenLake environment and increase its chances of successfully reaching the goal state.","To improve the agent's effectiveness in the FrozenLake-v1 environment, we need to consider a strategy that balances exploration and exploitation while accounting for the stochastic nature of the environment. Given the previous episode's outcome and the recommendations provided, we can adjust the action selection strategy to encourage more diverse exploration and better adaptation to the environment's dynamics.

One common approach is to use an epsilon-greedy strategy, where the agent mostly exploits the best-known action but occasionally explores other actions. For this scenario, let's assume an epsilon value of 0.2, meaning the agent will explore 20% of the time and exploit 80% of the time. Since we don't have specific Q-values or a learned policy to exploit, we'll assume a uniform distribution for exploitation among all actions.

Here's how we can distribute the probabilities:

- **Exploit (80% of the time):** Since we don't have a specific best action, we'll distribute this probability uniformly across all actions. Each action will have a probability of 0.8 / 4 = 0.2.
- **Explore (20% of the time):** This probability is also distributed uniformly across all actions, giving each action a probability of 0.2 / 4 = 0.05.

Combining these, each action will have a total probability of 0.2 (from exploitation) + 0.05 (from exploration) = 0.25.

Thus, the probability distribution for the actions is:

```python
{0: 0.25, 1: 0.25, 2: 0.25, 3: 0.25}
```

This distribution encourages balanced exploration of all actions, which is suitable given the lack of a specific policy or Q-values to guide exploitation. As the agent learns and develops a better understanding of the environment, this distribution can be adjusted to favor more promising actions."
91,0.0,0.2,0.63964,0.004342641215771437,N/A,N/A
92,0.0,0.1,0.63568,0.008643543347716331,N/A,N/A
93,0.0,0.3,0.6317200000000001,0.0037184671964496374,N/A,N/A
94,0.0,0.1,0.62776,0.0031052783597260714,N/A,N/A
95,0.0,0.3,0.6238,0.0008248320664279163,"In the last episode of the training process on the FrozenLake-v1 environment, the agent received a total reward of 0.0, indicating that it did not successfully reach the goal state (G) and likely fell into a hole (H) or did not reach the goal within the episode's time limit. The action sequence extracted at intervals is [2, 0, 1], which corresponds to the following intended movements:

- Action 2: The agent intended to move up, but due to the slippery nature of the environment, it could have moved up, right, or down with equal probability.
- Action 0: The agent intended to move down, but it could have moved down, left, or up with equal probability.
- Action 1: The agent intended to move right, but it could have moved right, down, or left with equal probability.

Given the environment's stochastic dynamics, the agent's intended actions may not have resulted in the expected transitions, leading to suboptimal navigation and potentially falling into a hole or failing to reach the goal.

### Analysis:
1. **Slippery Dynamics**: The stochastic nature of the environment means that the agent's actions do not always lead to the intended state transitions. This increases the complexity of planning and requires strategies that account for uncertainty.
   
2. **Action Sequence**: The sequence [2, 0, 1] suggests the agent attempted to navigate upwards, then downwards, and finally to the right. This sequence might indicate a lack of a coherent strategy or adaptation to the environment's stochastic nature.

3. **Reward**: The total reward of 0.0 suggests that the agent either fell into a hole or did not reach the goal within the episode. This indicates a need for improved exploration or policy refinement.

### Strategy Recommendations:
1. **Policy Improvement**: Consider using a more robust policy that accounts for the stochastic transitions. This could involve using algorithms like Q-learning with function approximation or deep reinforcement learning methods that can better handle the environment's uncertainty.

2. **Exploration Strategy**: Implement an exploration strategy that encourages the agent to explore different paths and learn from unsuccessful attempts. Techniques like epsilon-greedy with decay or exploration bonuses can be beneficial.

3. **State-Action Value Estimation**: Improve the estimation of state-action values by increasing the number of episodes or using techniques like experience replay to better generalize from past experiences.

4. **Model-Based Approaches**: Consider using model-based reinforcement learning to predict the outcomes of actions more accurately, allowing the agent to plan more effectively in the presence of stochastic transitions.

5. **Reward Shaping**: Introduce intermediate rewards to guide the agent towards the goal, such as small positive rewards for moving closer to the goal or penalties for moving towards holes.

By implementing these strategies, the agent can potentially improve its performance in navigating the FrozenLake environment, increasing the likelihood of reaching the goal state successfully.","To improve the agent's performance in the FrozenLake-v1 environment, we need to consider an exploration strategy that balances exploration and exploitation while accounting for the stochastic nature of the environment. Given the previous episode's outcome and the need for a more coherent strategy, we can adjust the action probabilities to encourage exploration while still allowing for exploitation of known good actions.

One common approach is to use an epsilon-greedy strategy, where the agent mostly exploits the best-known action but occasionally explores other actions. For this scenario, let's assume an epsilon value of 0.2, meaning the agent will explore 20% of the time and exploit the best-known action 80% of the time. Since we don't have specific knowledge of the best action from the previous episode, we can distribute the exploration probability equally among all actions.

Here's how we can distribute the probabilities:

- Exploit the best-known action: 0.8 probability
- Explore other actions: 0.2 probability distributed equally among all actions

Assuming no prior knowledge of the best action, we can initially distribute the probabilities equally among all actions:

- Exploit (80%): Since we don't know the best action, we distribute this equally among all actions.
- Explore (20%): Distributed equally among all actions.

Therefore, the probability distribution for the actions can be calculated as follows:

- Each action gets an equal share of the exploration probability: 0.2 / 4 = 0.05
- Each action also gets an equal share of the exploitation probability: 0.8 / 4 = 0.2

Combining both exploration and exploitation probabilities, each action gets:

- Total probability for each action = 0.05 (exploration) + 0.2 (exploitation) = 0.25

Thus, the probability distribution for the actions is:

```python
{0: 0.25, 1: 0.25, 2: 0.25, 3: 0.25}
```

This distribution encourages exploration equally across all actions while still allowing for exploitation, given the lack of specific knowledge about the best action. As the agent learns more about the environment, this distribution can be adjusted to favor actions that lead to higher rewards."
96,0.0,0.1,0.61984,0.005037457216531038,N/A,N/A
97,0.0,0.1,0.61588,0.0025830843951553106,N/A,N/A
98,0.0,0.1,0.61192,0.002425019396468997,N/A,N/A
99,0.0,0.0,0.6079600000000001,0.00159893196541816,N/A,N/A
100,0.0,0.2,0.604,0.0059726303443312645,"In the last episode of the training process on the FrozenLake-v1 environment, the agent received a total reward of 0.0, indicating that it did not reach the goal state (G) and likely fell into a hole (H) or ran out of steps. The action sequence extracted at intervals is [3, 3, 3, 1, 1], which corresponds to the following actions based on the environment's transition dynamics:

- Action 3: Move left, with possible outcomes being left, up, or right.
- Action 1: Move right, with possible outcomes being right, down, or left.

Given the sequence [3, 3, 3, 1, 1], let's analyze the potential path the agent might have taken:

1. Starting at state 0 (S), the agent attempts to move left (action 3). However, since it is already at the leftmost edge, it remains in state 0 or moves to state 1 or 4 due to the slippery nature.
2. The agent repeats action 3 two more times, which could keep it in the same state or move it to adjacent states, depending on the stochastic transitions.
3. The agent then attempts to move right (action 1), which could move it to state 1, 4, or 0.
4. The final action is again to move right (action 1), potentially moving it further right or back to a previous state.

Given the total reward of 0.0, it is likely that the agent either fell into a hole or did not reach the goal within the episode's step limit. The sequence suggests that the agent may have been oscillating between a few states without making significant progress towards the goal.

### Strategy Recommendations:

1. **Exploration Strategy**: The agent might benefit from a more structured exploration strategy. Consider implementing epsilon-greedy exploration with a decaying epsilon to balance exploration and exploitation over time.

2. **State Value Estimation**: Improve the estimation of state values by using techniques like Q-learning or SARSA, which can help the agent learn the expected rewards for each state-action pair more effectively.

3. **Policy Improvement**: Encourage the agent to learn a better policy by using policy iteration or value iteration methods, which can help in converging to an optimal policy faster.

4. **Reward Shaping**: Introduce intermediate rewards for reaching certain states that are closer to the goal, which can guide the agent towards the goal more effectively.

5. **Model-Based Approaches**: Consider using model-based reinforcement learning to simulate the environment's dynamics, allowing the agent to plan its actions more effectively.

6. **Increase Episode Length**: If the agent is consistently running out of steps, consider increasing the maximum number of steps per episode to give it more opportunities to reach the goal.

By implementing these strategies, the agent may improve its ability to navigate the FrozenLake environment and increase its chances of reaching the goal state successfully.","To improve the agent's effectiveness in the FrozenLake environment, we need to consider a strategy that balances exploration and exploitation. Given the previous episode's outcome, the agent may benefit from a more structured exploration strategy, such as epsilon-greedy with a decaying epsilon. However, since we are focusing on the immediate next episode, we can start with a slightly higher exploration rate to encourage the agent to explore more diverse paths and avoid falling into holes.

Here's a suggested probability distribution for the actions:

- **Action 0 (Move Down)**: This action can help the agent progress towards the goal, especially if it is stuck in the top rows. We should assign a reasonable probability to encourage downward movement.
- **Action 1 (Move Right)**: Moving right is generally beneficial as it can help the agent move towards the goal, especially from the starting position. This action should have a higher probability.
- **Action 2 (Move Up)**: Moving up is less likely to be beneficial unless the agent is near the bottom rows. This action should have a lower probability.
- **Action 3 (Move Left)**: Moving left can be risky, especially if the agent is near the left edge. This action should have a moderate probability to avoid getting stuck.

Given these considerations, here's a proposed distribution:

```python
{
    0: 0.25,  # Move Down
    1: 0.35,  # Move Right
    2: 0.15,  # Move Up
    3: 0.25   # Move Left
}
```

This distribution encourages the agent to explore moving right and down more frequently, which are generally safer and more goal-oriented directions in the FrozenLake environment. The probabilities can be adjusted in future episodes based on the agent's performance and learning progress."
101,0.0,0.0,0.6000399999999999,0.00374465505592525,N/A,N/A
102,0.0,0.0,0.59608,0.0038756292778998613,N/A,N/A
103,0.0,0.1,0.59212,0.003906192723661661,N/A,N/A
104,0.0,0.1,0.58816,0.003392274957150221,N/A,N/A
105,0.0,0.1,0.5842,0.015105348080396652,"In the last episode of the training process on the FrozenLake-v1 environment, the agent received a total reward of 0.0, indicating that it did not successfully reach the goal state (G) and likely fell into a hole (H) or did not reach the goal within the episode's time limit. The action sequence extracted at intervals was [0, 1, 1, 1], which corresponds to the following intended movements based on the action definitions:

1. **Action 0**: Intended to move down, but due to the slippery nature, the agent could have moved left or up instead.
2. **Action 1**: Intended to move right, but could have moved down or left.
3. **Action 1**: Again intended to move right, but could have moved down or left.
4. **Action 1**: Once more intended to move right, but could have moved down or left.

Given the slippery transition dynamics, the agent's actual path might have deviated significantly from the intended path due to the stochastic nature of the environment. This could have led the agent into a hole or prevented it from reaching the goal.

### Analysis:
- **Slippery Dynamics**: The stochastic nature of the environment means that even if the agent has a seemingly optimal policy, the randomness can lead to suboptimal outcomes.
- **Action Sequence**: The repeated action of moving right suggests a strategy to move towards the goal, but the initial action of moving down might have placed the agent in a less favorable position, especially if it ended up near a hole.

### Strategy Recommendations:
1. **Policy Improvement**: Consider using a more robust policy that accounts for the stochastic nature of the environment. This could involve strategies that minimize risk, such as avoiding states adjacent to holes whenever possible.
   
2. **Exploration-Exploitation Balance**: Ensure that the agent has a good balance between exploration and exploitation. This might involve adjusting exploration parameters (e.g., epsilon in epsilon-greedy strategies) to allow the agent to explore more diverse paths and learn better policies.

3. **State Value Estimation**: Improve the estimation of state values to better guide the agent's decisions. This could involve using more sophisticated algorithms like Q-learning or SARSA with function approximation to better capture the value of each state-action pair.

4. **Simulations and Planning**: Use model-based approaches or simulations to plan ahead and evaluate the potential outcomes of different action sequences. This can help the agent anticipate the effects of the slippery dynamics and choose actions that are more likely to lead to the goal.

5. **Reward Shaping**: Consider implementing reward shaping to provide intermediate rewards for reaching certain states that are closer to the goal, encouraging the agent to follow paths that are more likely to lead to success.

By implementing these strategies, the agent may improve its ability to navigate the FrozenLake environment effectively, increasing the likelihood of reaching the goal state and achieving a positive reward.","To improve the agent's effectiveness in the FrozenLake environment, we need to consider the balance between exploration and exploitation, as well as the stochastic nature of the environment. Given the previous episode's outcome and the analysis, we should adjust the action probabilities to encourage exploration while still favoring actions that are likely to lead towards the goal.

In the FrozenLake environment, the goal is located at the bottom-right corner of the grid (state 15), and the agent starts at the top-left corner (state 0). The agent should generally aim to move towards the bottom and right directions, but due to the slippery nature, it should also explore other actions to avoid getting stuck or falling into holes.

Here's a suggested probability distribution for the actions:

- **Action 0 (Down)**: This action is generally favorable as it moves the agent towards the bottom of the grid, closer to the goal. However, due to the slippery nature, it might not always be the best choice, especially if it leads to a hole.
- **Action 1 (Right)**: This action is also favorable as it moves the agent towards the right, closer to the goal. Given the previous episode's strategy, this action should be slightly favored.
- **Action 2 (Up)**: This action is less favorable as it moves the agent away from the goal, but it might be useful in certain situations to avoid holes.
- **Action 3 (Left)**: Similar to action 2, this action moves the agent away from the goal, but it might be necessary to explore occasionally to avoid getting stuck.

Considering these factors, a reasonable probability distribution could be:

```python
{0: 0.25, 1: 0.4, 2: 0.15, 3: 0.2}
```

- **Action 0 (Down)**: 0.25 probability to encourage moving towards the bottom.
- **Action 1 (Right)**: 0.4 probability to favor moving towards the goal.
- **Action 2 (Up)**: 0.15 probability to allow some exploration and avoid holes.
- **Action 3 (Left)**: 0.2 probability to allow some exploration and avoid holes.

This distribution slightly favors moving right, as it aligns with the goal-directed strategy, while still allowing for exploration to account for the environment's stochastic nature. Adjustments can be made based on further observations and learning progress."
106,0.0,0.2,0.5802400000000001,0.0033164075575768948,N/A,N/A
107,0.0,0.2,0.57628,0.002606386551633477,N/A,N/A
108,0.0,0.2,0.5723199999999999,0.0037901662290096283,N/A,N/A
109,0.0,0.2,0.56836,0.0032239172141999006,N/A,N/A
110,0.0,0.0,0.5644,0.0027439245022833347,"In the last episode of the training process on the FrozenLake-v1 environment, the agent received a total reward of 0.0, indicating that it did not reach the goal state (G) and likely fell into a hole (H) or failed to navigate successfully to the goal. The action sequence extracted at intervals was [1, 3, 0, 0], which corresponds to the following:

- Action 1: Attempt to move right, but due to the slippery nature, the agent could have moved down, left, or right.
- Action 3: Attempt to move left, but the agent could have moved up, right, or left.
- Action 0: Attempt to move down, but the agent could have moved left, up, or down.
- Action 0: Another attempt to move down, with the same possible outcomes as the previous action.

Given the stochastic nature of the environment, the agent's intended actions may not have resulted in the expected movements, leading to suboptimal navigation and ultimately failing to reach the goal.

### Analysis:
1. **Stochastic Transitions**: The slippery nature of the environment means that the agent's actions do not always result in the intended movement. This increases the difficulty of planning a reliable path to the goal.
2. **Action Sequence**: The sequence [1, 3, 0, 0] suggests that the agent attempted to move right, then left, and then down twice. This sequence might not have been optimal given the grid layout and the presence of holes.
3. **Reward Outcome**: The total reward of 0.0 indicates that the agent either fell into a hole or did not reach the goal within the episode.

### Strategy Recommendations:
1. **Policy Improvement**: Consider using a more sophisticated exploration strategy, such as epsilon-greedy with a decaying epsilon, to balance exploration and exploitation. This can help the agent learn more about the environment and improve its policy over time.
2. **Value Function Estimation**: Implement value iteration or Q-learning to better estimate the value of each state-action pair. This can help the agent make more informed decisions despite the stochastic transitions.
3. **Model-Based Approach**: If feasible, consider using a model-based approach to simulate potential outcomes of actions, allowing the agent to plan more effectively.
4. **State-Action Exploration**: Encourage exploration of less-visited state-action pairs to ensure the agent learns about the entire environment, including potential pitfalls and optimal paths.
5. **Reward Shaping**: Introduce intermediate rewards for reaching certain states or avoiding holes to guide the agent towards the goal more effectively.
6. **Environment Familiarization**: Allow the agent to explore the environment without penalty initially to build a better understanding of the grid layout and transition dynamics.

By implementing these strategies, the agent can potentially improve its performance in navigating the FrozenLake environment and increase its chances of reaching the goal state successfully.","To improve the agent's performance in the FrozenLake-v1 environment, we need to consider a strategy that balances exploration and exploitation while accounting for the stochastic nature of the environment. Given the previous episode's outcome and the analysis, an epsilon-greedy strategy with a decaying epsilon is a suitable approach. This strategy allows the agent to explore the environment while gradually shifting towards exploiting known information as it learns.

For the next episode, we can start with a moderate level of exploration. Let's assume an initial epsilon value of 0.2, which means the agent will explore (choose a random action) 20% of the time and exploit (choose the best-known action) 80% of the time. Since we don't have specific Q-values or a policy to exploit yet, we will distribute the exploitation probability equally among the actions for now.

Here's how the action probabilities can be distributed:

- Exploration probability (random action): 0.2
- Exploitation probability (best-known action): 0.8

Since we don't have a specific policy yet, we can distribute the exploitation probability equally among the four actions. Therefore, each action will have an equal probability of being chosen during exploitation.

The distribution of actions for the next episode can be represented as follows:

```python
{
    0: 0.2 * 0.25 + 0.8 * 0.25,  # Exploration + Equal Exploitation
    1: 0.2 * 0.25 + 0.8 * 0.25,
    2: 0.2 * 0.25 + 0.8 * 0.25,
    3: 0.2 * 0.25 + 0.8 * 0.25
}
```

This simplifies to:

```python
{
    0: 0.25,
    1: 0.25,
    2: 0.25,
    3: 0.25
}
```

This uniform distribution reflects a balanced approach, allowing the agent to explore all actions equally while it learns more about the environment. As the agent gathers more information and updates its policy, the distribution can be adjusted to favor actions that lead to higher rewards."
111,0.0,0.0,0.56044,0.001991378143429756,N/A,N/A
112,0.0,0.0,0.55648,0.01207038015127182,N/A,N/A
113,1.0,0.3,0.55252,0.0031063116621226072,N/A,N/A
114,0.0,0.1,0.5485599999999999,0.004921904299408197,N/A,N/A
115,0.0,0.1,0.5446,0.0029782503843307495,"In the last episode of the training process on the FrozenLake-v1 environment, the agent received a total reward of 0.0, indicating that it did not successfully reach the goal state (G) and likely fell into a hole (H) or failed to reach the goal within the episode's time limit. The action sequence extracted at intervals was [1, 1, 1, 0, 2, 0], which corresponds to the following intended movements based on the action mapping:

- Action 1: Move right
- Action 1: Move right
- Action 1: Move right
- Action 0: Move down
- Action 2: Move up
- Action 0: Move down

Let's analyze the agent's path based on this sequence:

1. **Initial State (0):** The agent starts at the initial position 'S' (state 0).
2. **Action 1 (Right):** The agent attempts to move right from state 0 to state 1.
3. **Action 1 (Right):** The agent attempts to move right from state 1 to state 2.
4. **Action 1 (Right):** The agent attempts to move right from state 2 to state 3.
5. **Action 0 (Down):** The agent attempts to move down from state 3 to state 7.
6. **Action 2 (Up):** The agent attempts to move up from state 7 to state 3.
7. **Action 0 (Down):** The agent attempts to move down from state 3 to state 7.

Given the slippery nature of the environment, the agent's intended movements may not have been executed as planned due to the stochastic transition dynamics. The agent's path likely led it into a hole (H) or it failed to reach the goal (G), resulting in a reward of 0.0.

### Strategy Recommendations:

1. **Improved Exploration:**
   - Encourage more diverse exploration strategies to help the agent discover successful paths to the goal. This could involve using exploration techniques like epsilon-greedy with a decaying epsilon or implementing more sophisticated exploration strategies like Upper Confidence Bound (UCB) or Thompson Sampling.

2. **Increased Training Episodes:**
   - Increase the number of training episodes to allow the agent more opportunities to learn the optimal policy, especially given the stochastic nature of the environment.

3. **Reward Shaping:**
   - Consider implementing reward shaping to provide intermediate rewards for reaching certain states or avoiding holes, which can guide the agent towards the goal more effectively.

4. **Policy Optimization:**
   - Evaluate and optimize the policy using algorithms that are robust to stochastic environments, such as Q-learning with function approximation or policy gradient methods.

5. **State-Action Value Estimation:**
   - Improve the estimation of state-action values by using techniques like eligibility traces or experience replay to better capture the dynamics of the environment.

6. **Environment Understanding:**
   - Ensure the agent has a good understanding of the environment's transition dynamics, possibly by incorporating model-based approaches that simulate the environment's behavior.

By implementing these strategies, the agent may improve its ability to navigate the FrozenLake environment successfully and increase its likelihood of reaching the goal state.","To improve the agent's exploration strategy in the FrozenLake environment, we need to consider a balanced approach that encourages exploration while also leveraging any learned knowledge. Given the stochastic nature of the environment and the agent's previous failure to reach the goal, an epsilon-greedy strategy with a decaying epsilon can be effective. This approach allows the agent to explore new actions while gradually focusing on exploiting known good actions as it learns.

For the next episode, we can start with a moderate level of exploration. Let's assume an initial epsilon value of 0.2, which means the agent will explore (choose a random action) 20% of the time and exploit (choose the best-known action) 80% of the time. Since we don't have specific Q-values or a policy to exploit, we'll distribute the probabilities evenly among the actions for exploration.

Here's how the action probabilities can be distributed:

- Exploration (random action): 20% of the time
- Exploitation (best-known action): 80% of the time, distributed evenly among actions since we don't have specific preferences yet

Given this, the probability distribution for the actions can be:

- Exploration: 0.2 / 4 = 0.05 for each action
- Exploitation: 0.8 / 4 = 0.20 for each action (assuming equal preference due to lack of specific policy)

Combining exploration and exploitation, the distribution becomes:

```python
{0: 0.25, 1: 0.25, 2: 0.25, 3: 0.25}
```

This distribution reflects an equal probability for each action, which is suitable for initial exploration when the agent does not have a strong preference for any particular action. As the agent learns and updates its policy, these probabilities can be adjusted to favor actions that lead to better outcomes."
116,0.0,0.1,0.54064,0.005220016464591026,N/A,N/A
117,0.0,0.0,0.53668,0.0013503811787813902,N/A,N/A
118,0.0,0.1,0.5327200000000001,0.002717075403779745,N/A,N/A
119,0.0,0.3,0.52876,0.002426743973046541,N/A,N/A
120,0.0,0.2,0.5248,0.003027732018381357,"In the last episode of training on the FrozenLake-v1 environment, the agent received a total reward of 0.0, indicating that it did not reach the goal state (G) and likely fell into a hole (H) or failed to make progress towards the goal. The action sequence extracted at intervals is [2, 0], which corresponds to the agent attempting to move in the following directions:

- Action 2: The agent intended to move up, but due to the slippery nature of the environment, it could have moved right, down, or up with equal probability.
- Action 0: The agent intended to move down, but it could have moved left, up, or down with equal probability.

Given the stochastic transition dynamics of the environment, the agent's intended actions might not have resulted in the expected movements, leading to suboptimal exploration and potentially causing the agent to fall into a hole or remain stuck in a loop without reaching the goal.

### Analysis:
1. **Stochastic Transitions**: The environment's slippery nature introduces significant uncertainty in the agent's movements. This makes it challenging for the agent to reliably reach the goal using deterministic strategies.
2. **Limited Action Sequence**: The short action sequence [2, 0] suggests that the episode ended quickly, likely due to the agent falling into a hole or being unable to make progress.
3. **Exploration vs. Exploitation**: The agent may not have effectively balanced exploration and exploitation, leading to repeated suboptimal actions.

### Strategy Recommendations:
1. **Increased Exploration**: Encourage more exploration by adjusting the exploration strategy (e.g., using an epsilon-greedy approach with a higher epsilon value initially) to allow the agent to discover more of the state space and learn the consequences of different actions.
   
2. **Model-Based Approaches**: Consider implementing a model-based reinforcement learning approach where the agent builds a model of the environment's transition dynamics. This could help the agent predict the outcomes of its actions more accurately and plan better paths to the goal.

3. **Reward Shaping**: Introduce intermediate rewards for reaching certain states or making progress towards the goal to guide the agent more effectively through the environment.

4. **Policy Improvement**: Use techniques like Q-learning or SARSA with function approximation to improve the agent's policy. Ensure that the learning rate and discount factor are appropriately tuned to balance learning speed and stability.

5. **State Representation**: Enhance the state representation to include additional features or use function approximation methods like neural networks to better capture the environment's dynamics.

By implementing these strategies, the agent can improve its ability to navigate the FrozenLake environment, increase its chances of reaching the goal, and ultimately achieve higher rewards in future episodes.","To improve the agent's exploration in the FrozenLake-v1 environment, we need to adjust the action selection strategy to encourage more exploration. Given the stochastic nature of the environment and the need for the agent to explore more effectively, an epsilon-greedy strategy can be a good choice. This strategy allows the agent to explore the environment by selecting random actions with a certain probability (epsilon) while exploiting the best-known actions with a probability of (1 - epsilon).

For the next episode, we can set a higher epsilon value to encourage exploration. Let's assume an epsilon value of 0.3, meaning the agent will explore (choose a random action) 30% of the time and exploit (choose the best-known action) 70% of the time. Since we don't have specific Q-values or a policy to exploit, we'll distribute the exploration probability equally among all actions.

Here's how the action distribution can be set for the next episode:

- Exploration (random action): 30% of the time
- Exploitation (best-known action): 70% of the time, distributed equally among all actions since we don't have a specific policy yet.

The distribution for the 4 actions can be calculated as follows:

- Each action has an equal chance of being selected during exploration (0.3 / 4 = 0.075).
- During exploitation, each action is equally likely since we don't have a specific policy (0.7 / 4 = 0.175).

Thus, the probability distribution for each action is:

```python
{0: 0.075 + 0.175, 1: 0.075 + 0.175, 2: 0.075 + 0.175, 3: 0.075 + 0.175}
```

Simplifying this, we get:

```python
{0: 0.25, 1: 0.25, 2: 0.25, 3: 0.25}
```

This distribution reflects a uniform exploration strategy, which is suitable for encouraging the agent to explore the environment more thoroughly in the absence of a specific policy to exploit."
121,0.0,0.1,0.52084,0.0033504003658890724,N/A,N/A
122,0.0,0.0,0.51688,0.0035882522352039814,N/A,N/A
123,0.0,0.2,0.51292,0.0029862404335290194,N/A,N/A
124,0.0,0.2,0.5089600000000001,0.003229586873203516,N/A,N/A
125,0.0,0.5,0.505,0.004189389292150736,"In the last episode of the training process on the FrozenLake-v1 environment, the agent received a total reward of 0.0, indicating that it did not successfully reach the goal state (G) and likely fell into a hole (H) or ran out of steps without reaching the goal. The action sequence extracted at intervals is [3, 1, 0, 0, 0, 0, 0, 0, 2, 3, 3, 0, 3, 3, 0, 0, 1, 3, 3, 3, 3, 3, 0, 1, 0, 0, 0, 0, 3, 1].

### Analysis:

1. **Action Sequence**:
   - The sequence of actions shows a mix of all possible actions (0: down, 1: right, 2: up, 3: left).
   - There is a noticeable repetition of certain actions, particularly action 0 (down) and action 3 (left), suggesting that the agent might be stuck in a loop or is unable to effectively navigate towards the goal.

2. **Environment Dynamics**:
   - The environment is slippery, meaning that the agent's intended actions do not always result in the expected movement. This stochasticity can lead to the agent ending up in unintended states, especially if it is not accounting for the probabilistic nature of the transitions.

3. **State Transitions**:
   - Given the action sequence and the environment's dynamics, it is likely that the agent encountered holes (H) or was unable to navigate effectively to the goal (G).
   - The lack of reward suggests that the agent either fell into a hole or failed to reach the goal within the episode's step limit.

### Strategy Recommendations:

1. **Policy Improvement**:
   - The agent's policy may need refinement to better handle the stochastic transitions. This could involve using more sophisticated exploration strategies, such as epsilon-greedy with decay, to balance exploration and exploitation.

2. **State-Action Value Estimation**:
   - Implementing a more robust method for estimating state-action values, such as Q-learning or SARSA, could help the agent learn more effective policies over time. These methods can help the agent better anticipate the consequences of its actions in a slippery environment.

3. **Model-Based Approaches**:
   - Consider incorporating a model-based approach where the agent learns a model of the environment's dynamics. This could help the agent plan its actions more effectively by simulating potential outcomes before taking actions.

4. **Reward Shaping**:
   - Introduce intermediate rewards to guide the agent towards the goal. For example, providing small positive rewards for moving closer to the goal or avoiding holes could encourage more goal-directed behavior.

5. **Increased Exploration**:
   - Encourage more diverse exploration early in training to ensure the agent experiences a wide range of states and transitions. This can help the agent build a more comprehensive understanding of the environment.

6. **Environment Familiarization**:
   - Allow the agent to spend more time familiarizing itself with the environment's layout and dynamics. This could involve running additional episodes with a focus on exploration rather than immediate reward maximization.

By implementing these strategies, the agent may improve its ability to navigate the FrozenLake environment and increase its chances of successfully reaching the goal state.","To improve the agent's effectiveness in the FrozenLake environment, we need to adjust the action exploration strategy to better account for the environment's stochastic nature and the observed action sequence. Given the analysis, we should encourage more exploration to help the agent discover effective paths to the goal while also considering the need to avoid falling into holes.

Considering the previous episode's action sequence and the need for exploration, a balanced approach with a slight bias towards actions that might help in escaping loops or ineffective paths can be beneficial. Here's a suggested probability distribution for the actions:

- **Action 0 (Down)**: This action was frequently used, but the agent might have been stuck in a loop. We should slightly reduce its probability to encourage trying other actions.
- **Action 1 (Right)**: Moving right can often be beneficial in reaching the goal, especially from the starting position. We can slightly increase its probability.
- **Action 2 (Up)**: This action was less used in the sequence. Increasing its probability can help explore alternative paths.
- **Action 3 (Left)**: This action was also frequently used, potentially contributing to loops. We should slightly reduce its probability.

Given these considerations, here's a proposed distribution:

```python
{0: 0.25, 1: 0.30, 2: 0.25, 3: 0.20}
```

This distribution encourages exploration of moving right and up, which may help the agent find new paths and avoid getting stuck in loops, while still allowing for reasonable exploration of moving down and left."
126,0.0,0.3,0.5010399999999999,0.014852345921099186,N/A,N/A
127,0.0,0.4,0.49707999999999997,0.010237672366201878,N/A,N/A
128,0.0,0.4,0.49312,0.008139064535498619,N/A,N/A
129,0.0,0.5,0.48916000000000004,0.004284193739295006,N/A,N/A
130,0.0,0.0,0.48519999999999996,0.0078016179613769054,"In the last episode of the training process on the FrozenLake-v1 environment, the agent received a total reward of 0.0, indicating that it did not reach the goal state (G) and likely fell into a hole (H) or ran out of steps before reaching the goal. The action sequence extracted at intervals was [0, 0, 0, 3, 3, 0], which corresponds to the following intended movements based on the action mapping:

- Action 0: Move down
- Action 3: Move left

Given the environment's transition dynamics, the agent's intended actions may not have resulted in the expected movements due to the slippery nature of the grid. The agent's actual path could have been significantly different from its intended path, leading to a failure to reach the goal.

### Analysis of the Action Sequence:

1. **Initial Moves (0, 0, 0):** The agent attempted to move down three times. Depending on its starting position and the stochastic nature of the environment, these moves could have resulted in the agent slipping into unintended directions, potentially towards a hole (H).

2. **Subsequent Moves (3, 3):** The agent then attempted to move left twice. If the agent was near the left border or a hole, these actions might have led to staying in place or falling into a hole.

3. **Final Move (0):** The last action was another attempt to move down. If the agent was already in a precarious position, this move might not have been enough to recover and reach the goal.

### Possible Strategy Recommendations:

1. **Improved Exploration Strategy:** 
   - Encourage more diverse exploration by incorporating exploration strategies like epsilon-greedy with a decaying epsilon or using softmax action selection to balance exploration and exploitation.
   - Consider using a model-based approach to better predict the outcomes of actions in the slippery environment.

2. **State-Action Value Estimation:**
   - Enhance the learning algorithm to better estimate the state-action values, possibly using Q-learning or SARSA with function approximation to handle the stochastic transitions more effectively.

3. **Environment Modeling:**
   - Develop a better understanding of the environment's dynamics by simulating different action sequences and observing the resulting state transitions. This could help in creating a more robust policy that accounts for the stochastic nature of the environment.

4. **Policy Improvement:**
   - Implement policy iteration or value iteration to iteratively improve the policy based on the learned value function.
   - Consider using a policy gradient method to directly optimize the policy, which might be more effective in handling the stochastic transitions.

5. **Reward Shaping:**
   - Introduce intermediate rewards for reaching certain states or avoiding holes to guide the agent towards the goal more effectively.

By adopting these strategies, the agent can potentially improve its performance in navigating the FrozenLake environment and increase its chances of reaching the goal state successfully.","To improve the agent's effectiveness in the FrozenLake environment, we need to balance exploration and exploitation while considering the stochastic nature of the environment. Given the agent's previous failure to reach the goal, a more exploratory approach might be beneficial to discover more effective paths and avoid pitfalls like holes.

One common strategy is to use an epsilon-greedy approach, where the agent mostly exploits the best-known actions but occasionally explores other actions. For this scenario, we can start with a higher exploration rate and gradually decay it as the agent learns more about the environment.

Assuming an initial exploration rate (epsilon) of 0.3, we can distribute the probabilities as follows:

- With probability (1 - epsilon), the agent will choose the action with the highest estimated value (exploitation).
- With probability epsilon, the agent will choose randomly among all actions (exploration).

Since we don't have specific value estimates for each action, we can initially distribute the exploration probability equally among all actions. Therefore, the distribution for the next episode could be:

- Exploit the best-known action (assuming equal initial value estimates, we distribute this equally among all actions): 0.7 / 4 = 0.175 for each action.
- Explore randomly: 0.3 / 4 = 0.075 for each action.

Combining these, the probability distribution for each action becomes:

```python
{
    0: 0.175 + 0.075,  # Move down
    1: 0.175 + 0.075,  # Move right
    2: 0.175 + 0.075,  # Move up
    3: 0.175 + 0.075   # Move left
}
```

Simplifying, we get:

```python
{
    0: 0.25,
    1: 0.25,
    2: 0.25,
    3: 0.25
}
```

This distribution reflects a balanced exploration strategy, allowing the agent to explore all actions equally while it gathers more information about the environment. As the agent learns, the distribution can be adjusted to favor actions with higher estimated values."
131,0.0,0.4,0.48124,0.02532222308218479,N/A,N/A
132,0.0,0.1,0.4772799999999999,0.013813504949212074,N/A,N/A
133,0.0,0.3,0.47331999999999996,0.018325600773096085,N/A,N/A
134,0.0,0.3,0.46936,0.016641465947031975,N/A,N/A
135,0.0,0.1,0.4653999999999999,0.014979234896600246,"In the last episode of the training process on the FrozenLake-v1 environment, the agent ended with a total reward of 0.0, indicating that it did not reach the goal state (G) and likely fell into a hole (H) or ran out of steps before reaching the goal. The action sequence taken by the agent was [1, 1, 3, 3, 0, 0, 0, 0, 0, 1, 0, 3, 3, 3, 1].

### Analysis:

1. **Initial Actions (1, 1):**
   - The agent started by taking two consecutive actions of '1', which corresponds to attempting to move right. Given the slippery nature of the environment, these actions could have resulted in the agent moving in unintended directions, such as down or left.

2. **Middle Actions (3, 3, 0, 0, 0, 0, 0):**
   - The agent then attempted to move left twice (action '3'), followed by five consecutive attempts to move down (action '0'). This sequence suggests the agent might have been trying to navigate towards the lower rows of the grid.
   - The repeated '0' actions indicate a possible strategy to reach the goal by moving downwards, but due to the stochastic transitions, the agent might have ended up in a hole or a non-goal state.

3. **Final Actions (1, 0, 3, 3, 3, 1):**
   - The agent's final actions included moving right, down, and then left multiple times. This erratic pattern suggests the agent was either trying to correct its course or was affected by the environment's stochastic nature, leading to unintended movements.

### Possible Strategy Recommendations:

1. **Improved Exploration:**
   - Encourage more diverse exploration strategies to better understand the environment's dynamics. This could involve using exploration techniques like epsilon-greedy with a decaying epsilon or implementing a more sophisticated exploration strategy like Upper Confidence Bound (UCB) or Thompson Sampling.

2. **Policy Refinement:**
   - Refine the policy to better account for the stochastic nature of the environment. This could involve using model-based approaches to predict possible outcomes of actions or employing techniques like Q-learning with eligibility traces to improve learning efficiency.

3. **State Value Estimation:**
   - Enhance the estimation of state values to better guide the agent's decisions. This could involve using function approximation methods like neural networks to generalize value estimates across similar states.

4. **Environment Understanding:**
   - Increase the agent's understanding of the environment by incorporating more information about the grid layout and potential pitfalls. This could involve using a model of the environment to simulate different scenarios and outcomes.

5. **Reward Shaping:**
   - Consider implementing reward shaping to provide intermediate rewards for reaching certain states or avoiding holes. This can help guide the agent towards the goal more effectively.

By implementing these strategies, the agent can potentially improve its performance in future episodes, increasing the likelihood of reaching the goal state and achieving a higher total reward.","To improve the agent's performance in the FrozenLake-v1 environment, we need to consider the stochastic nature of the environment and the previous episode's action sequence. The agent's actions should be distributed in a way that encourages exploration while also considering the potential benefits of each action.

Given the analysis and recommendations, a balanced exploration strategy can be implemented using an epsilon-greedy approach. This involves selecting a random action with probability epsilon to encourage exploration and selecting the best-known action with probability 1-epsilon to exploit the current knowledge.

For the next episode, let's assume an epsilon value of 0.2, which is a common choice for balancing exploration and exploitation. This means 20% of the time, the agent will explore randomly, and 80% of the time, it will exploit its current knowledge.

Since the agent's previous actions indicate a need for better exploration and understanding of the environment, we can distribute the probabilities as follows:

- Action 0 (move down): Given the goal is at the bottom, this action should have a slightly higher probability to encourage moving towards the goal.
- Action 1 (move right): This action can help navigate towards the goal when in the left part of the grid.
- Action 2 (move up): This action is less likely to be beneficial since the goal is at the bottom, so it should have a lower probability.
- Action 3 (move left): This action can be useful for correcting course but should be balanced with moving right.

Considering these factors, the action distribution can be set as follows:

```python
{
    0: 0.35,  # Move down
    1: 0.30,  # Move right
    2: 0.15,  # Move up
    3: 0.20   # Move left
}
```

This distribution encourages the agent to explore moving down and right more frequently, which aligns with the goal's location, while still allowing for exploration in other directions to account for the environment's stochastic nature."
136,0.0,0.1,0.46143999999999996,0.01141323521733284,N/A,N/A
137,0.0,0.1,0.45748,0.01448835339397192,N/A,N/A
138,0.0,0.5,0.4535199999999999,0.0043256692588329315,N/A,N/A
139,0.0,0.3,0.44955999999999996,0.007379956543445587,N/A,N/A
140,0.0,0.4,0.4456,0.005995592102408409,"In the last episode of the training process on the FrozenLake-v1 environment, the agent received a total reward of 0.0, indicating that it did not successfully reach the goal state (G) and likely fell into a hole (H) or ran out of steps without reaching the goal. The action sequence extracted at intervals was [0, 0, 1, 3, 0, 1, 2, 3, 1, 1, 1, 3, 1, 0]. Let's analyze this sequence and provide some strategy recommendations.

### Analysis:

1. **Initial Actions (0, 0):**
   - The agent starts at state 0 (S) and takes action 0 twice, which corresponds to attempting to move down. Due to the slippery nature of the environment, the agent could have ended up in states 4 or 5, or remained in state 0.

2. **Subsequent Actions (1, 3, 0, 1):**
   - The agent then takes action 1 (attempting to move right), followed by action 3 (attempting to move left), action 0 (attempting to move down), and action 1 again (attempting to move right). This sequence suggests the agent is trying to navigate through the grid but may be oscillating between states due to the stochastic transitions.

3. **Middle Actions (2, 3, 1, 1, 1):**
   - Actions 2 (attempting to move up), 3 (attempting to move left), and multiple 1s (attempting to move right) indicate the agent is possibly stuck in a loop or struggling to find a clear path towards the goal. This could be due to the agent being near a hole or the edges of the grid.

4. **Final Actions (3, 1, 0):**
   - The final actions suggest the agent is still attempting to navigate but ultimately does not reach the goal, as indicated by the total reward of 0.0.

### Strategy Recommendations:

1. **Improved Exploration:**
   - Encourage the agent to explore more diverse paths by adjusting exploration parameters, such as increasing the exploration rate (epsilon) in an epsilon-greedy policy. This can help the agent discover more successful paths to the goal.

2. **State-Action Value Estimation:**
   - Enhance the learning algorithm to better estimate state-action values, possibly by using techniques like Q-learning with eligibility traces or SARSA. This can help the agent learn more robust policies despite the stochastic transitions.

3. **Reward Shaping:**
   - Introduce intermediate rewards for reaching certain states closer to the goal or avoiding holes. This can guide the agent towards more promising paths and discourage it from falling into holes.

4. **Policy Optimization:**
   - Consider using policy gradient methods or actor-critic algorithms to directly optimize the policy. These methods can be more effective in environments with stochastic transitions like FrozenLake.

5. **Environment Modeling:**
   - Implement a model-based approach where the agent learns a model of the environment's dynamics and uses it to plan its actions. This can help the agent anticipate the effects of its actions more accurately.

By incorporating these strategies, the agent may improve its ability to navigate the FrozenLake environment and increase its chances of reaching the goal successfully.","To improve the agent's effectiveness in the FrozenLake environment, we need to adjust the action exploration strategy to encourage more diverse exploration while still allowing for exploitation of known good actions. Given the stochastic nature of the environment and the previous episode's outcome, a balanced approach is necessary.

One common strategy is to use an epsilon-greedy policy, where the agent mostly exploits the best-known actions but occasionally explores random actions. Let's assume we want to increase exploration to help the agent discover better paths. We can set a higher exploration rate, say 0.3, meaning the agent will explore random actions 30% of the time and exploit the best-known actions 70% of the time.

Assuming the agent has a uniform initial estimate of action values (since specific Q-values are not provided), we can distribute the exploration probability equally among all actions. The exploitation probability will be concentrated on the best-known action, but since we don't have specific Q-values, we'll distribute it equally for now.

Here's a suggested distribution for the next episode:

- Exploration probability (random actions): 0.3
- Exploitation probability (best-known actions): 0.7

Since we don't have specific Q-values, we'll distribute the exploitation probability equally among all actions for this example:

- Probability for each action during exploration: 0.3 / 4 = 0.075
- Probability for each action during exploitation: 0.7 / 4 = 0.175

Combining exploration and exploitation probabilities:

- Total probability for each action: 0.075 (exploration) + 0.175 (exploitation) = 0.25

Thus, the distribution of the 4 action explorations for the next episode is:

```python
{0: 0.25, 1: 0.25, 2: 0.25, 3: 0.25}
```

This uniform distribution reflects a balanced approach, encouraging exploration while still allowing for exploitation of any potential good actions the agent might have learned. As the agent learns more about the environment, this distribution can be adjusted to favor actions with higher estimated values."
141,0.0,0.0,0.44164000000000003,0.014867455698549747,N/A,N/A
142,0.0,0.0,0.43768000000000007,0.005701044574379921,N/A,N/A
143,0.0,0.5,0.4337200000000001,0.019633261486887932,N/A,N/A
144,0.0,0.2,0.42976000000000003,0.014196079224348068,N/A,N/A
145,0.0,0.3,0.42580000000000007,0.009116008877754211,"In the last episode of the training process on the FrozenLake-v1 environment, the agent received a total reward of 0.0, indicating that it did not reach the goal state (G) and likely fell into a hole (H) or remained on the frozen surface (F) without reaching the goal. The action sequence extracted at intervals was [1, 2], which corresponds to the following:

- Action 1: The agent attempted to move right, but due to the slippery nature of the environment, it could have moved down, left, or stayed in the same position with equal probability.
- Action 2: The agent attempted to move up, but it could have moved right, down, or stayed in the same position due to the environment's stochastic transitions.

Given this information, the agent's strategy appears to be suboptimal, as it did not successfully navigate to the goal. Here are some possible strategy recommendations to improve the agent's performance:

1. **Exploration Strategy**: The agent may benefit from a more comprehensive exploration strategy. Consider using an exploration technique like epsilon-greedy, where the agent occasionally takes random actions to explore the state space more thoroughly. This can help the agent discover more effective paths to the goal.

2. **Policy Improvement**: The agent's policy might need refinement. Implementing a policy improvement algorithm, such as Q-learning or SARSA, could help the agent learn better action-value estimates and improve its decision-making process over time.

3. **State-Action Value Estimation**: Ensure that the agent is accurately estimating the state-action values. This can be achieved by increasing the number of episodes or iterations to allow the agent to gather more experience and refine its value estimates.

4. **Reward Shaping**: Consider implementing reward shaping to provide intermediate rewards for reaching certain states or avoiding holes. This can guide the agent towards the goal more effectively by providing additional feedback.

5. **Model-Based Approaches**: If the agent struggles with the stochastic nature of the environment, consider using model-based approaches to predict the outcomes of actions more accurately. This can help the agent plan its actions more effectively.

6. **Environment Familiarization**: Allow the agent to spend more time familiarizing itself with the environment's dynamics. This can be achieved by running more episodes and analyzing the transitions to better understand the stochastic behavior.

By implementing these strategies, the agent can improve its ability to navigate the FrozenLake environment and increase its chances of successfully reaching the goal state.","To improve the agent's performance in the FrozenLake-v1 environment, we need to consider a strategy that balances exploration and exploitation. Given the stochastic nature of the environment and the agent's previous suboptimal performance, an epsilon-greedy strategy can be effective. This strategy involves selecting the best-known action most of the time while occasionally exploring other actions to discover potentially better strategies.

Let's assume an epsilon value of 0.2 for exploration, meaning the agent will explore 20% of the time and exploit 80% of the time. When exploring, the agent will choose any of the four actions with equal probability. When exploiting, the agent will choose the action with the highest estimated value based on its current policy.

Since we don't have specific value estimates for each action, we'll assume a uniform distribution for exploitation among the four actions for simplicity. This can be adjusted as the agent learns more about the environment.

Here's how the distribution might look:

- 80% of the time, the agent exploits, and we assume a uniform distribution among the actions for exploitation.
- 20% of the time, the agent explores, choosing any action with equal probability.

The probability distribution for each action can be calculated as follows:

- Exploitation probability for each action: 0.8 / 4 = 0.2
- Exploration probability for each action: 0.2 / 4 = 0.05

Combining both exploitation and exploration probabilities:

- Total probability for each action = Exploitation probability + Exploration probability = 0.2 + 0.05 = 0.25

Therefore, the distribution of the 4 action explorations for the next episode would be:

```python
{0: 0.25, 1: 0.25, 2: 0.25, 3: 0.25}
```

This distribution reflects a balanced approach, allowing the agent to explore all actions equally while it gathers more information to refine its policy. As the agent learns and updates its value estimates, this distribution can be adjusted to favor actions with higher expected returns."
146,0.0,0.4,0.42184,0.0045890212059021,N/A,N/A
147,0.0,0.2,0.41788000000000003,0.005788462236523628,N/A,N/A
148,1.0,0.4,0.41392000000000007,0.010233509354293346,N/A,N/A
149,0.0,0.0,0.40996,0.0051335240714251995,N/A,N/A
150,0.0,0.5,0.406,0.004057994578033686,"In the last episode of the training process on the FrozenLake-v1 environment, the agent received a total reward of 0.0, indicating that it did not successfully reach the goal state (G) and likely fell into a hole (H) or failed to reach the goal within the episode's time limit. The action sequence extracted at intervals was [3, 3, 2, 1], which corresponds to the following intended movements based on the action mapping:

- Action 3: Move left
- Action 3: Move left
- Action 2: Move up
- Action 1: Move right

Given the slippery nature of the environment, the agent's intended actions might not have resulted in the expected movements due to the stochastic transition dynamics. This means that each action could have resulted in one of three possible movements with equal probability, making it challenging for the agent to navigate the grid precisely.

### Analysis:

1. **Action Sequence and State Transitions:**
   - Starting at state 0 (S), the agent attempted to move left twice, which would keep it in the same position due to the grid's boundaries.
   - The subsequent action to move up (action 2) could have resulted in moving right, up, or down, potentially moving the agent to an unintended state.
   - The final action to move right (action 1) might have moved the agent to a different state than intended due to the stochastic nature of the environment.

2. **Outcome:**
   - The total reward of 0.0 suggests that the agent either fell into a hole or did not reach the goal within the episode, highlighting the difficulty in navigating the environment due to its slippery nature.

### Strategy Recommendations:

1. **Increased Exploration:**
   - Encourage more exploration to allow the agent to better understand the transition dynamics and the layout of the grid. This can be achieved by adjusting exploration parameters such as epsilon in an epsilon-greedy policy.

2. **Model-Based Approaches:**
   - Consider implementing a model-based approach where the agent learns a model of the environment's transition dynamics. This could help the agent predict the outcomes of its actions more accurately and plan its path more effectively.

3. **Policy Improvements:**
   - Utilize policy improvement techniques such as Q-learning or SARSA with function approximation to better estimate the value of actions in each state, taking into account the stochastic transitions.

4. **Reward Shaping:**
   - Introduce intermediate rewards for reaching certain states or avoiding holes to guide the agent towards the goal more effectively.

5. **Environment Modifications:**
   - If feasible, modify the environment to reduce the stochasticity or provide more deterministic feedback to help the agent learn more effectively.

By implementing these strategies, the agent may improve its ability to navigate the FrozenLake environment and achieve higher rewards in future episodes.","To improve the agent's effectiveness in the FrozenLake-v1 environment, we need to consider a strategy that balances exploration and exploitation while accounting for the stochastic nature of the environment. Given the agent's previous performance and the need for better exploration, an epsilon-greedy strategy can be employed. This strategy involves selecting a random action with probability epsilon (exploration) and the best-known action with probability 1-epsilon (exploitation).

For the next episode, we can set a relatively high epsilon value to encourage exploration, allowing the agent to gather more information about the environment's transition dynamics. Let's assume an epsilon value of 0.3 for this purpose. This means that 30% of the time, the agent will explore by choosing a random action, and 70% of the time, it will exploit by choosing the best-known action based on its current policy.

Assuming the agent does not yet have a strong preference for any particular action due to limited learning, we can distribute the exploration probability equally among all actions. Therefore, the probability distribution for the actions can be calculated as follows:

- Exploration probability (random action): 0.3 / 4 = 0.075 for each action
- Exploitation probability (best action): 0.7

Since the agent is still learning and does not have a clear best action, we can distribute the exploitation probability equally among all actions for this episode. Thus, each action will have an equal probability of being selected.

The resulting probability distribution for the actions is:

```python
{0: 0.25, 1: 0.25, 2: 0.25, 3: 0.25}
```

This distribution reflects a balanced approach, allowing the agent to explore the environment effectively while still considering the potential benefits of exploiting known information. As the agent learns more about the environment, the distribution can be adjusted to favor more promising actions."
151,0.0,0.3,0.40204000000000006,0.01490868628025055,N/A,N/A
152,0.0,0.0,0.39808,0.014800149016082287,N/A,N/A
153,0.0,0.6,0.39412,0.004070380236953497,N/A,N/A
