episode,train_return,eval_return,epsilon,loss,llm1_full_response,llm2_full_response
1,0.0,0.0,0.99604,nan,N/A,N/A
2,0.0,0.0,0.99208,nan,N/A,N/A
3,0.0,0.0,0.98812,nan,N/A,N/A
4,0.0,0.0,0.98416,nan,N/A,N/A
5,0.0,0.0,0.9802,0.0435691699385643,"In the last episode of the training process on the FrozenLake-v1 environment, the agent received a total reward of 0.0, indicating that it did not reach the goal state (G) and likely fell into a hole (H) or ran out of steps. The action sequence taken by the agent was [1, 2, 2, 0, 2, 3, 3, 3, 1, 1, 2, 2, 2, 3, 1, 3, 0, 0, 3, 3, 1, 0]. Let's analyze this sequence and the possible reasons for the outcome.

### Analysis:

1. **Initial Actions:**
   - The agent starts with actions [1, 2, 2], which correspond to attempts to move right, up, and up. Given the slippery nature of the environment, these actions could have resulted in unintended movements, potentially moving the agent away from the goal or towards a hole.

2. **Middle Actions:**
   - The sequence [0, 2, 3, 3, 3, 1, 1] shows attempts to move down, up, left, left, left, right, right. This suggests the agent might have been oscillating between states without making significant progress towards the goal.

3. **Final Actions:**
   - The final part of the sequence [2, 2, 2, 3, 1, 3, 0, 0, 3, 3, 1, 0] indicates continued attempts to move up, left, right, and down. The repeated actions and lack of reward suggest the agent may have been stuck in a loop or fell into a hole.

4. **Outcome:**
   - The total reward of 0.0 implies that the agent did not reach the goal and likely ended the episode by falling into a hole or exhausting its steps without reaching the goal.

### Strategy Recommendations:

1. **Improved Exploration:**
   - Encourage more diverse exploration strategies to avoid repetitive action loops. Consider implementing an exploration strategy like epsilon-greedy with decaying epsilon to balance exploration and exploitation.

2. **State-Action Value Learning:**
   - Enhance the learning of state-action values (Q-values) to better estimate the expected rewards of actions in different states. This can be achieved using algorithms like Q-learning or SARSA.

3. **Modeling Slippery Dynamics:**
   - Incorporate the stochastic nature of the environment into the learning process. Use techniques like Monte Carlo simulations or model-based approaches to better predict the outcomes of actions.

4. **Reward Shaping:**
   - Introduce intermediate rewards for reaching certain states or avoiding holes to guide the agent towards the goal more effectively.

5. **Environment Familiarization:**
   - Allow the agent to spend more time exploring the environment without penalties to better understand the layout and the effects of slippery dynamics.

By implementing these strategies, the agent may improve its ability to navigate the FrozenLake environment and increase its chances of reaching the goal state successfully.","To improve the agent's performance in the FrozenLake environment, we need to adjust the action exploration strategy to balance exploration and exploitation while considering the stochastic nature of the environment. Given the analysis of the previous episode, the agent seems to be stuck in repetitive loops and possibly falling into holes due to the slippery dynamics.

One effective strategy is to use an epsilon-greedy approach with a decaying epsilon. Initially, we can set a higher exploration rate to encourage the agent to explore different actions and states. Over time, as the agent learns more about the environment, we can reduce the exploration rate to allow for more exploitation of the learned policy.

For the next episode, we can start with a balanced exploration strategy, giving a slight preference to actions that might lead to more exploration of the environment. Given the current situation, we can propose a distribution that slightly favors actions that might help the agent explore more effectively, while still maintaining a reasonable chance for all actions due to the stochastic nature of the environment.

Here's a proposed action distribution for the next episode:

```python
{0: 0.25, 1: 0.25, 2: 0.25, 3: 0.25}
```

This uniform distribution ensures that the agent has an equal probability of selecting any action, which is suitable for initial exploration. As the agent learns more about the environment, this distribution can be adjusted to favor actions that lead to higher rewards based on the learned Q-values or policy. Additionally, implementing a decaying epsilon-greedy strategy can help transition from exploration to exploitation over time."
6,0.0,0.0,0.97624,0.0485960990190506,N/A,N/A
7,0.0,0.0,0.97228,0.055742427706718445,N/A,N/A
8,0.0,0.0,0.96832,0.06620391458272934,N/A,N/A
9,0.0,0.0,0.96436,0.07075473666191101,N/A,N/A
10,0.0,0.0,0.9604,0.05433724820613861,"In the last episode of the training process on the FrozenLake-v1 environment, the agent received a total reward of 0.0, indicating that it did not reach the goal state (G) and likely fell into a hole (H) or did not reach the goal within the episode's time limit. The action sequence extracted at intervals was [3, 1, 1, 0], which corresponds to the following actions:

- Action 3: Move left
- Action 1: Move right
- Action 1: Move right
- Action 0: Move down

Given the environment's transition dynamics, where actions are stochastic due to the slippery nature of the frozen surface, the agent's intended movements may not have been executed as planned. This stochasticity can lead to the agent slipping into holes or failing to reach the goal.

### Analysis:
1. **Initial Movement (Action 3 - Move Left):**
   - Starting from state 0 (S), moving left would keep the agent in the same state due to the grid's boundary. However, due to the stochastic nature, the agent might have moved down or up instead.

2. **Subsequent Movements (Actions 1, 1 - Move Right, Right):**
   - The agent attempted to move right twice. Depending on the initial state after the first action, these movements could have led the agent to states 1, 2, or 3, but the stochastic transitions might have caused deviations.

3. **Final Movement (Action 0 - Move Down):**
   - The agent attempted to move down. Depending on its position after the previous actions, this could have led the agent to a hole (H) or a frozen surface (F).

### Possible Strategy Recommendations:
1. **Improved Exploration:**
   - Encourage more diverse exploration strategies to better understand the environment's dynamics. This could involve using exploration techniques like epsilon-greedy with a decaying epsilon or implementing a more sophisticated exploration strategy like Upper Confidence Bound (UCB) or Thompson Sampling.

2. **Model-Based Approaches:**
   - Consider incorporating a model-based approach to predict the outcomes of actions more accurately. This could help the agent anticipate the effects of the stochastic transitions and plan accordingly.

3. **State Value Estimation:**
   - Enhance the state value estimation by using techniques like Temporal Difference (TD) learning or Monte Carlo methods to better evaluate the expected rewards of different states.

4. **Policy Improvement:**
   - Focus on policy improvement by employing algorithms like Q-learning or SARSA, which can help the agent learn optimal policies even in stochastic environments.

5. **Environment Familiarization:**
   - Allow the agent more time to familiarize itself with the environment through extended training episodes or increased episode limits, enabling it to learn from more diverse experiences.

By implementing these strategies, the agent can improve its ability to navigate the FrozenLake environment, increase its chances of reaching the goal, and ultimately achieve higher rewards in future episodes.","To improve the agent's effectiveness in the FrozenLake environment, we need to consider a strategy that balances exploration and exploitation while accounting for the stochastic nature of the environment. Given the previous episode's outcome and the need for better exploration, we can use an epsilon-greedy strategy to guide the action selection. This strategy allows the agent to explore the environment more thoroughly while still exploiting known good actions.

For this scenario, let's assume an epsilon value of 0.2, which means the agent will explore with a probability of 0.2 and exploit the best-known action with a probability of 0.8. Since we don't have specific Q-values or a policy indicating which action is currently the best, we'll distribute the exploration probability equally among all actions.

Here's how the action distribution can be structured:

- Exploitation (80%): Assume the agent has no strong preference for any action due to lack of information, so we distribute this equally among all actions.
- Exploration (20%): Distribute equally among all actions.

Given this, the probability distribution for the actions can be calculated as follows:

- Exploitation probability per action: 0.8 / 4 = 0.2
- Exploration probability per action: 0.2 / 4 = 0.05

Total probability per action = Exploitation probability + Exploration probability = 0.2 + 0.05 = 0.25

Therefore, the action distribution for the next episode would be:

```python
{0: 0.25, 1: 0.25, 2: 0.25, 3: 0.25}
```

This distribution ensures that the agent explores all actions equally while maintaining a balance between exploration and exploitation, which is crucial for learning in a stochastic environment like FrozenLake."
11,0.0,0.0,0.95644,0.07596829533576965,N/A,N/A
12,0.0,0.0,0.95248,0.03894214704632759,N/A,N/A
13,0.0,0.0,0.94852,0.03421947732567787,N/A,N/A
14,0.0,0.0,0.94456,0.05141967535018921,N/A,N/A
15,0.0,0.0,0.9406,0.0461922287940979,"In the last episode of the training process on the FrozenLake-v1 environment, the agent ended with a total reward of 0.0, indicating that it did not reach the goal (G) and likely fell into a hole (H) or did not reach the goal within the episode's time limit. The action sequence extracted at intervals was [0, 2, 2], which corresponds to the following actions based on the transition dynamics:

1. **Action 0**: The agent attempted to move down, but due to the slippery nature of the environment, it could have moved left, up, or stayed in the same position with equal probability.
2. **Action 2**: The agent attempted to move up, but it could have moved right, down, or stayed in the same position with equal probability.
3. **Action 2**: The agent again attempted to move up, with the same probabilistic outcomes as the previous action.

### Analysis:

1. **Slippery Dynamics**: The environment's stochastic nature means that the agent's intended actions do not always result in the expected state transitions. This can lead to the agent falling into holes or failing to reach the goal.

2. **Action Sequence**: The sequence [0, 2, 2] suggests that the agent was trying to navigate vertically, possibly attempting to move towards the goal. However, the randomness in the environment likely caused it to deviate from its intended path.

3. **Reward Outcome**: The total reward of 0.0 indicates that the agent either fell into a hole or did not reach the goal within the episode's time limit. Given the environment's layout, it is likely that the agent fell into a hole.

### Strategy Recommendations:

1. **Increased Exploration**: Encourage more exploration to better understand the environment's dynamics. This can be achieved by using a higher exploration rate (epsilon) in an epsilon-greedy policy, allowing the agent to experience a wider range of state transitions.

2. **Model-Based Approaches**: Consider using a model-based reinforcement learning approach to predict the outcomes of actions more accurately. This could help the agent plan its moves more effectively in the slippery environment.

3. **Policy Improvement**: Implement policy improvement techniques such as Q-learning or SARSA with eligibility traces to help the agent learn more robust policies that account for the stochastic transitions.

4. **State Value Estimation**: Enhance the estimation of state values by using techniques like temporal difference learning to better capture the expected rewards from each state.

5. **Reward Shaping**: Introduce intermediate rewards for reaching certain states or avoiding holes to guide the agent more effectively towards the goal.

By adopting these strategies, the agent can improve its performance in the FrozenLake-v1 environment, increasing the likelihood of reaching the goal and achieving a higher total reward in future episodes.","To improve the agent's performance in the FrozenLake-v1 environment, we need to adjust the action exploration strategy to account for the stochastic nature of the environment and encourage more effective exploration. Given the slippery dynamics and the need for exploration, a balanced approach that allows for both exploration and exploitation is beneficial.

One common strategy is to use an epsilon-greedy policy, where the agent selects a random action with probability epsilon (exploration) and the best-known action with probability 1-epsilon (exploitation). However, since we are focusing on exploration, we can adjust the probabilities to encourage more exploration.

Let's assume we want to set a higher exploration rate, say epsilon = 0.3, which means the agent will explore 30% of the time and exploit 70% of the time. We can distribute the exploration probability equally among all actions, while the exploitation probability is focused on the best-known action. However, since we don't have specific information on the best action, we can distribute the probabilities equally for simplicity.

Here's how we can set the action probabilities:

- Exploration probability (epsilon) = 0.3
- Exploitation probability = 1 - epsilon = 0.7

Since we are focusing on exploration and do not have a specific best action, we can distribute the probabilities equally among all actions:

- Probability for each action = (exploration probability / number of actions) + (exploitation probability / number of actions)

Given 4 actions (0, 1, 2, 3), the distribution would be:

- Probability for each action = (0.3 / 4) + (0.7 / 4) = 0.075 + 0.175 = 0.25

Thus, the action probability distribution for the next episode would be:

```python
{0: 0.25, 1: 0.25, 2: 0.25, 3: 0.25}
```

This distribution reflects a balanced exploration strategy, allowing the agent to explore all actions equally, which is suitable given the lack of specific knowledge about the best action in this context."
16,0.0,0.0,0.93664,0.025077635422348976,N/A,N/A
17,0.0,0.0,0.93268,0.02851545810699463,N/A,N/A
18,0.0,0.0,0.92872,0.04635341092944145,N/A,N/A
19,0.0,0.0,0.92476,0.036342229694128036,N/A,N/A
20,0.0,0.0,0.9208,0.03473139926791191,"In the last episode of the training process on the FrozenLake-v1 task, the agent received a total reward of 0.0, indicating that it did not successfully reach the goal state (G) and likely fell into a hole (H) or failed to reach the goal within the episode's time limit. The action sequence extracted at intervals was [2, 0, 2, 0, 2, 0], which corresponds to the following intended movements based on the action mapping:

- Action 2: Intended to move up, but due to the slippery nature, it could result in moving right, up, or down.
- Action 0: Intended to move down, but could result in moving down, left, or up.

Given the sequence [2, 0, 2, 0, 2, 0], the agent's strategy seems to involve alternating between attempting to move up and down. However, due to the stochastic nature of the environment, these actions may not have resulted in the intended movements, leading to the agent either falling into a hole or not reaching the goal.

### Analysis:
1. **Slippery Dynamics**: The environment's stochastic transitions make it challenging for the agent to follow a deterministic path. The agent's intended movements may not align with the actual movements due to the equal probability of unintended directions.

2. **Action Sequence**: The alternating pattern of actions suggests a lack of a clear strategy to navigate towards the goal. The agent might be oscillating between states without making significant progress towards the goal.

3. **Reward Outcome**: The total reward of 0.0 indicates that the agent either fell into a hole or did not reach the goal within the episode's time limit.

### Strategy Recommendations:
1. **Policy Improvement**: The agent's policy should be improved to account for the stochastic nature of the environment. This could involve using a more sophisticated exploration strategy that considers the probabilities of unintended movements.

2. **State-Action Value Estimation**: Implement a learning algorithm such as Q-learning or SARSA to estimate the expected rewards for state-action pairs. This can help the agent learn which actions are more likely to lead to the goal despite the environment's stochasticity.

3. **Exploration vs. Exploitation**: Adjust the exploration strategy to balance exploration of new actions and exploitation of known rewarding actions. Techniques like epsilon-greedy or softmax action selection can be useful.

4. **Trajectory Analysis**: Analyze successful trajectories (if available) to identify patterns or sequences of actions that lead to the goal. Use this information to guide the agent's learning process.

5. **Environment Familiarization**: Allow the agent to spend more time exploring the environment to better understand the effects of its actions. This could involve increasing the number of episodes or using a curriculum learning approach where the agent starts with a less slippery environment and gradually transitions to the full stochastic environment.

By implementing these strategies, the agent can improve its ability to navigate the FrozenLake environment and increase its chances of reaching the goal state successfully.","To improve the agent's effectiveness in the FrozenLake environment, we need to consider both exploration and exploitation strategies. Given the stochastic nature of the environment, it's important to ensure that the agent explores sufficiently to learn about the state-action space while also exploiting known good actions to maximize rewards.

Considering the previous episode's outcome and the need for a balanced exploration strategy, we can use an epsilon-greedy approach to determine the action probabilities. This approach involves selecting the best-known action with a high probability (exploitation) and exploring other actions with a smaller probability.

Let's assume an epsilon value of 0.2, which means the agent will explore 20% of the time and exploit 80% of the time. Given the lack of a clear best action from the previous sequence, we can initially assume a uniform distribution for exploration among all actions.

Here's how the action probabilities can be distributed:

- Exploit the best-known action (assuming equal preference initially): 0.8 / 4 = 0.2 for each action
- Explore other actions: 0.2 / 4 = 0.05 for each action

Thus, the action distribution for the next episode can be:

```python
{0: 0.25, 1: 0.25, 2: 0.25, 3: 0.25}
```

This uniform distribution reflects an initial exploration phase where the agent is still learning about the environment. As the agent gathers more information and identifies more promising actions, the distribution can be adjusted to favor those actions more heavily."
21,0.0,0.0,0.91684,0.040182024240493774,N/A,N/A
22,0.0,0.0,0.91288,0.026739714667201042,N/A,N/A
23,0.0,0.0,0.90892,0.036463189870119095,N/A,N/A
24,0.0,0.0,0.90496,0.02355806715786457,N/A,N/A
25,0.0,0.0,0.901,0.048719607293605804,"In the last episode of the training process on the FrozenLake-v1 environment, the agent received a total reward of 0.0, indicating that it did not successfully reach the goal state (G) and likely fell into a hole (H) or did not reach the goal within the episode's time limit. The action sequence extracted at intervals was [2, 2, 3, 1, 2, 1, 3, 3, 0, 0, 2, 2, 3, 2, 3, 3, 1, 1]. Let's analyze the agent's behavior and provide strategy recommendations:

### Analysis:

1. **Action Sequence and Slippery Dynamics:**
   - The action sequence shows a variety of actions being taken, which is expected given the slippery dynamics of the environment. Each action has a 1/3 probability of resulting in one of three possible movements, which adds a layer of complexity to the agent's decision-making process.
   - The sequence includes multiple instances of the same action being repeated consecutively (e.g., two consecutive '2's or '3's), which might suggest the agent is attempting to move in a particular direction but is being affected by the stochastic nature of the environment.

2. **Exploration vs. Exploitation:**
   - The agent appears to be exploring the environment, as indicated by the diverse set of actions. However, the lack of a successful episode suggests that the exploration might not be effectively balanced with exploitation of known successful paths.

3. **Potential Pitfalls:**
   - Given the total reward of 0.0, it is likely that the agent fell into a hole (H) at some point during the episode. The presence of holes in the environment requires the agent to learn to avoid certain states, which might not have been achieved in this episode.

### Strategy Recommendations:

1. **Improved Exploration Strategy:**
   - Consider implementing an exploration strategy that allows the agent to explore more effectively while gradually shifting towards exploitation. Techniques such as epsilon-greedy with a decaying epsilon or using a softmax action selection method could help balance exploration and exploitation.

2. **Incorporate Learning from Failures:**
   - Analyze episodes where the agent falls into holes to identify patterns or common sequences of actions leading to failure. Use this information to adjust the agent's policy to avoid similar pitfalls in future episodes.

3. **State-Action Value Function:**
   - Enhance the learning algorithm by focusing on the state-action value function (Q-learning or SARSA) to better estimate the expected rewards of actions in each state. This can help the agent make more informed decisions despite the stochastic transitions.

4. **Reward Shaping:**
   - Introduce intermediate rewards for reaching certain states or for avoiding holes to guide the agent towards the goal more effectively. This can provide additional feedback and motivation for the agent to learn successful paths.

5. **Model-Based Approaches:**
   - Consider using a model-based approach where the agent learns a model of the environment's dynamics. This can help the agent plan its actions more effectively by simulating potential outcomes before taking actions.

By implementing these strategies, the agent can improve its performance in navigating the FrozenLake environment, increasing the likelihood of reaching the goal state and achieving a higher total reward in future episodes.","To improve the agent's performance in the FrozenLake environment, we need to adjust the action selection strategy to balance exploration and exploitation effectively. Given the stochastic nature of the environment and the need to avoid pitfalls like holes, we can use an epsilon-greedy strategy with a decaying epsilon to guide the agent's exploration.

Initially, we want to encourage exploration to allow the agent to gather information about the environment. As the agent learns, we gradually shift towards exploitation of the best-known actions. Let's assume an initial epsilon value of 0.2, which means the agent will explore 20% of the time and exploit the best-known actions 80% of the time.

For the exploitation part, we assume the agent has some knowledge of the environment and can choose actions based on a learned policy or value function. However, since we don't have specific Q-values or a policy here, we'll assume a uniform distribution among the actions for exploitation.

Here's how the action distribution can be structured:

- Exploration (20% of the time): Randomly select any of the four actions with equal probability.
- Exploitation (80% of the time): Assume a uniform distribution among the actions for simplicity, as we don't have specific Q-values.

Combining both exploration and exploitation, the distribution for the next episode can be:

- Exploration: 0.2 probability distributed equally among all actions.
- Exploitation: 0.8 probability distributed equally among all actions.

The combined distribution is:

- Probability for each action during exploration: 0.2 / 4 = 0.05
- Probability for each action during exploitation: 0.8 / 4 = 0.2

Total probability for each action:

- Action 0: 0.05 (exploration) + 0.2 (exploitation) = 0.25
- Action 1: 0.05 (exploration) + 0.2 (exploitation) = 0.25
- Action 2: 0.05 (exploration) + 0.2 (exploitation) = 0.25
- Action 3: 0.05 (exploration) + 0.2 (exploitation) = 0.25

Thus, the distribution of the 4 action explorations for the next episode is:

```python
{0: 0.25, 1: 0.25, 2: 0.25, 3: 0.25}
```

This distribution reflects a balanced approach, allowing the agent to explore the environment while also exploiting known strategies, which is suitable for the early stages of learning in a stochastic environment like FrozenLake. As the agent learns more about the environment, the distribution can be adjusted to favor exploitation of the best actions."
26,0.0,0.0,0.8970400000000001,0.022740889340639114,N/A,N/A
27,0.0,0.0,0.89308,0.022278793156147003,N/A,N/A
28,0.0,0.0,0.88912,0.022962551563978195,N/A,N/A
29,0.0,0.0,0.88516,0.022096842527389526,N/A,N/A
30,0.0,0.0,0.8812,0.024246612563729286,"In the last episode of the training process on the FrozenLake-v1 environment, the agent received a total reward of 0.0, indicating that it did not reach the goal state (G) and likely fell into a hole (H) or ran out of steps before reaching the goal. The action sequence extracted at intervals was [2, 0, 3, 2, 3, 2, 0, 2, 1, 2, 3, 0, 3]. Let's analyze this sequence and provide some insights and recommendations.

### Analysis:

1. **Action Sequence and State Transitions:**
   - The action sequence suggests that the agent attempted various moves, but the slippery nature of the environment likely caused unintended transitions.
   - The actions correspond to the following intended moves:
     - 2: Move up
     - 0: Move down
     - 3: Move left
     - 1: Move right
   - Given the stochastic nature of the environment, each action could result in one of three possible directions, making it challenging to predict the exact path taken by the agent.

2. **Outcome:**
   - The total reward of 0.0 indicates that the agent did not reach the goal state. This could be due to falling into a hole or failing to reach the goal within a limited number of steps.

3. **Challenges:**
   - **Slippery Surface:** The stochastic transitions make it difficult for the agent to follow a deterministic path, increasing the likelihood of falling into holes.
   - **Exploration vs. Exploitation:** The agent may not have sufficiently explored the environment to learn an optimal policy, or it may have exploited suboptimal actions due to the randomness in transitions.

### Recommendations:

1. **Improved Exploration:**
   - Implement exploration strategies such as epsilon-greedy with a decaying epsilon to balance exploration and exploitation. This would allow the agent to explore more initially and exploit learned strategies as training progresses.

2. **Model-Free Methods:**
   - Consider using model-free reinforcement learning algorithms like Q-learning or SARSA, which can help the agent learn the value of actions in each state despite the stochastic transitions.

3. **Value Function Approximation:**
   - Use function approximation techniques, such as neural networks, to generalize the value function across states, potentially improving learning efficiency in the slippery environment.

4. **Reward Shaping:**
   - Introduce intermediate rewards for reaching certain states or avoiding holes to guide the agent towards the goal more effectively.

5. **Environment Modifications:**
   - If feasible, modify the environment to reduce the stochasticity temporarily during early training phases, allowing the agent to learn a basic policy before reintroducing full randomness.

By implementing these strategies, the agent may improve its ability to navigate the FrozenLake environment and increase its chances of reaching the goal state successfully.","To improve the agent's performance in the FrozenLake-v1 environment, we need to consider a strategy that balances exploration and exploitation while accounting for the stochastic nature of the environment. Given the challenges and recommendations outlined, we can use an epsilon-greedy strategy to guide the action selection process. This strategy allows the agent to explore the environment by selecting random actions with a certain probability (epsilon) while exploiting the best-known actions with the remaining probability (1-epsilon).

For the next episode, we can start with a relatively high epsilon value to encourage exploration, as the agent needs to gather more information about the environment. As training progresses, this epsilon value can be decayed to allow more exploitation of learned strategies.

Let's assume an initial epsilon value of 0.3 for exploration. This means that 30% of the time, the agent will choose a random action, and 70% of the time, it will choose the best-known action based on its current policy (which we assume is equally likely for all actions at this early stage).

Given this, the probability distribution for the actions can be calculated as follows:

- Exploration probability (random action): 0.3 / 4 = 0.075 for each action
- Exploitation probability (best-known action): 0.7 / 4 = 0.175 for each action

Combining these, the probability distribution for each action is:

```python
{
    0: 0.075 + 0.175,
    1: 0.075 + 0.175,
    2: 0.075 + 0.175,
    3: 0.075 + 0.175
}
```

This simplifies to:

```python
{
    0: 0.25,
    1: 0.25,
    2: 0.25,
    3: 0.25
}
```

This distribution reflects an equal probability for each action, which is appropriate for the early stages of training when the agent is still exploring the environment. As the agent learns more about the environment, the distribution can be adjusted to favor actions that lead to higher rewards."
31,0.0,0.0,0.87724,0.0157169196754694,N/A,N/A
32,0.0,0.0,0.8732800000000001,0.009007692337036133,N/A,N/A
33,0.0,0.0,0.86932,0.007782457862049341,N/A,N/A
34,0.0,0.0,0.86536,0.010182889178395271,N/A,N/A
35,0.0,0.0,0.8613999999999999,0.01477694883942604,"In the last episode of the training process on the FrozenLake-v1 task, the agent received a total reward of 0.0, indicating that it did not successfully reach the goal state (G) and likely fell into a hole (H) or remained stuck without making progress towards the goal. The action sequence extracted at intervals was [3, 2, 3, 3, 0], which corresponds to the following movements based on the action mapping:

- Action 3: Move left
- Action 2: Move up
- Action 3: Move left
- Action 3: Move left
- Action 0: Move down

Given the slippery nature of the environment, each action has a probabilistic outcome, which means the agent may not have moved in the intended direction. Let's analyze the potential path and outcomes based on the action sequence:

1. **Initial State (0):** The agent starts at the starting point (S) in state 0.
2. **Action 3 (Move Left):** The agent attempts to move left, but due to the slippery nature, it could have moved up, right, or left. Since it's at the left border, moving left keeps it in the same state.
3. **Action 2 (Move Up):** The agent attempts to move up, but it could have moved right, down, or up. Since it's at the top border, moving up keeps it in the same state.
4. **Action 3 (Move Left):** Again, the agent attempts to move left, with possible outcomes being up, right, or left. It remains in the same state due to the border.
5. **Action 3 (Move Left):** The agent repeats the left move, with the same potential outcomes and remains in the same state.
6. **Action 0 (Move Down):** The agent attempts to move down, with possible outcomes being down, left, or up. This could have moved the agent to state 4, but the exact outcome is uncertain due to the stochastic nature.

Given the sequence and the total reward of 0, it is likely that the agent either remained stuck in the starting area or eventually fell into a hole. The lack of progress towards the goal suggests that the agent's exploration strategy needs improvement.

### Strategy Recommendations:

1. **Increased Exploration:** Encourage more exploration by adjusting the exploration-exploitation balance, such as increasing the epsilon value in an epsilon-greedy policy. This will allow the agent to try different actions and discover more effective paths.

2. **State-Action Value Updates:** Ensure that the agent's learning algorithm (e.g., Q-learning) is effectively updating state-action values based on the rewards received. This might involve tuning learning rates or ensuring sufficient episodes for convergence.

3. **Reward Shaping:** Introduce intermediate rewards for reaching certain states closer to the goal, which can guide the agent towards the goal more effectively.

4. **Policy Improvement:** Consider using a more sophisticated policy improvement method, such as SARSA or a policy gradient method, which might better handle the stochastic transitions.

5. **Environment Understanding:** Train the agent to better understand the environment's dynamics, possibly through model-based approaches, to predict the outcomes of actions more accurately.

6. **Visualization and Debugging:** Visualize the agent's path and decision-making process to identify where it struggles, allowing for targeted improvements in strategy or learning parameters.

By implementing these strategies, the agent may improve its ability to navigate the FrozenLake environment and increase the likelihood of reaching the goal state successfully.","To improve the agent's performance in the FrozenLake environment, we need to adjust the exploration strategy to encourage more effective exploration. Given the stochastic nature of the environment and the agent's previous lack of success, we should consider increasing the exploration rate to allow the agent to try a wider variety of actions.

One common approach is to use an epsilon-greedy strategy, where the agent selects a random action with probability epsilon and the best-known action with probability 1-epsilon. Since the agent received a total reward of 0 in the last episode, it suggests that the agent needs to explore more to find better paths. Therefore, we should increase the exploration probability.

Let's assume we want to set a relatively high exploration rate to encourage more exploration. For example, we might set epsilon to 0.3, meaning the agent will explore randomly 30% of the time and exploit the best-known action 70% of the time. However, since we are asked to provide a distribution for all actions, we can distribute the exploration probability equally among all actions.

Here's how we can distribute the probabilities:

- Exploration probability (epsilon): 0.3
- Exploitation probability (1-epsilon): 0.7

Since we don't have specific information about which action is currently the best, we'll distribute the exploration probability equally among all actions. Therefore, each action will have an equal probability of being selected during exploration.

The distribution of the 4 action explorations for the next episode would be:

```python
{0: 0.25, 1: 0.25, 2: 0.25, 3: 0.25}
```

This distribution reflects an equal probability for each action, encouraging the agent to explore all possible actions equally. This approach will help the agent gather more information about the environment and potentially discover more effective paths to the goal. As the agent learns and updates its state-action values, the exploitation probability can be adjusted to favor the best-known actions."
36,0.0,0.0,0.85744,0.020169872790575027,N/A,N/A
37,0.0,0.0,0.85348,0.005469415336847305,N/A,N/A
38,0.0,0.0,0.84952,0.008971170522272587,N/A,N/A
39,0.0,0.0,0.84556,0.017203843221068382,N/A,N/A
40,0.0,0.0,0.8416,0.007160801440477371,"In the last episode of the training process on the FrozenLake-v1 environment, the agent's total reward was 0.0, indicating that the agent did not reach the goal state (G) and likely fell into a hole (H) or ran out of steps before reaching the goal. The action sequence taken by the agent was [1, 1, 0, 2, 3, 2, 3, 2, 1, 0, 2, 0, 1, 2, 2]. Let's analyze this sequence and provide some strategic recommendations for improvement.

### Analysis of the Action Sequence:

1. **Initial Actions (1, 1):** The agent started by taking two consecutive actions of 1, which corresponds to attempting to move right. This is a reasonable initial strategy to move towards the goal, which is located at the bottom right corner of the grid.

2. **Subsequent Actions (0, 2, 3, 2, 3):** The agent then attempted to move down (0), up (2), left (3), up (2), and left (3). This sequence suggests that the agent might have been trying to navigate around obstacles or was affected by the slippery nature of the environment, causing unintended movements.

3. **Middle Actions (2, 1, 0, 2):** The agent continued with actions up (2), right (1), down (0), and up (2). This part of the sequence indicates a potential lack of a clear strategy, as the agent seems to be oscillating between different directions without making significant progress towards the goal.

4. **Final Actions (0, 1, 2, 2):** The agent's final actions were down (0), right (1), and two consecutive ups (2, 2). This suggests that the agent may have been close to the goal but was unable to reach it, possibly due to slipping into a hole or being stuck in a loop.

### Possible Strategy Recommendations:

1. **Improved Exploration Strategy:** The agent may benefit from a more structured exploration strategy that takes into account the layout of the grid and the location of holes. Implementing a policy that prioritizes safer paths (avoiding holes) could improve the likelihood of reaching the goal.

2. **Increased Exploration:** Given the stochastic nature of the environment, the agent might need to explore more to better understand the transition dynamics. Techniques like epsilon-greedy with a decaying epsilon or using a softmax action selection strategy could help balance exploration and exploitation.

3. **Learning from Failures:** The agent should be encouraged to learn from episodes where it falls into holes. Implementing a mechanism to remember states that lead to failure and avoid them in future episodes could be beneficial.

4. **State-Action Value Updates:** Ensure that the agent's learning algorithm (e.g., Q-learning or SARSA) is effectively updating state-action values based on the rewards received. This might involve tuning learning rates or ensuring that the agent has sufficient episodes to learn from.

5. **Model-Based Approaches:** Consider using a model-based approach where the agent builds a model of the environment's dynamics. This could help the agent plan its actions more effectively by simulating potential outcomes before taking actions.

6. **Reward Shaping:** Introduce intermediate rewards for reaching certain states or avoiding holes to guide the agent more effectively towards the goal.

By implementing these strategies, the agent's performance in the FrozenLake-v1 environment could improve, increasing the likelihood of successfully reaching the goal state.","To improve the agent's performance in the FrozenLake-v1 environment, we need to consider a strategy that balances exploration and exploitation while accounting for the slippery nature of the environment and the layout of the grid. Given the analysis of the previous episode, the agent needs to explore more effectively while avoiding holes and moving towards the goal.

A good approach is to use an epsilon-greedy strategy, where the agent mostly exploits the best-known action but occasionally explores other actions to discover potentially better strategies. For this scenario, let's assume a moderate level of exploration with an epsilon value of 0.2. This means the agent will explore 20% of the time and exploit 80% of the time.

Since the goal is located at the bottom right corner, actions that generally move the agent towards the bottom right (actions 1 and 0) should be prioritized. However, due to the stochastic nature of the environment, we should still allow for some exploration of other actions.

Here's a suggested probability distribution for the actions:

- Action 0 (down): 0.3
- Action 1 (right): 0.3
- Action 2 (up): 0.2
- Action 3 (left): 0.2

This distribution prioritizes moving down and right, which are generally favorable directions towards the goal, while still allowing for some exploration of other directions to account for the environment's stochastic transitions.

```python
{
    0: 0.3,  # Probability of moving down
    1: 0.3,  # Probability of moving right
    2: 0.2,  # Probability of moving up
    3: 0.2   # Probability of moving left
}
```

This distribution should help the agent explore the environment more effectively while still focusing on reaching the goal."
41,0.0,0.0,0.8376399999999999,0.012835036963224411,N/A,N/A
42,0.0,0.1,0.83368,0.020671846345067024,N/A,N/A
43,0.0,0.0,0.82972,0.009105898439884186,N/A,N/A
44,0.0,0.0,0.82576,0.006557097192853689,N/A,N/A
45,0.0,0.0,0.8218,0.01922452449798584,"In the last episode of the training process on the FrozenLake-v1 environment, the agent received a total reward of 0.0, indicating that it did not reach the goal state (G) and likely fell into a hole (H) or did not reach the goal within the episode's time limit. The action sequence extracted at intervals was [3, 0], which corresponds to the agent attempting to move left and then down.

### Analysis:

1. **Action Sequence:**
   - **Action 3 (Move Left):** This action suggests that the agent attempted to move left from its current position. Given the grid layout, moving left from the starting position (state 0) would keep the agent in the same position due to the wall boundary.
   - **Action 0 (Move Down):** This action indicates an attempt to move down. From the starting position (state 0), moving down would lead the agent to state 4, which is a frozen surface (F).

2. **Transition Dynamics:**
   - The environment's slippery nature means that the agent's intended actions do not always result in the expected state transitions. For instance, attempting to move left (action 3) could result in moving up or right instead, depending on the stochastic outcome.
   - Similarly, attempting to move down (action 0) could result in moving left or up, which might have led the agent to a hole (H) or back to the starting position.

3. **Outcome:**
   - The agent did not reach the goal (G) and received a reward of 0.0, suggesting that it either fell into a hole or did not navigate effectively to reach the goal within the episode.

### Strategy Recommendations:

1. **Exploration Strategy:**
   - **Increased Exploration:** Encourage more exploration by increasing the exploration rate (e.g., epsilon in an epsilon-greedy strategy) to allow the agent to discover more paths and potentially successful strategies.
   - **Diverse Action Sampling:** Ensure the agent samples a diverse set of actions to better understand the environment's dynamics and potential paths to the goal.

2. **Learning from Failures:**
   - **Replay Buffer:** Utilize a replay buffer to store past experiences, including unsuccessful episodes, to learn from mistakes and improve future decision-making.
   - **Prioritized Experience Replay:** Focus on experiences where the agent fell into holes or failed to reach the goal to understand and avoid these pitfalls.

3. **Policy Improvement:**
   - **Policy Gradient Methods:** Consider using policy gradient methods to directly optimize the policy, which might be more effective in handling the stochastic nature of the environment.
   - **Value Function Approximation:** Improve the value function approximation to better estimate the expected rewards of different states and actions.

4. **Environment Understanding:**
   - **Model-Based Approaches:** Develop a model of the environment's transition dynamics to predict the outcomes of actions more accurately and plan more effectively.
   - **State Visitation Analysis:** Analyze state visitation frequencies to identify states that are frequently visited and adjust the policy to explore less-visited states.

By implementing these strategies, the agent can improve its exploration and decision-making capabilities, increasing the likelihood of successfully reaching the goal in future episodes.","To improve the agent's effectiveness in the FrozenLake-v1 environment, we need to adjust the action exploration strategy to encourage more effective exploration and learning. Given the stochastic nature of the environment and the previous episode's outcome, we should focus on increasing exploration while ensuring a balanced approach to action selection.

Considering the recommendations and the need for increased exploration, we can use an epsilon-greedy strategy where we increase the exploration rate (epsilon) to allow the agent to explore more. Let's assume a moderate exploration rate of 0.3, meaning the agent will explore randomly 30% of the time and exploit the current knowledge 70% of the time.

For the exploration part, we distribute the probability equally among all actions. For the exploitation part, since we don't have a specific policy or Q-values provided, we can assume a uniform distribution among actions for simplicity.

Here's how we can distribute the probabilities:

- Exploration (random action): 0.3 probability distributed equally among all actions.
- Exploitation (current knowledge): 0.7 probability distributed equally among all actions (since we don't have specific preferences).

The probability distribution for each action would be:

- Exploration contribution: 0.3 / 4 = 0.075 for each action.
- Exploitation contribution: 0.7 / 4 = 0.175 for each action.

Combining both contributions, the probability for each action is:

- Total probability for each action: 0.075 + 0.175 = 0.25

Thus, the probability distribution for the actions is:

```python
{0: 0.25, 1: 0.25, 2: 0.25, 3: 0.25}
```

This distribution reflects a balanced approach, allowing the agent to explore all actions equally while considering the current lack of specific action preferences. As the agent learns and develops a better understanding of the environment, these probabilities can be adjusted to favor more promising actions."
46,0.0,0.0,0.81784,0.02262299694120884,N/A,N/A
47,0.0,0.0,0.8138799999999999,0.013101239688694477,N/A,N/A
48,0.0,0.0,0.80992,0.007941940799355507,N/A,N/A
49,0.0,0.1,0.80596,0.015734873712062836,N/A,N/A
50,0.0,0.1,0.802,0.00983394030481577,"In the last episode of the training process on the FrozenLake-v1 environment, the agent received a total reward of 0.0, indicating that it did not reach the goal state (G) and likely fell into a hole (H) or ran out of steps without reaching the goal. The action sequence extracted at intervals was [0, 0, 2, 2, 2, 3, 0, 3, 0, 3, 1, 1, 0, 0, 0, 3, 3, 3, 3, 1, 2, 1]. Let's analyze this sequence and provide some strategy recommendations.

### Analysis:

1. **Initial Moves:**
   - The agent starts with two consecutive actions of 0 (down), which suggests an attempt to move from the starting point (S) at state 0 to state 4. However, due to the slippery nature of the environment, the agent might not have ended up exactly at state 4.

2. **Mid-Sequence Actions:**
   - The agent then takes three consecutive actions of 2 (up), which might have been an attempt to navigate upwards, possibly trying to avoid holes or reposition itself. However, this could also indicate confusion or a lack of a clear strategy, as moving up from the initial rows doesn't directly lead to the goal.
   - Actions 3 (left) and 0 (down) are interspersed, indicating attempts to navigate around obstacles or reposition after unintended slips.

3. **Later Moves:**
   - The sequence shows repeated actions of 3 (left) and 1 (right), which might indicate the agent is stuck in a loop or trying to navigate around a hole.
   - The sequence ends with actions 1 (right) and 2 (up), which suggests an attempt to move towards the goal, but the agent likely fell into a hole or ran out of steps before reaching the goal.

### Strategy Recommendations:

1. **Improved Exploration Strategy:**
   - The agent should be encouraged to explore more systematically, perhaps by implementing a more structured exploration policy that balances exploration and exploitation. Techniques like epsilon-greedy with decaying epsilon or using a softmax action selection could help in exploring more effectively.

2. **Learning from Failures:**
   - Analyze episodes where the agent falls into holes to identify common patterns or states that lead to failure. This can help in developing strategies to avoid these states in future episodes.

3. **State-Action Value Estimation:**
   - Enhance the agent's ability to estimate the value of state-action pairs more accurately. This could involve using methods like Q-learning or SARSA with function approximation to better handle the stochastic transitions.

4. **Incorporate Reward Shaping:**
   - Introduce intermediate rewards for reaching certain states or avoiding holes to guide the agent towards the goal more effectively. This can help in providing more immediate feedback and encouraging positive behaviors.

5. **Environment Model Understanding:**
   - Encourage the agent to build a model of the environment's dynamics to predict the outcomes of actions better. Model-based approaches can help in planning and decision-making under uncertainty.

By implementing these strategies, the agent can improve its navigation through the FrozenLake environment, increasing the likelihood of reaching the goal state and achieving a higher total reward in future episodes.","To improve the agent's effectiveness in the FrozenLake-v1 environment, we need to adjust the action selection strategy to better balance exploration and exploitation, while considering the environment's slippery nature and the previous episode's performance. Given the analysis and strategy recommendations, we can propose a probability distribution for action exploration that encourages systematic exploration while avoiding repetitive or ineffective patterns.

### Proposed Action Exploration Distribution:

1. **Action 0 (Down):** This action is crucial for moving towards the goal, especially from the starting position. However, excessive reliance on moving down can lead to falling into holes. We should assign a moderate probability to this action to encourage exploration while avoiding overuse.

2. **Action 1 (Right):** Moving right is essential for progressing towards the goal, especially in the lower rows of the grid. We should assign a slightly higher probability to this action to encourage movement towards the goal.

3. **Action 2 (Up):** Moving up can be useful for repositioning but should be used cautiously to avoid moving away from the goal. We should assign a lower probability to this action to prevent unnecessary upward movement.

4. **Action 3 (Left):** Moving left can help in repositioning and avoiding holes, but excessive use can lead to loops or moving away from the goal. We should assign a moderate probability to this action.

Considering these factors, here is the proposed distribution for the next episode:

```python
{0: 0.25, 1: 0.35, 2: 0.15, 3: 0.25}
```

### Rationale:

- **Action 0 (Down) and Action 3 (Left):** Both actions are given moderate probabilities to allow for exploration and repositioning without overcommitting to potentially risky moves.
- **Action 1 (Right):** This action is given a higher probability to encourage movement towards the goal, especially in the lower rows.
- **Action 2 (Up):** This action is given a lower probability to minimize unnecessary upward movement that could lead away from the goal.

This distribution aims to balance exploration and exploitation while considering the environment's dynamics and the agent's previous performance. By adjusting the probabilities, the agent can explore more effectively and increase its chances of reaching the goal in future episodes."
51,0.0,0.3,0.7980400000000001,0.0075128511525690556,N/A,N/A
52,0.0,0.3,0.79408,0.008252550847828388,N/A,N/A
53,0.0,0.1,0.79012,0.012580419890582561,N/A,N/A
54,0.0,0.2,0.78616,0.007836618460714817,N/A,N/A
55,0.0,0.2,0.7822,0.006595428101718426,"In the last episode of the training process on the FrozenLake-v1 environment, the agent received a total reward of 0.0, indicating that it did not successfully reach the goal state (G) and likely fell into a hole (H) or remained stuck on the frozen surface (F) without reaching the goal. The action sequence extracted at intervals was [1, 0, 3], which corresponds to the following actions:

- Action 1: Move right
- Action 0: Move down
- Action 3: Move left

Given the slippery nature of the environment, each action taken by the agent results in a probabilistic outcome, where the agent may not move in the intended direction. This adds complexity to the task, as the agent must account for the uncertainty in its movements.

### Analysis of the Episode:

1. **Action Sequence and Probable Outcomes:**
   - **Action 1 (Move Right):** The agent intended to move right, but due to the slippery surface, it could have moved down, left, or stayed in the same position.
   - **Action 0 (Move Down):** The agent intended to move down, but it could have moved left, up, or stayed in the same position.
   - **Action 3 (Move Left):** The agent intended to move left, but it could have moved up, right, or stayed in the same position.

2. **Possible Reasons for Failure:**
   - The agent may have fallen into a hole (H) due to the probabilistic nature of the environment, ending the episode with a reward of 0.
   - The agent might have been unable to navigate effectively due to the randomness in movement, leading to a failure to reach the goal (G).
   - The action sequence might not have been optimal for navigating the specific layout of the FrozenLake grid.

### Strategy Recommendations:

1. **Improved Exploration:**
   - Encourage more exploration by adjusting the exploration-exploitation balance. This could involve using strategies like epsilon-greedy with a higher epsilon value to allow the agent to explore more diverse paths.

2. **Incorporate Learning from Failures:**
   - Implement a mechanism to learn from episodes where the agent falls into holes. This could involve updating the value function or policy to avoid states that frequently lead to holes.

3. **Model Uncertainty:**
   - Consider using model-based approaches to better predict the outcomes of actions in the slippery environment. This could involve building a transition model that accounts for the stochastic nature of the environment.

4. **Reward Shaping:**
   - Introduce intermediate rewards for reaching certain states or avoiding holes to guide the agent towards the goal more effectively.

5. **Policy Optimization:**
   - Utilize advanced policy optimization techniques such as Proximal Policy Optimization (PPO) or Trust Region Policy Optimization (TRPO) to improve the agent's ability to handle the stochastic transitions.

By implementing these strategies, the agent may improve its performance in navigating the FrozenLake environment and increase its chances of reaching the goal state successfully.","To improve the agent's effectiveness in the FrozenLake environment, we need to consider the balance between exploration and exploitation, especially given the stochastic nature of the environment. The agent's previous episode ended unsuccessfully, indicating a need for more exploration to better understand the environment's dynamics and avoid pitfalls like holes.

Given the analysis and strategy recommendations, we should encourage more exploration by increasing the probability of selecting less frequently chosen actions. This can be achieved by using an epsilon-greedy strategy with a higher epsilon value. For example, if we set epsilon to 0.3, we can allocate 70% of the probability to the action with the highest estimated value (exploitation) and distribute the remaining 30% equally among all actions (exploration).

Assuming the agent does not have a strong preference for any particular action due to the lack of successful episodes, we can start with a uniform distribution to encourage exploration. This means each action has an equal probability of being selected, allowing the agent to explore different paths and potentially discover more effective strategies.

Therefore, the probability distribution for the 4 action explorations in the next episode can be set as follows:

```python
{0: 0.25, 1: 0.25, 2: 0.25, 3: 0.25}
```

This uniform distribution encourages the agent to explore all possible actions equally, which is beneficial in the early stages of learning or when the agent is struggling to find a successful path. As the agent gathers more information and starts identifying more promising actions, the distribution can be adjusted to favor those actions while still maintaining some level of exploration."
56,0.0,0.2,0.77824,0.00876039918512106,N/A,N/A
57,0.0,0.2,0.77428,0.008609130047261715,N/A,N/A
58,0.0,0.0,0.77032,0.004707328509539366,N/A,N/A
59,0.0,0.1,0.76636,0.0038570945616811514,N/A,N/A
60,0.0,0.2,0.7624,0.0029458252247422934,"In the last episode of the training process on the FrozenLake-v1 environment, the agent received a total reward of 0.0, indicating that it did not reach the goal state (G) and likely fell into a hole (H) or ran out of steps without reaching the goal. The action sequence extracted at intervals is [3, 2, 3, 0, 1, 1], which corresponds to the following actions:

- 3: Move left
- 2: Move up
- 3: Move left
- 0: Move down
- 1: Move right
- 1: Move right

Let's analyze the possible trajectory based on these actions and the environment's transition dynamics:

1. **Initial State (S, state 0):** The agent starts at the top-left corner of the grid.

2. **Action 3 (Move left):** Since the agent is already at the left border, it remains in state 0.

3. **Action 2 (Move up):** Again, the agent is at the top border, so it stays in state 0.

4. **Action 3 (Move left):** The agent remains in state 0 due to the left border.

5. **Action 0 (Move down):** The agent attempts to move down. Due to the slippery nature, it could potentially move left or up, but since it's at the top-left corner, it likely moves to state 4 (second row, first column).

6. **Action 1 (Move right):** The agent attempts to move right. It could end up in state 5 (second row, second column) or slip to state 0 or 4.

7. **Action 1 (Move right):** The agent attempts to move right again. Depending on its previous state, it could move to state 6 (second row, third column) or slip to state 5 or 4.

Given the total reward of 0.0, it's likely that the agent fell into a hole (H) at some point, possibly in states 5 or 7, or it may have ended up in a loop without reaching the goal.

### Strategy Recommendations:

1. **Improved Exploration:**
   - Encourage more diverse exploration strategies to avoid repetitive actions that lead to loops or dead ends.
   - Implement an exploration strategy that balances exploration and exploitation, such as epsilon-greedy with a decaying epsilon.

2. **State Value Estimation:**
   - Enhance the state value estimation to better guide the agent towards the goal. This can be achieved through more sophisticated algorithms like Q-learning or SARSA, which can help the agent learn the value of each state-action pair more effectively.

3. **Handling Slippery Dynamics:**
   - Develop strategies that account for the stochastic nature of the environment. This could include learning policies that are robust to the uncertainty of action outcomes.

4. **Reward Shaping:**
   - Consider implementing reward shaping to provide intermediate rewards that guide the agent towards the goal, such as small negative rewards for falling into holes or positive rewards for reaching certain states closer to the goal.

5. **Model-based Approaches:**
   - Incorporate model-based approaches to predict the outcomes of actions more accurately, allowing the agent to plan its moves more effectively in the slippery environment.

By implementing these strategies, the agent can improve its performance in navigating the FrozenLake environment and increase its chances of reaching the goal state successfully.","To improve the agent's performance in the FrozenLake environment, we need to adjust the action exploration strategy to encourage more effective exploration while considering the stochastic nature of the environment. Given the previous episode's outcome and the need for better exploration, we can use an exploration strategy like epsilon-greedy with a slight bias towards actions that might lead to more promising states.

Let's assume an epsilon-greedy strategy where epsilon is set to a moderate value (e.g., 0.2) to allow for exploration. This means that 20% of the time, the agent will choose a random action, and 80% of the time, it will choose the action with the highest estimated value. However, since we are focusing on exploration, we can slightly bias the probabilities towards actions that might lead to more exploration of the grid.

Given the previous trajectory and the need to explore more effectively, we can suggest a distribution that encourages exploration while still allowing for some exploitation of known paths. Here's a suggested distribution:

- Action 0 (Move down): This action can help the agent explore the lower parts of the grid, which are closer to the goal. We can assign a slightly higher probability to this action.
- Action 1 (Move right): This action can help the agent move towards the goal, especially if it starts in the left part of the grid.
- Action 2 (Move up): This action is less likely to be beneficial initially, as it might lead back to the starting row.
- Action 3 (Move left): This action can be useful for exploring the left side of the grid but should be used cautiously to avoid loops.

A possible distribution could be:

```python
{0: 0.35, 1: 0.35, 2: 0.15, 3: 0.15}
```

This distribution gives a higher probability to actions 0 and 1, encouraging exploration towards the goal and the lower parts of the grid, while still allowing for some exploration with actions 2 and 3. This approach balances exploration and exploitation, helping the agent to learn more effective strategies in the FrozenLake environment."
61,0.0,0.2,0.75844,0.010353578254580498,N/A,N/A
62,0.0,0.1,0.75448,0.004340063314884901,N/A,N/A
63,0.0,0.0,0.75052,0.007994286715984344,N/A,N/A
64,0.0,0.3,0.74656,0.002400981495156884,N/A,N/A
65,0.0,0.2,0.7425999999999999,0.002370978007093072,"In the final episode of the training process on the FrozenLake-v1 environment, the agent received a total reward of 0.0, indicating that it did not successfully reach the goal state (G) and likely fell into a hole (H) or failed to reach the goal within the episode's time limit. The action sequence extracted at intervals is [0, 0, 0, 3, 1, 0, 1, 0, 0, 1, 1, 0, 3, 2]. Let's analyze this sequence and the agent's behavior:

### Analysis:

1. **Initial Actions (0, 0, 0):**
   - The agent starts at state 0 (S) and attempts to move downwards (action 0) three times. This suggests an initial strategy to move towards the bottom of the grid, potentially aiming for the goal (G) located at the bottom right corner.

2. **Mid-Sequence Actions (3, 1, 0, 1, 0, 0, 1, 1):**
   - The agent then attempts to move left (action 3), right (action 1), and down (action 0) in a somewhat erratic pattern. This could indicate the agent is encountering the slippery nature of the environment, causing it to deviate from its intended path.
   - The sequence of actions suggests the agent is exploring different paths, possibly due to the stochastic transitions, which might have led it to unintended states.

3. **Final Actions (0, 3, 2):**
   - The agent continues to attempt moving down (action 0), left (action 3), and up (action 2). This sequence suggests the agent might have been trying to correct its path or was stuck in a loop due to the slippery dynamics.

4. **Outcome:**
   - The total reward of 0.0 indicates that the agent either fell into a hole or did not reach the goal. Given the sequence, it is likely that the agent encountered a hole or was unable to navigate effectively due to the stochastic nature of the environment.

### Strategy Recommendations:

1. **Improved Exploration:**
   - Encourage more systematic exploration strategies, such as using an epsilon-greedy policy with a decaying epsilon to balance exploration and exploitation. This can help the agent explore the environment more effectively and learn optimal paths.

2. **Model-Based Approaches:**
   - Consider implementing a model-based reinforcement learning approach where the agent learns a model of the environment's dynamics. This can help the agent predict the outcomes of its actions more accurately, especially in a stochastic environment like FrozenLake.

3. **Reward Shaping:**
   - Introduce intermediate rewards for reaching certain states or avoiding holes to guide the agent towards the goal. This can help the agent learn the importance of certain actions and states.

4. **Policy Improvement:**
   - Use policy gradient methods or actor-critic algorithms to improve the policy directly. These methods can help the agent learn more robust policies that account for the stochastic transitions.

5. **State Representation:**
   - Enhance the state representation by incorporating additional features or using function approximation techniques like neural networks to capture the environment's dynamics better.

By implementing these strategies, the agent can improve its performance in the FrozenLake environment, increasing its chances of reaching the goal state successfully.","To improve the agent's performance in the FrozenLake environment, we need to consider a strategy that balances exploration and exploitation while accounting for the stochastic nature of the environment. Given the previous episode's outcome and the need for better exploration, an epsilon-greedy approach with a slight bias towards exploration can be beneficial. This approach allows the agent to explore the environment more thoroughly, potentially discovering more effective paths to the goal.

Let's assume an epsilon value of 0.2 for exploration, meaning the agent will explore 20% of the time and exploit its current knowledge 80% of the time. When exploring, the agent will choose actions randomly, while during exploitation, it will choose the action it currently believes is the best based on its learned policy.

For simplicity, let's assume the agent currently has no strong preference for any particular action due to the lack of successful episodes. Therefore, during exploitation, we can distribute the probabilities equally among the actions.

Here's how the action distribution can be structured:

- 80% of the time, the agent exploits its current knowledge. Since it has no strong preference, distribute this equally among the four actions.
- 20% of the time, the agent explores, choosing actions randomly.

The distribution can be calculated as follows:

- Exploitation: 80% equally distributed among 4 actions = 0.8 / 4 = 0.2 for each action.
- Exploration: 20% equally distributed among 4 actions = 0.2 / 4 = 0.05 for each action.

Adding these together gives:

- Total probability for each action = 0.2 (exploitation) + 0.05 (exploration) = 0.25

Therefore, the probability distribution for the actions is:

```python
{0: 0.25, 1: 0.25, 2: 0.25, 3: 0.25}
```

This distribution reflects a balanced approach, allowing the agent to explore the environment while still considering its current knowledge, even if it's not yet well-formed. As the agent learns more about the environment, the distribution can be adjusted to favor more promising actions."
66,0.0,0.2,0.73864,0.002125004306435585,N/A,N/A
67,0.0,0.5,0.73468,0.003972274716943502,N/A,N/A
68,0.0,0.5,0.73072,0.0018162163905799389,N/A,N/A
69,0.0,0.3,0.72676,0.004526208154857159,N/A,N/A
70,0.0,0.3,0.7228,0.003982141613960266,"In the last episode of the training process on the FrozenLake-v1 environment, the agent received a total reward of 0.0, indicating that it did not reach the goal state (G) and likely fell into a hole (H) or failed to reach the goal within the episode's time limit. The action sequence extracted at intervals was [0, 1, 0, 0, 1, 3], which corresponds to the following intended movements based on the action mapping:

- Action 0: Move down
- Action 1: Move right
- Action 2: Move up
- Action 3: Move left

Given the slippery nature of the environment, the agent's intended actions may not have resulted in the expected movements due to the stochastic transition dynamics. This means that even if the agent intended to move in a particular direction, it could have ended up moving in one of the other two directions with equal probability.

### Analysis of the Action Sequence:

1. **Initial Actions (0, 1, 0):**
   - The agent starts at the initial state (S) and attempts to move down (action 0). However, due to the slippery nature, it could have moved left or up instead.
   - The next action is to move right (action 1), which could have resulted in moving down or left.
   - Another attempt to move down (action 0) follows, again with the possibility of moving left or up.

2. **Subsequent Actions (0, 1, 3):**
   - The agent continues with another attempt to move down (action 0), which might not have been successful due to the stochastic transitions.
   - It then tries to move right (action 1), potentially moving down or left instead.
   - Finally, the agent attempts to move left (action 3), which could have resulted in moving up or right.

### Possible Strategy Recommendations:

1. **Increased Exploration:**
   - Encourage more exploration to better understand the stochastic nature of the environment. This can be achieved by adjusting exploration parameters (e.g., epsilon in epsilon-greedy strategies) to allow the agent to experience a wider variety of state transitions.

2. **Policy Improvement:**
   - Focus on improving the policy by incorporating more sophisticated algorithms such as Q-learning with eligibility traces or SARSA, which can help the agent learn more effectively from the stochastic transitions.

3. **State-Action Value Estimation:**
   - Enhance the estimation of state-action values by using techniques like Double Q-learning to reduce overestimation bias, which can be particularly useful in environments with high variability in transitions.

4. **Model-Based Approaches:**
   - Consider incorporating model-based approaches to predict the outcomes of actions more accurately. This can help the agent plan better by simulating potential future states and rewards.

5. **Reward Shaping:**
   - Implement reward shaping to provide intermediate rewards for reaching certain states, which can guide the agent more effectively towards the goal.

6. **Environment Familiarization:**
   - Allow the agent to spend more time familiarizing itself with the environment's dynamics, possibly by running additional episodes with a focus on understanding the effects of each action.

By adopting these strategies, the agent can improve its performance in navigating the FrozenLake environment, ultimately increasing its chances of reaching the goal state successfully.","To improve the agent's effectiveness in the FrozenLake environment, we need to consider a strategy that balances exploration and exploitation, given the stochastic nature of the environment. Since the agent did not reach the goal in the last episode, it is important to encourage more exploration to better understand the environment's dynamics.

One common approach is to use an epsilon-greedy strategy, where the agent explores with probability epsilon and exploits (chooses the best-known action) with probability 1-epsilon. Given the need for increased exploration, we can set a relatively high epsilon value to encourage exploration.

Let's assume an epsilon value of 0.3 for exploration, meaning the agent will explore 30% of the time and exploit 70% of the time. When exploring, the agent will choose any of the four actions with equal probability. When exploiting, the agent will choose the best-known action based on its current policy. However, since we are focusing on exploration, we will distribute the exploration probability equally among all actions.

Here's how the action probabilities can be distributed:

- Exploration probability (epsilon): 0.3
- Exploitation probability (1 - epsilon): 0.7

For exploration, each action has an equal probability of being chosen:

- Probability of choosing any action during exploration: 0.3 / 4 = 0.075

For exploitation, assuming no prior knowledge of the best action, we distribute the exploitation probability equally among all actions (this is a simplification for the sake of exploration):

- Probability of choosing any action during exploitation: 0.7 / 4 = 0.175

Combining exploration and exploitation probabilities:

- Total probability for each action: 0.075 (exploration) + 0.175 (exploitation) = 0.25

Thus, the distribution of the 4 action explorations for the next episode is:

```python
{0: 0.25, 1: 0.25, 2: 0.25, 3: 0.25}
```

This distribution reflects a balanced approach, encouraging the agent to explore all actions equally while still considering the possibility of exploiting known information. As the agent learns more about the environment, this distribution can be adjusted to favor actions that lead to higher rewards."
71,0.0,0.1,0.71884,0.0018614287255331874,N/A,N/A
72,0.0,0.1,0.71488,0.0021379508543759584,N/A,N/A
73,0.0,0.3,0.71092,0.00597987649962306,N/A,N/A
74,0.0,0.3,0.70696,0.0033098156563937664,N/A,N/A
75,0.0,0.3,0.7030000000000001,0.0016544988611713052,"In the last episode of the training process on the FrozenLake-v1 environment, the agent received a total reward of 0.0, indicating that it did not reach the goal state (G) and likely fell into a hole (H) or failed to navigate effectively to the goal. The action sequence extracted at intervals is [3, 3, 0], which corresponds to the following actions:

- Action 3: Move left
- Action 3: Move left
- Action 0: Move down

Given the environment's layout and the slippery transition dynamics, let's analyze the possible trajectory and outcomes:

1. **Initial State (S, State 0):** The agent starts at the top-left corner of the grid.
2. **First Action (3 - Move Left):** Since the agent is already at the leftmost edge, attempting to move left would keep it in the same state (State 0). However, due to the slippery nature, the agent could also move up or right, but since it's at the top-left corner, moving up keeps it in the same state, and moving right would move it to State 1.
3. **Second Action (3 - Move Left):** If the agent was in State 0, it would again attempt to move left, remaining in State 0. If it was in State 1, moving left would bring it back to State 0, but due to the slippery dynamics, it could also move up (stay in State 1) or right (move to State 2).
4. **Third Action (0 - Move Down):** If the agent was in State 0, moving down could take it to State 4, but due to the slippery nature, it could also move left (stay in State 0) or up (stay in State 0). If the agent was in State 1 or 2, moving down could take it to State 5 or 6, respectively, but with the possibility of moving left or up, it might not transition as intended.

**Analysis and Recommendations:**

1. **Exploration Strategy:** The agent's action sequence suggests it is not effectively exploring the grid to reach the goal. The repeated attempts to move left at the grid's edge indicate a lack of strategic exploration. Implementing an exploration strategy that encourages more diverse actions, such as epsilon-greedy or Boltzmann exploration, might help the agent explore more effectively.

2. **Learning from Failures:** Since the agent ended with a reward of 0.0, it likely fell into a hole or failed to reach the goal. Analyzing the states where the agent frequently fails and adjusting the policy to avoid these states could improve performance. Techniques like Q-learning with a focus on negative rewards can help the agent learn to avoid holes.

3. **Handling Slippery Dynamics:** The environment's stochastic nature requires the agent to adapt to uncertainty. Training the agent with a model that accounts for transition probabilities, such as a model-based approach or using techniques like SARSA, might help it better anticipate the outcomes of its actions.

4. **State-Action Value Function:** Enhancing the state-action value function to better capture the expected rewards of actions in different states can guide the agent towards more promising paths. This could involve increasing the learning rate or using function approximation methods like neural networks if the state space becomes too large.

5. **Reward Shaping:** Introducing intermediate rewards for reaching certain states or penalizing moves that lead to holes can guide the agent towards the goal more effectively. This can be a powerful tool to accelerate learning in environments with sparse rewards.

By implementing these strategies, the agent can improve its ability to navigate the FrozenLake environment and increase its chances of reaching the goal state successfully.","To improve the agent's exploration strategy in the FrozenLake-v1 environment, we need to ensure that the agent explores the grid more effectively while accounting for the slippery dynamics. Given the previous episode's action sequence and the resulting outcome, we can infer that the agent's exploration was not diverse enough, particularly with repeated actions that did not lead to progress.

To address this, we can use an exploration strategy that encourages a more balanced exploration of actions. One common approach is the epsilon-greedy strategy, where the agent mostly exploits the best-known action but occasionally explores other actions. However, since we are focusing on defining a probability distribution for exploration, we can directly specify a distribution that encourages exploration.

Given the need for more diverse exploration, we can propose a distribution that slightly favors actions that might lead to progress (e.g., moving down towards the goal) but still allows for exploration of other actions. Here's a suggested distribution:

- Action 0 (Move Down): This action is generally favorable as it can lead the agent towards the goal. We can assign a slightly higher probability to this action.
- Action 1 (Move Right): This action can help the agent move towards the goal, especially from the starting position. We can assign a moderate probability to this action.
- Action 2 (Move Up): This action is less favorable as it moves the agent away from the goal, but it should still be explored occasionally.
- Action 3 (Move Left): This action was overused in the previous episode without much success. We can assign a lower probability to this action.

Here's a proposed probability distribution for the next episode:

```python
{0: 0.35, 1: 0.30, 2: 0.15, 3: 0.20}
```

This distribution encourages the agent to explore moving down and right more frequently, which are generally more promising directions towards the goal, while still allowing for some exploration of moving up and left. Adjusting these probabilities based on further observations and learning progress can help refine the exploration strategy over time."
76,0.0,0.0,0.69904,0.003557540476322174,N/A,N/A
77,0.0,0.3,0.69508,0.0016144707333296537,N/A,N/A
78,0.0,0.3,0.69112,0.002302610781043768,N/A,N/A
79,0.0,0.3,0.68716,0.0032325766514986753,N/A,N/A
80,0.0,0.1,0.6832,0.0008332720608450472,"In the last episode of the training process on the FrozenLake-v1 environment, the agent received a total reward of 0.0, indicating that it did not reach the goal state (G) and likely fell into a hole (H) or ran out of steps before reaching the goal. The action sequence extracted at intervals is [0, 0, 0, 0, 0, 0, 2, 2, 0, 0, 2, 2, 1, 0, 3, 0, 2, 2, 1, 1, 2, 2, 3, 0, 2, 1, 3, 1, 3, 3, 0, 2, 2, 3, 0, 1, 1, 0, 2, 0]. 

### Analysis:

1. **Action Distribution**: 
   - The actions are distributed as follows: 
     - Action 0 (down): 13 times
     - Action 1 (right): 7 times
     - Action 2 (up): 11 times
     - Action 3 (left): 9 times
   - The agent seems to favor moving down (action 0) and up (action 2), which might indicate an attempt to navigate vertically through the grid.

2. **Slippery Dynamics**:
   - The environment's slippery nature means that the agent's intended actions are not always executed as planned. This can lead to unintended movements, especially when trying to navigate around holes (H).

3. **State Transitions**:
   - Without the exact state transitions, it's challenging to pinpoint where the agent fell into a hole or got stuck. However, given the total reward of 0.0, it's likely that the agent either fell into a hole or did not reach the goal within the episode's step limit.

4. **Potential Pitfalls**:
   - The sequence contains multiple consecutive actions of the same type, such as [0, 0, 0, 0, 0, 0] and [2, 2, 2, 2]. This could indicate that the agent is getting stuck in loops or repeatedly attempting to move in a particular direction without success.

### Strategy Recommendations:

1. **Exploration Strategy**:
   - Consider implementing an exploration strategy that encourages more diverse action selection, such as epsilon-greedy with a decaying epsilon or using a softmax action selection strategy to balance exploration and exploitation.

2. **State-Action Value Learning**:
   - Focus on improving the agent's state-action value estimates (Q-values) to better understand the consequences of actions in different states. This can be achieved through more training episodes or by using techniques like Q-learning or SARSA.

3. **Reward Shaping**:
   - Introduce intermediate rewards for reaching certain states or avoiding holes to guide the agent more effectively towards the goal.

4. **Environment Understanding**:
   - Encourage the agent to learn the layout of the environment, especially the positions of holes and the goal, to make more informed decisions.

5. **Policy Improvement**:
   - Evaluate the current policy and consider policy improvement techniques, such as policy iteration or actor-critic methods, to enhance the agent's decision-making process.

6. **Handling Slippery Dynamics**:
   - Train the agent to account for the stochastic nature of the environment by simulating multiple episodes and learning from the variability in outcomes.

By implementing these strategies, the agent may improve its performance in navigating the FrozenLake environment and increase its chances of reaching the goal state successfully.","To improve the agent's effectiveness in the FrozenLake environment, we need to adjust the action selection strategy to encourage more balanced exploration while considering the environment's slippery dynamics. Given the previous action distribution and the analysis, we should aim for a more uniform distribution to prevent the agent from getting stuck in loops and to encourage exploration of different paths.

Here's a recommended action distribution for the next episode:

- **Action 0 (down)**: Although the agent favored this action previously, we should reduce its probability slightly to encourage exploration of other actions.
- **Action 1 (right)**: This action was less favored, so we should increase its probability to explore more horizontally.
- **Action 2 (up)**: This action was also favored, so we should balance its probability with others.
- **Action 3 (left)**: Similar to action 1, increase its probability to encourage horizontal exploration.

A more balanced exploration strategy can be achieved by setting a uniform distribution or slightly favoring underexplored actions. Here's a proposed distribution:

```python
{0: 0.25, 1: 0.25, 2: 0.25, 3: 0.25}
```

This uniform distribution ensures that the agent explores all directions equally, which can help it learn more about the environment and potentially find paths to the goal that it hasn't explored yet. As the agent learns more about the environment, this distribution can be adjusted based on the learned state-action values to favor more promising actions."
81,0.0,0.0,0.6792400000000001,0.00174246437381953,N/A,N/A
82,0.0,0.0,0.67528,0.0010405865032225847,N/A,N/A
83,1.0,0.0,0.6713199999999999,0.0010327568743377924,N/A,N/A
84,0.0,0.2,0.66736,0.003494911827147007,N/A,N/A
85,0.0,0.0,0.6634,0.017727399244904518,"In the last episode of training on the FrozenLake-v1 environment, the agent received a total reward of 0.0, indicating that it did not reach the goal state (G) and likely fell into a hole (H) or did not complete the episode successfully. The action sequence observed at intervals was [1, 0, 2, 2], which corresponds to the following intended moves:

1. **Action 1 (Move Right)**: The agent intended to move right, but due to the slippery nature of the environment, it could have moved down, right, or left with equal probability.
2. **Action 0 (Move Down)**: The agent intended to move down, but it could have moved down, left, or up with equal probability.
3. **Action 2 (Move Up)**: The agent intended to move up, but it could have moved up, right, or down with equal probability.
4. **Action 2 (Move Up)**: Again, the agent intended to move up, but it could have moved up, right, or down with equal probability.

Given the stochastic nature of the environment, the agent's intended actions may not have resulted in the expected transitions, leading to a failure to reach the goal or a fall into a hole. The sequence suggests that the agent may have been attempting to navigate towards the goal but was hindered by the environment's randomness.

### Strategy Recommendations:

1. **Increased Exploration**: Encourage the agent to explore more diverse paths by adjusting exploration parameters (e.g., epsilon in epsilon-greedy strategies) to ensure it experiences a wider variety of state transitions and learns to handle the stochasticity better.

2. **Improved Policy Learning**: Consider using more sophisticated policy learning techniques, such as Q-learning with function approximation or deep Q-networks (DQN), to better capture the environment's dynamics and improve decision-making under uncertainty.

3. **Environment Modeling**: Implement a model-based approach where the agent learns a model of the environment's transition dynamics. This can help the agent predict the outcomes of its actions more accurately and plan more effective strategies.

4. **Reward Shaping**: Introduce intermediate rewards for reaching certain states or avoiding holes to guide the agent towards the goal more effectively. This can help the agent learn a more robust policy that accounts for the slippery nature of the environment.

5. **Action Repetition**: Consider allowing the agent to repeat actions or use macro-actions (sequences of actions) to mitigate the effects of stochastic transitions and increase the likelihood of reaching the desired state.

By implementing these strategies, the agent can potentially improve its performance in the FrozenLake-v1 environment and increase its chances of successfully reaching the goal state.","To improve the agent's performance in the FrozenLake-v1 environment, we need to consider the stochastic nature of the environment and the agent's past performance. Given the previous episode's outcome and the suggested strategies, we should focus on encouraging exploration while also considering the potential benefits of each action based on the environment's layout.

The FrozenLake environment is a grid where the agent starts at state 0 and aims to reach the goal at state 15. The agent's actions are subject to randomness due to the slippery nature, which means that even if the agent intends to move in one direction, it might end up moving in another.

Given the layout of the environment and the fact that the agent did not reach the goal in the last episode, we should encourage exploration to help the agent learn more about the environment. However, we should also consider the potential benefits of each action:

1. **Action 0 (Move Down)**: This action can help the agent move towards the goal, especially from the starting position. However, it also risks moving into holes if not careful.
2. **Action 1 (Move Right)**: This action is generally beneficial as it moves the agent towards the goal, especially in the top rows.
3. **Action 2 (Move Up)**: This action is less beneficial initially since it moves the agent away from the goal.
4. **Action 3 (Move Left)**: This action can be risky as it might move the agent away from the goal or into holes.

Considering these factors and the need for exploration, we can propose a probability distribution that slightly favors moving right and down, while still allowing for exploration of other actions. Here's a suggested distribution:

```python
{0: 0.25, 1: 0.35, 2: 0.15, 3: 0.25}
```

- **Action 0 (Move Down)**: 0.25 probability to encourage moving towards the goal.
- **Action 1 (Move Right)**: 0.35 probability to favor moving towards the goal, especially in the top rows.
- **Action 2 (Move Up)**: 0.15 probability to allow for exploration but less favored as it moves away from the goal.
- **Action 3 (Move Left)**: 0.25 probability to allow for exploration but with caution due to potential risks.

This distribution encourages exploration while still prioritizing actions that are more likely to lead the agent towards the goal."
86,0.0,0.0,0.65944,0.0017483176197856665,N/A,N/A
87,0.0,0.0,0.6554800000000001,0.0021265135146677494,N/A,N/A
88,0.0,0.1,0.6515200000000001,0.0017918164376169443,N/A,N/A
89,0.0,0.1,0.64756,0.012217797338962555,N/A,N/A
90,0.0,0.2,0.6436,0.0023993817158043385,"In the last episode of the training process on the FrozenLake-v1 environment, the agent received a total reward of 0.0, indicating that it did not successfully reach the goal state (G) and likely fell into a hole (H) or failed to reach the goal within the episode's time limit. The action sequence extracted at intervals was [0, 2, 2, 2, 1, 1, 0, 1, 0]. Let's analyze this sequence and the potential reasons for the outcome.

### Analysis:

1. **Initial Actions:**
   - The agent started with action 0 (intended to move down), which could have moved it from state 0 to state 4, 0, or 1 due to the slippery nature of the environment.
   - The subsequent actions were 2, 2, 2 (intended to move up), which could have moved the agent in various directions due to the stochastic transitions, potentially causing it to loop back or move unpredictably.

2. **Middle Actions:**
   - The agent then took actions 1, 1 (intended to move right), which might have moved it towards the right or down, depending on its current state and the stochastic outcomes.
   - These actions suggest an attempt to navigate towards the goal, but the stochastic nature could have led to unintended movements.

3. **Final Actions:**
   - The last few actions were 0, 1, 0 (intended to move down, right, down), which again could have resulted in unpredictable movements due to the environment's slipperiness.
   - The sequence ended without reaching the goal, indicating that the agent either fell into a hole or was unable to reach the goal within the episode.

### Possible Strategy Recommendations:

1. **Improved Exploration:**
   - Encourage more diverse exploration strategies to better understand the environment's dynamics. This could involve varying the action selection policy to explore different parts of the grid more effectively.

2. **Policy Refinement:**
   - Refine the policy to account for the stochastic nature of the environment. This could involve using techniques like Q-learning with eligibility traces or SARSA, which might better handle the uncertainty in transitions.

3. **State Value Estimation:**
   - Enhance the state value estimation to better predict the expected rewards from each state, considering the stochastic transitions. This could involve using function approximation methods if the state space becomes too large.

4. **Increased Training Episodes:**
   - Increase the number of training episodes to allow the agent more opportunities to learn from its interactions with the environment. This could help it develop a more robust policy that can handle the stochastic transitions effectively.

5. **Reward Shaping:**
   - Consider implementing reward shaping to provide intermediate rewards that guide the agent towards the goal, helping it learn the optimal path more efficiently.

By implementing these strategies, the agent may improve its ability to navigate the FrozenLake environment and increase its chances of successfully reaching the goal state.","To improve the agent's effectiveness in the FrozenLake-v1 environment, we need to consider a strategy that balances exploration and exploitation while accounting for the stochastic nature of the environment. Given the previous episode's outcome and the analysis, we should aim to encourage exploration to better understand the environment's dynamics and avoid falling into holes.

One approach is to use an epsilon-greedy strategy, where the agent mostly exploits the current best-known actions but occasionally explores other actions to discover potentially better strategies. Since the agent received a total reward of 0.0 in the last episode, indicating it did not reach the goal, we should lean slightly more towards exploration to gather more information about the environment.

Let's assume an exploration rate (epsilon) of 0.3 for this scenario, meaning the agent will explore 30% of the time and exploit 70% of the time. Given the lack of specific information about the current policy's action preferences, we can distribute the exploration probability equally among all actions.

Here's how we can distribute the probabilities:

- Exploitation (70% of the time): Assume the agent has no strong preference for any specific action due to the lack of successful episodes. Thus, distribute this equally among all actions.
- Exploration (30% of the time): Distribute this equally among all actions.

Calculating the probabilities:

- Exploitation probability per action: 0.7 / 4 = 0.175
- Exploration probability per action: 0.3 / 4 = 0.075

Total probability per action = Exploitation probability + Exploration probability = 0.175 + 0.075 = 0.25

Therefore, the probability distribution for the actions should be:

```python
{0: 0.25, 1: 0.25, 2: 0.25, 3: 0.25}
```

This distribution reflects a balanced approach, encouraging exploration while maintaining a level of exploitation to refine the policy based on the agent's experiences."
91,0.0,0.0,0.63964,0.0014915947103872895,N/A,N/A
92,0.0,0.1,0.63568,0.0031405678018927574,N/A,N/A
93,0.0,0.2,0.6317200000000001,0.0037164350505918264,N/A,N/A
94,0.0,0.0,0.62776,0.0015087099745869637,N/A,N/A
95,0.0,0.1,0.6238,0.0010341801680624485,"In the final episode of the training process on the FrozenLake-v1 environment, the agent received a total reward of 0.0, indicating that it did not successfully reach the goal state (G) and likely fell into a hole (H) or failed to navigate to the goal within the episode's time limit. The action sequence extracted at intervals was [2, 3, 2, 2], which corresponds to the following intended movements based on the action definitions:

- Action 2: Intended to move up, but due to the slippery nature, the agent could have moved right, up, or down.
- Action 3: Intended to move left, but the agent could have moved left, up, or right.
- Action 2: Again, intended to move up, with possible outcomes being right, up, or down.
- Action 2: Once more, intended to move up, with possible outcomes being right, up, or down.

Given the environment's stochastic nature, the agent's intended movements may not have aligned with the actual movements due to the slippery surface, leading to unintended transitions and potentially causing the agent to fall into a hole or fail to reach the goal.

### Analysis:
1. **Stochastic Transitions**: The slippery nature of the environment introduces significant uncertainty in the agent's movements. The intended actions do not guarantee the expected state transitions, making it challenging to navigate the grid effectively.

2. **Action Sequence**: The sequence [2, 3, 2, 2] suggests a strategy focused on moving upwards and leftwards. However, due to the stochasticity, the agent might not have moved as planned, potentially leading to suboptimal paths or falling into holes.

3. **Reward Outcome**: The total reward of 0.0 indicates that the agent did not reach the goal state. This could be due to falling into a hole or not reaching the goal within the episode's time constraints.

### Strategy Recommendations:
1. **Policy Improvement**: Consider employing a more robust policy that accounts for the stochastic nature of the environment. This could involve using a value-based method like Q-learning or SARSA with exploration strategies such as epsilon-greedy to balance exploration and exploitation.

2. **State-Action Exploration**: Encourage more diverse exploration of state-action pairs to better understand the environment's dynamics. This can be achieved by increasing the exploration rate initially and gradually decaying it as the agent learns more about the environment.

3. **Model-Based Approaches**: Implement a model-based approach where the agent learns a model of the environment's transition dynamics. This can help in planning and predicting the outcomes of actions more accurately.

4. **Reward Shaping**: Introduce intermediate rewards to guide the agent towards the goal. For example, providing small positive rewards for moving closer to the goal or negative rewards for moving towards holes can help in shaping the agent's behavior.

5. **Environment Modifications**: If possible, modify the environment to reduce stochasticity, such as by adjusting the slipperiness factor, to allow the agent to learn more deterministic policies initially.

By incorporating these strategies, the agent can potentially improve its performance in navigating the FrozenLake environment and increase its chances of successfully reaching the goal state.","To improve the agent's effectiveness in the FrozenLake environment, we need to consider the balance between exploration and exploitation, especially given the stochastic nature of the environment. The agent's previous action sequence [2, 3, 2, 2] indicates a preference for moving upwards and leftwards, but the slippery surface means these intended actions may not always result in the desired movements.

Given the analysis and strategy recommendations, we should encourage exploration to better understand the environment's dynamics while also leveraging the agent's current knowledge. A common approach is to use an epsilon-greedy strategy, where the agent mostly exploits the best-known action but occasionally explores other actions to discover potentially better strategies.

Let's assume an exploration rate (epsilon) of 0.2 for the next episode. This means the agent will explore with a probability of 0.2 and exploit the best-known action with a probability of 0.8. Since the agent's previous strategy focused on moving upwards (action 2), we can assume this is the best-known action for exploitation.

Here's how we can distribute the probabilities:

- Exploit the best-known action (action 2) with a probability of 0.8.
- Distribute the exploration probability (0.2) equally among all four actions to ensure diverse exploration.

The probability distribution for the actions would be:

- Action 0: 0.05 (exploration)
- Action 1: 0.05 (exploration)
- Action 2: 0.8 (exploitation)
- Action 3: 0.05 (exploration)

Thus, the probability distribution for the next episode is:

```python
{0: 0.05, 1: 0.05, 2: 0.8, 3: 0.05}
```

This distribution encourages the agent to mostly exploit the upward movement strategy while still exploring other actions to adapt to the environment's stochastic nature."
96,0.0,0.0,0.61984,0.0008273439598269761,N/A,N/A
97,0.0,0.1,0.61588,0.0033980198204517365,N/A,N/A
98,0.0,0.2,0.61192,0.004422654397785664,N/A,N/A
99,0.0,0.2,0.6079600000000001,0.003115247003734112,N/A,N/A
100,0.0,0.1,0.604,0.0030671420972794294,"In the final episode of the training process on the FrozenLake-v1 environment, the agent received a total reward of 0.0, indicating that it did not successfully reach the goal state (G) and likely fell into a hole (H) or ran out of steps before reaching the goal. The action sequence extracted at intervals was [2, 2, 2, 2, 0, 2, 0, 2, 2, 2], which corresponds to the following actions based on the environment's transition dynamics:

- Action 2: [move up, move right, move down]
- Action 0: [move down, move left, move up]

Given the slippery nature of the environment, each action has a 1/3 probability of resulting in one of three possible movements. This stochasticity makes it challenging for the agent to predict the exact outcome of its actions.

### Analysis:

1. **Action Sequence**: The agent predominantly chose action 2, which has a high likelihood of moving up or right. This suggests the agent might have been attempting to navigate upwards or towards the right side of the grid. However, due to the stochastic nature, it might not have consistently moved in the intended direction.

2. **Outcome**: The total reward of 0.0 indicates that the agent either fell into a hole or did not reach the goal within the episode's step limit. Given the action sequence, it is plausible that the agent encountered a hole, especially since the grid has several holes that can be accidentally reached due to the environment's slipperiness.

3. **Exploration vs. Exploitation**: The agent's strategy appears to be exploratory, given the repeated use of action 2, which covers a broad range of potential movements. However, this exploration did not lead to a successful outcome in this episode.

### Strategy Recommendations:

1. **Improved Policy Learning**: The agent may benefit from a more refined policy that better accounts for the stochastic transitions. Techniques such as Q-learning with eligibility traces or SARSA could help the agent learn more robust policies that consider the probabilistic nature of the environment.

2. **Increased Exploration**: Implementing an exploration strategy like epsilon-greedy, where the agent occasionally takes random actions, could help it discover more effective paths to the goal. Adjusting the exploration rate over time (e.g., decaying epsilon) might balance exploration and exploitation.

3. **State Value Estimation**: Enhancing the agent's ability to estimate the value of each state could improve decision-making. Using methods like value iteration or policy iteration might help the agent better understand the long-term rewards associated with different states.

4. **Reward Shaping**: Introducing intermediate rewards for reaching certain states could guide the agent more effectively towards the goal. For example, providing small positive rewards for moving closer to the goal or avoiding holes might encourage safer paths.

5. **Environment Modeling**: If feasible, modeling the environment's transition probabilities could help the agent predict outcomes more accurately and adjust its strategy accordingly.

By implementing these strategies, the agent may improve its performance in navigating the FrozenLake environment and increase its chances of reaching the goal state successfully.","To improve the agent's performance in the FrozenLake-v1 environment, we need to consider a strategy that balances exploration and exploitation while accounting for the stochastic nature of the environment. Given the previous episode's outcome and the analysis, we should adjust the action selection probabilities to encourage more exploration and potentially discover more effective paths to the goal.

### Recommended Action Distribution:

1. **Action 0 (Down)**: This action can help the agent explore the lower parts of the grid, which might be beneficial if the agent is stuck in the upper regions. However, it should be used cautiously due to the presence of holes.

2. **Action 1 (Right)**: Moving right is generally a good strategy to progress towards the goal, especially if the agent is on the left side of the grid. Increasing the probability of this action can help the agent move towards the goal more effectively.

3. **Action 2 (Up)**: The agent has already shown a preference for this action, but given the previous episode's outcome, we should slightly reduce its probability to encourage exploration of other directions.

4. **Action 3 (Left)**: This action might be less favorable as it could lead the agent away from the goal, but it should still have a non-zero probability to maintain exploration.

### Suggested Probability Distribution:

To encourage exploration and improve task effectiveness, we can use an epsilon-greedy-like approach where we slightly favor actions that move towards the goal (e.g., right) while maintaining some probability for other actions to ensure exploration.

```python
{
    0: 0.2,  # Down
    1: 0.4,  # Right
    2: 0.3,  # Up
    3: 0.1   # Left
}
```

This distribution increases the probability of moving right, which is generally beneficial for reaching the goal, while still allowing for exploration in other directions. The agent should adjust these probabilities over time based on its learning progress and the environment's feedback."
101,0.0,0.0,0.6000399999999999,0.0009584578801877797,N/A,N/A
102,0.0,0.1,0.59608,0.0011184876784682274,N/A,N/A
103,0.0,0.0,0.59212,0.002098621567711234,N/A,N/A
104,0.0,0.0,0.58816,0.00456412136554718,N/A,N/A
105,1.0,0.3,0.5842,0.004503143485635519,"In the last episode of the training process on the FrozenLake-v1 environment, the agent successfully navigated the slippery 4x4 grid world to reach the goal state, achieving a total reward of 1.0. The action sequence taken by the agent was [1, 3, 1, 0, 2, 0, 0, 2, 3, 3, 0, 1, 2, 1, 2, 1, 2, 3, 2, 0, 1, 2, 2, 1, 1, 1]. This sequence reflects the agent's attempts to adapt to the stochastic nature of the environment, where each action has a probabilistic outcome due to the slippery surface.

### Analysis:

1. **Action Sequence**:
   - The sequence consists of a mix of all four possible actions (0: down, 1: right, 2: up, 3: left), indicating that the agent explored various directions to find a path to the goal.
   - The agent frequently used action 1 (right) and action 2 (up), which suggests a strategy focused on moving towards the goal located at the bottom-right corner of the grid.

2. **Exploration and Adaptation**:
   - The agent's path shows adaptation to the environment's stochastic transitions. Despite the randomness, the agent managed to avoid holes and reach the goal.
   - The sequence includes multiple instances of the same action in succession, which may indicate attempts to correct for unintended movements caused by the slippery surface.

3. **Successful Navigation**:
   - The agent's ability to reach the goal state and achieve a reward of 1.0 demonstrates effective exploration and exploitation of the environment's dynamics.

### Strategy Recommendations:

1. **Policy Refinement**:
   - Continue refining the policy to improve the agent's ability to predict and adapt to the stochastic transitions. This could involve increasing the exploration rate initially and gradually shifting towards exploitation as the agent learns the environment.

2. **State-Action Value Estimation**:
   - Enhance the estimation of state-action values (Q-values) to better capture the expected rewards of actions in various states. This can be achieved through techniques like Q-learning or SARSA, which can help the agent make more informed decisions.

3. **Exploration Strategies**:
   - Implement advanced exploration strategies such as epsilon-greedy with decay, where the agent starts with a high exploration rate and gradually reduces it as it becomes more confident in its policy.
   - Consider using softmax action selection or upper confidence bound (UCB) methods to balance exploration and exploitation more effectively.

4. **Environment Modeling**:
   - Develop a model of the environment's transition dynamics to predict the outcomes of actions more accurately. This could involve using model-based reinforcement learning approaches to simulate potential future states and rewards.

5. **Reward Shaping**:
   - Introduce intermediate rewards for reaching certain states or avoiding holes to guide the agent more effectively towards the goal. This can help in accelerating the learning process by providing more frequent feedback.

By implementing these strategies, the agent can improve its performance in navigating the FrozenLake environment, achieving higher success rates and more efficient paths to the goal.","To improve task effectiveness in the FrozenLake-v1 environment, we need to consider both exploration and exploitation strategies. Given the stochastic nature of the environment and the successful completion of the previous episode, we can infer that the agent has some understanding of the environment but still needs to explore to refine its policy.

### Analysis of Action Selection:

1. **Frequent Actions**: The previous episode showed a higher frequency of actions 1 (right) and 2 (up), which are crucial for moving towards the goal at the bottom-right corner. This suggests that these actions should have a slightly higher probability to encourage movement towards the goal.

2. **Exploration**: To ensure the agent continues to explore and adapt to the stochastic transitions, we should maintain a balanced exploration strategy. This involves not overly favoring any single action but rather allowing for some randomness to discover potentially better paths.

3. **Exploitation**: Since the agent successfully reached the goal, we should also leverage this knowledge by slightly favoring actions that have historically led to successful outcomes.

### Recommended Action Probability Distribution:

Given these considerations, a reasonable probability distribution for the next episode could be:

- **Action 0 (down)**: This action is less frequently used but can be important for navigating certain parts of the grid. Assign a moderate probability.
- **Action 1 (right)**: This action is crucial for moving towards the goal. Assign a slightly higher probability.
- **Action 2 (up)**: This action is also important for reaching the goal. Assign a slightly higher probability.
- **Action 3 (left)**: This action is less frequently needed but can help in certain situations. Assign a moderate probability.

Here's a suggested distribution:

```python
{0: 0.20, 1: 0.30, 2: 0.30, 3: 0.20}
```

This distribution reflects a balance between exploration and exploitation, with a slight emphasis on actions that have historically been more effective in reaching the goal. Adjustments can be made based on further observations and learning progress."
106,0.0,0.2,0.5802400000000001,0.0026936198119074106,N/A,N/A
107,0.0,0.2,0.57628,0.0018485606415197253,N/A,N/A
108,0.0,0.2,0.5723199999999999,0.0026172243524342775,N/A,N/A
109,0.0,0.5,0.56836,0.002091711387038231,N/A,N/A
110,0.0,0.0,0.5644,0.0036330819129943848,"In the last episode of the training process on the FrozenLake-v1 environment, the agent received a total reward of 0.0, indicating that it did not successfully reach the goal state (G) and likely fell into a hole (H) or failed to reach the goal within the episode's time limit. The action sequence taken by the agent was [2, 1, 0, 0, 1, 1, 3, 3, 0]. Let's break down the sequence and analyze the agent's performance:

### Action Sequence Analysis:

1. **Action 2 (Up)**: The agent attempted to move up from the starting position. Given the slippery nature of the environment, the agent might have ended up moving right or down instead.

2. **Action 1 (Right)**: The agent attempted to move right. Again, due to the environment's stochastic nature, it might have moved down or left.

3. **Action 0 (Down)**: The agent attempted to move down. This action could have resulted in moving left or up.

4. **Action 0 (Down)**: Another attempt to move down, with possible outcomes being left or up.

5. **Action 1 (Right)**: The agent tried to move right, potentially moving down or left instead.

6. **Action 1 (Right)**: Another attempt to move right, with similar potential deviations.

7. **Action 3 (Left)**: The agent attempted to move left, which could have resulted in moving up or right.

8. **Action 3 (Left)**: Another attempt to move left, with similar potential deviations.

9. **Action 0 (Down)**: The agent attempted to move down, potentially moving left or up.

### Possible Reasons for Failure:

- **Slippery Environment**: The stochastic transitions likely caused the agent to deviate from its intended path, leading it into a hole or away from the goal.

- **Suboptimal Policy**: The action sequence suggests that the agent might not have developed a robust policy to navigate the grid effectively, especially given the randomness of the environment.

- **Exploration vs. Exploitation**: The agent might have been exploring rather than exploiting a learned policy, which could explain the lack of a direct path to the goal.

### Strategy Recommendations:

1. **Policy Improvement**: Focus on improving the policy by using techniques like Q-learning or SARSA with function approximation to better handle the stochastic nature of the environment.

2. **Increased Exploration**: Ensure that the agent explores the environment sufficiently to learn the consequences of its actions in different states. Techniques like epsilon-greedy exploration can help balance exploration and exploitation.

3. **Reward Shaping**: Consider implementing reward shaping to provide intermediate rewards for reaching certain states, encouraging the agent to move towards the goal.

4. **State Representation**: Enhance state representation to include more information about the environment, which might help the agent make better decisions.

5. **Environment Familiarization**: Allow the agent to run more episodes to become familiar with the environment's dynamics, potentially leading to better policy development.

By addressing these areas, the agent can improve its ability to navigate the FrozenLake environment and increase its chances of reaching the goal state successfully.","To improve the agent's performance in the FrozenLake-v1 environment, we need to consider a strategy that balances exploration and exploitation, given the stochastic nature of the environment. The agent should explore enough to learn the environment dynamics while also exploiting known good actions to reach the goal.

Given the previous episode's outcome and the need for more effective exploration, we can use an epsilon-greedy strategy to determine the action probabilities. This approach involves selecting a random action with probability epsilon (exploration) and the best-known action with probability 1-epsilon (exploitation).

For the next episode, let's assume we want to encourage more exploration to help the agent learn better. We can set epsilon to a relatively high value, such as 0.3, to ensure sufficient exploration. This means 30% of the time, the agent will choose a random action, and 70% of the time, it will choose the best-known action.

Since we don't have a specific policy or Q-values to determine the best action, we'll distribute the exploration probability equally among all actions. Here's how the action probabilities would be distributed:

- Exploration probability (epsilon) = 0.3
- Exploitation probability = 1 - epsilon = 0.7

Assuming equal probability for exploration among all actions, the distribution would be:

- Probability for each action during exploration = epsilon / 4 = 0.3 / 4 = 0.075

The distribution for the next episode would be:

```python
{
    0: 0.075 + 0.7/4,
    1: 0.075 + 0.7/4,
    2: 0.075 + 0.7/4,
    3: 0.075 + 0.7/4
}
```

Calculating the final probabilities:

- Each action gets an additional 0.175 from exploitation (since 0.7/4 = 0.175).

Thus, the final distribution is:

```python
{
    0: 0.075 + 0.175 = 0.25,
    1: 0.075 + 0.175 = 0.25,
    2: 0.075 + 0.175 = 0.25,
    3: 0.075 + 0.175 = 0.25
}
```

This distribution ensures that the agent explores all actions equally while also allowing for exploitation of any learned policy."
111,0.0,0.1,0.56044,0.0047684903256595135,N/A,N/A
112,0.0,0.0,0.55648,0.005660003516823053,N/A,N/A
113,0.0,0.0,0.55252,0.0035862529184669256,N/A,N/A
114,0.0,0.0,0.5485599999999999,0.003693444188684225,N/A,N/A
115,0.0,0.2,0.5446,0.008394758217036724,"In the last episode of the training process on the FrozenLake-v1 environment, the agent received a total reward of 0.0, indicating that it did not successfully reach the goal state (G) and likely fell into a hole (H) or ran out of steps before reaching the goal. The action sequence extracted at intervals is [1, 3, 3, 3, 3, 3, 3, 3, 3, 0, 0, 2, 0, 2, 3, 3, 2, 2, 3, 3, 2, 3, 2, 1, 0, 2, 0].

### Analysis:

1. **Action Sequence Overview:**
   - The sequence shows a predominance of actions 3 (left) and 2 (up), with occasional actions 0 (down) and 1 (right).
   - The agent seems to have a tendency to move left, which might indicate a strategy to avoid holes or an attempt to explore the left side of the grid.

2. **Slippery Dynamics:**
   - Given the slippery nature of the environment, the agent's intended actions may not always result in the expected movement. This could lead to unintended transitions into holes or away from the goal.

3. **Lack of Goal Achievement:**
   - The absence of a positive reward suggests that the agent either fell into a hole or failed to reach the goal within the episode's time limit.
   - The sequence does not show a clear progression towards the goal state, indicating potential issues with exploration or policy effectiveness.

### Strategy Recommendations:

1. **Improved Exploration:**
   - Encourage more diverse exploration strategies to cover different parts of the grid. This can be achieved by adjusting exploration parameters, such as increasing the exploration rate (epsilon) in an epsilon-greedy policy.

2. **Learning from Failures:**
   - Implement a mechanism to learn from episodes where the agent falls into holes. This could involve negative reinforcement or updating the value function to avoid states leading to holes.

3. **Policy Refinement:**
   - Refine the policy to better account for the slippery dynamics. This could involve using a model-based approach to predict the outcomes of actions more accurately or employing techniques like Q-learning with function approximation to generalize better across states.

4. **State Value Estimation:**
   - Enhance the estimation of state values to prioritize states that are closer to the goal while avoiding holes. This can be done by using temporal difference learning methods to update state values more effectively.

5. **Reward Shaping:**
   - Consider implementing reward shaping to provide intermediate rewards for reaching certain states or avoiding holes, which can guide the agent more effectively towards the goal.

By addressing these areas, the agent can improve its ability to navigate the FrozenLake environment successfully and increase the likelihood of reaching the goal state in future episodes.","To improve the agent's effectiveness in the FrozenLake environment, we need to adjust the action selection strategy to encourage more balanced exploration and account for the slippery dynamics. Given the previous episode's action sequence and the analysis, the agent seems to have a bias towards moving left (action 3) and up (action 2), which might not be optimal for reaching the goal.

To enhance exploration and improve the likelihood of reaching the goal, we can propose a more balanced probability distribution for the actions. This distribution should encourage the agent to explore different directions more evenly, while still allowing for some preference towards actions that might be more beneficial based on the grid layout and the goal's position.

Here's a suggested probability distribution for the next episode:

- **Action 0 (Down):** This action can help the agent explore the lower parts of the grid, which might be necessary to reach the goal. Increasing its probability slightly can encourage exploration in this direction.
- **Action 1 (Right):** Moving right is generally beneficial as the goal is located towards the bottom-right corner of the grid. Increasing the probability of this action can help the agent progress towards the goal.
- **Action 2 (Up):** Given the previous tendency to move up, we should slightly reduce its probability to encourage more diverse exploration.
- **Action 3 (Left):** Since the agent previously favored moving left, we should reduce its probability to balance exploration.

Based on these considerations, here's a proposed action probability distribution:

```python
{0: 0.25, 1: 0.30, 2: 0.20, 3: 0.25}
```

This distribution encourages the agent to explore more towards the right and down directions, which are potentially more beneficial for reaching the goal, while still allowing for exploration in all directions to account for the environment's stochastic nature."
116,0.0,0.1,0.54064,0.005766027141362429,N/A,N/A
117,0.0,0.3,0.53668,0.004652314819395542,N/A,N/A
118,0.0,0.4,0.5327200000000001,0.003085362957790494,N/A,N/A
119,0.0,0.4,0.52876,0.00479825958609581,N/A,N/A
120,0.0,0.3,0.5248,0.004625663161277771,"In the last episode of the training process on the FrozenLake-v1 environment, the agent received a total reward of 0.0, indicating that it did not successfully reach the goal state (G) and likely fell into a hole (H) or ran out of steps before reaching the goal. The action sequence extracted at intervals was [2, 3, 0, 3, 0, 0, 2, 0, 1, 1]. Let's analyze the sequence and provide some insights and recommendations.

### Analysis:

1. **Action Sequence Interpretation:**
   - The actions correspond to the following intended movements:
     - 2: Move up
     - 3: Move left
     - 0: Move down
     - 1: Move right
   - Due to the slippery nature of the environment, each action has a probabilistic outcome, which means the agent might not have moved in the intended direction.

2. **Initial Observations:**
   - The sequence starts with an attempt to move up (2), which is not optimal from the starting position (state 0) as it is already at the top row.
   - The agent then attempts to move left (3), which again is not optimal as it is already at the leftmost column.
   - The repeated attempts to move down (0) suggest the agent might be trying to navigate towards the goal, but the slippery nature could be causing it to deviate from its intended path.
   - The sequence ends with two right movements (1), which might indicate an attempt to correct the path towards the goal.

3. **Possible Reasons for Failure:**
   - **Slippery Dynamics:** The stochastic nature of the environment likely caused the agent to deviate from its intended path, leading it into a hole or preventing it from reaching the goal.
   - **Suboptimal Policy:** The action sequence suggests that the agent might not have learned an optimal policy yet, as it starts with non-beneficial moves (up and left) from the initial state.
   - **Exploration vs. Exploitation:** The agent might be exploring rather than exploiting a known optimal path, which is common in the final stages of training if the exploration rate is still high.

### Strategy Recommendations:

1. **Policy Improvement:**
   - **Q-Learning or SARSA:** Ensure that the agent's policy is being updated effectively using Q-learning or SARSA. Check if the learning rate and discount factor are set appropriately to balance learning speed and future reward consideration.
   - **Policy Iteration:** Consider using policy iteration techniques to refine the policy further.

2. **Exploration Strategy:**
   - **Epsilon-Greedy Strategy:** If using an epsilon-greedy strategy, gradually reduce epsilon to encourage more exploitation of learned policies in the later stages of training.
   - **Boltzmann Exploration:** Consider using Boltzmann exploration to balance exploration and exploitation based on action-value estimates.

3. **Environment Understanding:**
   - **Model-Based Approach:** Implement a model-based approach to better understand the transition dynamics and predict the outcomes of actions more accurately.
   - **State-Action Value Visualization:** Visualize the state-action values to identify which states and actions are not being learned effectively.

4. **Training Adjustments:**
   - **Increase Training Episodes:** Extend the number of training episodes to allow the agent more opportunities to learn the optimal policy.
   - **Reward Shaping:** Consider implementing reward shaping to provide intermediate rewards for reaching certain states, guiding the agent towards the goal.

By implementing these strategies, the agent's performance in the FrozenLake-v1 environment can be improved, increasing the likelihood of successfully reaching the goal state in future episodes.","To improve the agent's effectiveness in the FrozenLake-v1 environment, we need to adjust the action selection strategy to better navigate the slippery grid and avoid falling into holes. Given the analysis, the agent's previous action sequence was suboptimal, and it likely suffered from the stochastic nature of the environment.

To address this, we can use an exploration strategy that balances exploration and exploitation. One common approach is to use an epsilon-greedy strategy, where the agent mostly exploits the best-known actions but occasionally explores other actions to discover potentially better strategies.

For the next episode, let's assume we want to encourage more exploitation of the learned policy while still allowing some exploration. We can set a higher probability for the action that seems most promising based on the current policy (e.g., moving towards the goal) and distribute the remaining probability among the other actions.

Assuming the agent has learned some value estimates and we want to slightly favor exploitation, we can set the probabilities as follows:

- Assign a higher probability to the action that is most likely to lead towards the goal (e.g., moving right or down if the agent is in the top-left quadrant).
- Distribute the remaining probability among the other actions to allow for exploration.

Here's a suggested probability distribution for the actions:

```python
{0: 0.2, 1: 0.4, 2: 0.2, 3: 0.2}
```

Explanation:

- Action 1 (move right) is given a higher probability (0.4) because moving right is generally beneficial when trying to reach the goal from the starting position.
- Actions 0 (move down), 2 (move up), and 3 (move left) are given equal lower probabilities (0.2) to allow for some exploration and to account for the stochastic nature of the environment.

This distribution assumes that moving right is generally more beneficial based on the current policy and the environment's layout. Adjustments may be needed based on further learning and policy updates."
121,0.0,0.2,0.52084,0.0065606748685240746,N/A,N/A
122,0.0,0.1,0.51688,0.005222538020461798,N/A,N/A
123,0.0,0.1,0.51292,0.007501098792999983,N/A,N/A
124,0.0,0.3,0.5089600000000001,0.0037334132939577103,N/A,N/A
125,0.0,0.1,0.505,0.005294075235724449,"In the last episode of training on the FrozenLake-v1 environment, the agent received a total reward of 0.0, indicating that it did not successfully reach the goal state (G) and likely fell into a hole (H) or failed to reach the goal within the episode's time limit. The action sequence taken by the agent was [2, 0, 3, 2, 2, 2, 2, 3, 1]. Let's analyze this sequence and the possible states the agent encountered:

1. **Initial State (0):** The agent starts at state 0 (S).
2. **Action 2 (Up):** The agent attempts to move up, but since it is at the top row, it remains in state 0.
3. **Action 0 (Down):** The agent attempts to move down, transitioning to state 4.
4. **Action 3 (Left):** The agent attempts to move left, but since it is at the leftmost column, it remains in state 4.
5. **Action 2 (Up):** The agent attempts to move up, transitioning back to state 0.
6. **Action 2 (Up):** The agent attempts to move up again, remaining in state 0.
7. **Action 2 (Up):** The agent attempts to move up once more, still remaining in state 0.
8. **Action 2 (Up):** The agent attempts to move up again, remaining in state 0.
9. **Action 3 (Left):** The agent attempts to move left, remaining in state 0.
10. **Action 1 (Right):** The agent attempts to move right, transitioning to state 1.

Given the slippery nature of the environment, the agent's intended actions may not always result in the expected transitions. However, the sequence suggests that the agent spent a significant amount of time oscillating between states 0 and 4, without making substantial progress toward the goal.

### Strategy Recommendations:

1. **Improved Exploration:**
   - The agent seems to be stuck in a loop between states 0 and 4. Implementing a more robust exploration strategy, such as epsilon-greedy with a decaying epsilon, could help the agent explore more states and avoid repetitive actions.

2. **State Value Estimation:**
   - Enhance the agent's ability to estimate the value of states more accurately. This can be achieved by using techniques like Q-learning or SARSA, which update the value estimates based on the rewards received and the estimated future rewards.

3. **Reward Shaping:**
   - Introduce intermediate rewards for reaching certain states or making progress toward the goal. This can help guide the agent toward the goal state more effectively.

4. **Policy Optimization:**
   - Consider using policy gradient methods to optimize the agent's policy directly. This can help the agent learn a more effective strategy for navigating the slippery environment.

5. **Environment Understanding:**
   - Encourage the agent to learn the transition dynamics better by simulating multiple episodes and analyzing the outcomes of different actions. This understanding can help the agent anticipate the effects of its actions more accurately.

By implementing these strategies, the agent can improve its performance in the FrozenLake-v1 environment, increasing the likelihood of reaching the goal state and achieving a higher total reward in future episodes.","To improve the agent's exploration and effectiveness in the FrozenLake-v1 environment, we need to consider a strategy that encourages exploration while still allowing for exploitation of known good actions. Given the agent's previous tendency to get stuck in a loop, we should aim to diversify its action choices.

One common approach is to use an epsilon-greedy strategy, where the agent mostly exploits the best-known action but occasionally explores other actions. However, since we are focusing on exploration, we can start with a more exploratory distribution.

Given the previous episode's actions and the need to explore more effectively, we can assign a higher probability to actions that might lead to new states, while still allowing for some randomness due to the slippery nature of the environment.

Here's a suggested probability distribution for the actions:

- Action 0 (Down): This action can help the agent move away from the starting state and explore lower rows, which is crucial for reaching the goal.
- Action 1 (Right): This action can help the agent move towards the goal, especially if it is stuck in the leftmost column.
- Action 2 (Up): This action should have a lower probability since it often results in staying in the same state when at the top row.
- Action 3 (Left): This action should also have a lower probability as it can lead to oscillation between states without progress.

A balanced exploratory distribution could be:

```python
{0: 0.35, 1: 0.35, 2: 0.15, 3: 0.15}
```

This distribution encourages the agent to explore actions that can lead to new states (down and right) while still allowing for some exploration of other actions. As the agent learns and improves its state value estimates, this distribution can be adjusted to favor more optimal actions."
126,0.0,0.0,0.5010399999999999,0.00912488903850317,N/A,N/A
127,0.0,0.0,0.49707999999999997,0.010071879252791405,N/A,N/A
128,0.0,0.1,0.49312,0.003134635277092457,N/A,N/A
129,0.0,0.4,0.48916000000000004,0.003007942344993353,N/A,N/A
130,0.0,0.2,0.48519999999999996,0.009930984117090702,"In the last episode of the training process on the FrozenLake-v1 environment, the agent received a total reward of 0.0, indicating that it did not successfully reach the goal state (G) and likely fell into a hole (H) or ran out of steps. The action sequence extracted at intervals was [0, 0, 3, 3, 1, 3, 0, 1], which corresponds to the following actions:

- 0: Attempt to move down
- 1: Attempt to move right
- 2: Attempt to move up
- 3: Attempt to move left

Given the slippery nature of the environment, each action has a probabilistic outcome, which means the agent might not move in the intended direction. Let's analyze the action sequence and its potential impact on the agent's trajectory:

1. **Initial Actions [0, 0]:** The agent attempts to move down twice from the starting position (S). Due to the slippery nature, these actions could have resulted in unintended movements, possibly moving the agent to adjacent frozen surfaces (F) or even back to the starting position.

2. **Middle Actions [3, 3]:** The agent attempts to move left twice. Depending on its current position, these actions could have led the agent towards the left side of the grid, potentially moving it closer to a hole (H) or keeping it on the frozen surface.

3. **Subsequent Actions [1, 3]:** The agent attempts to move right and then left. This sequence might have caused the agent to oscillate between positions, especially if it was near the center of the grid.

4. **Final Actions [0, 1]:** The agent attempts to move down and then right. If the agent was near the bottom row, these actions could have led it into a hole (H), ending the episode with a reward of 0.0.

### Strategy Recommendations:

1. **Improved Exploration Strategy:**
   - Encourage more diverse exploration by incorporating exploration strategies like epsilon-greedy, where the agent occasionally takes random actions to explore different parts of the grid.
   - Consider using a decaying epsilon value to balance exploration and exploitation over time.

2. **Incorporate State-Action Value Learning:**
   - Implement Q-learning or SARSA to help the agent learn the expected rewards for state-action pairs, allowing it to make more informed decisions despite the stochastic transitions.

3. **Utilize Model-Based Approaches:**
   - Develop a model of the environment's dynamics to simulate potential outcomes of actions, helping the agent plan better paths to the goal.

4. **Reward Shaping:**
   - Introduce intermediate rewards for reaching certain states or avoiding holes to guide the agent towards the goal more effectively.

5. **Policy Optimization:**
   - Explore policy gradient methods or actor-critic algorithms to directly optimize the policy, potentially leading to more robust strategies in stochastic environments.

By implementing these strategies, the agent can improve its ability to navigate the slippery FrozenLake environment and increase its chances of reaching the goal state successfully.","To improve the agent's exploration and effectiveness in the FrozenLake-v1 environment, we need to consider a strategy that balances exploration and exploitation while accounting for the stochastic nature of the environment. Given the previous episode's outcome and the need for better exploration, an epsilon-greedy strategy with a slight bias towards exploration can be beneficial.

Let's assume an epsilon value of 0.2 for exploration, meaning the agent will explore randomly 20% of the time and exploit the best-known action 80% of the time. Since we don't have specific Q-values or a learned policy yet, we can distribute the exploration probability evenly among all actions. This approach encourages the agent to explore different actions while still allowing for some level of exploitation.

Here's a suggested probability distribution for the actions:

- 80% of the time, the agent will choose the best-known action based on its current policy or Q-values. Since we don't have this information, we'll distribute this probability evenly across all actions for now.
- 20% of the time, the agent will explore randomly, which is distributed evenly across all actions.

Given this strategy, the probability distribution for each action can be calculated as follows:

- Exploitation probability (80%): Distributed evenly across all actions since we don't have specific Q-values.
- Exploration probability (20%): Distributed evenly across all actions.

Thus, the probability distribution for each action is:

- Probability of each action during exploitation: 0.8 / 4 = 0.2
- Probability of each action during exploration: 0.2 / 4 = 0.05

Combining both, the total probability for each action is:

- Total probability for each action: 0.2 (exploitation) + 0.05 (exploration) = 0.25

Therefore, the probability distribution for the 4 actions is:

```python
{0: 0.25, 1: 0.25, 2: 0.25, 3: 0.25}
```

This distribution ensures that the agent explores all actions equally while maintaining a balance between exploration and exploitation. As the agent learns more about the environment, this distribution can be adjusted based on the learned Q-values or policy."
131,0.0,0.2,0.48124,0.006004074588418007,N/A,N/A
132,0.0,0.4,0.4772799999999999,0.004718724172562361,N/A,N/A
133,0.0,0.0,0.47331999999999996,0.004533210303634405,N/A,N/A
134,0.0,0.3,0.46936,0.005106864497065544,N/A,N/A
135,0.0,0.3,0.4653999999999999,0.007980945520102978,"In the last episode of the training process on the FrozenLake-v1 environment, the agent received a total reward of 0.0, indicating that it did not reach the goal state (G) and likely fell into a hole (H) or ran out of steps before reaching the goal. The action sequence extracted at intervals was [1, 0, 3, 3, 2, 0, 3, 3, 3, 1, 1, 3], which corresponds to the following actions:

- 1: Move right
- 0: Move down
- 3: Move left
- 2: Move up

Given the slippery nature of the environment, each action has a 1/3 probability of resulting in the intended move, with the remaining probability distributed among two other directions. This stochasticity makes it challenging for the agent to navigate the grid effectively.

### Analysis of the Episode:

1. **Initial Actions:**
   - The sequence starts with a move right (1) and then a move down (0). This suggests an initial attempt to navigate towards the goal, which is located at the bottom right of the grid.

2. **Repeated Left Moves:**
   - The agent then takes three consecutive left moves (3, 3, 3). This could indicate a struggle with the stochastic transitions, causing the agent to remain in or return to a previous state, possibly near a hole or the starting point.

3. **Mid-Episode Actions:**
   - The agent attempts to move up (2) and down (0) again, which might be an effort to correct its path. However, the repeated left moves suggest it might be stuck in a loop or near a wall.

4. **Final Actions:**
   - The sequence ends with moves right (1, 1) and left (3), which could indicate the agent is oscillating between states without making progress towards the goal.

### Possible Strategy Recommendations:

1. **Improved Exploration:**
   - Encourage more diverse exploration strategies to prevent the agent from getting stuck in loops or near walls. This could involve implementing an exploration policy that favors less-visited states.

2. **Enhanced Learning Algorithm:**
   - Consider using algorithms that can better handle the stochastic nature of the environment, such as Q-learning with eligibility traces or SARSA, which might provide more robust learning in slippery conditions.

3. **State-Action Value Estimation:**
   - Improve the estimation of state-action values by incorporating more sophisticated function approximators, like neural networks, which can generalize better across similar states.

4. **Reward Shaping:**
   - Introduce intermediate rewards for reaching certain states or making progress towards the goal to guide the agent more effectively.

5. **Policy Adjustment:**
   - Adjust the policy to be more risk-averse near holes by penalizing actions that lead to high-risk states, thereby encouraging safer paths.

By implementing these strategies, the agent may improve its ability to navigate the FrozenLake environment, ultimately increasing the likelihood of reaching the goal state successfully.","To improve the agent's effectiveness in navigating the FrozenLake environment, we need to adjust the action exploration strategy. Given the stochastic nature of the environment and the analysis of the previous episode, the agent should focus on a more balanced exploration strategy that encourages visiting less-explored states while also considering the risks associated with certain actions.

Here's a proposed distribution for the action exploration:

- **Action 0 (Move Down):** This action is crucial for progressing towards the goal, especially from the starting position. However, it should be balanced with the risk of slipping into holes.
- **Action 1 (Move Right):** Moving right is generally beneficial as it aligns with the direction towards the goal. It should be slightly favored to encourage progress towards the goal.
- **Action 2 (Move Up):** This action is less likely to be beneficial in reaching the goal and should be used sparingly, mainly for correcting positions.
- **Action 3 (Move Left):** Moving left can often lead the agent away from the goal or back towards the starting point. It should be used cautiously, especially if the agent is near the starting position or a hole.

Taking these considerations into account, a balanced exploration strategy could be:

```python
{0: 0.25, 1: 0.35, 2: 0.15, 3: 0.25}
```

- **0.25 for Action 0 (Move Down):** Encourages movement towards the goal while being cautious of holes.
- **0.35 for Action 1 (Move Right):** Slightly favored to promote progress towards the goal.
- **0.15 for Action 2 (Move Up):** Used sparingly for position correction.
- **0.25 for Action 3 (Move Left):** Balanced to prevent excessive backtracking or getting stuck near the starting point.

This distribution aims to enhance the agent's ability to explore effectively while minimizing the risk of falling into holes or getting stuck in loops."
136,0.0,0.3,0.46143999999999996,0.014703217893838882,N/A,N/A
137,0.0,0.1,0.45748,0.010150520130991936,N/A,N/A
138,0.0,0.1,0.4535199999999999,0.0027306771371513605,N/A,N/A
139,0.0,0.3,0.44955999999999996,0.008280929177999496,N/A,N/A
140,0.0,0.0,0.4456,0.0022335979156196117,"In the last episode of the training process on the FrozenLake-v1 environment, the agent received a total reward of 0.0, indicating that it did not successfully reach the goal state (G) and likely fell into a hole (H) or did not reach the goal within the episode's time limit. The action sequence extracted at intervals was [1, 0, 1], which corresponds to the following intended movements:

1. **Action 1**: Attempt to move right, but due to the slippery nature of the environment, the agent could have moved down, moved left, or stayed in the same position.
2. **Action 0**: Attempt to move down, but the agent could have moved left, moved up, or stayed in the same position.
3. **Action 1**: Again, attempt to move right, with the same potential outcomes as the first action.

Given the stochastic nature of the environment, the agent's intended actions might not have resulted in the expected movements, leading to suboptimal exploration and potentially causing the agent to fall into a hole or fail to reach the goal.

### Analysis:

1. **Stochastic Transitions**: The environment's slippery nature introduces significant uncertainty in the agent's movements. This makes it challenging for the agent to plan a reliable path to the goal.

2. **Action Sequence**: The sequence [1, 0, 1] suggests an attempt to move towards the goal, but without knowing the exact states visited, it's difficult to determine if the agent was on the right path or if it was diverted due to the stochastic transitions.

3. **Reward Outcome**: The total reward of 0.0 indicates that the agent did not reach the goal. This could be due to falling into a hole or running out of time before reaching the goal.

### Strategy Recommendations:

1. **Increased Exploration**: Encourage more exploration to better understand the environment's dynamics. This could involve using exploration strategies like epsilon-greedy with a higher epsilon value or implementing exploration bonuses to encourage visiting less explored states.

2. **Model-Based Approaches**: Consider using model-based reinforcement learning to learn a model of the environment's transition dynamics. This could help the agent predict the outcomes of its actions more accurately and plan more effective paths to the goal.

3. **Policy Improvement**: Focus on improving the policy by using techniques like Q-learning or SARSA with function approximation to better handle the stochastic nature of the environment.

4. **State Tracking**: Implement a mechanism to track the states visited during the episode. This can provide insights into where the agent is getting stuck or diverted, allowing for more targeted improvements in the policy.

5. **Reward Shaping**: Introduce intermediate rewards for reaching certain states or avoiding holes to guide the agent more effectively towards the goal.

By addressing these areas, the agent can improve its performance in the FrozenLake-v1 environment, increasing its chances of successfully reaching the goal in future episodes.","To improve the agent's effectiveness in the FrozenLake-v1 environment, we need to consider the stochastic nature of the environment and the previous episode's outcomes. Given the challenges faced by the agent, it's important to balance exploration and exploitation to better understand the environment's dynamics and improve the policy.

### Analysis of Actions:

1. **Action 0 (Down)**: This action can help the agent move towards the goal, especially from the starting position. However, due to the slippery nature, it might not always result in moving down.

2. **Action 1 (Right)**: Moving right is generally a good strategy to reach the goal, but again, the stochastic transitions can lead to unintended movements.

3. **Action 2 (Up)**: This action is less likely to be beneficial initially, as moving up from the starting position doesn't lead towards the goal.

4. **Action 3 (Left)**: Similar to moving up, moving left from the starting position is not beneficial for reaching the goal.

### Recommended Action Distribution:

Given the need for increased exploration and the goal-oriented nature of the task, we should prioritize actions that generally move the agent towards the goal (down and right) while still allowing for exploration of other actions to understand the environment better.

- **Action 0 (Down)**: Assign a higher probability to encourage movement towards the goal.
- **Action 1 (Right)**: Also assign a higher probability, as moving right is often beneficial.
- **Action 2 (Up)**: Assign a lower probability, as moving up is less likely to be beneficial initially.
- **Action 3 (Left)**: Assign a lower probability, as moving left is generally not beneficial from the starting position.

### Proposed Action Distribution:

```python
{0: 0.35, 1: 0.35, 2: 0.15, 3: 0.15}
```

This distribution prioritizes actions that are more likely to lead the agent towards the goal (down and right) while still allowing for some exploration of other actions to account for the stochastic nature of the environment. This balance should help the agent improve its understanding of the environment and increase its chances of reaching the goal in future episodes."
141,1.0,0.1,0.44164000000000003,0.007284451276063919,N/A,N/A
142,0.0,0.2,0.43768000000000007,0.00835985504090786,N/A,N/A
143,0.0,0.2,0.4337200000000001,0.004899848718196154,N/A,N/A
144,0.0,0.3,0.42976000000000003,0.006278460379689932,N/A,N/A
145,0.0,0.3,0.42580000000000007,0.011362210847437382,"In the last episode of the training process on the FrozenLake-v1 environment, the agent received a total reward of 0.0, indicating that it did not successfully reach the goal state (G) and likely fell into a hole (H) or ran out of steps before reaching the goal. The action sequence extracted at intervals is [0, 1, 3, 1, 1, 3, 3, 0, 3, 1, 3, 3, 0, 0, 3, 1, 3, 1, 3, 2, 2]. Let's analyze this sequence and provide some insights and recommendations.

### Analysis:

1. **Action Sequence**:
   - The actions are represented as follows: 0 (down), 1 (right), 2 (up), 3 (left).
   - The sequence shows a mix of actions, with a tendency to move right (1) and left (3), and some attempts to move down (0) and up (2).

2. **State Transitions**:
   - Given the slippery nature of the environment, the agent's intended actions may not always result in the expected state transitions. This stochasticity can lead to the agent falling into holes or failing to reach the goal.

3. **Outcome**:
   - The total reward of 0.0 suggests that the agent either fell into a hole or did not reach the goal within the episode's time limit. The presence of multiple left (3) and right (1) actions could indicate the agent was oscillating between states, possibly getting stuck in a loop or near a hole.

### Strategy Recommendations:

1. **Exploration vs. Exploitation**:
   - Ensure a balanced exploration-exploitation strategy. If the agent is too exploratory, it may not learn the optimal path to the goal. Consider using techniques like epsilon-greedy with a decaying epsilon to gradually shift from exploration to exploitation.

2. **State-Action Value Estimation**:
   - Improve the estimation of state-action values (Q-values) to better guide the agent's decisions. This can be achieved through more episodes of training or using advanced algorithms like Q-learning or SARSA.

3. **Reward Shaping**:
   - Introduce intermediate rewards to guide the agent towards the goal. For example, small negative rewards for falling into holes or positive rewards for reaching certain states closer to the goal.

4. **Policy Improvement**:
   - Consider using policy-based methods or actor-critic algorithms to directly learn a policy that maximizes the expected reward, which might handle the stochastic transitions more effectively.

5. **Environment Understanding**:
   - Encourage the agent to learn the environment dynamics better. This can be done by simulating episodes where the agent explores the effects of different actions in various states, helping it understand the consequences of its actions.

6. **Model-Based Approaches**:
   - Implement a model-based approach where the agent builds a model of the environment's dynamics and uses it to plan its actions more effectively.

By refining the agent's strategy and improving its understanding of the environment, it can increase its chances of successfully navigating the FrozenLake and achieving the goal state.","To improve the agent's effectiveness in the FrozenLake-v1 environment, we need to consider the balance between exploration and exploitation, as well as the specific characteristics of the environment. Given the stochastic nature of the environment and the previous episode's outcome, we can adjust the action probabilities to encourage more effective exploration while still allowing for some degree of exploitation.

### Recommended Action Distribution:

1. **Action 0 (Down)**: Since moving down can help progress towards the goal (especially from the starting position), we should encourage this action slightly more than others.

2. **Action 1 (Right)**: Moving right is also generally beneficial, especially in the early stages of the episode, as it can help the agent move towards the goal.

3. **Action 2 (Up)**: This action should be less frequent, as moving up can often lead the agent away from the goal, especially if it is already in the lower rows of the grid.

4. **Action 3 (Left)**: Similar to moving up, moving left can often take the agent away from the goal, so this action should also be less frequent.

Given these considerations, we can propose a probability distribution that slightly favors moving down and right, while still allowing for some exploration in all directions:

```python
{0: 0.35, 1: 0.35, 2: 0.15, 3: 0.15}
```

### Explanation:

- **Action 0 (Down) and Action 1 (Right)**: Both actions are given a higher probability (0.35 each) because they generally help the agent progress towards the goal, especially from the starting position.

- **Action 2 (Up) and Action 3 (Left)**: These actions are given a lower probability (0.15 each) to reduce the likelihood of moving away from the goal or getting stuck in loops.

This distribution encourages the agent to explore actions that are more likely to lead to successful outcomes, while still allowing for some exploration to learn the environment's dynamics. Adjustments can be made based on further observations and results from subsequent episodes."
146,0.0,0.2,0.42184,0.00349543709307909,N/A,N/A
147,1.0,0.1,0.41788000000000003,0.0026431286241859198,N/A,N/A
148,0.0,0.1,0.41392000000000007,0.011263133026659489,N/A,N/A
149,0.0,0.3,0.40996,0.0044110557064414024,N/A,N/A
150,0.0,0.3,0.406,0.00971200317144394,"In the last episode of the training process on the FrozenLake-v1 environment, the agent received a total reward of 0.0, indicating that it did not successfully reach the goal state (G) and likely fell into a hole (H) or failed to reach the goal within the episode's time limit. The action sequence extracted at intervals was [2, 1, 2, 0, 1, 2, 3, 1, 0]. Let's analyze the sequence and provide some strategy recommendations.

### Analysis of the Action Sequence:

1. **Action 2 (Up):** Starting from the initial state (0), the agent attempted to move up. However, since the agent is already at the top row, this action would result in staying in the same state due to the wall boundary.

2. **Action 1 (Right):** The agent then attempted to move right, which is a valid move from state 0 to state 1.

3. **Action 2 (Up):** Again, the agent attempted to move up from state 1, which would result in staying in the same state due to the wall boundary.

4. **Action 0 (Down):** The agent attempted to move down, which could have moved it to state 5, but due to the slippery nature, it could have ended up in state 1, 5, or 0.

5. **Action 1 (Right):** The agent attempted to move right, which could have moved it to state 2, but due to the slippery nature, it could have ended up in state 2, 6, or 1.

6. **Action 2 (Up):** The agent attempted to move up, which could have moved it to state 1, but due to the slippery nature, it could have ended up in state 1, 2, or 5.

7. **Action 3 (Left):** The agent attempted to move left, which could have moved it to state 0, but due to the slippery nature, it could have ended up in state 0, 1, or 4.

8. **Action 1 (Right):** The agent attempted to move right, which could have moved it to state 1, but due to the slippery nature, it could have ended up in state 1, 5, or 0.

9. **Action 0 (Down):** The agent attempted to move down, which could have moved it to state 5, but due to the slippery nature, it could have ended up in state 5, 1, or 0.

### Possible Strategy Recommendations:

1. **Improved Exploration Strategy:**
   - The agent seems to be stuck in a loop, possibly due to the slippery nature of the environment. Implementing a more robust exploration strategy, such as epsilon-greedy with a decaying epsilon, could help the agent explore more states and avoid repetitive actions.

2. **State-Action Value Function:**
   - Enhance the learning of the state-action value function (Q-table) by increasing the number of episodes or using a more sophisticated algorithm like Q-learning with function approximation or Deep Q-Networks (DQN) to better handle the stochastic transitions.

3. **Reward Shaping:**
   - Consider implementing reward shaping to provide intermediate rewards for reaching certain states that are closer to the goal, which could guide the agent more effectively towards the goal.

4. **Policy Improvement:**
   - Evaluate the current policy and consider using policy improvement techniques such as policy iteration or actor-critic methods to refine the policy and improve decision-making in uncertain conditions.

5. **Environment Understanding:**
   - Ensure the agent has a good understanding of the environment's dynamics, possibly by simulating multiple episodes with different initial conditions to better learn the transition probabilities and adapt its strategy accordingly.

By implementing these strategies, the agent may improve its performance in navigating the FrozenLake environment and increase its chances of reaching the goal state successfully.","To improve the agent's effectiveness in the FrozenLake-v1 environment, we need to adjust the action exploration strategy. Given the agent's tendency to get stuck in loops and the stochastic nature of the environment, a balanced exploration strategy is essential. 

One effective approach is to use an epsilon-greedy strategy, where the agent mostly exploits the best-known actions but occasionally explores other actions. This can help the agent discover new paths and avoid getting stuck in loops. For the purpose of this task, let's assume a moderate level of exploration with an epsilon value of 0.2. This means the agent will explore with a probability of 0.2 and exploit with a probability of 0.8.

Given the previous episode's action sequence and the need to explore more effectively, we can distribute the exploration probability equally among all actions, while the exploitation probability can be biased towards actions that are more likely to lead to progress (e.g., moving right or down, as these directions generally lead towards the goal).

Here's a suggested probability distribution for the actions:

- **Action 0 (Down):** This action can help the agent progress towards the goal, especially from the starting row. It should have a slightly higher probability.
- **Action 1 (Right):** This action is also beneficial for moving towards the goal and should have a higher probability.
- **Action 2 (Up):** Since moving up often results in staying in the same state due to the wall, this action should have a lower probability.
- **Action 3 (Left):** Similar to moving up, moving left can often lead back to the starting point, so it should also have a lower probability.

Considering these factors, here's a proposed distribution:

```python
{
    0: 0.3,  # Down
    1: 0.3,  # Right
    2: 0.2,  # Up
    3: 0.2   # Left
}
```

This distribution reflects a strategy that favors actions likely to lead towards the goal while still allowing for exploration of other actions. Adjustments can be made based on further observations and results from additional episodes."
151,0.0,0.3,0.40204000000000006,0.003020801581442356,N/A,N/A
152,0.0,0.5,0.39808,0.0037650682497769594,N/A,N/A
153,0.0,0.1,0.39412,0.005167843773961067,N/A,N/A
154,0.0,0.1,0.39016000000000006,0.003053213469684124,N/A,N/A
155,0.0,0.4,0.3862,0.0024829176254570484,"In the last episode of the training process on the FrozenLake-v1 environment, the agent received a total reward of 0.0, indicating that it did not reach the goal state (G) and likely fell into a hole (H) or did not reach the goal within the episode's time limit. The action sequence extracted at intervals was [2, 3, 3, 1, 3, 1, 2], which corresponds to the following intended movements based on the action mapping:

- Action 2: Intended to move up, but could result in moving right or down due to the slippery nature.
- Action 3: Intended to move left, but could result in moving up or right.
- Action 1: Intended to move right, but could result in moving down or left.

Given the environment's stochastic nature, the agent's actual path may have deviated significantly from the intended path due to the random transitions. This unpredictability makes it challenging for the agent to consistently reach the goal.

### Analysis:

1. **Stochastic Transitions**: The slippery nature of the environment means that the agent's intended actions do not always result in the expected movements, leading to potential deviations from the optimal path.

2. **Action Sequence**: The sequence [2, 3, 3, 1, 3, 1, 2] suggests the agent attempted a mix of upward, leftward, and rightward movements. However, without knowing the exact states visited, it's difficult to determine the precise path taken.

3. **Reward Outcome**: The total reward of 0.0 suggests that the agent either fell into a hole or failed to reach the goal within the episode's time limit. This indicates a need for improved exploration or strategy refinement.

### Strategy Recommendations:

1. **Improved Exploration**: Encourage more diverse exploration strategies to better understand the environment's dynamics. Techniques such as epsilon-greedy with a decaying epsilon or using exploration bonuses for visiting less frequently visited states could be beneficial.

2. **Policy Refinement**: Consider using policy-based methods or value-based methods with function approximation to better capture the stochastic nature of the environment. Techniques like Q-learning with eligibility traces or SARSA could help improve the policy.

3. **Model-Based Approaches**: Incorporate model-based reinforcement learning to predict the outcomes of actions more accurately. This could involve learning a transition model to simulate potential future states and rewards.

4. **Reward Shaping**: Introduce intermediate rewards for reaching certain states or avoiding holes to guide the agent more effectively towards the goal.

5. **Increased Training**: Extend the training duration to allow the agent more time to learn the environment's dynamics and refine its policy.

By implementing these strategies, the agent may improve its ability to navigate the FrozenLake environment and increase its chances of reaching the goal state successfully.","To improve the agent's effectiveness in the FrozenLake-v1 environment, we need to consider a strategy that balances exploration and exploitation, given the stochastic nature of the environment. The agent should explore more to gather information about the environment while also exploiting known strategies that have shown potential in reaching the goal.

Given the previous episode's action sequence and the challenges faced, we can adjust the action probabilities to encourage more effective exploration. One approach is to use an epsilon-greedy strategy where a small probability is assigned to random exploration, and the remaining probability is distributed among actions based on their perceived effectiveness.

Since the agent did not reach the goal in the last episode, we should encourage exploration by slightly increasing the probability of less frequently chosen actions while maintaining a higher probability for actions that have shown potential in reaching the goal.

Let's assume an epsilon value of 0.2 for exploration, meaning 20% of the time, the agent will explore randomly, and 80% of the time, it will exploit known strategies. Based on the previous action sequence and the need for better exploration, we can propose the following distribution:

- Action 0 (move down): This action was not chosen in the previous sequence, so we should increase its probability to encourage exploration.
- Action 1 (move right): This action was chosen twice, indicating some potential, so it should have a moderate probability.
- Action 2 (move up): This action was chosen twice, indicating some potential, so it should have a moderate probability.
- Action 3 (move left): This action was chosen three times, indicating some potential, so it should have a moderate probability.

Here's a proposed distribution:

```python
{
    0: 0.25,  # Encourage exploration of moving down
    1: 0.25,  # Moderate probability for moving right
    2: 0.25,  # Moderate probability for moving up
    3: 0.25   # Moderate probability for moving left
}
```

This distribution encourages exploration by giving equal probability to all actions, allowing the agent to explore different paths and potentially discover more effective strategies for reaching the goal. Adjustments can be made based on further observations and results from subsequent episodes."
156,0.0,0.0,0.38224,0.012242885306477547,N/A,N/A
157,0.0,0.0,0.37827999999999995,0.004237194079905748,N/A,N/A
158,0.0,0.3,0.37432,0.0031250016763806343,N/A,N/A
159,0.0,0.3,0.37036,0.002078412566334009,N/A,N/A
160,1.0,0.3,0.36639999999999995,0.00338417268358171,"In the last episode of training on the FrozenLake-v1 environment, the agent successfully navigated the slippery 4x4 grid world to reach the goal state, earning a total reward of 1.0. The action sequence extracted at intervals was [3, 2, 3, 3, 1, 0, 3, 3, 1, 3, 2, 1]. Let's analyze this sequence and the agent's strategy:

### Analysis:

1. **Action Sequence Interpretation:**
   - The actions correspond to the following directions:
     - 0: Move down
     - 1: Move right
     - 2: Move up
     - 3: Move left
   - The sequence [3, 2, 3, 3, 1, 0, 3, 3, 1, 3, 2, 1] indicates a series of movements that the agent took to navigate the grid.

2. **Navigational Strategy:**
   - The agent started with a leftward movement (3), followed by an upward movement (2). This suggests an initial attempt to explore the upper left region of the grid.
   - The sequence includes multiple left (3) and right (1) movements, indicating attempts to navigate horizontally across the grid.
   - The presence of downward (0) and upward (2) movements suggests vertical exploration as well.
   - The agent's ability to reach the goal state and earn a reward of 1.0 indicates that despite the stochastic nature of the environment, the agent managed to find a path to the goal.

3. **Handling Slippery Dynamics:**
   - The environment's slippery nature means that the agent's intended actions may not always result in the expected movement. The agent's success in this episode suggests it has learned to adapt to these dynamics, possibly by exploring multiple paths and adjusting its strategy based on feedback.

### Strategy Recommendations:

1. **Exploration-Exploitation Balance:**
   - Continue to refine the balance between exploration and exploitation. The agent should explore different paths to gather more information about the environment while exploiting known successful strategies to reach the goal.

2. **State-Action Value Estimation:**
   - Improve the estimation of state-action values to better predict the outcomes of actions in the slippery environment. This can be achieved through methods like Q-learning or SARSA, which can help the agent make more informed decisions.

3. **Policy Refinement:**
   - Consider implementing a policy that accounts for the stochastic nature of the environment. A stochastic policy that assigns probabilities to actions based on their expected success rates can help the agent navigate more effectively.

4. **Reward Shaping:**
   - Introduce intermediate rewards for reaching certain states or avoiding holes to guide the agent more effectively towards the goal.

5. **Environment Modeling:**
   - Develop a model of the environment's transition dynamics to simulate potential outcomes of actions. This can help the agent plan its moves more strategically.

By continuing to refine these strategies, the agent can improve its performance in navigating the FrozenLake environment, even under the challenging conditions of slippery dynamics.","To improve task effectiveness in the FrozenLake-v1 environment, we need to consider the stochastic nature of the environment and the agent's previous successful strategy. The agent's ability to reach the goal in the last episode suggests that it has a reasonable understanding of the environment, but there is room for improvement in handling the slippery dynamics and optimizing the exploration-exploitation balance.

Given the analysis and recommendations, we can propose a probability distribution for the action exploration that encourages both exploration of new paths and exploitation of known successful strategies. The distribution should reflect a slight preference for actions that have been successful in the past while still allowing for exploration of other actions.

Based on the previous action sequence and the need for exploration, a reasonable distribution could be:

- **Action 0 (Move down):** This action was used once in the previous sequence, suggesting it was part of the successful strategy but not heavily relied upon. We can assign a moderate probability to encourage exploration of downward paths.
  
- **Action 1 (Move right):** This action was used three times, indicating it was a significant part of the successful strategy. We should assign a higher probability to exploit this action.

- **Action 2 (Move up):** This action was used twice, suggesting it was part of the strategy but not as heavily as moving right. We can assign a moderate probability.

- **Action 3 (Move left):** This action was used five times, indicating it was the most frequently used action in the successful strategy. We should assign the highest probability to exploit this action.

Taking these considerations into account, a proposed probability distribution for the next episode could be:

```python
{0: 0.2, 1: 0.3, 2: 0.2, 3: 0.3}
```

This distribution reflects a balance between exploiting known successful actions (1 and 3) and exploring other actions (0 and 2) to potentially discover new successful paths."
161,0.0,0.1,0.36244,0.006027805618941784,N/A,N/A
162,0.0,0.1,0.35848,0.005013109650462866,N/A,N/A
163,0.0,0.3,0.35451999999999995,0.005367029458284378,N/A,N/A
164,0.0,0.0,0.35056,0.007170618511736393,N/A,N/A
165,0.0,0.0,0.3466,0.006004652474075556,"In the final episode of the training process on the FrozenLake-v1 environment, the agent received a total reward of 0.0, indicating that it did not successfully reach the goal state (G) and likely fell into a hole (H) or did not reach the goal within the episode's time limit. The action sequence recorded at intervals was [0, 1, 1, 1, 0], which corresponds to the following intended movements based on the action mapping:

- Action 0: Intended to move down.
- Action 1: Intended to move right.
- Action 1: Intended to move right.
- Action 1: Intended to move right.
- Action 0: Intended to move down.

Given the slippery nature of the environment, each action taken by the agent results in a probabilistic outcome where the agent might not move in the intended direction. This stochasticity can lead to the agent falling into holes or not progressing toward the goal as planned.

### Analysis:

1. **Initial Movement (Action 0):** The agent starts by attempting to move down from the starting position (S). Due to the stochastic nature, it might have moved left or up instead, potentially staying in place or moving to an unintended state.

2. **Subsequent Movements (Actions 1, 1, 1):** The agent attempts to move right three times consecutively. This sequence suggests a strategy to traverse the top row or move towards the right side of the grid. However, the slippery nature could have caused deviations, leading the agent into a hole or backtracking.

3. **Final Movement (Action 0):** The agent attempts to move down again. Depending on its position after the previous actions, this could have led to a hole or an unintended state due to the stochastic transitions.

### Strategy Recommendations:

1. **Increased Exploration:** Encourage more exploration to better understand the environment's dynamics. This can be achieved by adjusting exploration parameters (e.g., epsilon in an epsilon-greedy policy) to allow the agent to experience a wider variety of state transitions.

2. **Policy Refinement:** Focus on refining the policy to account for the stochastic nature of the environment. This could involve using algorithms that better handle uncertainty, such as Q-learning with eligibility traces or SARSA, which consider the expected outcomes of actions.

3. **State Value Estimation:** Improve the estimation of state values to guide the agent more effectively toward the goal. This can be achieved by increasing the number of episodes or iterations to allow the agent to learn more accurate value functions.

4. **Reward Shaping:** Consider implementing reward shaping to provide intermediate rewards that guide the agent toward the goal, such as small positive rewards for moving closer to the goal or negative rewards for moving into states adjacent to holes.

5. **Environment Familiarization:** Allow the agent to familiarize itself with the environment by running episodes without the slippery condition initially. This can help the agent learn the optimal path in a deterministic setting before introducing stochasticity.

By implementing these strategies, the agent can improve its performance in navigating the FrozenLake environment, increasing the likelihood of reaching the goal state successfully.","To improve the agent's effectiveness in the FrozenLake environment, we need to consider a strategy that balances exploration and exploitation while accounting for the stochastic nature of the environment. Given the previous episode's outcome and the analysis, we should encourage the agent to explore more diverse actions to better understand the environment's dynamics and avoid falling into holes.

One common approach is to use an epsilon-greedy strategy, where the agent selects the best-known action with a probability of \(1 - \epsilon\) and explores a random action with a probability of \(\epsilon\). Given the need for increased exploration, we can set a relatively high epsilon value to encourage exploration.

Let's assume an epsilon value of 0.3 for exploration, which means the agent will explore with a probability of 0.3 and exploit with a probability of 0.7. When exploring, the agent will choose any of the four actions with equal probability. When exploiting, the agent will choose the action that currently seems best based on its learned policy. However, since we are focusing on exploration, we will distribute the exploration probability evenly across all actions.

Here's how the action distribution can be set for the next episode:

- Exploration probability: 0.3 (distributed equally among all actions)
- Exploitation probability: 0.7 (focused on the best action, but for exploration, we distribute it equally)

Given the focus on exploration, the distribution can be simplified to:

\[
\text{Exploration distribution: } \frac{0.3}{4} = 0.075 \text{ for each action}
\]

Assuming equal distribution for exploration, the action probabilities can be set as follows:

\[
\{0: 0.25, 1: 0.25, 2: 0.25, 3: 0.25\}
\]

This distribution encourages the agent to explore all possible actions equally, allowing it to gather more information about the environment's dynamics and improve its policy over time."
166,0.0,0.0,0.34263999999999994,0.0068346671760082245,N/A,N/A
167,0.0,0.3,0.33868,0.008740636520087719,N/A,N/A
168,0.0,0.1,0.33472,0.006376449018716812,N/A,N/A
169,0.0,0.1,0.33075999999999994,0.0031379691790789366,N/A,N/A
170,0.0,0.1,0.3268,0.00416614580899477,"In the last episode of the training process on the FrozenLake-v1 environment, the agent received a total reward of 0.0, indicating that it did not successfully reach the goal state (G) and likely fell into a hole (H) or failed to make progress towards the goal. The action sequence extracted at intervals was [1, 2], which corresponds to the agent attempting to move right and then up.

### Analysis:

1. **Action Sequence and Transition Dynamics:**
   - The action sequence [1, 2] suggests that the agent first attempted to move right and then up. However, due to the slippery nature of the environment, the actual movement could have deviated from the intended direction.
   - For action 1 (move right), the agent could have moved right, down, or left with equal probability.
   - For action 2 (move up), the agent could have moved up, right, or down with equal probability.
   - Given the stochastic transitions, the agent might have ended up in an unintended state, potentially leading to a fall into a hole (H).

2. **State Transitions:**
   - Starting from the initial state (S, state 0), the agent's intended path was disrupted by the environment's stochastic nature, which likely caused it to end up in a hole or in a non-progressive state.

3. **Reward Outcome:**
   - The total reward of 0.0 indicates that the agent did not reach the goal state (G) and likely fell into a hole, as reaching the goal would have resulted in a reward of +1.

### Strategy Recommendations:

1. **Improved Exploration Strategy:**
   - Encourage more diverse exploration strategies to better understand the environment's dynamics. This could involve using exploration techniques like epsilon-greedy with a decaying epsilon to balance exploration and exploitation.

2. **Incorporate Model-Based Approaches:**
   - Consider using model-based reinforcement learning to build a model of the environment's transition dynamics. This can help the agent predict the outcomes of its actions more accurately and plan its moves more effectively.

3. **Enhance State Representation:**
   - Utilize techniques such as state aggregation or feature engineering to improve the agent's understanding of the environment. This can help the agent make more informed decisions despite the stochastic transitions.

4. **Use of Value-Based Methods:**
   - Implement value-based methods like Q-learning or SARSA with function approximation to better estimate the value of actions in each state, accounting for the environment's stochastic nature.

5. **Reward Shaping:**
   - Introduce intermediate rewards for reaching certain states or avoiding holes to guide the agent towards the goal more effectively.

By implementing these strategies, the agent can improve its performance in navigating the FrozenLake environment and increase its chances of reaching the goal state successfully.","To improve the agent's effectiveness in the FrozenLake environment, we need to consider both exploration and exploitation strategies. Given the stochastic nature of the environment and the previous episode's outcome, we should encourage exploration while also allowing the agent to exploit known successful strategies.

A common approach is to use an epsilon-greedy strategy, where the agent selects a random action with probability epsilon (exploration) and the best-known action with probability 1-epsilon (exploitation). Since the agent did not reach the goal in the previous episode, we should lean more towards exploration to better understand the environment.

Let's assume an epsilon value of 0.3 for exploration, which means the agent will explore 30% of the time and exploit 70% of the time. Given the lack of success in the previous episode, we should distribute the exploration probability equally among all actions to encourage diverse exploration.

Here's how we can distribute the probabilities:

- Exploration (random action): 0.3 probability equally distributed among all actions.
- Exploitation (best-known action): 0.7 probability for the best-known action.

Since we don't have a specific best-known action from the previous episode, we'll distribute the exploration probability equally among all actions for now:

- Exploration probability for each action: 0.3 / 4 = 0.075
- Exploitation probability for each action: 0.7 / 4 = 0.175

Thus, the probability distribution for the actions would be:

```python
{0: 0.075 + 0.175, 1: 0.075 + 0.175, 2: 0.075 + 0.175, 3: 0.075 + 0.175}
```

This simplifies to:

```python
{0: 0.25, 1: 0.25, 2: 0.25, 3: 0.25}
```

This distribution encourages equal exploration of all actions, which is suitable given the lack of a clear best action from the previous episode. As the agent learns more about the environment, this distribution can be adjusted to favor more successful actions."
171,0.0,0.1,0.3228399999999999,0.007559655699878931,N/A,N/A
172,0.0,0.3,0.31888000000000005,0.012909295968711376,N/A,N/A
173,0.0,0.2,0.3149200000000001,0.013817899860441685,N/A,N/A
174,0.0,0.2,0.31096,0.011017607524991035,N/A,N/A
175,0.0,0.4,0.30700000000000005,0.0168674997985363,"In the last episode of the training process on the FrozenLake-v1 environment, the agent received a total reward of 0.0, indicating that it did not successfully reach the goal state (G) and likely fell into a hole (H) or ran out of steps before reaching the goal. The action sequence extracted at intervals is [2, 1, 0, 0, 0, 2, 0, 0, 2, 2, 0, 0, 2, 3, 1, 3, 1, 2].

### Analysis:

1. **Action Sequence and Movement:**
   - The agent's actions correspond to the following movements:
     - 2: [move up, move right, move down]
     - 1: [move right, move down, move left]
     - 0: [move down, move left, move up]
     - 3: [move left, move up, move right]
   - The sequence shows a mix of actions, but the agent seems to be attempting to move primarily in the downward and rightward directions, which are generally favorable for reaching the goal at the bottom-right corner.

2. **Slippery Dynamics:**
   - The environment's slippery nature means that the agent's intended direction is not guaranteed. Each action has a 1/3 probability of resulting in one of three possible directions, leading to potential deviations from the intended path.

3. **Outcome:**
   - The total reward of 0.0 suggests that the agent either fell into a hole or did not reach the goal within the episode's step limit. Given the sequence length, it's likely the agent fell into a hole, as the episode would have terminated upon reaching a hole.

### Strategy Recommendations:

1. **Policy Improvement:**
   - **Exploration vs. Exploitation:** Ensure the agent balances exploration and exploitation. It may be beneficial to adjust the exploration strategy (e.g., epsilon-greedy) to allow more exploration of the state space, especially if the agent is getting stuck in suboptimal paths.
   - **Learning Rate and Discount Factor:** Review and potentially adjust the learning rate and discount factor to ensure the agent effectively learns from its experiences and values future rewards appropriately.

2. **State-Action Value Function:**
   - **Q-Learning or SARSA:** If using Q-learning or SARSA, ensure the Q-values are being updated correctly. Consider increasing the number of episodes to allow the agent more opportunities to learn the optimal policy.

3. **Environment Understanding:**
   - **Model-Based Approaches:** Consider using a model-based approach to help the agent understand the transition dynamics better, potentially improving its ability to predict the outcomes of its actions.

4. **Reward Shaping:**
   - **Intermediate Rewards:** Introduce intermediate rewards for reaching certain states closer to the goal to guide the agent more effectively towards the goal.

5. **Visualization and Debugging:**
   - **Path Visualization:** Visualize the agent's path to understand where it is making mistakes. This can help identify if the agent is consistently falling into specific holes or getting stuck in loops.

By implementing these strategies, the agent may improve its performance in navigating the FrozenLake environment and increase its chances of reaching the goal state successfully.","To improve the agent's performance in the FrozenLake-v1 environment, we need to consider the balance between exploration and exploitation, as well as the dynamics of the environment. Given the slippery nature of the environment and the previous episode's outcome, we should encourage exploration to help the agent discover more effective paths to the goal.

The action distribution should reflect a strategy that allows the agent to explore different paths while still considering the general direction towards the goal. Since the goal is located at the bottom-right corner, actions that generally move the agent downwards and rightwards should be slightly favored, but not overwhelmingly so, to maintain exploration.

Here's a suggested probability distribution for the actions:

```python
{0: 0.25, 1: 0.25, 2: 0.25, 3: 0.25}
```

This distribution represents an equal probability for each action, which is a purely exploratory strategy. Given the agent's previous failure to reach the goal, this approach allows the agent to explore the state space more thoroughly. Once the agent starts to learn more about the environment, you can gradually shift towards a more exploitative strategy by adjusting the probabilities to favor actions that lead towards the goal (e.g., increasing the probabilities for actions 0 and 1 slightly if they are found to be more effective).

If you want to slightly favor actions that generally move towards the goal, you can adjust the distribution as follows:

```python
{0: 0.3, 1: 0.3, 2: 0.2, 3: 0.2}
```

This distribution gives a slight preference to actions 0 (down) and 1 (right), which are generally favorable for reaching the goal, while still maintaining a reasonable level of exploration."
176,0.0,0.4,0.3030400000000001,0.015249650925397873,N/A,N/A
177,0.0,0.1,0.29908,0.004409062676131725,N/A,N/A
178,1.0,0.2,0.29512000000000005,0.006414357107132673,N/A,N/A
179,0.0,0.2,0.2911600000000001,0.019994834437966347,N/A,N/A
180,0.0,0.0,0.2872,0.011459501460194588,"In the last episode of the training process on the FrozenLake-v1 environment, the agent received a total reward of 0.0, indicating that it did not reach the goal state (G) and likely fell into a hole (H) or did not reach the goal within the episode's time limit. The action sequence extracted at intervals was [1, 3, 2, 3, 2, 0, 1, 2, 3, 2, 3, 0, 0, 0, 0, 3].

### Analysis:

1. **Action Sequence**:
   - The sequence of actions suggests that the agent attempted a variety of moves, including moving right (1), left (3), up (2), and down (0).
   - The sequence shows a lack of consistent direction, which might indicate that the agent is not following a clear policy or strategy to reach the goal.

2. **Slippery Dynamics**:
   - Given the slippery nature of the environment, the agent's intended actions may not have resulted in the expected state transitions. This stochasticity can lead to the agent landing in unintended states, including holes (H).

3. **Reward**:
   - The total reward of 0.0 suggests that the agent either fell into a hole or did not reach the goal within the episode. This indicates a need for improved exploration or policy refinement.

4. **State Transitions**:
   - Without specific state information, it's challenging to pinpoint exactly where the agent went wrong. However, the sequence of actions and the lack of reward suggest that the agent may have fallen into a hole or was unable to navigate effectively to the goal.

### Strategy Recommendations:

1. **Policy Improvement**:
   - Consider using a more sophisticated policy, such as Q-learning or SARSA, to better handle the stochastic transitions. These algorithms can help the agent learn the expected rewards of actions in each state, improving decision-making.

2. **Exploration vs. Exploitation**:
   - Ensure a balance between exploration and exploitation. Using an epsilon-greedy strategy can help the agent explore the environment more thoroughly while still exploiting known good actions.

3. **State Tracking**:
   - Implement state tracking to better understand the agent's path and identify common pitfalls, such as frequently falling into holes. This can inform policy adjustments.

4. **Environment Familiarization**:
   - Allow the agent more episodes to familiarize itself with the environment. The more the agent interacts with the environment, the better it will learn the dynamics and improve its policy.

5. **Reward Shaping**:
   - Consider implementing reward shaping to provide intermediate rewards for reaching certain states or avoiding holes, which can guide the agent towards the goal more effectively.

6. **Model-Based Approaches**:
   - If feasible, consider using model-based approaches to predict the outcomes of actions more accurately, which can help mitigate the effects of the environment's stochasticity.

By implementing these strategies, the agent can potentially improve its performance in future episodes, increasing the likelihood of reaching the goal state and achieving a higher total reward.","To improve the agent's effectiveness in the FrozenLake-v1 environment, we need to consider a strategy that balances exploration and exploitation while accounting for the stochastic nature of the environment. Given the previous episode's outcome and the analysis, we can adjust the action selection probabilities to encourage more effective exploration.

### Considerations:
1. **Exploration-Exploitation Balance**: We should ensure that the agent explores enough to discover new strategies while still exploiting known good actions.
2. **Stochastic Transitions**: The slippery nature of the environment means that even intended actions might not lead to the expected outcomes. Thus, a diverse exploration strategy is beneficial.
3. **Previous Action Sequence**: The previous sequence showed a lack of consistent direction, suggesting the need for a more structured exploration approach.

### Recommended Action Distribution:
To encourage exploration while allowing for exploitation of potentially good actions, we can use an epsilon-greedy strategy. Let's assume an epsilon value of 0.2 for exploration, meaning 20% of the time, the agent will explore randomly, and 80% of the time, it will exploit the best-known action. However, since we don't have a specific policy indicating which action is the best, we can distribute the probabilities evenly among all actions for exploration purposes.

Given this, the action distribution can be set as follows:

- **Exploration (20%)**: Randomly select any action.
- **Exploitation (80%)**: Since we don't have a specific best action, distribute this equally among all actions.

### Probability Distribution:
Assuming equal distribution for exploration and exploitation due to lack of specific policy knowledge:

- Exploration (20%): Each action gets 5% probability.
- Exploitation (80%): Each action gets 20% probability.

Combining these, each action will have a probability of:

\[ \text{Total Probability for each action} = 0.05 + 0.20 = 0.25 \]

Thus, the action distribution for the next episode is:

```python
{0: 0.25, 1: 0.25, 2: 0.25, 3: 0.25}
```

This distribution ensures that the agent explores all actions equally, which is suitable given the lack of specific policy guidance. As the agent learns and develops a better policy, this distribution can be adjusted to favor more promising actions."
181,0.0,0.0,0.28324000000000005,0.01659948192536831,N/A,N/A
182,0.0,0.2,0.27928,0.005793421529233456,N/A,N/A
183,0.0,0.7,0.27532,0.010760445147752762,N/A,N/A
