episode,train_return,eval_return,epsilon,loss,llm1_full_response,llm2_full_response
1,0.0,0.0,0.99604,nan,N/A,N/A
2,0.0,0.0,0.99208,nan,N/A,N/A
3,0.0,0.0,0.98812,nan,N/A,N/A
4,0.0,0.0,0.98416,nan,N/A,N/A
5,0.0,0.0,0.9802,nan,"In the last episode of the training process on the FrozenLake-v1 environment, the agent received a total reward of 0.0, indicating that it did not reach the goal state (G) and likely ended up in a hole (H) or failed to reach the goal within the episode's time limit. The action sequence observed at intervals was [2, 1, 3, 1, 1, 2].

### Analysis:

1. **Action Sequence:**
   - **Action 2 (Up):** The agent attempted to move up, which could have been a strategic move to navigate towards the goal or avoid holes. However, due to the slippery nature of the environment, the agent might have ended up moving right or down instead.
   - **Action 1 (Right):** The agent attempted to move right, which is generally a good strategy to progress towards the goal, especially from the starting position. However, the slippery dynamics could have resulted in moving down or left.
   - **Action 3 (Left):** Moving left might have been an attempt to correct a previous unintended move or avoid a hole, but it could have resulted in moving up or right due to the environment's stochastic nature.
   - **Repeated Actions (1, 1, 2):** The repetition of moving right and then up suggests the agent was trying to navigate towards the goal, but the stochastic transitions likely led to unintended movements.

2. **Outcome:**
   - The total reward of 0.0 suggests that the agent either fell into a hole or did not reach the goal within the episode's time limit. Given the environment's stochastic nature, it's possible that the agent's intended path was disrupted by unintended transitions.

### Strategy Recommendations:

1. **Increased Exploration:**
   - Encourage more exploration to better understand the environment's dynamics. This could involve using an exploration strategy like epsilon-greedy, where the agent occasionally takes random actions to discover new paths and outcomes.

2. **Policy Refinement:**
   - Refine the policy to account for the stochastic transitions. This could involve using algorithms that can handle uncertainty better, such as Q-learning with eligibility traces or SARSA, which might help the agent learn more robust policies.

3. **State-Action Value Estimation:**
   - Improve the estimation of state-action values by increasing the number of episodes or using function approximation methods to generalize better across states.

4. **Environment Modeling:**
   - Consider modeling the environment's transition dynamics more explicitly, possibly using a model-based approach, to predict the outcomes of actions more accurately and plan accordingly.

5. **Reward Shaping:**
   - Introduce intermediate rewards for reaching certain states or avoiding holes to guide the agent towards the goal more effectively.

By implementing these strategies, the agent may improve its ability to navigate the FrozenLake environment successfully, increasing the likelihood of reaching the goal and achieving a higher total reward in future episodes.","To improve the agent's effectiveness in the FrozenLake environment, we need to consider a strategy that balances exploration and exploitation while accounting for the stochastic nature of the environment. Given the previous episode's outcome and the analysis, we should encourage exploration to discover more effective paths and refine the policy to handle the environment's uncertainty.

A common approach is to use an epsilon-greedy strategy, where the agent mostly exploits the current best-known actions but occasionally explores random actions. Let's assume an epsilon value of 0.2 for exploration, meaning the agent will explore 20% of the time and exploit 80% of the time.

Given the action sequence from the previous episode and the analysis, we might want to slightly favor actions that generally move the agent towards the goal (right and down) while still allowing for exploration of other actions. However, due to the stochastic nature, we should not overly bias towards any single action.

Here's a suggested probability distribution for the actions:

- Action 0 (Down): This action can help progress towards the goal, especially from the starting position.
- Action 1 (Right): This action is generally favorable for moving towards the goal.
- Action 2 (Up): While not directly towards the goal, it can be useful for exploration and avoiding holes.
- Action 3 (Left): Useful for correcting unintended moves or exploring alternative paths.

Given these considerations, a reasonable distribution could be:

```python
{0: 0.25, 1: 0.25, 2: 0.25, 3: 0.25}
```

This distribution reflects a balanced exploration strategy, allowing the agent to explore all actions equally. This approach is particularly useful in the early stages of learning or when the environment is highly stochastic, as it encourages the agent to gather more information about the environment's dynamics. As the agent learns more about the environment, the distribution can be adjusted to favor more promising actions based on the learned policy."
6,0.0,0.0,0.97624,0.08819685876369476,N/A,N/A
7,0.0,0.0,0.97228,0.05838368460536003,N/A,N/A
8,0.0,0.0,0.96832,0.047538191080093384,N/A,N/A
9,0.0,0.0,0.96436,0.05559806898236275,N/A,N/A
10,0.0,0.0,0.9604,0.08041811734437943,"In the last episode of the training process on the FrozenLake-v1 environment, the agent received a total reward of 0.0, indicating that it did not reach the goal state (G) and likely fell into a hole (H) or ran out of steps before reaching the goal. The action sequence extracted at intervals was [3, 3, 3, 3, 2, 0, 0], which corresponds to the following actions based on the environment's action space:

- Action 3: Move left
- Action 2: Move up
- Action 0: Move down

Given the initial state (S) at position 0, let's analyze the agent's movement:

1. **Initial State (0):** The agent starts at the top-left corner.
2. **Action 3 (Move left):** Since the agent is already at the leftmost edge, attempting to move left keeps it in the same state (0).
3. **Action 3 (Move left):** Again, the agent remains in state 0.
4. **Action 3 (Move left):** The agent still stays in state 0.
5. **Action 3 (Move left):** The agent remains in state 0.
6. **Action 2 (Move up):** The agent is at the top row, so moving up keeps it in state 0.
7. **Action 0 (Move down):** The agent moves down, potentially transitioning to state 4, 1, or 0 due to the slippery nature.
8. **Action 0 (Move down):** Depending on the previous state, the agent could move further down or stay in the same state.

The agent's repeated attempts to move left and up while at the boundaries suggest a lack of effective exploration strategy. The slippery nature of the environment adds complexity, as intended actions may not result in expected transitions.

### Strategy Recommendations:

1. **Exploration Strategy:**
   - Implement an exploration strategy that encourages the agent to explore different parts of the grid, such as ε-greedy with a decaying ε or using methods like Upper Confidence Bound (UCB) to balance exploration and exploitation.

2. **State-Action Value Estimation:**
   - Use a Q-learning approach or SARSA to estimate the state-action values more effectively, allowing the agent to learn the expected rewards of actions in different states.

3. **Policy Improvement:**
   - Consider using a policy gradient method to directly optimize the policy, which might be more effective in environments with stochastic transitions like FrozenLake.

4. **Reward Shaping:**
   - Introduce intermediate rewards for reaching certain states or for avoiding holes to guide the agent towards the goal more effectively.

5. **Model-Based Approaches:**
   - Incorporate a model of the environment to predict the outcomes of actions, allowing the agent to plan its moves more strategically.

6. **Increased Training Episodes:**
   - Increase the number of training episodes to allow the agent more opportunities to learn from its mistakes and improve its policy.

By implementing these strategies, the agent can potentially improve its performance in navigating the FrozenLake environment and increase its chances of reaching the goal state successfully.","To improve the agent's exploration strategy in the FrozenLake environment, we need to encourage it to explore more effectively and avoid getting stuck in suboptimal states. Given the previous episode's action sequence and the environment's dynamics, we should aim for a more balanced exploration strategy.

One common approach is to use an ε-greedy strategy, where the agent mostly exploits the best-known actions but occasionally explores other actions. This can be represented by a probability distribution over the actions. For example, with ε = 0.1, the agent would choose a random action 10% of the time and the best-known action 90% of the time. However, since we don't have a specific policy or Q-values to determine the best action, we'll distribute the exploration probability more evenly to encourage exploration.

Here's a suggested probability distribution for the actions:

- Assign a slightly higher probability to actions that haven't been explored much, such as moving right (action 1) and moving down (action 0), since these actions were less frequent in the previous episode.
- Ensure that the agent doesn't overly favor moving left (action 3) or moving up (action 2), as these actions were repeatedly chosen in the previous episode without success.

A balanced exploration distribution could look like this:

```python
{0: 0.3, 1: 0.3, 2: 0.2, 3: 0.2}
```

This distribution encourages the agent to explore moving down and right more frequently, which could help it navigate towards the goal more effectively while still allowing some exploration of moving up and left. Adjusting these probabilities over time based on the agent's learning progress and performance can further optimize exploration."
11,0.0,0.0,0.95644,0.05394288897514343,N/A,N/A
12,0.0,0.0,0.95248,0.040916964411735535,N/A,N/A
13,0.0,0.0,0.94852,0.03588177636265755,N/A,N/A
14,0.0,0.0,0.94456,0.029914438724517822,N/A,N/A
15,0.0,0.0,0.9406,0.042581602931022644,"In the last episode of the training process on the FrozenLake-v1 environment, the agent received a total reward of 0.0, indicating that it did not successfully reach the goal state (G) and likely fell into a hole (H) or ran out of steps before reaching the goal. The action sequence extracted at intervals was [2, 0, 1, 1, 1, 1].

### Analysis:

1. **Action Sequence:**
   - The sequence [2, 0, 1, 1, 1, 1] corresponds to the following intended movements:
     - Action 2: Move up, right, or down (with equal probability).
     - Action 0: Move down, left, or up (with equal probability).
     - Action 1: Move right, down, or left (with equal probability).
     - Repeated Action 1: Continue attempting to move right, down, or left.

2. **Transition Dynamics:**
   - Due to the slippery nature of the environment, each action does not guarantee the intended movement, leading to potential deviations from the optimal path.
   - The agent's movements are probabilistic, and it may have ended up in a hole (H) due to unintended slips.

3. **Outcome:**
   - The total reward of 0.0 suggests that the agent either fell into a hole or did not reach the goal within the episode's step limit.
   - The repeated action of moving right (action 1) suggests the agent might have been trying to navigate towards the goal but was unsuccessful due to the environment's stochastic nature.

### Strategy Recommendations:

1. **Improved Exploration:**
   - Encourage more diverse exploration strategies to better understand the environment's dynamics. This could involve varying the action selection strategy to explore different parts of the grid more thoroughly.

2. **Policy Refinement:**
   - Refine the policy to account for the stochastic transitions. This could involve using techniques like Q-learning with eligibility traces or SARSA to better estimate the value of actions considering the environment's randomness.

3. **Incorporate Model-Based Approaches:**
   - Consider using model-based reinforcement learning to predict the outcomes of actions more accurately. This could help the agent plan better paths by simulating potential future states.

4. **Risk Management:**
   - Develop strategies to minimize the risk of falling into holes. This could involve learning to recognize high-risk states and choosing safer actions when near them.

5. **Reward Shaping:**
   - Implement reward shaping to provide intermediate rewards for reaching certain states or avoiding holes, which can guide the agent towards the goal more effectively.

6. **Environment Familiarization:**
   - Allow the agent to spend more time familiarizing itself with the environment's layout and dynamics, potentially through additional training episodes or simulations.

By implementing these strategies, the agent can improve its performance in navigating the FrozenLake environment and increase its chances of successfully reaching the goal state.","To improve the agent's effectiveness in the FrozenLake environment, we need to adjust the action exploration strategy to encourage more diverse exploration and better handling of the environment's stochastic nature. Given the previous episode's outcome and the analysis, we should aim for a balanced exploration strategy that allows the agent to explore different actions while also considering the potential risks and rewards associated with each action.

Considering the slippery nature of the environment and the need for exploration, a common approach is to use an epsilon-greedy strategy, where the agent mostly exploits the best-known actions but occasionally explores other actions. However, since we are focusing on exploration, we can start with a more exploratory distribution.

Here's a suggested probability distribution for the actions:

- **Action 0 (Move down, left, or up):** This action can help the agent explore vertically and potentially avoid holes by moving left or up.
- **Action 1 (Move right, down, or left):** This action is useful for moving towards the goal, especially if the agent is on the left side of the grid.
- **Action 2 (Move up, right, or down):** This action allows for upward movement, which can be risky if the agent is near the top row but useful for exploring the grid.
- **Action 3 (Move left, up, or right):** This action can help the agent explore horizontally and potentially avoid holes by moving up or right.

Given these considerations, we can propose a balanced distribution that slightly favors exploration:

```python
{0: 0.25, 1: 0.25, 2: 0.25, 3: 0.25}
```

This uniform distribution encourages the agent to explore all possible actions equally, which is suitable for an initial exploration phase. As the agent learns more about the environment, this distribution can be adjusted to favor actions that lead to higher rewards or safer paths."
16,0.0,0.0,0.93664,0.026046182960271835,N/A,N/A
17,0.0,0.0,0.93268,0.014802305959165096,N/A,N/A
18,0.0,0.0,0.92872,0.017848681658506393,N/A,N/A
19,0.0,0.0,0.92476,0.014985913410782814,N/A,N/A
20,0.0,0.0,0.9208,0.014253819361329079,"In the last episode of the training process on the FrozenLake-v1 environment, the agent received a total reward of 0.0, indicating that it did not successfully reach the goal state (G) and likely fell into a hole (H) or failed to reach the goal within the episode's time limit. The action sequence extracted at intervals was [2, 0, 0, 0, 2, 2]. Let's analyze this sequence and the potential reasons for the outcome:

### Analysis of Action Sequence:

1. **Action 2 (Move Up, Right, Down):** 
   - Starting from the initial state (S, state 0), the agent attempted to move up, right, or down. Given the grid layout, moving up or right from the starting position would keep the agent in the same state due to the grid's boundaries. Moving down would transition the agent to state 4.

2. **Action 0 (Move Down, Left, Up):**
   - If the agent was in state 4, moving down would transition it to state 8, moving left would keep it in state 4, and moving up would return it to state 0.

3. **Subsequent Actions 0, 0, 2, 2:**
   - The repeated action 0 suggests the agent was attempting to move down, which could lead it to states 8, 12, or back to 4, depending on its current position and the stochastic nature of the environment.
   - The final two actions (2, 2) indicate attempts to move up, right, or down. If the agent was in a state like 8 or 12, these actions could have led it into a hole (H) or backtracked to a previous state.

### Possible Reasons for Failure:

- **Stochastic Transitions:** The slippery nature of the environment means that the agent's intended actions often result in unintended movements, making it challenging to navigate the grid effectively.
- **Exploration Strategy:** The agent's exploration strategy might not be adequately balanced between exploration and exploitation, leading to suboptimal action choices.
- **Lack of Learning:** The agent might not have had sufficient training episodes to learn an effective policy, especially given the stochastic transitions.

### Strategy Recommendations:

1. **Improved Exploration-Exploitation Balance:**
   - Implement strategies like epsilon-greedy with a decaying epsilon to ensure the agent explores sufficiently early on and exploits learned policies later.

2. **Increased Training Episodes:**
   - Allow more training episodes to enable the agent to experience a wider variety of state transitions and learn from them.

3. **Reward Shaping:**
   - Introduce intermediate rewards for reaching certain states or avoiding holes to guide the agent more effectively towards the goal.

4. **Policy Optimization:**
   - Consider using advanced algorithms like Q-learning with function approximation or deep reinforcement learning techniques to better handle the stochasticity and learn more robust policies.

5. **Environment Modeling:**
   - Develop a model of the environment's transition dynamics to predict and plan actions more effectively, potentially using model-based reinforcement learning approaches.

By implementing these strategies, the agent can improve its performance in navigating the FrozenLake environment and increase its chances of reaching the goal state successfully.","To improve the agent's performance in the FrozenLake-v1 environment, we need to adjust the action selection strategy to better balance exploration and exploitation, considering the stochastic nature of the environment. Given the previous episode's outcome and the analysis, we can use an epsilon-greedy strategy to guide the action selection process. This strategy involves selecting a random action with probability epsilon (exploration) and the best-known action with probability 1-epsilon (exploitation).

For the next episode, we can start with a moderate exploration rate to allow the agent to explore the environment while still leveraging any learned knowledge. Let's assume an epsilon value of 0.3 for exploration, which means the agent will explore 30% of the time and exploit 70% of the time.

To distribute the probabilities among the actions, we can assume that the agent has no prior knowledge of which action is best, so we distribute the exploration probability equally among all actions. The exploitation probability can be assigned to the action that the agent currently believes is the best, but since we don't have a specific policy or Q-values provided, we'll assume a uniform distribution for simplicity.

Here's how the probability distribution for the actions can be structured:

- Exploration probability (epsilon): 0.3
- Exploitation probability (1-epsilon): 0.7

Assuming a uniform distribution due to lack of specific policy knowledge, the action probabilities would be:

```python
{
    0: 0.25,  # (0.3 / 4) + (0.7 / 4)
    1: 0.25,  # (0.3 / 4) + (0.7 / 4)
    2: 0.25,  # (0.3 / 4) + (0.7 / 4)
    3: 0.25   # (0.3 / 4) + (0.7 / 4)
}
```

This distribution reflects a balanced approach where the agent explores all actions equally due to lack of specific knowledge, while still maintaining a significant portion of exploitation to leverage any potential learning. As the agent learns more about the environment, the distribution can be adjusted to favor actions that lead to higher rewards."
21,0.0,0.0,0.91684,0.01962464302778244,N/A,N/A
22,0.0,0.0,0.91288,0.016905004158616066,N/A,N/A
23,0.0,0.0,0.90892,0.013628615997731686,N/A,N/A
24,0.0,0.0,0.90496,0.016838910058140755,N/A,N/A
25,0.0,0.0,0.901,0.007072722539305687,"In the last episode of the training process on the FrozenLake-v1 environment, the agent received a total reward of 0.0, indicating that it did not successfully reach the goal state (G) and likely fell into a hole (H) or did not reach the goal within the episode's time limit. The action sequence extracted at intervals was [0, 0, 3, 0, 2, 2, 0, 3, 0, 0, 3, 3, 3, 0], which provides insight into the agent's navigation strategy and challenges faced during this episode.

### Analysis of the Action Sequence:

1. **Initial Actions (0, 0, 3):**
   - The agent starts by attempting to move down twice (action 0) and then left (action 3). This suggests an initial strategy to move towards the lower rows of the grid, possibly aiming to navigate around holes.

2. **Middle Actions (0, 2, 2, 0, 3):**
   - The agent continues with a mix of moving down (0), up (2), and left (3). This sequence indicates some indecision or difficulty in maintaining a consistent direction, likely due to the slippery nature of the environment causing unintended movements.

3. **Final Actions (0, 0, 3, 3, 3, 0):**
   - The agent attempts to move down and left multiple times. This repeated pattern might indicate the agent is stuck in a loop or is trying to avoid holes but is unable to find a clear path to the goal.

### Possible Challenges:

- **Slippery Dynamics:** The stochastic nature of the environment, where intended actions can result in unintended movements, likely contributed to the agent's inability to reach the goal.
- **Holes and Obstacles:** The presence of holes (H) creates significant risk, and the agent may have fallen into one, ending the episode prematurely.
- **Exploration vs. Exploitation:** The agent may not have fully explored the environment or learned an optimal policy to navigate effectively.

### Strategy Recommendations:

1. **Improved Exploration:**
   - Encourage more diverse exploration strategies to better understand the environment's dynamics. Techniques such as epsilon-greedy with decaying epsilon or using a softmax action selection could help balance exploration and exploitation.

2. **Model-Based Approaches:**
   - Consider incorporating a model-based approach to predict the outcomes of actions more accurately, allowing the agent to plan paths that account for the slippery dynamics.

3. **Reward Shaping:**
   - Introduce intermediate rewards for reaching specific states or avoiding holes to guide the agent towards the goal more effectively.

4. **State Representation:**
   - Enhance the state representation to include additional features, such as proximity to holes or the goal, which might help the agent make more informed decisions.

5. **Policy Optimization:**
   - Utilize advanced policy optimization techniques, such as Proximal Policy Optimization (PPO) or Trust Region Policy Optimization (TRPO), which can handle the stochastic nature of the environment better.

By addressing these challenges and implementing the recommended strategies, the agent's performance in future episodes can be improved, increasing the likelihood of successfully reaching the goal state.","To improve the agent's performance in the FrozenLake-v1 environment, we need to consider a strategy that balances exploration and exploitation while accounting for the environment's stochastic nature. Given the challenges faced in the previous episode, a more diverse exploration strategy is necessary.

One effective approach is to use an epsilon-greedy strategy with a decaying epsilon, where the agent explores more initially and gradually exploits learned strategies as it gains more experience. However, since we are focusing on the immediate next episode, we can use a softmax action selection strategy to ensure a balanced exploration of all actions while slightly favoring actions that might lead to better outcomes based on past experiences.

Considering the action sequence from the previous episode and the need for exploration, we can assign slightly higher probabilities to actions that might help the agent explore different parts of the grid more effectively. For instance, actions that move the agent downwards (0) and to the right (1) might be prioritized initially to explore the lower and right parts of the grid, which are closer to the goal.

Here's a suggested probability distribution for the next episode:

```python
{
    0: 0.30,  # Move down
    1: 0.30,  # Move right
    2: 0.20,  # Move up
    3: 0.20   # Move left
}
```

This distribution encourages exploration towards the goal (G) by slightly favoring downward and rightward movements, while still allowing for exploration in other directions to avoid getting stuck in loops or falling into holes. As the agent learns and the policy improves, these probabilities can be adjusted to reflect a more optimal strategy."
26,0.0,0.0,0.8970400000000001,0.011292624287307262,N/A,N/A
27,0.0,0.0,0.89308,0.013522496446967125,N/A,N/A
28,0.0,0.0,0.88912,0.010891314595937729,N/A,N/A
29,0.0,0.0,0.88516,0.012626584619283676,N/A,N/A
30,0.0,0.0,0.8812,0.008989594876766205,"In the last episode of the training process on the FrozenLake-v1 environment, the agent received a total reward of 0.0, indicating that it did not successfully reach the goal state (G) and likely fell into a hole (H) or did not reach the goal within the episode's time limit. The action sequence extracted at intervals was [3, 3, 1, 0, 3], which corresponds to the following intended movements based on the action mapping:

- Action 3: Move left
- Action 3: Move left
- Action 1: Move right
- Action 0: Move down
- Action 3: Move left

Given the slippery nature of the environment, the agent's intended actions may not have resulted in the expected movements due to the stochastic transition dynamics. Let's analyze the possible trajectory and outcomes:

1. **Initial State (S = 0):** The agent starts at the top-left corner of the grid.
2. **First Action (3 - Move Left):** The agent attempts to move left, but since it is already at the leftmost column, it remains in the same state (0).
3. **Second Action (3 - Move Left):** Again, the agent attempts to move left and remains in state 0.
4. **Third Action (1 - Move Right):** The agent attempts to move right. Due to the slippery nature, it could have moved to state 1, 4, or remained in state 0.
5. **Fourth Action (0 - Move Down):** The agent attempts to move down. Depending on its previous state, it could have moved to state 4, 5, or 8.
6. **Fifth Action (3 - Move Left):** The agent attempts to move left. Depending on its previous state, it could have moved to a hole (H) or remained on a frozen surface (F).

Given the total reward of 0.0, it is likely that the agent fell into a hole at some point during the episode. The sequence of actions suggests that the agent's strategy may not be effectively guiding it toward the goal, especially considering the stochastic nature of the environment.

### Strategy Recommendations:

1. **Improved Exploration:**
   - Encourage more diverse exploration strategies to better understand the environment's dynamics. Consider using exploration techniques like epsilon-greedy with decaying epsilon or adding noise to the actions to encourage exploration of less-visited states.

2. **Model-Based Approaches:**
   - Implement a model-based approach to better predict the outcomes of actions in the slippery environment. This could involve learning a transition model to simulate potential future states and rewards.

3. **Policy Optimization:**
   - Consider using policy gradient methods or actor-critic algorithms to directly optimize the policy, which may help the agent learn more effective strategies in stochastic environments.

4. **Reward Shaping:**
   - Introduce intermediate rewards for reaching certain states or avoiding holes to guide the agent more effectively toward the goal.

5. **State Value Estimation:**
   - Improve the estimation of state values using techniques like temporal difference learning or Monte Carlo methods to provide better feedback for policy improvement.

By implementing these strategies, the agent may develop a more robust policy that accounts for the stochastic nature of the environment and increases the likelihood of reaching the goal state successfully.","To improve the agent's effectiveness in the FrozenLake-v1 environment, we need to consider the stochastic nature of the environment and the need for effective exploration. Given the previous episode's outcome, the agent's strategy should be adjusted to encourage exploration while also considering the potential outcomes of each action due to the slippery nature.

One common approach is to use an epsilon-greedy strategy, where the agent mostly exploits the best-known action but occasionally explores other actions. However, since the environment is stochastic, we should ensure that the agent has a balanced exploration strategy to learn the dynamics effectively.

Let's assume an epsilon value of 0.2 for exploration, meaning the agent will explore 20% of the time and exploit 80% of the time. Given the stochastic nature, we can distribute the exploration probability evenly among all actions. For exploitation, we can assume the agent will choose the best-known action, but since we don't have a specific policy or Q-values, we'll distribute the exploitation probability evenly as well.

Here's how the probability distribution for the actions could be structured:

- Exploration (20%): Distribute evenly among all actions.
- Exploitation (80%): Distribute evenly among all actions due to lack of specific policy information.

This results in the following distribution:

- Exploration probability for each action: 0.2 / 4 = 0.05
- Exploitation probability for each action: 0.8 / 4 = 0.2

Combining both exploration and exploitation probabilities:

- Total probability for each action: 0.05 (exploration) + 0.2 (exploitation) = 0.25

Thus, the probability distribution for the actions in the next episode would be:

```python
{0: 0.25, 1: 0.25, 2: 0.25, 3: 0.25}
```

This distribution ensures that the agent explores all actions equally while also considering the stochastic nature of the environment. As the agent learns more about the environment, the distribution can be adjusted based on the learned policy or Q-values."
31,0.0,0.0,0.87724,0.005052004475146532,N/A,N/A
32,0.0,0.0,0.8732800000000001,0.007394477725028992,N/A,N/A
33,0.0,0.0,0.86932,0.011214624159038067,N/A,N/A
34,0.0,0.0,0.86536,0.008776427246630192,N/A,N/A
35,0.0,0.0,0.8613999999999999,0.01029125228524208,"In the last episode of the training process on the FrozenLake-v1 environment, the agent received a total reward of 0.0, indicating that it did not successfully reach the goal state (G) and likely fell into a hole (H) or did not reach the goal within the episode's time limit. The action sequence extracted at intervals was [0, 1, 2, 2], which corresponds to the following intended movements based on the action mapping:

- Action 0: Intended to move down.
- Action 1: Intended to move right.
- Action 2: Intended to move up.
- Action 2: Intended to move up again.

Given the slippery nature of the environment, the agent's intended actions may not have resulted in the expected movements due to the stochastic transition dynamics. Each action has a 1/3 probability of resulting in one of three possible movements, which can lead to unintended paths and outcomes.

### Analysis:

1. **Initial Movement (Action 0 - Down):** The agent intended to move down from the starting position (state 0). Depending on the stochastic outcome, it could have moved left, up, or stayed in place, potentially leading to an unintended state.

2. **Second Movement (Action 1 - Right):** The agent intended to move right. However, due to the environment's stochastic nature, it might have moved down, left, or stayed in place, further complicating its trajectory.

3. **Subsequent Movements (Action 2 - Up, Up):** The agent intended to move up twice. The stochastic outcomes could have resulted in movements to the right, down, or staying in place, making it challenging to predict the exact path taken.

### Possible Strategy Recommendations:

1. **Increase Exploration:** Given the stochastic nature of the environment, the agent may benefit from increased exploration to better understand the transition dynamics and discover more effective paths to the goal. Techniques such as epsilon-greedy strategies with a higher epsilon value or incorporating exploration bonuses could be useful.

2. **Policy Improvement:** The agent's policy may need refinement to account for the stochastic transitions. Implementing algorithms like Q-learning or SARSA with eligibility traces could help the agent learn more robust policies that consider the probabilistic nature of the environment.

3. **State-Action Value Estimation:** Improving the estimation of state-action values can help the agent make better decisions. Techniques such as double Q-learning or using a neural network to approximate the Q-values might enhance the agent's ability to predict the outcomes of its actions.

4. **Environment Modeling:** Developing a model of the environment's transition dynamics could allow the agent to simulate potential outcomes of actions and plan more effectively. Model-based reinforcement learning approaches could be explored to improve decision-making.

5. **Reward Shaping:** If the agent consistently fails to reach the goal, consider implementing reward shaping to provide intermediate rewards for reaching certain states or avoiding holes, encouraging more effective exploration and learning.

By addressing these areas, the agent may improve its performance in navigating the FrozenLake environment and increase its likelihood of reaching the goal state successfully.","To improve the agent's effectiveness in the FrozenLake environment, we need to consider a strategy that balances exploration and exploitation, given the stochastic nature of the environment. Since the agent failed to reach the goal in the last episode, increasing exploration could help the agent better understand the environment's dynamics and discover more effective paths.

One common approach is to use an epsilon-greedy strategy, where the agent selects a random action with probability epsilon (exploration) and the best-known action with probability 1-epsilon (exploitation). Given the need for increased exploration, we can set a relatively high epsilon value, such as 0.3, to encourage more exploration.

Here's how we can distribute the probabilities for the actions:

- With probability epsilon (0.3), the agent will explore by choosing any action uniformly at random.
- With probability 1-epsilon (0.7), the agent will exploit by choosing the best-known action. Since we don't have specific information about the best action from the previous episode, we can assume a uniform distribution for exploitation as well.

Thus, the probability distribution for the actions can be calculated as follows:

- Exploration probability for each action: 0.3 / 4 = 0.075
- Exploitation probability for each action: 0.7 / 4 = 0.175

Combining exploration and exploitation, the probability for each action becomes:

- Action 0: 0.075 + 0.175 = 0.25
- Action 1: 0.075 + 0.175 = 0.25
- Action 2: 0.075 + 0.175 = 0.25
- Action 3: 0.075 + 0.175 = 0.25

Therefore, the probability distribution for the actions in the next episode should be:

```python
{0: 0.25, 1: 0.25, 2: 0.25, 3: 0.25}
```

This distribution reflects a balanced approach, allowing the agent to explore the environment more thoroughly while still considering exploitation based on its current knowledge."
36,0.0,0.0,0.85744,0.011377915740013123,N/A,N/A
37,0.0,0.0,0.85348,0.00533462967723608,N/A,N/A
38,0.0,0.0,0.84952,0.007692965213209391,N/A,N/A
39,0.0,0.0,0.84556,0.010288559831678867,N/A,N/A
40,0.0,0.0,0.8416,0.00541289197281003,"In the last episode of the training process on the FrozenLake-v1 environment, the agent received a total reward of 0.0, indicating that it did not reach the goal state (G) and likely fell into a hole (H) or failed to reach the goal within the episode's time limit. The action sequence extracted at intervals is [0, 3, 2, 0, 3, 0, 3, 3, 2, 2, 3, 3, 3, 3, 0, 1, 3, 1, 1].

### Analysis:

1. **Action Sequence**:
   - The sequence of actions suggests that the agent is attempting to explore different parts of the grid. However, the sequence lacks a clear pattern or strategy that would lead it towards the goal state (G).
   - The agent frequently uses action 3 (move left), which might indicate a tendency to loop or get stuck in certain areas of the grid.

2. **Slippery Dynamics**:
   - The environment's slippery nature means that the agent's intended actions do not always result in the expected movement. This stochastic behavior can lead to the agent unintentionally moving into holes (H) or away from the goal (G).

3. **State Transitions**:
   - Given the action sequence, the agent likely encountered several state transitions that did not favor reaching the goal. The frequent use of actions that move the agent left or up might have contributed to this.

4. **Reward**:
   - The total reward of 0.0 indicates that the agent either fell into a hole or did not reach the goal within the episode. This suggests that the current exploration strategy is not effective.

### Strategy Recommendations:

1. **Exploration vs. Exploitation**:
   - Consider adjusting the exploration strategy to balance exploration and exploitation better. An epsilon-greedy strategy with decaying epsilon might help the agent explore initially and exploit learned strategies later.

2. **Learning from Failures**:
   - Implement a mechanism to learn from episodes where the agent falls into holes. This could involve updating the value function or policy to avoid states that lead to holes.

3. **State Value Function**:
   - Enhance the state value function to better estimate the expected rewards of states. This can guide the agent towards more promising paths.

4. **Policy Improvement**:
   - Use policy improvement techniques, such as policy iteration or Q-learning, to refine the agent's policy based on past experiences.

5. **Reward Shaping**:
   - Introduce intermediate rewards for reaching certain states or avoiding holes to provide more feedback to the agent and encourage progress towards the goal.

6. **Model-based Approaches**:
   - Consider using model-based reinforcement learning to predict the outcomes of actions more accurately, which can help the agent plan better in a slippery environment.

By implementing these strategies, the agent can improve its ability to navigate the FrozenLake environment and increase the likelihood of reaching the goal state successfully.","To improve the agent's effectiveness in the FrozenLake-v1 environment, we need to adjust the action selection strategy to better balance exploration and exploitation while considering the environment's slippery dynamics. Given the previous episode's performance and analysis, we can propose a probability distribution for action exploration that encourages more strategic exploration.

### Proposed Action Exploration Strategy:

1. **Encourage Exploration of New Paths**:
   - Since the agent frequently used action 3 (move left) and did not reach the goal, we should encourage exploration of other directions to discover potentially more successful paths.

2. **Balance Exploration and Exploitation**:
   - Use an epsilon-greedy approach where the agent explores with a certain probability and exploits the best-known action otherwise. Initially, we can set a higher exploration rate to allow the agent to gather more information about the environment.

3. **Adjust Action Probabilities**:
   - Given the environment's stochastic nature, we should distribute the probabilities to encourage trying different actions while still allowing for some level of exploitation.

### Proposed Probability Distribution:

Let's assume an initial exploration rate (epsilon) of 0.3, meaning the agent will explore 30% of the time and exploit 70% of the time. We will distribute the exploration probability equally among all actions, while the exploitation probability will be biased towards actions that have not been overused (e.g., actions 0, 1, and 2).

```python
{
    0: 0.25,  # Move down
    1: 0.25,  # Move right
    2: 0.25,  # Move up
    3: 0.25   # Move left
}
```

### Explanation:

- **Equal Distribution**: Initially, we distribute the probabilities equally among all actions to encourage exploration in all directions. This helps the agent gather more information about the environment and avoid getting stuck in loops.
- **Adjustments Over Time**: As the agent learns more about the environment, the distribution can be adjusted to favor actions that lead to higher rewards or avoid holes.

This strategy aims to provide a balanced exploration approach, allowing the agent to discover new paths while still considering the environment's stochastic nature. As the agent learns, the distribution can be refined based on the value function or policy improvements."
41,1.0,0.0,0.8376399999999999,0.006770945154130459,N/A,N/A
42,0.0,0.1,0.83368,0.00916947890073061,N/A,N/A
43,0.0,0.1,0.82972,0.0074949851259589195,N/A,N/A
44,0.0,0.0,0.82576,0.015598265454173088,N/A,N/A
45,0.0,0.0,0.8218,0.005568027961999178,"In the last episode of the training process on the FrozenLake-v1 environment, the agent received a total reward of 0.0, indicating that it did not reach the goal state (G) and likely fell into a hole (H) or failed to reach the goal within the episode's time limit. The action sequence extracted at intervals is [2, 2, 2], which corresponds to the agent attempting to move up, right, and down, respectively, due to the slippery nature of the environment.

### Analysis:

1. **Action Sequence**: The repeated action of 2 suggests that the agent was attempting to move in a pattern that might have been intended to navigate towards the goal. However, due to the stochastic nature of the environment, the agent's intended path was likely disrupted, causing it to either fall into a hole or fail to progress effectively towards the goal.

2. **Environment Dynamics**: The slippery nature of the environment means that the agent's actions do not always result in the expected movement. This adds a layer of complexity to the task, as the agent must account for the probability of unintended movements.

3. **Reward Outcome**: The total reward of 0.0 indicates that the agent did not successfully reach the goal. This could be due to several factors, including suboptimal action selection, poor handling of the environment's stochasticity, or insufficient exploration of the state space.

### Strategy Recommendations:

1. **Increased Exploration**: Encourage the agent to explore more diverse action sequences to better understand the environment's dynamics. This can be achieved by adjusting exploration parameters, such as increasing the epsilon value in an epsilon-greedy policy.

2. **Improved Policy Learning**: Consider using a more sophisticated policy learning algorithm that can better handle the stochastic transitions, such as Q-learning with eligibility traces or a policy gradient method that can learn a probabilistic policy.

3. **State-Action Value Estimation**: Enhance the estimation of state-action values by incorporating techniques like experience replay or prioritized sweeping, which can help the agent learn more effectively from past experiences.

4. **Environment Modeling**: Develop a model of the environment's transition dynamics to predict the outcomes of actions more accurately. This model-based approach can help the agent plan its actions more effectively by simulating potential future states.

5. **Reward Shaping**: Introduce intermediate rewards to guide the agent towards the goal more effectively. For example, providing small rewards for moving closer to the goal or avoiding holes can help shape the agent's behavior.

By implementing these strategies, the agent can improve its performance in the FrozenLake-v1 environment, increasing the likelihood of reaching the goal and achieving a higher total reward in future episodes.","To improve the agent's performance in the FrozenLake-v1 environment, we need to consider a strategy that balances exploration and exploitation while accounting for the stochastic nature of the environment. Given the previous episode's outcome and the need for increased exploration, we can adjust the action probabilities to encourage the agent to explore more diverse actions.

One common approach is to use an epsilon-greedy strategy, where the agent selects the best-known action with probability \(1 - \epsilon\) and a random action with probability \(\epsilon\). Since the agent received a total reward of 0.0 in the last episode, it suggests that more exploration is needed. Therefore, we can set a relatively high epsilon value to encourage exploration.

Let's assume an epsilon value of 0.3 for exploration, meaning the agent will explore with a 30% probability and exploit the best-known action with a 70% probability. Given the lack of specific information about the best action, we can distribute the exploration probability equally among all actions.

Here's how we can distribute the action probabilities:

- Exploit the best-known action (assuming uniform distribution due to lack of specific knowledge): \(0.7 / 4 = 0.175\) for each action.
- Explore randomly: \(0.3 / 4 = 0.075\) for each action.

Combining these, we get the following distribution:

\[
\begin{align*}
0: & \quad 0.175 + 0.075 = 0.25 \\
1: & \quad 0.175 + 0.075 = 0.25 \\
2: & \quad 0.175 + 0.075 = 0.25 \\
3: & \quad 0.175 + 0.075 = 0.25 \\
\end{align*}
\]

Thus, the action distribution for the next episode should be:

```python
{0: 0.25, 1: 0.25, 2: 0.25, 3: 0.25}
```

This distribution encourages exploration by giving equal probability to all actions, allowing the agent to gather more information about the environment's dynamics and potentially discover more effective strategies."
46,0.0,0.1,0.81784,0.0058473399840295315,N/A,N/A
47,0.0,0.0,0.8138799999999999,0.004048896487802267,N/A,N/A
48,0.0,0.0,0.80992,0.007186600472778082,N/A,N/A
49,0.0,0.1,0.80596,0.004515243694186211,N/A,N/A
50,0.0,0.0,0.802,0.0036122470628470182,"In the final episode of training on the FrozenLake-v1 environment, the agent received a total reward of 0.0, indicating that it did not successfully reach the goal state (G) and likely fell into a hole (H) or ran out of steps without reaching the goal. The action sequence taken by the agent was [0, 3, 1, 3, 0, 2, 3]. Let's break down this sequence and analyze the agent's behavior:

1. **Action Sequence Analysis:**
   - **Action 0 (Move Down):** The agent starts at state 0 (S) and attempts to move down. Due to the slippery nature of the environment, the agent could have ended up in state 4, 0, or 1.
   - **Action 3 (Move Left):** From its new position, the agent attempts to move left. Depending on its current state, it could have moved to the left, up, or right.
   - **Action 1 (Move Right):** The agent attempts to move right, which could result in moving right, down, or left.
   - **Action 3 (Move Left):** Another attempt to move left, with potential outcomes of moving left, up, or right.
   - **Action 0 (Move Down):** The agent tries to move down again, potentially moving down, left, or up.
   - **Action 2 (Move Up):** An attempt to move up, with possible outcomes of moving up, right, or down.
   - **Action 3 (Move Left):** The final action in the sequence is another attempt to move left.

2. **Possible Outcomes:**
   - Given the sequence and the slippery nature of the environment, it is likely that the agent either fell into a hole (H) or remained on the frozen surface (F) without reaching the goal (G).
   - The total reward of 0.0 suggests that the agent did not reach the goal and may have ended the episode prematurely by falling into a hole.

3. **Strategy Recommendations:**
   - **Improved Exploration:** The agent should be encouraged to explore more effectively by balancing exploration and exploitation. This can be achieved by adjusting exploration parameters such as epsilon in an epsilon-greedy strategy.
   - **Learning from Failures:** Implementing a mechanism to learn from episodes where the agent falls into a hole can help avoid similar mistakes in future episodes. This could involve penalizing actions that lead to holes more heavily.
   - **State Value Estimation:** Enhancing the agent's ability to estimate the value of each state-action pair can improve decision-making. Techniques such as Q-learning or SARSA can be employed to update value estimates based on the agent's experiences.
   - **Environment Modeling:** Given the stochastic nature of the environment, the agent could benefit from modeling the transition probabilities more accurately, potentially using a model-based approach to predict outcomes of actions more reliably.
   - **Reward Shaping:** Introducing intermediate rewards for reaching certain states or avoiding holes could guide the agent more effectively toward the goal.

By implementing these strategies, the agent can improve its performance in navigating the FrozenLake environment and increase its chances of successfully reaching the goal state.","To improve the agent's performance in the FrozenLake-v1 environment, we need to consider a strategy that balances exploration and exploitation while accounting for the slippery nature of the environment. Given the agent's previous failure to reach the goal, we should encourage more exploration to discover effective paths to the goal.

One common approach is to use an epsilon-greedy strategy, where the agent explores with probability epsilon and exploits the best-known action with probability 1-epsilon. Since the agent did not reach the goal in the last episode, we should lean towards more exploration.

Let's assume a moderate exploration rate, such as epsilon = 0.3. This means the agent will explore 30% of the time and exploit 70% of the time. Since we don't have a specific policy to exploit yet, we can distribute the exploration probability equally among all actions.

Here's how we can distribute the probabilities:

- Exploration (30%): Distribute equally among all actions.
- Exploitation (70%): Assume equal probability for now, as we don't have a learned policy.

Thus, the probability distribution for the actions can be calculated as follows:

- Exploration probability for each action: 0.3 / 4 = 0.075
- Exploitation probability for each action: 0.7 / 4 = 0.175

Combining these, the total probability for each action is:

- Total probability for each action: 0.075 + 0.175 = 0.25

Therefore, the probability distribution for the next episode is:

```python
{0: 0.25, 1: 0.25, 2: 0.25, 3: 0.25}
```

This uniform distribution reflects a balanced approach, allowing the agent to explore all actions equally while we gather more data to refine the policy. As the agent learns more about the environment, we can adjust the probabilities to favor actions that lead to higher rewards."
51,0.0,0.0,0.7980400000000001,0.0070158010348677635,N/A,N/A
52,0.0,0.0,0.79408,0.0034626591950654984,N/A,N/A
53,0.0,0.1,0.79012,0.008476480841636658,N/A,N/A
54,0.0,0.1,0.78616,0.006690500769764185,N/A,N/A
55,0.0,0.1,0.7822,0.004598589614033699,"In the last episode of the training process on the FrozenLake-v1 environment, the agent received a total reward of 0.0, indicating that it did not successfully reach the goal state (G) and likely fell into a hole (H) or failed to reach the goal within the episode's time limit. The action sequence extracted at intervals was [1, 3, 1, 1, 2, 1, 3, 0, 1, 0, 2, 3, 1, 0]. Let's analyze this sequence and provide some strategy recommendations.

### Analysis of the Action Sequence:

1. **Initial Actions (1, 3, 1, 1):**
   - The agent starts at state 0 (S) and takes action 1 (right), which could move it to state 1, 4, or remain in state 0 due to the slippery nature.
   - Action 3 (left) might move the agent back to state 0, or to state 1 or 4.
   - The subsequent actions (1, 1) suggest the agent is attempting to move right, potentially aiming to traverse the first row.

2. **Middle Actions (2, 1, 3, 0, 1, 0):**
   - Action 2 (up) is likely ineffective in the first row, as it would keep the agent in the same row.
   - Actions 1 (right) and 3 (left) suggest the agent is oscillating between states, possibly due to the slippery dynamics.
   - Action 0 (down) could move the agent to the second row, but the sequence suggests it might be struggling to maintain a consistent direction.

3. **Final Actions (2, 3, 1, 0):**
   - The agent continues to take actions that might not effectively progress towards the goal, possibly due to the randomness introduced by the environment.
   - The episode ends without reaching the goal, as indicated by the total reward of 0.0.

### Possible Strategy Recommendations:

1. **Improved Exploration Strategy:**
   - Encourage more systematic exploration by using exploration strategies like epsilon-greedy with a decaying epsilon to balance exploration and exploitation.
   - Consider using a more sophisticated exploration method, such as Upper Confidence Bound (UCB) or Thompson Sampling, to better handle the stochastic nature of the environment.

2. **Incorporate State-Action Value Estimation:**
   - Implement Q-learning or SARSA to estimate the value of state-action pairs, which can help the agent make more informed decisions despite the environment's stochastic transitions.
   - Use function approximation methods like Deep Q-Networks (DQN) if computational resources allow, to handle the continuous state-action space more effectively.

3. **Environment Dynamics Understanding:**
   - Enhance the agent's understanding of the environment's transition dynamics by simulating multiple episodes and analyzing the outcomes of different action sequences.
   - Use model-based approaches to predict the outcomes of actions and plan more effectively.

4. **Reward Shaping:**
   - Introduce intermediate rewards for reaching certain states or avoiding holes to guide the agent towards the goal more effectively.
   - Ensure that the reward structure encourages reaching the goal while penalizing falling into holes.

5. **Policy Optimization:**
   - Consider using policy gradient methods to directly optimize the policy, which might be more effective in environments with high stochasticity.
   - Experiment with actor-critic methods to leverage both value-based and policy-based approaches.

By implementing these strategies, the agent can potentially improve its performance in the FrozenLake-v1 environment, increasing the likelihood of reaching the goal state and achieving higher rewards in future episodes.","To improve the agent's performance in the FrozenLake-v1 environment, we should focus on balancing exploration and exploitation while considering the stochastic nature of the environment. Given the previous episode's action sequence and the environment's dynamics, a reasonable approach is to use an exploration strategy that allows the agent to explore different actions while also exploiting known good actions.

One common strategy is the epsilon-greedy approach, where the agent selects a random action with probability epsilon (exploration) and the best-known action with probability 1-epsilon (exploitation). Since the agent did not reach the goal in the last episode, we should encourage more exploration initially.

Let's assume an epsilon value of 0.3 for exploration, meaning the agent will explore 30% of the time and exploit 70% of the time. Given the lack of specific action-value estimates from the previous episode, we'll distribute the exploration probability equally among all actions.

Here's how we can distribute the probabilities:

- Exploitation (70% of the time): Since we don't have specific action-value estimates, we can assume a uniform distribution for exploitation among all actions.
- Exploration (30% of the time): Equally distribute the exploration probability among all actions.

Combining these, we get:

- Probability of selecting any action during exploitation: 0.7 / 4 = 0.175
- Probability of selecting any action during exploration: 0.3 / 4 = 0.075

Total probability for each action:

- Action 0: 0.175 (exploitation) + 0.075 (exploration) = 0.25
- Action 1: 0.175 (exploitation) + 0.075 (exploration) = 0.25
- Action 2: 0.175 (exploitation) + 0.075 (exploration) = 0.25
- Action 3: 0.175 (exploitation) + 0.075 (exploration) = 0.25

Therefore, the distribution of the 4 action explorations for the next episode is:

```python
{0: 0.25, 1: 0.25, 2: 0.25, 3: 0.25}
```

This distribution encourages the agent to explore all actions equally while maintaining a balance between exploration and exploitation. As the agent learns more about the environment, the epsilon value can be decayed to favor exploitation of the best-known actions."
56,0.0,0.1,0.77824,0.013021323829889297,N/A,N/A
57,0.0,0.1,0.77428,0.006638287100940943,N/A,N/A
58,0.0,0.0,0.77032,0.012401612475514412,N/A,N/A
59,0.0,0.1,0.76636,0.00886316504329443,N/A,N/A
60,0.0,0.1,0.7624,0.013119415380060673,"In the last episode of the training process on the FrozenLake-v1 environment, the agent received a total reward of 0.0, indicating that it did not reach the goal state (G) and likely fell into a hole (H) or failed to navigate effectively to the goal. The action sequence extracted at intervals is [3, 0], which suggests the agent attempted to move left and then down.

### Analysis:

1. **Action Sequence**:
   - **Action 3 (Move Left)**: This action might have been taken from the starting state (0), which would have kept the agent in the same state due to the grid's boundary.
   - **Action 0 (Move Down)**: This action would typically move the agent from state 0 to state 4, but due to the slippery nature of the environment, the agent could have ended up in state 1 (move right) or stayed in state 0 (move left).

2. **Slippery Dynamics**:
   - The environment's stochastic nature means that the agent's intended actions do not always result in the expected state transitions. This adds complexity to the exploration strategy, as the agent needs to account for the probability of unintended moves.

3. **Reward**:
   - The total reward of 0.0 indicates that the agent did not reach the goal state. This suggests that the current strategy may not be effective in navigating the grid while avoiding holes.

### Strategy Recommendations:

1. **Improved Exploration**:
   - Encourage more diverse exploration strategies to cover more states and understand the transition dynamics better. This could involve using exploration techniques like epsilon-greedy, where the agent occasionally takes random actions to explore new states.

2. **Learning from Failures**:
   - Analyze episodes where the agent falls into holes to understand common pitfalls. This can help in refining the policy to avoid these states in future episodes.

3. **State-Action Value Estimation**:
   - Implement a Q-learning or SARSA approach to estimate the value of state-action pairs more accurately. This will help the agent learn the expected rewards of actions in different states, accounting for the stochastic transitions.

4. **Policy Improvement**:
   - Use the learned state-action values to improve the policy. A policy that prioritizes actions leading to higher expected rewards, while considering the stochastic nature, will be more effective.

5. **Environment Modeling**:
   - Consider modeling the environment's transition probabilities more explicitly. Understanding the likelihood of each possible outcome for an action can help in planning more robust strategies.

By incorporating these strategies, the agent can improve its navigation through the FrozenLake environment, increasing the likelihood of reaching the goal state while avoiding holes.","To improve the agent's effectiveness in the FrozenLake environment, we need to balance exploration and exploitation while considering the stochastic nature of the environment. Given the previous episode's outcome and the need for better exploration, we can use an epsilon-greedy strategy to determine the action probabilities. This strategy allows the agent to explore by taking random actions with a certain probability (epsilon) and exploit by choosing the best-known action with the remaining probability (1-epsilon).

Let's assume an epsilon value of 0.2 for exploration, which is a common choice to encourage exploration while still allowing for exploitation of known good actions. This means that 20% of the time, the agent will take a random action, and 80% of the time, it will choose the action with the highest estimated value.

Since we don't have specific Q-values or a learned policy from the description, we'll assume a uniform distribution for the exploitation part, as the agent is still learning. Therefore, the probabilities for each action can be calculated as follows:

- With probability 0.2, the agent will explore by choosing any action randomly.
- With probability 0.8, the agent will exploit, but since we don't have a specific policy, we'll distribute this equally among all actions.

The distribution of actions can be calculated as:
- Exploration part: Each action gets 0.2 / 4 = 0.05
- Exploitation part: Each action gets 0.8 / 4 = 0.20

Combining both parts, each action will have a probability of 0.05 (exploration) + 0.20 (exploitation) = 0.25.

Thus, the action distribution for the next episode should be:

```python
{0: 0.25, 1: 0.25, 2: 0.25, 3: 0.25}
```

This uniform distribution reflects a balanced approach, allowing the agent to explore all actions equally while it continues to learn the environment dynamics and improve its policy."
61,0.0,0.1,0.75844,0.009504077956080437,N/A,N/A
62,0.0,0.0,0.75448,0.005495098419487476,N/A,N/A
63,0.0,0.0,0.75052,0.016495928168296814,N/A,N/A
64,0.0,0.0,0.74656,0.011244088411331177,N/A,N/A
65,0.0,0.1,0.7425999999999999,0.018386779353022575,"In the last episode of training on the FrozenLake-v1 environment, the agent received a total reward of 0.0, indicating that it did not successfully reach the goal state (G) and likely fell into a hole (H) or ran out of steps without reaching the goal. The action sequence extracted at intervals was [0, 0, 1, 1, 3, 1, 3, 0, 1, 0], which corresponds to the following actions:

- 0: Attempt to move down
- 1: Attempt to move right
- 2: Attempt to move up
- 3: Attempt to move left

Given the slippery nature of the environment, each action has a 1/3 probability of resulting in the intended move, with the remaining probability distributed among the other two possible moves. This stochasticity can lead to the agent ending up in unintended states, especially when close to holes.

### Analysis of the Episode:

1. **Initial Moves (0, 0):** The agent attempted to move down twice. Starting from state 0 (S), these moves would ideally take the agent to state 8 (third row, first column). However, due to the slippery nature, the agent might have ended up in states 4 or 1 instead.

2. **Subsequent Moves (1, 1):** The agent then attempted to move right twice. If the agent was in state 8, these moves could have taken it to states 9 or 10. However, if the agent was in a different state due to earlier slips, it might have ended up in a hole or an unintended state.

3. **Middle Moves (3, 1, 3):** The agent tried to move left, right, and left again. These actions suggest an attempt to navigate around obstacles or correct previous slips. However, the randomness in movement could have led to further deviation from the intended path.

4. **Final Moves (0, 1, 0):** The agent's final attempts to move down, right, and down again indicate a continued effort to reach the goal. However, the episode ended with a reward of 0, suggesting that the agent either fell into a hole or did not reach the goal within the allowed steps.

### Strategy Recommendations:

1. **Increased Exploration:** Encourage the agent to explore more diverse paths during training to better understand the environment's dynamics and reduce the likelihood of falling into holes.

2. **Improved Policy Learning:** Consider using algorithms that can better handle stochastic environments, such as Q-learning with eligibility traces or SARSA, which might help the agent learn more robust policies.

3. **State Value Estimation:** Implement value iteration or policy iteration to improve the agent's understanding of the expected rewards of each state, helping it make more informed decisions.

4. **Reward Shaping:** Introduce intermediate rewards for reaching certain states or avoiding holes to guide the agent more effectively towards the goal.

5. **Environment Modeling:** Use a model-based approach to predict the outcomes of actions more accurately, allowing the agent to plan its moves better.

By addressing these areas, the agent can improve its performance in the FrozenLake environment and increase its chances of successfully reaching the goal state.","To improve the agent's performance in the FrozenLake environment, we need to consider both the stochastic nature of the environment and the previous episode's action sequence. The agent's previous actions indicate a tendency to move down and right, which are generally good strategies for reaching the goal. However, the agent may have fallen into holes or deviated from the intended path due to the slippery nature of the environment.

Given this, we should encourage a balanced exploration strategy that allows the agent to explore different paths while still prioritizing the general direction towards the goal. We can achieve this by slightly favoring the actions that move the agent towards the goal (down and right) while still allowing for exploration in other directions.

Here's a suggested probability distribution for the next episode:

- **Action 0 (Move Down):** Since moving down is generally a good strategy to reach the goal, we should assign a slightly higher probability to this action.
- **Action 1 (Move Right):** Moving right is also a favorable action, especially in the early stages of the episode, to avoid holes and progress towards the goal.
- **Action 2 (Move Up):** This action is less favorable for reaching the goal, so it should have a lower probability.
- **Action 3 (Move Left):** Similar to moving up, moving left is less favorable for reaching the goal and should have a lower probability.

Considering these factors, a reasonable probability distribution could be:

```python
{0: 0.35, 1: 0.35, 2: 0.15, 3: 0.15}
```

This distribution favors moving down and right, which are generally more effective for progressing towards the goal, while still allowing for some exploration in other directions to account for the stochastic nature of the environment and potential obstacles."
66,0.0,0.1,0.73864,0.011241364292800426,N/A,N/A
67,0.0,0.0,0.73468,0.020332971587777138,N/A,N/A
68,0.0,0.0,0.73072,0.005893378518521786,N/A,N/A
69,0.0,0.1,0.72676,0.027144046500325203,N/A,N/A
70,0.0,0.1,0.7228,0.013926196843385696,"In the last episode of the training process on the FrozenLake-v1 environment, the agent received a total reward of 0.0, indicating that it did not reach the goal state (G) and likely fell into a hole (H) or failed to navigate effectively to the goal. The action sequence extracted at intervals is [2, 0, 0], which corresponds to the following intended moves based on the transition dynamics:

1. **Action 2**: The agent intended to move up, but due to the slippery nature of the environment, it could have moved up, right, or down with equal probability.
2. **Action 0**: The agent intended to move down, but it could have moved down, left, or up with equal probability.
3. **Action 0**: Again, the agent intended to move down, with the same probabilistic outcomes as the previous action.

### Analysis:

1. **Slippery Dynamics**: The stochastic nature of the environment means that the agent's intended actions do not always result in the expected state transitions. This can lead to the agent inadvertently moving into a hole or failing to make progress toward the goal.

2. **Action Sequence**: The sequence [2, 0, 0] suggests that the agent might have been trying to navigate from the starting point (S) towards the goal (G) by moving up and then down twice. However, due to the stochastic transitions, it is possible that the agent ended up in a hole or remained in a loop without making progress.

3. **Reward Outcome**: The total reward of 0.0 indicates that the agent did not reach the goal. This could be due to falling into a hole or being unable to reach the goal within the episode's time limit.

### Strategy Recommendations:

1. **Increased Exploration**: Encourage more exploration to allow the agent to better understand the environment's dynamics. This can be achieved by increasing the exploration rate (e.g., epsilon in epsilon-greedy strategies) to allow the agent to try different actions and learn from diverse experiences.

2. **Policy Improvement**: Consider using algorithms that can handle stochastic environments more effectively, such as SARSA or Q-learning with eligibility traces, which can help the agent learn better policies over time.

3. **State-Action Value Estimation**: Improve the estimation of state-action values by using techniques like double Q-learning to reduce overestimation bias and improve the stability of learning.

4. **Reward Shaping**: Introduce intermediate rewards for reaching certain states or making progress toward the goal to guide the agent more effectively through the environment.

5. **Environment Modeling**: Develop a model of the environment's transition dynamics to predict the outcomes of actions more accurately, which can help the agent make more informed decisions.

6. **Training Episodes**: Increase the number of training episodes to allow the agent more opportunities to learn and adapt to the environment's stochastic nature.

By implementing these strategies, the agent can improve its performance in navigating the FrozenLake environment and increase its chances of reaching the goal state successfully.","To improve the agent's effectiveness in the FrozenLake-v1 environment, we need to consider a strategy that balances exploration and exploitation, given the stochastic nature of the environment. Since the agent's previous episode resulted in a total reward of 0.0, it suggests that the agent needs to explore more to better understand the environment's dynamics and avoid falling into holes.

One common approach is to use an epsilon-greedy strategy where the agent explores with a certain probability (epsilon) and exploits the best-known action with probability (1 - epsilon). Given the need for increased exploration, we can set a relatively high epsilon value to encourage exploration.

Let's assume an epsilon value of 0.3 for exploration, meaning the agent will explore 30% of the time and exploit 70% of the time. When exploring, the agent will choose any of the four actions with equal probability. When exploiting, the agent will choose the action with the highest estimated value based on its current knowledge (which we don't have here, so we'll assume equal distribution for simplicity).

Here's how we can distribute the probabilities for the actions:

- Exploration (30% of the time): Each action has a probability of 0.25 (since there are four actions and exploration is random).
- Exploitation (70% of the time): Without specific knowledge of the best action, we assume equal distribution for simplicity.

Combining these, the probability distribution for each action can be calculated as follows:

- Probability of each action during exploration: 0.3 * 0.25 = 0.075
- Probability of each action during exploitation: 0.7 * 0.25 = 0.175

Thus, the total probability for each action is:

- Action 0: 0.075 + 0.175 = 0.25
- Action 1: 0.075 + 0.175 = 0.25
- Action 2: 0.075 + 0.175 = 0.25
- Action 3: 0.075 + 0.175 = 0.25

Therefore, the distribution of the 4 action explorations for the next episode is:

```python
{0: 0.25, 1: 0.25, 2: 0.25, 3: 0.25}
```

This distribution reflects a balanced approach, allowing the agent to explore the environment while still considering exploitation based on its current knowledge."
71,0.0,0.1,0.71884,0.012904556468129158,N/A,N/A
72,0.0,0.2,0.71488,0.024537343531847,N/A,N/A
73,0.0,0.1,0.71092,0.013928036205470562,N/A,N/A
74,0.0,0.1,0.70696,0.011343995109200478,N/A,N/A
75,0.0,0.1,0.7030000000000001,0.01901911571621895,"In the last episode of the training process on the FrozenLake-v1 environment, the agent received a total reward of 0.0, indicating that it did not successfully reach the goal state (G) and likely fell into a hole (H) or did not reach the goal within the episode's time limit. The action sequence extracted at intervals was [2, 0, 2], which corresponds to the following intended movements based on the action definitions:

- Action 2: Intended to move up, but due to the slippery nature, the agent could have moved right, up, or down.
- Action 0: Intended to move down, but could have moved down, left, or up.
- Action 2: Again intended to move up, but could have moved right, up, or down.

### Analysis:

1. **Slippery Dynamics**: The environment's stochastic nature means that the agent's intended actions do not always result in the expected movements. This can lead to unintended consequences, such as falling into holes or not progressing towards the goal.

2. **Action Sequence**: The sequence [2, 0, 2] suggests that the agent attempted to navigate vertically, possibly trying to move from the starting position towards the goal. However, the randomness in movement due to the environment's slipperiness likely caused deviations from the intended path.

3. **Reward Outcome**: The total reward of 0.0 indicates that the agent either fell into a hole or failed to reach the goal within the episode. This suggests that the current strategy or policy might not be robust enough to handle the environment's stochastic transitions effectively.

### Strategy Recommendations:

1. **Policy Improvement**: Consider using a more sophisticated policy that accounts for the environment's stochastic nature. This could involve using a model-free reinforcement learning algorithm like Q-learning or SARSA with function approximation to better estimate the value of actions in each state.

2. **Exploration Strategy**: Enhance the exploration strategy to ensure the agent experiences a diverse set of state-action pairs. Techniques such as epsilon-greedy with decay or using an exploration-focused algorithm like Upper Confidence Bound (UCB) could be beneficial.

3. **State Representation**: Improve the state representation to capture more information about the environment, potentially using feature engineering or neural networks to approximate the state-action value function.

4. **Environment Understanding**: Encourage the agent to learn the dynamics of the environment better by simulating multiple episodes and analyzing the transition probabilities. This can help the agent develop a more accurate model of the environment's behavior.

5. **Reward Shaping**: Introduce intermediate rewards to guide the agent towards the goal more effectively. For example, providing small positive rewards for moving closer to the goal or for avoiding holes could incentivize safer and more goal-directed behavior.

By implementing these strategies, the agent may improve its ability to navigate the FrozenLake environment successfully, increasing the likelihood of reaching the goal and achieving a higher total reward in future episodes.","To improve the agent's effectiveness in the FrozenLake environment, we need to consider a balanced exploration strategy that accounts for the stochastic nature of the environment while also encouraging the agent to explore potentially successful paths. Given the previous episode's outcome and the analysis, we should focus on enhancing exploration while still allowing for some exploitation of known strategies.

A common approach is to use an epsilon-greedy strategy, where the agent mostly exploits the best-known action but occasionally explores other actions. However, since we are focusing on exploration, we can adjust the probabilities to favor exploration more heavily.

Let's assume an exploration-focused strategy where we slightly favor actions that could potentially lead to the goal while still maintaining a degree of randomness to explore the environment. Given the previous action sequence [2, 0, 2], it seems the agent was trying to move vertically, which might be a reasonable strategy to explore further.

Here's a suggested probability distribution for the next episode, emphasizing exploration:

- Action 0 (move down): 0.25
- Action 1 (move right): 0.25
- Action 2 (move up): 0.25
- Action 3 (move left): 0.25

This uniform distribution ensures that the agent explores all possible directions equally, which is beneficial in a highly stochastic environment like FrozenLake. This approach allows the agent to gather more information about the environment's dynamics and potentially discover more effective paths to the goal.

```python
{0: 0.25, 1: 0.25, 2: 0.25, 3: 0.25}
```

This distribution encourages exploration across all actions, which is crucial for understanding the environment better and improving the agent's policy over time. As the agent learns more about the environment, these probabilities can be adjusted to favor more promising actions based on the learned policy."
76,0.0,0.1,0.69904,0.017178043723106384,N/A,N/A
77,0.0,0.0,0.69508,0.018741808831691742,N/A,N/A
78,0.0,0.0,0.69112,0.013403881341218948,N/A,N/A
79,0.0,0.1,0.68716,0.011899696663022041,N/A,N/A
80,0.0,0.1,0.6832,0.0059844255447387695,"In the last episode of the training process on the FrozenLake-v1 environment, the agent received a total reward of 0.0, indicating that it did not successfully reach the goal state (G) and likely fell into a hole (H) or ran out of steps without reaching the goal. The action sequence taken by the agent was [0, 0, 0, 1, 1, 3, 1].

### Analysis:

1. **Action Sequence Interpretation:**
   - The action sequence [0, 0, 0, 1, 1, 3, 1] corresponds to the following intended movements:
     - 0: Attempt to move down.
     - 0: Attempt to move down.
     - 0: Attempt to move down.
     - 1: Attempt to move right.
     - 1: Attempt to move right.
     - 3: Attempt to move left.
     - 1: Attempt to move right.

2. **Transition Dynamics:**
   - Due to the slippery nature of the environment, each action has a 1/3 probability of resulting in the intended move, and a 2/3 probability of resulting in one of the two other possible moves. This stochastic behavior can lead to the agent not moving as intended, potentially leading to falling into a hole or not progressing towards the goal.

3. **Outcome:**
   - The agent did not reach the goal, as indicated by the total reward of 0.0. This suggests that the agent either fell into a hole or failed to reach the goal within the allowed number of steps.

### Strategy Recommendations:

1. **Increased Exploration:**
   - Encourage more exploration by adjusting the exploration-exploitation balance. This can be achieved by increasing the exploration rate (epsilon) in an epsilon-greedy policy, allowing the agent to discover more successful paths.

2. **Improved Policy Learning:**
   - Consider using a more sophisticated policy learning algorithm, such as Q-learning with function approximation or deep Q-networks (DQN), to better handle the stochastic transitions and learn more robust policies.

3. **State-Action Value Estimation:**
   - Enhance the estimation of state-action values by incorporating techniques like eligibility traces or using a model-based approach to predict future states and rewards more accurately.

4. **Reward Shaping:**
   - Implement reward shaping to provide intermediate rewards for reaching certain states closer to the goal, which can guide the agent more effectively towards the goal.

5. **Environment Familiarization:**
   - Allow the agent to spend more time familiarizing itself with the environment by increasing the number of training episodes, which can help it learn the dynamics and develop better strategies for avoiding holes and reaching the goal.

6. **Action Diversification:**
   - Encourage the agent to diversify its actions to avoid getting stuck in loops or repeatedly falling into holes. This can be achieved by penalizing repeated actions that do not lead to progress.

By implementing these strategies, the agent can potentially improve its performance in the FrozenLake-v1 environment, increasing its chances of reaching the goal and achieving a higher total reward.","To improve the agent's performance in the FrozenLake-v1 environment, we need to adjust the action exploration strategy to better balance exploration and exploitation. Given the stochastic nature of the environment and the previous episode's outcome, we should encourage more exploration to discover effective paths while still allowing for some exploitation of known strategies.

A common approach is to use an epsilon-greedy strategy, where the agent selects a random action with probability epsilon (exploration) and the best-known action with probability 1-epsilon (exploitation). Since the agent did not perform well in the last episode, we should increase the exploration rate to allow the agent to explore more diverse actions and potentially find better paths.

Let's assume we want to set a relatively high exploration rate to encourage more exploration. For example, we can set epsilon to 0.3, meaning the agent will explore with a 30% probability and exploit with a 70% probability. In the absence of specific knowledge about which actions are better, we can distribute the exploration probability equally among all actions.

Here's how the action distribution might look:

- Exploration probability (epsilon): 0.3
- Exploitation probability (1-epsilon): 0.7

Assuming equal probability for all actions during exploration, the distribution can be calculated as follows:

- Probability of selecting any action during exploration: 0.3 / 4 = 0.075
- Probability of selecting the best-known action during exploitation: 0.7

Since we don't have a specific best-known action from the previous episode, we'll distribute the exploitation probability equally among all actions for this example:

```python
{
    0: 0.075 + 0.175,  # 0.075 from exploration + 0.175 from equal distribution of exploitation
    1: 0.075 + 0.175,
    2: 0.075 + 0.175,
    3: 0.075 + 0.175
}
```

This results in the following distribution:

```python
{
    0: 0.25,
    1: 0.25,
    2: 0.25,
    3: 0.25
}
```

This distribution reflects a balanced approach, encouraging exploration while maintaining some level of exploitation. As the agent learns more about the environment, the distribution can be adjusted to favor actions that lead to better outcomes."
81,0.0,0.0,0.6792400000000001,0.02672751620411873,N/A,N/A
82,0.0,0.1,0.67528,0.009621558710932732,N/A,N/A
83,0.0,0.1,0.6713199999999999,0.016908563673496246,N/A,N/A
84,0.0,0.1,0.66736,0.01901787705719471,N/A,N/A
85,0.0,0.1,0.6634,0.013684037141501904,"In the last episode of the training process on the FrozenLake-v1 environment, the agent received a total reward of 0.0, indicating that it did not successfully reach the goal state (G) and likely fell into a hole (H) or failed to reach the goal within the episode's time limit. The action sequence recorded at intervals was [2, 0, 2, 1, 3, 1, 3, 3]. Let's analyze this sequence and the potential reasons for the outcome:

### Analysis:

1. **Action Sequence**:
   - The sequence of actions taken by the agent was [2, 0, 2, 1, 3, 1, 3, 3].
   - Action 2 corresponds to attempting to move up, action 0 to move down, action 1 to move right, and action 3 to move left.
   - Given the slippery nature of the environment, each action has a 1/3 probability of resulting in the intended move, with the remaining probability distributed among two other directions.

2. **State Transitions**:
   - The agent starts at state 0 (S).
   - The sequence suggests the agent attempted to move up twice (actions 2), which is not possible from the starting position (state 0) due to the grid's boundary. This indicates potential inefficiency in the agent's strategy.
   - The agent's actions also include moving down (0), right (1), and left (3), which might have led it into a hole (H) or back to previous states due to the stochastic nature of the environment.

3. **Outcome**:
   - The total reward of 0.0 suggests the agent either fell into a hole or did not reach the goal within the episode's time limit.
   - The presence of multiple direction changes and the stochastic transitions likely contributed to the agent's failure to reach the goal.

### Strategy Recommendations:

1. **Improved Exploration**:
   - Encourage more systematic exploration strategies that account for the stochastic nature of the environment. This could involve using exploration techniques like epsilon-greedy with a decaying epsilon to balance exploration and exploitation.

2. **Policy Refinement**:
   - Refine the policy to better handle the stochastic transitions. This could involve using model-based approaches to predict the outcomes of actions more accurately or employing techniques like Q-learning with function approximation to generalize better across states.

3. **State Value Estimation**:
   - Improve the estimation of state values to guide the agent towards more promising paths. This could involve using value iteration or policy iteration to iteratively improve the policy based on updated value estimates.

4. **Incorporate Reward Shaping**:
   - Consider incorporating reward shaping to provide intermediate rewards that guide the agent towards the goal, such as small negative rewards for falling into holes or positive rewards for reaching certain states closer to the goal.

5. **Environment Familiarization**:
   - Allow the agent to spend more time familiarizing itself with the environment's dynamics, possibly through additional training episodes or by simulating the environment's stochastic transitions to build a more robust policy.

By implementing these strategies, the agent can potentially improve its performance in navigating the FrozenLake environment and increase its chances of successfully reaching the goal state.","To improve the agent's performance in the FrozenLake environment, we need to adjust the action exploration strategy to account for the stochastic nature of the environment and the previous episode's outcome. Given that the agent received a total reward of 0.0, indicating it likely fell into a hole or failed to reach the goal, we should encourage a more balanced exploration of actions while considering the environment's dynamics.

### Action Exploration Strategy:

1. **Balanced Exploration**:
   - Since the environment is slippery and actions do not always lead to the intended result, it's crucial to maintain a balanced exploration strategy. This can help the agent learn more about the environment and avoid getting stuck in suboptimal paths.

2. **Epsilon-Greedy Approach**:
   - Implement an epsilon-greedy strategy where the agent mostly exploits the best-known actions but occasionally explores other actions. This helps in discovering potentially better strategies.

3. **Increased Exploration for Less Frequent Actions**:
   - Given the previous action sequence, it seems the agent might not have explored all actions equally. We should ensure that all actions have a chance to be explored to gather more information about their outcomes.

### Proposed Action Distribution:

To encourage exploration while still allowing for exploitation of known strategies, we can use an epsilon-greedy approach with a slight bias towards exploration. Assuming an epsilon value of 0.2 for exploration, we can distribute the probabilities as follows:

- With probability 0.8, the agent exploits the best-known action. However, since we are focusing on exploration, we will distribute this probability evenly across all actions.
- With probability 0.2, the agent explores randomly.

This results in the following distribution:

- Each action has a base probability of 0.2 due to exploration.
- The remaining 0.8 is distributed evenly across all actions for balanced exploration.

Therefore, the distribution for the next episode can be:

```python
{0: 0.25, 1: 0.25, 2: 0.25, 3: 0.25}
```

This distribution ensures that the agent explores all actions equally, which is crucial for learning in a stochastic environment like FrozenLake. By maintaining this balanced approach, the agent can gather more information about the environment and improve its policy over time."
86,1.0,0.1,0.65944,0.024865249171853065,N/A,N/A
87,0.0,0.1,0.6554800000000001,0.03117222897708416,N/A,N/A
88,0.0,0.1,0.6515200000000001,0.013949807733297348,N/A,N/A
89,0.0,0.1,0.64756,0.014396268874406815,N/A,N/A
90,0.0,0.1,0.6436,0.013074139133095741,"In the last episode of the training process on the FrozenLake-v1 environment, the agent received a total reward of 0.0, indicating that it did not successfully reach the goal state (G) and likely fell into a hole (H) or failed to navigate to the goal within the episode's time limit. The action sequence extracted at intervals is [3, 2], which corresponds to the following actions:

- Action 3: Move left
- Action 2: Move up

Given the slippery nature of the environment, the agent's intended actions may not have resulted in the expected movements due to the stochastic transition dynamics. This randomness can lead to the agent slipping into holes or failing to progress towards the goal.

### Analysis:

1. **Action Sequence and Slippery Dynamics:**
   - The action sequence [3, 2] suggests that the agent attempted to move left and then up. However, due to the environment's slippery nature, these actions could have resulted in unintended movements, potentially causing the agent to slip into a hole or remain in a non-progressive state.

2. **Reward Outcome:**
   - The total reward of 0.0 indicates that the agent did not reach the goal. This could be due to slipping into a hole or failing to reach the goal within the episode's time limit.

3. **Exploration and Strategy:**
   - The agent's exploration strategy might not be effectively balancing exploration and exploitation, leading to suboptimal action choices in the presence of stochastic transitions.

### Recommendations:

1. **Improved Exploration Strategy:**
   - Consider implementing an exploration strategy that better accounts for the stochastic nature of the environment. Techniques such as epsilon-greedy with decay, where the exploration rate decreases over time, can help the agent explore initially and exploit learned strategies later.

2. **Model-Based Approaches:**
   - Incorporate model-based reinforcement learning techniques to predict the outcomes of actions more accurately. This could involve learning a transition model that captures the probabilistic nature of the environment.

3. **Policy Optimization:**
   - Use policy gradient methods or actor-critic algorithms to optimize the policy directly, which can be more effective in environments with stochastic transitions compared to value-based methods.

4. **State-Action Value Function:**
   - Enhance the learning of the state-action value function (Q-function) by incorporating techniques like Q-learning with eligibility traces or SARSA, which can help the agent learn more robust policies in the presence of uncertainty.

5. **Environment-Specific Heuristics:**
   - Develop heuristics specific to the FrozenLake environment, such as prioritizing actions that minimize the risk of slipping into holes, to guide the agent's exploration and decision-making process.

By implementing these strategies, the agent can improve its ability to navigate the FrozenLake environment effectively, increasing the likelihood of reaching the goal state and achieving higher rewards in future episodes.","To improve the agent's effectiveness in the FrozenLake-v1 environment, we need to consider a strategy that balances exploration and exploitation while accounting for the stochastic nature of the environment. Given the previous episode's outcome and the analysis, a suitable approach would be to use an epsilon-greedy strategy with a focus on exploration initially, gradually shifting towards exploitation as the agent learns more about the environment.

For the next episode, we can set a higher probability for exploration to encourage the agent to try different actions and learn about the environment's dynamics. A typical starting point for epsilon-greedy exploration might be an epsilon value of 0.1 to 0.2, meaning the agent will explore 10% to 20% of the time and exploit the best-known action 80% to 90% of the time.

Given the action sequence [3, 2] from the previous episode, we should encourage exploration of other actions as well. Here's a suggested probability distribution for the actions:

- Assign a slightly higher probability to actions that were not chosen in the previous episode to encourage exploration.
- Maintain a reasonable probability for the actions chosen previously to allow for potential exploitation if they are indeed beneficial.

Here's a suggested distribution:

```python
{
    0: 0.25,  # Move down
    1: 0.25,  # Move right
    2: 0.25,  # Move up
    3: 0.25   # Move left
}
```

This uniform distribution reflects a high exploration strategy, allowing the agent to explore all possible actions equally. As the agent learns more about the environment, this distribution can be adjusted to favor actions that lead to higher rewards or safer paths."
91,0.0,0.2,0.63964,0.009995737113058567,N/A,N/A
92,0.0,0.1,0.63568,0.014433828182518482,N/A,N/A
93,0.0,0.1,0.6317200000000001,0.014730531722307205,N/A,N/A
94,0.0,0.1,0.62776,0.028096763417124748,N/A,N/A
95,0.0,0.1,0.6238,0.02595098689198494,"In the last episode of the training process on the FrozenLake-v1 environment, the agent received a total reward of 0.0, indicating that it did not successfully reach the goal (G) and likely fell into a hole (H) or failed to reach the goal within the episode's time limit. The action sequence extracted at intervals was [3, 3, 3, 3, 3, 1, 3, 3, 1], which corresponds to the following movements based on the environment's transition dynamics:

1. Action 3 (move left, move up, move right): The agent attempted to move left, but due to the slippery nature, it could have moved up or right instead.
2. Repeated action 3: The agent continued to attempt moving left, but again, it could have moved in unintended directions due to the environment's stochastic nature.
3. Action 1 (move right, move down, move left): The agent attempted to move right, but it could have moved down or left instead.
4. Further actions 3 and 1: The agent continued with similar attempts to move left and right, but the randomness in movement likely led to unintended positions.

### Analysis:
- **Stochastic Environment**: The slippery nature of the environment means that the agent's intended actions often result in different outcomes, making it challenging to navigate effectively.
- **Action Repetition**: The repeated use of action 3 suggests that the agent might be stuck in a loop or is unable to effectively adapt its strategy to the environment's dynamics.
- **Lack of Goal Achievement**: The total reward of 0.0 indicates that the agent did not reach the goal state, possibly due to falling into a hole or being unable to navigate the grid successfully.

### Strategy Recommendations:
1. **Improved Exploration**: Encourage more diverse exploration strategies to prevent the agent from getting stuck in loops. This could involve implementing an exploration policy that balances exploration and exploitation more effectively, such as epsilon-greedy with a decaying epsilon.
   
2. **State-Action Value Learning**: Utilize Q-learning or SARSA to help the agent learn the expected rewards of state-action pairs, which can guide it towards more rewarding paths over time.

3. **Model-Based Approaches**: Consider using model-based reinforcement learning to predict the outcomes of actions more accurately, allowing the agent to plan its moves more effectively despite the stochastic transitions.

4. **Reward Shaping**: Introduce intermediate rewards for reaching certain states or avoiding holes to provide the agent with more feedback and encourage progress towards the goal.

5. **Policy Gradient Methods**: Explore policy gradient methods, such as REINFORCE or Actor-Critic, which can directly optimize the policy and may handle the stochastic nature of the environment more effectively.

By implementing these strategies, the agent may improve its ability to navigate the FrozenLake environment, avoid holes, and ultimately reach the goal more consistently.","To improve the agent's effectiveness in the FrozenLake-v1 environment, we need to adjust the action exploration strategy to encourage more diverse exploration and prevent the agent from getting stuck in loops. Given the stochastic nature of the environment and the previous episode's action sequence, we can implement an exploration strategy that balances exploration and exploitation.

One common approach is to use an epsilon-greedy strategy, where the agent selects a random action with probability epsilon and the best-known action with probability 1-epsilon. However, since we are focusing on exploration, we can initially set a higher probability for exploration and gradually decay it over time.

For the next episode, let's assume an exploration-focused strategy with a higher probability for random actions. We can distribute the probabilities evenly among the actions to encourage exploration, while slightly favoring actions that were less frequently chosen in the previous episode to diversify the exploration.

Given the previous action sequence [3, 3, 3, 3, 3, 1, 3, 3, 1], actions 0 and 2 were not chosen. To encourage exploration, we can assign a slightly higher probability to these actions.

Here's a suggested probability distribution for the next episode:

```plaintext
{0: 0.3, 1: 0.2, 2: 0.3, 3: 0.2}
```

This distribution gives a higher probability to actions 0 and 2 to encourage exploration in new directions, while still allowing actions 1 and 3 to be chosen, albeit with a slightly lower probability. This approach aims to diversify the agent's exploration and potentially discover more effective paths to the goal."
96,0.0,0.0,0.61984,0.014876841567456722,N/A,N/A
97,0.0,0.3,0.61588,0.01650082692503929,N/A,N/A
98,0.0,0.3,0.61192,0.008401843719184399,N/A,N/A
99,0.0,0.2,0.6079600000000001,0.0064984774217009544,N/A,N/A
100,0.0,0.1,0.604,0.007690927945077419,"In the last episode of the training process on the FrozenLake-v1 environment, the agent received a total reward of 0.0, indicating that it did not successfully reach the goal state (G) and likely fell into a hole (H) or failed to navigate to the goal within the episode's time limit. The action sequence extracted at intervals is [1, 1], suggesting that the agent attempted to move right twice in succession.

### Analysis:

1. **Action Sequence**: The action sequence [1, 1] indicates that the agent attempted to move right twice. Given the slippery nature of the environment, each action has a 1/3 probability of resulting in the intended move, and a 2/3 probability of resulting in an unintended move (either moving down or left for action 1). This randomness could have contributed to the agent not reaching the goal.

2. **State Transitions**: Without specific state information, it's challenging to determine exactly where the agent ended up after each action. However, given the reward of 0.0, it is likely that the agent either fell into a hole or did not reach the goal within the episode.

3. **Exploration vs. Exploitation**: The agent's strategy might be overly focused on exploration, given the lack of successful goal attainment. Alternatively, the agent might be exploiting a suboptimal policy that does not effectively navigate the slippery environment.

### Strategy Recommendations:

1. **Increased Exploration**: Consider increasing exploration to allow the agent to better understand the environment's dynamics. This could involve adjusting the exploration-exploitation balance, such as increasing the epsilon value in an epsilon-greedy strategy.

2. **Policy Improvement**: Implement policy improvement techniques, such as Q-learning or SARSA, to refine the agent's decision-making process. Ensure that the agent updates its policy based on the outcomes of its actions, particularly focusing on avoiding holes and reaching the goal.

3. **State-Action Value Estimation**: Enhance the estimation of state-action values to better account for the stochastic nature of the environment. This could involve using techniques like Monte Carlo methods or Temporal Difference learning to improve the accuracy of value estimates.

4. **Environment Modeling**: Consider modeling the environment's transition dynamics more explicitly, possibly using a model-based approach. This could help the agent predict the outcomes of its actions more accurately and plan its moves more effectively.

5. **Reward Shaping**: Introduce intermediate rewards to guide the agent towards the goal. For example, providing small positive rewards for moving closer to the goal or negative rewards for moving into states adjacent to holes could help the agent learn a more effective policy.

By implementing these strategies, the agent may improve its ability to navigate the FrozenLake environment successfully, ultimately increasing the likelihood of reaching the goal state and achieving a higher total reward in future episodes.","To improve the agent's effectiveness in the FrozenLake-v1 environment, we need to consider the balance between exploration and exploitation, especially given the stochastic nature of the environment. Since the agent did not reach the goal in the last episode, it is important to encourage exploration to discover more effective strategies.

Given the analysis and strategy recommendations, a reasonable approach is to use an epsilon-greedy strategy where the agent predominantly exploits the best-known action but still explores other actions with a certain probability. Let's assume a moderate exploration rate, such as epsilon = 0.2, which means the agent will explore 20% of the time and exploit 80% of the time.

Assuming the agent has no prior knowledge of which action is optimal, we can distribute the exploration probability equally among all actions. The exploitation probability will be assigned to the action that seems most promising based on the agent's current knowledge. Since we don't have specific information about the agent's learned policy, we will distribute the exploitation probability equally among all actions for this example.

Here's how the distribution might look:

- Exploration probability (20% of the time): 0.2 / 4 = 0.05 for each action
- Exploitation probability (80% of the time): 0.8 / 4 = 0.2 for each action

Thus, the probability distribution for the actions would be:

```python
{
    0: 0.25,  # 0.05 (exploration) + 0.2 (exploitation)
    1: 0.25,  # 0.05 (exploration) + 0.2 (exploitation)
    2: 0.25,  # 0.05 (exploration) + 0.2 (exploitation)
    3: 0.25   # 0.05 (exploration) + 0.2 (exploitation)
}
```

This distribution assumes equal likelihood of each action being optimal, which is a starting point for further learning. As the agent learns more about the environment, it can adjust the probabilities to favor actions that lead to better outcomes."
101,0.0,0.2,0.6000399999999999,0.023861844092607498,N/A,N/A
102,0.0,0.2,0.59608,0.00971128698438406,N/A,N/A
103,0.0,0.1,0.59212,0.013213135302066803,N/A,N/A
104,0.0,0.1,0.58816,0.01129903830587864,N/A,N/A
105,0.0,0.1,0.5842,0.008586375042796135,"In the last episode of the training process on the FrozenLake-v1 environment, the agent ended with a total reward of 0.0, indicating that it did not successfully reach the goal state (G) and likely fell into a hole (H) or ran out of steps without reaching the goal. The action sequence taken by the agent was [3, 2, 1, 3, 3, 1, 3, 3, 3, 1, 2], which corresponds to the following actions:

- Action 3: Move left
- Action 2: Move up
- Action 1: Move right
- Action 3: Move left
- Action 3: Move left
- Action 1: Move right
- Action 3: Move left
- Action 3: Move left
- Action 3: Move left
- Action 1: Move right
- Action 2: Move up

Given the slippery nature of the environment, each action has a probability of resulting in one of three possible movements, which adds an element of stochasticity to the agent's path. This makes it challenging for the agent to consistently follow a planned path.

### Analysis:

1. **Action Sequence and State Transitions:**
   - The agent's action sequence suggests a lack of a coherent strategy to reach the goal. The repeated use of ""move left"" (action 3) indicates potential confusion or a lack of understanding of the environment's layout.
   - The sequence does not seem to follow a direct path towards the goal state (15), which is located at the bottom right corner of the grid.

2. **Slippery Dynamics:**
   - The stochastic nature of the environment means that even with a correct action, the agent might not move in the intended direction. This requires the agent to adapt and recover from unintended movements.

3. **Reward Outcome:**
   - The total reward of 0.0 suggests that the agent either fell into a hole or did not reach the goal within the episode's step limit. This indicates a need for improved exploration and path planning.

### Strategy Recommendations:

1. **Improved Exploration:**
   - Encourage the agent to explore the environment more thoroughly to better understand the layout and the location of holes. This can be achieved by increasing exploration parameters (e.g., epsilon in epsilon-greedy strategies) during training.

2. **Path Planning:**
   - Implement a strategy that prioritizes paths leading towards the goal while avoiding known holes. This could involve using value-based methods like Q-learning or SARSA to learn optimal policies.

3. **Handling Stochasticity:**
   - Train the agent to recover from unintended movements by incorporating strategies that allow for quick adaptation. This could involve learning from past episodes to anticipate and counteract the effects of slippery dynamics.

4. **State-Action Mapping:**
   - Enhance the agent's understanding of state-action pairs by increasing the number of training episodes, allowing the agent to experience a wider variety of state transitions and outcomes.

5. **Reward Shaping:**
   - Consider implementing reward shaping to provide intermediate rewards for reaching certain states or avoiding holes, which can guide the agent towards the goal more effectively.

By focusing on these strategies, the agent can improve its performance in the FrozenLake environment, increasing the likelihood of reaching the goal state and achieving a higher total reward in future episodes.","To improve the agent's effectiveness in the FrozenLake-v1 environment, we need to adjust the action exploration strategy to encourage better exploration and path planning. Given the stochastic nature of the environment and the need to avoid holes while moving towards the goal, we can consider a more balanced exploration strategy that allows the agent to explore different directions more evenly.

Considering the analysis and recommendations provided, a more balanced exploration strategy could be implemented by assigning equal probabilities to each action. This would encourage the agent to explore all possible directions, which is crucial for understanding the environment's layout and handling the stochastic transitions effectively.

Here's a suggested probability distribution for the actions:

```python
{0: 0.25, 1: 0.25, 2: 0.25, 3: 0.25}
```

This distribution assigns an equal probability of 0.25 to each action (0: move down, 1: move right, 2: move up, 3: move left). This approach encourages the agent to explore all directions equally, which can help it learn the environment's dynamics more effectively and improve its ability to reach the goal while avoiding holes. As the agent learns and gathers more information about the environment, this exploration strategy can be adjusted to favor actions that lead to higher rewards or safer paths."
106,0.0,0.1,0.5802400000000001,0.010635016486048698,N/A,N/A
107,0.0,0.1,0.57628,0.011387966573238373,N/A,N/A
108,0.0,0.1,0.5723199999999999,0.011293385177850723,N/A,N/A
109,0.0,0.2,0.56836,0.0070845154114067554,N/A,N/A
110,0.0,0.2,0.5644,0.008996987715363503,"In the last episode of the training process on the FrozenLake-v1 environment, the agent received a total reward of 0.0, indicating that it did not successfully reach the goal state (G) and likely fell into a hole (H) or failed to navigate to the goal within the episode's time limit. The action sequence extracted at intervals is [1, 3], which corresponds to the agent attempting to move right and left, respectively.

### Analysis:

1. **Action Sequence**: 
   - The agent's action sequence [1, 3] suggests that it attempted to move right and then left. This limited sequence implies that the agent did not make significant progress toward the goal, possibly due to the slippery nature of the environment, which introduces stochasticity in movement.

2. **Slippery Environment**:
   - The transition dynamics of the environment mean that each action has a 1/3 probability of resulting in the intended move, with the remaining probability distributed among two other directions. This stochastic behavior can lead to the agent slipping into holes or failing to move toward the goal as intended.

3. **Reward Outcome**:
   - The total reward of 0.0 indicates that the agent either fell into a hole or did not reach the goal. Given the short action sequence, it is likely that the agent encountered a hole early in the episode.

### Strategy Recommendations:

1. **Exploration Strategy**:
   - Encourage more exploration by increasing the exploration rate (e.g., epsilon in epsilon-greedy strategies) to allow the agent to try a wider variety of actions and discover more effective paths to the goal.
   - Implement a decay schedule for exploration to balance exploration and exploitation as the agent learns the environment dynamics.

2. **State-Action Value Estimation**:
   - Enhance the learning algorithm to better estimate the state-action values, possibly by using techniques like Q-learning or SARSA with function approximation to handle the stochastic transitions more effectively.

3. **Trajectory Analysis**:
   - Analyze successful trajectories from previous episodes to identify patterns or sequences of actions that lead to the goal. Use this information to guide the agent's exploration and decision-making process.

4. **Environment Familiarization**:
   - Allow the agent to spend more time in the environment to become familiar with the transition dynamics. This could involve increasing the number of episodes or steps per episode to give the agent more opportunities to learn from its interactions.

5. **Reward Shaping**:
   - Consider implementing reward shaping to provide intermediate rewards for reaching certain states or avoiding holes, which can guide the agent toward the goal more effectively.

By adopting these strategies, the agent can improve its ability to navigate the FrozenLake environment, increase its chances of reaching the goal, and ultimately achieve higher rewards in future episodes.","To improve the agent's effectiveness in the FrozenLake-v1 environment, we need to adjust the action exploration strategy to encourage more exploration while considering the stochastic nature of the environment. Given the previous episode's outcome and the need for better exploration, we can use an epsilon-greedy strategy with a higher exploration rate.

Let's assume an exploration rate (epsilon) of 0.3 for the next episode. This means that 30% of the time, the agent will explore by choosing a random action, and 70% of the time, it will exploit by choosing the action it currently believes is the best. Since we don't have specific Q-values or a policy to exploit, we'll distribute the exploitation probability equally among the actions for simplicity.

Here's how we can distribute the probabilities:

- Exploration (random action): 0.3 / 4 = 0.075 for each action
- Exploitation (equal distribution among actions): 0.7 / 4 = 0.175 for each action

Combining exploration and exploitation probabilities, we get:

- Probability for each action = 0.075 (exploration) + 0.175 (exploitation) = 0.25

Thus, the probability distribution for the 4 actions is:

```python
{0: 0.25, 1: 0.25, 2: 0.25, 3: 0.25}
```

This uniform distribution encourages exploration across all actions, which is suitable given the agent's current lack of success and the need to explore the environment more thoroughly. As the agent learns and gathers more information, the distribution can be adjusted to favor more promising actions."
111,0.0,0.1,0.56044,0.005894291214644909,N/A,N/A
112,0.0,0.3,0.55648,0.005502637941390276,N/A,N/A
113,0.0,0.0,0.55252,0.0020201061852276325,N/A,N/A
114,0.0,0.1,0.5485599999999999,0.005857560783624649,N/A,N/A
115,0.0,0.3,0.5446,0.0035360408946871758,"In the final episode of the training process on the FrozenLake-v1 environment, the agent received a total reward of 0.0, indicating that it did not reach the goal state (G) and likely fell into a hole (H) or failed to navigate to the goal within the episode's time limit. The action sequence extracted at intervals is [3, 3, 2, 3, 2, 3, 3, 2, 3], which corresponds to the following movement intentions based on the action mapping:

- Action 3: Move left
- Action 2: Move up

Given the environment's transition dynamics and the action sequence, let's analyze the agent's behavior:

1. **Action Sequence Analysis**:
   - The agent predominantly chose actions 3 (move left) and 2 (move up). This pattern suggests a tendency to move towards the top-left corner of the grid.
   - The repeated selection of action 3 (move left) could indicate that the agent is trying to navigate towards the left side of the grid, potentially getting stuck or looping in a suboptimal path.

2. **Transition Dynamics**:
   - The slippery nature of the environment means that the agent's intended actions do not always result in the expected movement. For example, choosing action 3 (move left) could result in moving up or right instead.
   - This stochasticity can lead to the agent inadvertently stepping into holes (H) or failing to progress towards the goal (G).

3. **Possible Strategy Recommendations**:
   - **Exploration Strategy**: Encourage more diverse exploration by incorporating an exploration strategy such as epsilon-greedy, where the agent occasionally selects random actions to discover new paths and avoid getting stuck in loops.
   - **Policy Improvement**: Use a more sophisticated policy improvement technique, such as Q-learning or SARSA, to better estimate the value of actions in each state, accounting for the stochastic transitions.
   - **Reward Shaping**: Introduce intermediate rewards for reaching certain states or avoiding holes to guide the agent towards the goal more effectively.
   - **State Representation**: Consider using a more informative state representation, such as including information about nearby holes or the distance to the goal, to help the agent make better decisions.
   - **Training Iterations**: Increase the number of training episodes to allow the agent more opportunities to learn from its mistakes and improve its policy.

By implementing these strategies, the agent may improve its ability to navigate the FrozenLake environment and increase its chances of reaching the goal state successfully.","To improve the agent's effectiveness in the FrozenLake environment, we need to adjust the action exploration strategy to encourage more diverse exploration and avoid getting stuck in suboptimal paths. Given the agent's previous tendency to favor actions 3 (move left) and 2 (move up), we should encourage exploration of other actions as well.

One approach is to use an epsilon-greedy strategy, where the agent predominantly follows its current policy (exploitation) but occasionally selects random actions (exploration) to discover new paths. This can help the agent avoid getting stuck in loops and potentially find more optimal paths to the goal.

Let's assume an epsilon value of 0.2 for exploration, meaning the agent will explore 20% of the time and exploit its current policy 80% of the time. Given the previous action sequence, we can infer that the agent's current policy might favor actions 3 and 2. To encourage exploration, we can distribute the exploration probability equally among all actions.

Here's a possible distribution for the next episode:

- Exploitation (80%): Follow the current policy, which favors actions 3 and 2.
- Exploration (20%): Randomly select any action.

Assuming the current policy is split between actions 3 and 2, we can allocate 40% to each of these actions for exploitation. The remaining 20% is distributed equally among all actions for exploration.

The resulting probability distribution could be:

```python
{
    0: 0.05,  # Exploration
    1: 0.05,  # Exploration
    2: 0.45,  # Exploitation (current policy) + Exploration
    3: 0.45   # Exploitation (current policy) + Exploration
}
```

This distribution encourages the agent to continue exploring actions 3 and 2, which it seems to favor, while also allowing for exploration of actions 0 and 1 to potentially discover more effective paths."
116,0.0,0.3,0.54064,0.005139431916177273,N/A,N/A
117,0.0,0.1,0.53668,0.0072459266521036625,N/A,N/A
118,0.0,0.3,0.5327200000000001,0.002004216192290187,N/A,N/A
119,0.0,0.3,0.52876,0.00392454769462347,N/A,N/A
120,0.0,0.1,0.5248,0.005942396819591522,"In the last episode of training on the FrozenLake-v1 environment, the agent received a total reward of 0.0, indicating that it did not successfully reach the goal state (G) and likely fell into a hole (H) or ran out of time before reaching the goal. The action sequence extracted at intervals was [3, 2, 2, 2, 3, 3, 2, 3, 2, 2, 2]. Let's analyze the sequence and provide some insights and recommendations.

### Analysis:

1. **Action Sequence Interpretation:**
   - Action 3 corresponds to ""move left.""
   - Action 2 corresponds to ""move up.""
   - The sequence indicates a series of movements primarily focused on moving up and left.

2. **State Transition Dynamics:**
   - Given the slippery nature of the environment, each action does not guarantee a deterministic transition. Instead, the agent has a 1/3 probability of moving in the intended direction and a 2/3 probability of moving in one of the other two directions.
   - This stochasticity can lead to the agent unintentionally moving into a hole or away from the goal.

3. **Possible Outcomes:**
   - The agent may have started at the initial state (S) and attempted to navigate towards the goal (G) but ended up in a hole due to the stochastic transitions.
   - The repeated use of ""move up"" (action 2) suggests an attempt to move towards the top of the grid, which might not be optimal given the goal's position at the bottom right corner.

### Strategy Recommendations:

1. **Policy Improvement:**
   - Consider implementing a policy that better accounts for the stochastic nature of the environment. This could involve using a more exploratory strategy initially to better understand the transition dynamics.
   - Encourage exploration of different paths that may have a higher probability of leading to the goal, even with the stochastic transitions.

2. **State-Action Value Estimation:**
   - Use techniques like Q-learning or SARSA to estimate the state-action values more accurately. This can help the agent learn which actions are more likely to lead to the goal over time.

3. **Exploration vs. Exploitation:**
   - Adjust the exploration strategy to ensure the agent explores a variety of paths. Techniques like epsilon-greedy, where the agent occasionally takes random actions, can help discover new strategies that might be more successful.

4. **Reward Shaping:**
   - Introduce intermediate rewards for reaching certain states that are closer to the goal, which can guide the agent more effectively towards the goal.

5. **Environment Familiarization:**
   - Allow the agent to spend more time exploring the environment without the pressure of reaching the goal immediately. This can help it learn the layout and the effects of the slippery transitions better.

By implementing these strategies, the agent can improve its ability to navigate the FrozenLake environment and increase its chances of reaching the goal successfully in future episodes.","To improve the agent's effectiveness in the FrozenLake-v1 environment, we need to consider the stochastic nature of the environment and the goal's position at the bottom right corner. The previous action sequence primarily involved moving up and left, which might not be optimal given the goal's location.

Given the analysis and strategy recommendations, we should encourage exploration of different paths while considering the stochastic transitions. A balanced exploration strategy that slightly favors actions leading towards the goal (down and right) can be beneficial. However, due to the slippery nature, we should still maintain some probability for other actions to account for unintended transitions.

Here's a suggested probability distribution for the next episode:

- Action 0 (move down): This action can help move towards the goal, so it should have a slightly higher probability.
- Action 1 (move right): This action also moves towards the goal, so it should have a slightly higher probability.
- Action 2 (move up): This action moves away from the goal, so it should have a lower probability.
- Action 3 (move left): This action moves away from the goal, so it should have a lower probability.

Considering these factors, a reasonable probability distribution could be:

```python
{0: 0.35, 1: 0.35, 2: 0.15, 3: 0.15}
```

This distribution favors actions that move towards the goal while still allowing for exploration of other directions due to the environment's stochastic nature."
121,0.0,0.1,0.52084,0.006051595322787762,N/A,N/A
122,0.0,0.3,0.51688,0.0058145541697740555,N/A,N/A
123,0.0,0.3,0.51292,0.0024510864168405533,N/A,N/A
124,0.0,0.0,0.5089600000000001,0.0034671102184802294,N/A,N/A
125,1.0,0.1,0.505,0.001967058051377535,"In the final episode of the training process on the FrozenLake-v1 environment, the agent successfully reached the goal state, as indicated by the total reward of 1.0. This suggests that the agent navigated the slippery grid world effectively, avoiding holes and reaching the goal.

### Analysis of the Action Sequence:

The action sequence provided is: [3, 1, 1, 0, 1, 1, 0, 1, 3, 1, 1, 1, 1, 3, 1, 0, 3, 2, 1, 3].

- **Action Mapping**:
  - 0: Move Down
  - 1: Move Right
  - 2: Move Up
  - 3: Move Left

- **Sequence Breakdown**:
  - The sequence shows a mix of actions, with a notable frequency of action 1 (Move Right) and action 3 (Move Left), suggesting lateral movement across the grid.
  - The agent also uses action 0 (Move Down) strategically to progress towards the goal, as moving down is essential to reach the bottom row where the goal is located.
  - Action 2 (Move Up) is used sparingly, which is consistent with the goal of moving towards the bottom-right corner of the grid.

- **Slippery Dynamics**:
  - Given the slippery nature of the environment, each action has a probabilistic outcome, which means the agent's path might not be direct. The agent's ability to reach the goal despite this indicates a robust strategy that accommodates the stochastic transitions.

### Strategy Recommendations:

1. **Exploration vs. Exploitation**:
   - Ensure a balance between exploration and exploitation. While the agent has successfully reached the goal, continued exploration might help discover more efficient paths or strategies to handle the stochastic nature of the environment.

2. **Policy Refinement**:
   - Analyze the paths taken in successful episodes to refine the policy. Focus on sequences that consistently lead to the goal and adjust the policy to favor these actions, while still accounting for the environment's randomness.

3. **Handling Slippery Dynamics**:
   - Develop strategies that are resilient to the environment's stochastic transitions. This could involve planning for contingencies when an action does not result in the expected state transition.

4. **State Value Estimation**:
   - Improve the estimation of state values to better guide the agent's decisions. This can be achieved through techniques like Temporal Difference (TD) learning or Monte Carlo methods, which can help in accurately evaluating the long-term benefits of actions.

5. **Reward Shaping**:
   - Consider reward shaping to encourage the agent to explore more promising paths. For instance, providing small positive rewards for reaching certain states that are closer to the goal can guide the agent more effectively.

By implementing these strategies, the agent can improve its efficiency and robustness in navigating the FrozenLake environment, potentially achieving the goal more consistently and with fewer steps.","To improve task effectiveness in the FrozenLake-v1 environment, we need to consider the balance between exploration and exploitation, the environment's stochastic nature, and the successful action sequence from the previous episode. Given the analysis, the agent frequently used actions 1 (Move Right) and 3 (Move Left), with strategic use of action 0 (Move Down) to reach the goal. Action 2 (Move Up) was used sparingly.

To refine the action selection strategy, we should:

1. **Prioritize Actions that Lead to Progress**: Since the goal is located at the bottom-right corner, actions that move the agent right (1) and down (0) are generally more favorable. However, the agent should still explore other actions to ensure robustness against the environment's stochastic transitions.

2. **Incorporate Exploration**: While exploitation of known successful actions is important, exploration is necessary to discover potentially more efficient paths or to handle unexpected transitions due to the slippery nature.

3. **Adjust Action Probabilities**: Given the successful episode, we can slightly favor actions 1 and 0, while still maintaining a reasonable probability for actions 3 and 2 to allow for exploration and adaptability.

Based on these considerations, a reasonable probability distribution for the next episode could be:

```python
{0: 0.25, 1: 0.35, 2: 0.15, 3: 0.25}
```

- **Action 0 (Move Down)**: 0.25 - Important for progressing towards the goal.
- **Action 1 (Move Right)**: 0.35 - Frequently used in the successful episode and crucial for moving towards the goal.
- **Action 2 (Move Up)**: 0.15 - Used sparingly, but necessary for exploration and handling stochastic transitions.
- **Action 3 (Move Left)**: 0.25 - Used frequently, allows lateral movement and exploration.

This distribution maintains a balance between exploiting known successful strategies and exploring alternative paths to ensure robustness in the slippery environment."
126,0.0,0.3,0.5010399999999999,0.005054167937487364,N/A,N/A
127,1.0,0.3,0.49707999999999997,0.003400829154998064,N/A,N/A
128,0.0,0.1,0.49312,0.001137137645855546,N/A,N/A
129,0.0,0.3,0.48916000000000004,0.013286245055496693,N/A,N/A
130,0.0,0.2,0.48519999999999996,0.006251144222915173,"In the last episode of the training process on the FrozenLake-v1 environment, the agent received a total reward of 0.0, indicating that it did not reach the goal state (G) and likely fell into a hole (H) or failed to reach the goal within the episode's time limit. The action sequence extracted at intervals was [3, 1, 3, 1, 0, 0, 0, 3, 3, 0]. Let's analyze this sequence and the possible reasons for the outcome:

### Analysis:

1. **Action Sequence Interpretation:**
   - Action 3 corresponds to ""move left.""
   - Action 1 corresponds to ""move right.""
   - Action 0 corresponds to ""move down.""

2. **Initial State and Movement:**
   - The agent starts at state 0 (S).
   - The sequence begins with actions [3, 1], which suggest the agent attempted to move left and then right. Since the agent is at the left boundary initially, moving left would keep it in the same state (0). Moving right would take it to state 1.

3. **Subsequent Actions:**
   - The next actions [3, 1] suggest another attempt to move left and then right, likely oscillating between states 0 and 1.
   - The actions [0, 0, 0] indicate attempts to move down, which could have moved the agent from state 1 to state 5, then to state 9, and potentially to state 13, depending on the stochastic transitions due to the slippery nature of the environment.

4. **Final Actions:**
   - The final actions [3, 3, 0] suggest attempts to move left twice and then down. If the agent was at state 13, moving left would keep it in the same state due to the boundary, and moving down would not be possible from state 13.

5. **Outcome:**
   - Given the total reward of 0.0, it is likely that the agent fell into a hole (H) or did not reach the goal (G) within the episode's time limit. The holes in the path (states 5, 7, 11, and 12) could have been the reason for the episode ending with zero reward.

### Strategy Recommendations:

1. **Improved Exploration:**
   - Encourage more diverse exploration strategies to avoid oscillating between a limited set of states. Implementing an exploration strategy like epsilon-greedy with a decaying epsilon could help balance exploration and exploitation.

2. **State-Action Value Learning:**
   - Use Q-learning or SARSA to learn state-action values, which can help the agent make more informed decisions based on expected future rewards.

3. **Model-Based Approaches:**
   - Consider using a model-based approach to predict the outcomes of actions more accurately, given the stochastic nature of the environment.

4. **Policy Optimization:**
   - Implement policy gradient methods to directly optimize the policy, which may help in learning a more effective strategy for reaching the goal.

5. **Environment Understanding:**
   - Enhance the agent's understanding of the environment's dynamics, especially the stochastic transitions, to better anticipate the outcomes of its actions.

By adopting these strategies, the agent can improve its performance and increase the likelihood of successfully reaching the goal in future episodes.","To improve the agent's performance in the FrozenLake-v1 environment, we need to adjust the action exploration strategy to encourage more effective exploration while considering the stochastic nature of the environment. Given the analysis of the previous episode, the agent seems to have been oscillating between a limited set of states and likely fell into a hole or failed to reach the goal.

To address this, we can use an exploration strategy that balances exploration and exploitation, such as epsilon-greedy with a decaying epsilon. However, since we are asked to provide a probability distribution for action exploration, we can directly suggest a distribution that encourages exploration of different actions.

Considering the environment's dynamics and the need for exploration, we can propose a distribution that slightly favors actions that might lead to more diverse state exploration, while still allowing for some randomness due to the slippery nature of the environment.

Here's a suggested probability distribution for the next episode:

```python
{
    0: 0.25,  # Move down
    1: 0.25,  # Move right
    2: 0.25,  # Move up
    3: 0.25   # Move left
}
```

This uniform distribution encourages equal exploration of all actions, which is suitable for environments with high uncertainty and stochastic transitions like FrozenLake. It allows the agent to explore different paths and potentially discover more effective routes to the goal. As the agent learns more about the environment, this distribution can be adjusted to favor actions that lead to higher rewards based on learned state-action values."
131,0.0,0.2,0.48124,0.00807651225477457,N/A,N/A
132,0.0,0.3,0.4772799999999999,0.002850986085832119,N/A,N/A
133,0.0,0.3,0.47331999999999996,0.014788341708481312,N/A,N/A
134,0.0,0.0,0.46936,0.018270038068294525,N/A,N/A
135,0.0,0.3,0.4653999999999999,0.0058528948575258255,"In the last episode of the training process on the FrozenLake-v1 environment, the agent received a total reward of 0.0, indicating that it did not successfully reach the goal state (G) and likely fell into a hole (H) or failed to reach the goal within the episode's time limit. The action sequence extracted at intervals was [1, 0, 1, 0, 1], which corresponds to the following intended movements based on the action mapping:

- Action 1: Move right (with possible outcomes: right, down, left)
- Action 0: Move down (with possible outcomes: down, left, up)
- Action 1: Move right (with possible outcomes: right, down, left)
- Action 0: Move down (with possible outcomes: down, left, up)
- Action 1: Move right (with possible outcomes: right, down, left)

Given the slippery nature of the environment, the agent's intended movements may not have been executed as planned, leading to unintended transitions and potentially causing the agent to fall into a hole or remain stuck in non-goal states.

### Analysis:
1. **Slippery Dynamics:** The stochastic nature of the environment means that the agent's actions do not always result in the intended movement. This can lead to the agent accidentally moving into holes or failing to progress towards the goal.

2. **Action Sequence:** The sequence [1, 0, 1, 0, 1] suggests the agent is attempting a strategy that involves alternating between moving right and down. However, due to the environment's stochastic transitions, this strategy may not be robust enough to consistently avoid holes and reach the goal.

3. **Reward Outcome:** The total reward of 0.0 indicates that the agent did not reach the goal. This could be due to falling into a hole or failing to reach the goal within the episode's time limit.

### Strategy Recommendations:
1. **Increased Exploration:** Encourage the agent to explore more diverse action sequences to better understand the environment's dynamics and identify safer paths to the goal.

2. **Policy Improvement:** Consider using a more sophisticated policy that accounts for the stochastic nature of the environment. This could involve using a model-based approach to predict possible outcomes of actions or employing a value-based method like Q-learning with function approximation to better estimate the value of states under uncertainty.

3. **State Value Estimation:** Improve the estimation of state values to help the agent make more informed decisions. This could involve using techniques like Temporal Difference (TD) learning to update state values based on observed transitions.

4. **Risk Management:** Implement a risk-averse strategy that prioritizes avoiding holes over aggressive goal-seeking. This could involve adjusting the reward structure to penalize falling into holes more heavily or using a safety-focused exploration strategy.

5. **Environment Familiarization:** Allow the agent to spend more time familiarizing itself with the environment's layout and transition dynamics, potentially through simulated episodes or targeted exploration of specific areas of the grid.

By adopting these strategies, the agent may improve its ability to navigate the FrozenLake environment effectively, increasing the likelihood of reaching the goal state and achieving a positive reward.","To improve the agent's effectiveness in the FrozenLake-v1 environment, we need to consider the stochastic nature of the environment and the previous action sequence that led to a reward of 0.0. The agent's previous strategy of alternating between moving right and down did not yield success, likely due to the slippery dynamics causing unintended movements.

Given the analysis and strategy recommendations, we should encourage more exploration and a balanced approach to action selection. This involves diversifying the action choices to allow the agent to better understand the environment and potentially discover safer paths to the goal. Additionally, we should consider the risk of falling into holes and the need to explore different parts of the grid.

A reasonable approach is to assign a slightly higher probability to actions that were less frequently chosen in the previous sequence, while still maintaining a balanced exploration strategy. This can help the agent explore different paths and potentially avoid pitfalls.

Here's a suggested probability distribution for the next episode:

- Action 0 (move down): This action was used twice in the previous sequence. It should still be explored but with a slightly lower probability than before.
- Action 1 (move right): This action was used three times in the previous sequence. It should be explored but with a slightly lower probability than before.
- Action 2 (move up): This action was not used in the previous sequence. Increasing its probability can help explore new paths.
- Action 3 (move left): This action was not used in the previous sequence. Increasing its probability can help explore new paths.

Given these considerations, a balanced probability distribution could be:

```python
{0: 0.25, 1: 0.25, 2: 0.25, 3: 0.25}
```

This distribution encourages equal exploration of all actions, allowing the agent to gather more information about the environment and potentially discover more effective strategies for reaching the goal."
136,0.0,0.1,0.46143999999999996,0.0074479831382632256,N/A,N/A
137,0.0,0.1,0.45748,0.004727993160486221,N/A,N/A
138,0.0,0.1,0.4535199999999999,0.010607250034809113,N/A,N/A
139,0.0,0.1,0.44955999999999996,0.0059651159681379795,N/A,N/A
140,0.0,0.2,0.4456,0.005275125149637461,"In the final episode of the training process on the FrozenLake-v1 environment, the agent received a total reward of 0.0, indicating that it did not successfully reach the goal state (G) and likely fell into a hole (H) or failed to reach the goal within the episode's time limit. The action sequence extracted at intervals is [3, 3, 3, 0, 0, 3, 3, 0, 2, 2, 0, 0, 0, 3], which corresponds to the following actions:

- 3: Move left
- 0: Move down
- 2: Move up

### Analysis:

1. **Initial Moves (3, 3, 3):** The agent starts by attempting to move left three times. Given the grid layout, these moves likely kept the agent in the same position (state 0) since moving left from the starting point (S) is not possible due to the wall.

2. **Subsequent Moves (0, 0):** The agent then attempts to move down twice. This would move the agent from state 0 to state 4, and then to state 8, assuming no slips occur.

3. **Middle Moves (3, 3, 0):** The agent attempts to move left twice, which would keep it in the same position (state 8) due to the wall, followed by a move down, which would move it to state 12.

4. **Later Moves (2, 2, 0, 0, 0):** The agent attempts to move up twice, which would move it back to state 8, followed by three moves down, which would move it to state 12, and then to state 15, assuming no slips occur.

5. **Final Move (3):** The agent attempts to move left, which would keep it in the same position (state 15) due to the wall.

### Observations:

- **Ineffective Left Moves:** The agent frequently attempts to move left, which is often ineffective due to the presence of walls on the left side of the grid.
- **Lack of Goal-Oriented Strategy:** The agent's movements do not demonstrate a clear strategy for reaching the goal (G). It appears to be moving somewhat randomly or without a clear plan.
- **Slippery Dynamics:** The environment's slippery nature may have contributed to the agent's inability to reach the goal, as intended moves may have resulted in unintended directions.

### Recommendations:

1. **Policy Improvement:** Consider using a more sophisticated policy, such as Q-learning or SARSA, to better learn the optimal path to the goal. These methods can help the agent learn from past experiences and adjust its strategy accordingly.

2. **Exploration Strategy:** Implement an exploration strategy that balances exploration and exploitation, such as epsilon-greedy, to ensure the agent explores the environment effectively while also exploiting known paths to the goal.

3. **State-Action Value Estimation:** Improve the estimation of state-action values to better account for the stochastic nature of the environment. This can be achieved by increasing the number of episodes or using function approximation techniques.

4. **Reward Shaping:** Consider introducing intermediate rewards for reaching certain states or avoiding holes to guide the agent more effectively toward the goal.

5. **Environment Familiarization:** Allow the agent more time to familiarize itself with the environment by increasing the number of training episodes, which can help it better understand the transition dynamics and develop a more effective strategy.","To improve the agent's effectiveness in the FrozenLake-v1 environment, we need to adjust the action exploration probabilities to encourage more strategic exploration while considering the environment's slippery nature. Given the analysis, the agent's frequent attempts to move left (action 3) were often ineffective due to walls, and there was a lack of a clear strategy for reaching the goal.

To address these issues, we can adjust the action probabilities to encourage more exploration in potentially beneficial directions (down and right) while still allowing for exploration of other actions. A balanced approach using an epsilon-greedy strategy can be beneficial, where we slightly favor actions that are more likely to lead toward the goal (down and right) but still allow for exploration of other actions.

Here's a suggested probability distribution for the next episode:

- **Action 0 (Move Down):** This action can help the agent progress toward the goal, especially from the starting position. We should assign a higher probability to this action.
- **Action 1 (Move Right):** Moving right can also be beneficial, especially in the initial states, to avoid walls and potentially reach the goal. We should assign a moderate probability to this action.
- **Action 2 (Move Up):** This action is less likely to be beneficial in reaching the goal, but it should still be explored occasionally.
- **Action 3 (Move Left):** Given the frequent ineffectiveness of moving left due to walls, this action should have the lowest probability.

Based on these considerations, here is a proposed probability distribution:

```python
{0: 0.4, 1: 0.3, 2: 0.15, 3: 0.15}
```

This distribution prioritizes moving down and right, which are more likely to lead the agent toward the goal, while still allowing for some exploration of moving up and left. Adjustments can be made based on further observations and results from additional training episodes."
141,0.0,0.2,0.44164000000000003,0.001554782735183835,N/A,N/A
142,0.0,0.1,0.43768000000000007,0.00629854341968894,N/A,N/A
143,0.0,0.0,0.4337200000000001,0.006126469001173973,N/A,N/A
144,0.0,0.0,0.42976000000000003,0.00468716025352478,N/A,N/A
145,0.0,0.1,0.42580000000000007,0.006652108393609524,"In the last episode of the training process on the FrozenLake-v1 environment, the agent received a total reward of 0.0, indicating that it did not successfully reach the goal state (G) and likely fell into a hole (H) or failed to reach the goal within the episode's step limit. The action sequence extracted at intervals was [2, 2, 3, 1, 0, 1, 1, 1, 1, 1, 3]. Let's analyze this sequence and the possible reasons for the outcome:

### Analysis:

1. **Initial Actions (2, 2):** 
   - The agent starts at state 0 (S) and takes action 2 twice. Action 2 corresponds to a probabilistic choice among moving up, right, or down. Given the starting position, moving up is not possible, so the agent likely moved right or down, transitioning to state 1 or 4.

2. **Subsequent Actions (3, 1):**
   - Action 3 corresponds to a probabilistic choice among moving left, up, or right. If the agent was at state 1, it could have moved back to state 0 or stayed in the same row. If it was at state 4, it could have moved to state 3 or 5.
   - Action 1 corresponds to a probabilistic choice among moving right, down, or left. Depending on the previous state, the agent could have moved further right or down.

3. **Middle Actions (0, 1, 1, 1, 1):**
   - Action 0 corresponds to a probabilistic choice among moving down, left, or up. This could have led the agent to move further down the grid.
   - The repeated action 1 suggests the agent was attempting to move right, potentially trying to reach the goal. However, due to the slippery nature of the environment, it may have ended up in unintended states.

4. **Final Action (3):**
   - Action 3, which involves moving left, up, or right, might have been an attempt to correct the course or avoid a hole. However, given the total reward of 0.0, it is likely that the agent fell into a hole or failed to reach the goal.

### Possible Strategy Recommendations:

1. **Improved Exploration:**
   - Encourage more diverse exploration strategies to better understand the environment's dynamics. This could involve varying the action selection strategy to explore less frequently visited states.

2. **Policy Refinement:**
   - Refine the policy to better account for the stochastic nature of the environment. This could involve using techniques like Q-learning with eligibility traces or SARSA to better estimate the value of actions in slippery conditions.

3. **State Value Estimation:**
   - Enhance the estimation of state values to prioritize safer paths that avoid holes. This could be achieved by incorporating a model-based approach to predict the consequences of actions more accurately.

4. **Increased Training:**
   - Increase the number of training episodes to allow the agent more opportunities to learn from its mistakes and successes, gradually improving its policy.

5. **Reward Shaping:**
   - Consider implementing reward shaping to provide intermediate rewards for reaching certain states or avoiding holes, guiding the agent towards the goal more effectively.

By implementing these strategies, the agent may improve its ability to navigate the FrozenLake environment successfully, increasing the likelihood of reaching the goal state and achieving a higher total reward in future episodes.","To improve the agent's effectiveness in the FrozenLake environment, we need to consider a strategy that balances exploration and exploitation while accounting for the stochastic nature of the environment. Given the previous episode's outcome and the analysis, we should focus on encouraging exploration to better understand the environment and refine the policy to avoid holes and reach the goal.

Considering the slippery nature of the environment and the need for exploration, we can use an epsilon-greedy strategy where a small portion of the time is dedicated to exploration (choosing random actions) and the rest to exploitation (choosing the best-known action). However, since the agent is still learning, we should lean more towards exploration.

Let's assume an exploration rate (epsilon) of 0.3, meaning 30% of the time, the agent will explore randomly, and 70% of the time, it will exploit the best-known action. Since we don't have a specific policy yet, we'll distribute the probabilities evenly for exploration.

Here's a suggested probability distribution for the actions:

- Exploration (random action): 0.3 / 4 = 0.075 for each action
- Exploitation (best action): 0.7 / 4 = 0.175 for each action (assuming equal preference initially)

Thus, the probability distribution for the actions could be:

```python
{0: 0.175, 1: 0.175, 2: 0.175, 3: 0.175}
```

This distribution assumes equal preference for each action during exploitation, which is reasonable given the lack of a specific policy. As the agent learns, these probabilities can be adjusted to favor actions leading to higher rewards."
146,0.0,0.5,0.42184,0.009217485785484314,N/A,N/A
147,0.0,0.1,0.41788000000000003,0.009722880087792873,N/A,N/A
148,0.0,0.1,0.41392000000000007,0.0025397937279194593,N/A,N/A
149,0.0,0.7,0.40996,0.01228475384414196,N/A,N/A
