episode,train_return,eval_return,epsilon,loss,llm1_full_response,llm2_full_response
1,0.0,0.0,0.99604,nan,N/A,N/A
2,0.0,0.0,0.99208,nan,N/A,N/A
3,0.0,0.0,0.98812,nan,N/A,N/A
4,0.0,0.0,0.98416,0.1429060399532318,N/A,N/A
5,0.0,0.0,0.9802,0.02854134701192379,"In the last episode of the training process on the FrozenLake-v1 environment, the agent ended with a total reward of 0.0, indicating that it did not successfully reach the goal state (G) and likely fell into a hole (H) or did not reach the goal within the episode's time limit. The action sequence extracted at intervals was [3, 3, 3, 2, 1, 1, 0, 0, 1, 1].

### Analysis:

1. **Action Sequence**:
   - The sequence of actions suggests that the agent attempted to navigate the grid but was unsuccessful in reaching the goal.
   - The actions correspond to:
     - 3: Move left
     - 2: Move up
     - 1: Move right
     - 0: Move down

2. **Possible Trajectory**:
   - Starting from state 0 (S), the agent's initial actions were to move left (3), which would keep it in the same state due to the wall on the left border.
   - Repeated left actions (3, 3, 3) suggest the agent was stuck at the left border initially.
   - The subsequent action (2) attempts to move up, but since the agent is already at the top row, it remains in the same state.
   - The following actions (1, 1) suggest attempts to move right, potentially moving the agent to states 1 and 2.
   - Actions (0, 0) indicate attempts to move down, potentially moving the agent to states 5 and 9.
   - The final actions (1, 1) suggest attempts to move right, potentially moving the agent to states 10 and 11.

3. **Outcome**:
   - Given the total reward of 0.0, the agent likely fell into a hole (H) or did not reach the goal (G) within the episode's time limit.
   - The sequence suggests the agent may have ended in a hole at state 11 or 7, or it could have been stuck in a loop without reaching the goal.

### Strategy Recommendations:

1. **Improved Exploration**:
   - Encourage more diverse exploration strategies to avoid getting stuck in loops or at borders. Consider implementing an exploration strategy like epsilon-greedy with a decaying epsilon to balance exploration and exploitation.

2. **State Awareness**:
   - Enhance the agent's awareness of its current state and surroundings. Implementing a state-value function or using Q-learning can help the agent learn the value of each state-action pair.

3. **Reward Shaping**:
   - Introduce intermediate rewards for reaching certain states or avoiding holes to guide the agent more effectively toward the goal.

4. **Model-Based Approaches**:
   - Consider using a model-based approach to predict the outcomes of actions, which can help the agent plan more effectively in the slippery environment.

5. **Policy Optimization**:
   - Experiment with policy gradient methods or actor-critic algorithms to optimize the policy directly, which may help in dealing with the stochastic nature of the environment.

By implementing these strategies, the agent can potentially improve its performance and increase the likelihood of reaching the goal in future episodes.","To improve the agent's exploration strategy in the FrozenLake-v1 environment, we need to encourage a more balanced exploration of actions while considering the stochastic nature of the environment. Given the previous episode's outcome and the analysis, the agent should avoid getting stuck in loops or at borders and should explore more effectively to reach the goal.

A common approach is to use an epsilon-greedy strategy, where the agent explores randomly with probability epsilon and exploits the best-known action with probability 1-epsilon. However, since we are focusing on exploration, we can start with a higher exploration rate.

Let's assume an initial exploration rate (epsilon) of 0.3, which means the agent will explore randomly 30% of the time. The remaining 70% of the time, the agent should exploit the best-known actions. Since we don't have a specific policy or Q-values provided, we can distribute the probabilities evenly among the actions for exploration purposes.

Here's a suggested probability distribution for the actions:

- Exploration (random actions): 0.3 / 4 = 0.075 for each action
- Exploitation (best-known actions): 0.7 / 4 = 0.175 for each action (assuming equal preference initially)

This results in the following distribution:

```python
{0: 0.075 + 0.175, 1: 0.075 + 0.175, 2: 0.075 + 0.175, 3: 0.075 + 0.175}
```

Simplifying, we get:

```python
{0: 0.25, 1: 0.25, 2: 0.25, 3: 0.25}
```

This uniform distribution encourages the agent to explore all actions equally, which is a reasonable starting point for exploration in the absence of specific policy guidance. As the agent learns and develops a better understanding of the environment, this distribution can be adjusted to favor more promising actions based on learned Q-values or policy gradients."
6,0.0,0.0,0.97624,0.019892392680048943,N/A,N/A
7,0.0,0.0,0.97228,0.014322205446660519,N/A,N/A
8,0.0,0.0,0.96832,0.008419063873589039,N/A,N/A
9,0.0,0.0,0.96436,0.03264134004712105,N/A,N/A
10,0.0,0.0,0.9604,0.02651376649737358,"In the last episode of the training process on the FrozenLake-v1 environment, the agent received a total reward of 0.0, indicating that it did not successfully reach the goal (G) and likely fell into a hole (H) or did not reach the goal within the episode's time limit. The action sequence extracted at intervals was [0, 2, 1, 0, 0, 2], which corresponds to the following intended movements based on the action dynamics:

1. **Action 0**: Intended to move down, but due to the slippery nature, it could have moved left or up.
2. **Action 2**: Intended to move up, but could have moved right or down.
3. **Action 1**: Intended to move right, but could have moved down or left.
4. **Action 0**: Intended to move down, but could have moved left or up.
5. **Action 0**: Intended to move down, but could have moved left or up.
6. **Action 2**: Intended to move up, but could have moved right or down.

### Analysis:

- **Slippery Dynamics**: The environment's stochastic nature due to slipperiness means that the agent's intended actions often do not result in the expected state transitions. This can lead to the agent inadvertently stepping into holes or failing to make progress toward the goal.
  
- **Action Sequence**: The sequence suggests that the agent might have been attempting to navigate through the grid in a somewhat exploratory manner, but the randomness in transitions likely led to suboptimal paths or falling into holes.

- **Reward Outcome**: The total reward of 0.0 indicates that the agent did not reach the goal. This could be due to falling into a hole or not reaching the goal within the episode's time limit.

### Strategy Recommendations:

1. **Policy Improvement**: Consider using a more sophisticated policy that accounts for the stochastic nature of the environment. This could involve using a model-based approach to predict possible outcomes of actions or employing a policy that is more robust to randomness.

2. **Exploration vs. Exploitation**: Adjust the exploration strategy to ensure that the agent sufficiently explores the environment to learn the optimal paths while also exploiting known paths that lead to the goal. Techniques such as epsilon-greedy with decay or softmax action selection could be beneficial.

3. **State Value Estimation**: Improve the estimation of state values to better guide the agent's decisions. This could involve using techniques like Temporal Difference (TD) learning or Monte Carlo methods to refine the value function.

4. **Environment Familiarization**: Increase the number of training episodes to allow the agent to become more familiar with the environment's dynamics. This could help the agent learn to anticipate the effects of slipperiness and adjust its strategy accordingly.

5. **Reward Shaping**: Introduce intermediate rewards for reaching certain states or avoiding holes to guide the agent more effectively toward the goal.

By implementing these strategies, the agent may improve its performance in navigating the FrozenLake environment and increase its likelihood of successfully reaching the goal.","To improve the agent's effectiveness in the FrozenLake-v1 environment, we need to consider a strategy that balances exploration and exploitation while accounting for the stochastic nature of the environment. Given the slippery dynamics, the agent's intended actions often do not result in the expected state transitions. Therefore, the action selection strategy should be adaptive and robust to randomness.

One approach is to use an epsilon-greedy strategy with a slight bias towards actions that are more likely to lead to the goal based on past experiences. However, since the agent received a total reward of 0.0 in the last episode, it suggests that the current policy might not be effective, and more exploration is needed.

To encourage exploration while still allowing for some exploitation of known paths, we can set a higher probability for exploration. Let's assume an epsilon value of 0.3 for exploration, meaning there's a 30% chance of choosing a random action and a 70% chance of choosing the best-known action. However, since we don't have a specific best action from the previous episode, we can distribute the probabilities evenly among all actions for exploration purposes.

Here's a suggested probability distribution for the actions:

- Assign a slightly higher probability to actions that might lead to more exploration of the grid, such as moving down (action 0) and moving right (action 1), as these could potentially lead the agent closer to the goal.
- Distribute the remaining probability among the other actions to ensure exploration.

Given these considerations, a reasonable action probability distribution could be:

```python
{0: 0.25, 1: 0.25, 2: 0.25, 3: 0.25}
```

This distribution reflects an equal exploration strategy, which is suitable when the agent needs to gather more information about the environment. As the agent learns and identifies more effective paths, this distribution can be adjusted to favor actions that are more likely to lead to the goal."
11,0.0,0.0,0.95644,0.020847566425800323,N/A,N/A
12,0.0,0.0,0.95248,0.012483509257435799,N/A,N/A
13,0.0,0.0,0.94852,0.003986569121479988,N/A,N/A
14,0.0,0.3,0.94456,0.034055568277835846,N/A,N/A
15,0.0,0.4,0.9406,0.04403895139694214,"In the last episode of the training process on the FrozenLake-v1 environment, the agent received a total reward of 0.0, indicating that it did not reach the goal state (G) and likely fell into a hole (H) or did not reach the goal within the episode's time limit. The action sequence taken by the agent was [0, 3, 2, 2, 0, 3, 0], which corresponds to the following movements based on the transition dynamics:

1. **Action 0 (Down):** The agent attempted to move down from its starting position (S), but due to the slippery nature of the environment, it could have moved left, up, or stayed in place.

2. **Action 3 (Left):** The agent attempted to move left, but again, due to the environment's stochastic nature, it could have moved up, right, or stayed in place.

3. **Action 2 (Up):** The agent attempted to move up, with possible outcomes being right, down, or staying in place.

4. **Action 2 (Up):** Another attempt to move up, with the same possible outcomes as the previous action.

5. **Action 0 (Down):** Another attempt to move down, with possible outcomes being left, up, or staying in place.

6. **Action 3 (Left):** Another attempt to move left, with possible outcomes being up, right, or staying in place.

7. **Action 0 (Down):** A final attempt to move down, with possible outcomes being left, up, or staying in place.

Given the stochastic nature of the environment, the agent's intended path might have been disrupted by the random transitions, leading it to fall into a hole or fail to reach the goal.

### Strategy Recommendations:

1. **Improved Exploration:**
   - Encourage more diverse exploration strategies to better understand the environment's dynamics. This could involve using exploration techniques like epsilon-greedy with a decaying epsilon or more advanced methods like Upper Confidence Bound (UCB) or Thompson Sampling.

2. **Model-Based Approaches:**
   - Consider implementing a model-based approach where the agent learns a model of the environment's transition dynamics. This could help the agent predict the outcomes of its actions more accurately and plan its moves accordingly.

3. **Policy Optimization:**
   - Use policy gradient methods or actor-critic algorithms to optimize the policy directly, which might help the agent learn a more robust strategy in the face of stochastic transitions.

4. **Reward Shaping:**
   - Introduce intermediate rewards for reaching certain states or avoiding holes to guide the agent more effectively towards the goal.

5. **State Value Estimation:**
   - Improve the estimation of state values using techniques like Temporal Difference (TD) learning or Monte Carlo methods to provide better feedback for policy improvement.

6. **Environment Familiarization:**
   - Allow the agent to spend more time in the environment to gather more experience, which could help it learn the nuances of the slippery transitions and develop a more effective strategy.

By implementing these strategies, the agent may improve its ability to navigate the FrozenLake environment and increase its chances of reaching the goal state successfully.","To improve the agent's exploration strategy in the FrozenLake environment, we should consider a balanced approach that encourages exploration while also leveraging any learned knowledge. Given the stochastic nature of the environment and the previous episode's outcome, we want to ensure that the agent explores effectively while also having a chance to exploit any promising actions it has learned.

A common strategy is to use an epsilon-greedy approach, where the agent mostly exploits the best-known actions but occasionally explores randomly. For this scenario, we can start with an epsilon value that encourages exploration, such as 0.2, meaning the agent will explore 20% of the time and exploit 80% of the time.

Assuming the agent has no prior knowledge of which actions are better, we can distribute the exploration probability equally among all actions. For exploitation, we assume the agent will choose the best-known action, but since we don't have specific action-value estimates, we'll distribute the exploitation probability equally as well.

Here's a suggested action distribution:

- Exploration (20% of the time): Randomly choose any action with equal probability.
- Exploitation (80% of the time): Assume equal preference for all actions initially.

Given this, the distribution for the next episode could be:

```python
{
    0: 0.25,
    1: 0.25,
    2: 0.25,
    3: 0.25
}
```

This distribution reflects an equal probability for each action, which is suitable for initial exploration when no action is known to be better than others. As the agent learns more about the environment, this distribution can be adjusted to favor actions that lead to higher rewards."
16,0.0,0.2,0.93664,0.030926477164030075,N/A,N/A
17,0.0,0.4,0.93268,0.03020165115594864,N/A,N/A
18,0.0,0.2,0.92872,0.02491588145494461,N/A,N/A
19,0.0,0.0,0.92476,0.05185116454958916,N/A,N/A
20,0.0,0.0,0.9208,0.03684248775243759,"In the last episode of the training process on the FrozenLake-v1 environment, the agent received a total reward of 0.0, indicating that it did not successfully reach the goal state (G) and likely fell into a hole (H) or was unable to reach the goal within the episode's time limit. The action sequence extracted at intervals was [1, 0, 0, 0, 1, 1], which corresponds to the following intended movements based on the action definitions:

- Action 1: Attempt to move right.
- Action 0: Attempt to move down.
- Action 0: Attempt to move down.
- Action 0: Attempt to move down.
- Action 1: Attempt to move right.
- Action 1: Attempt to move right.

Given the slippery nature of the environment, each action has a 1/3 probability of resulting in the intended movement, with the remaining 2/3 probability split between two other possible movements. This stochasticity can lead to the agent not following the intended path, potentially causing it to fall into a hole or get stuck in a loop.

### Analysis:

1. **Initial Movement (Action 1):** The agent starts by attempting to move right from the starting state (S), which is a reasonable first step towards the goal. However, due to the slippery nature, it might have moved down or left instead.

2. **Subsequent Downward Movements (Actions 0, 0, 0):** The agent attempts to move down three times in a row. This strategy could be risky if the agent ends up near holes, especially in the second and third rows where holes are present.

3. **Final Right Movements (Actions 1, 1):** The agent attempts to move right twice, which suggests it might have been trying to navigate towards the goal from the lower rows. However, if it was not in the correct position due to previous slips, these actions might not have been effective.

### Possible Strategy Recommendations:

1. **Increased Exploration:** Encourage more exploration to better understand the environment's dynamics. This could involve using an exploration strategy like epsilon-greedy with a higher epsilon value to allow for more random actions and potentially discover more effective paths.

2. **State Value Estimation:** Improve the agent's ability to estimate the value of each state. This could involve using a value iteration or policy iteration approach to better understand which states are more likely to lead to the goal.

3. **Path Planning:** Develop a more robust path planning strategy that accounts for the stochastic nature of the environment. This could involve planning paths that avoid holes more effectively and have a higher probability of success despite the environment's randomness.

4. **Learning from Failures:** Analyze episodes where the agent falls into holes or fails to reach the goal to identify common pitfalls and adjust the policy accordingly.

5. **Reward Shaping:** Consider implementing reward shaping to provide intermediate rewards for reaching certain states that are closer to the goal, encouraging the agent to move in the right direction even if it doesn't reach the goal immediately.

By implementing these strategies, the agent may improve its performance in the FrozenLake-v1 environment and increase its chances of successfully reaching the goal state.","To improve the agent's effectiveness in the FrozenLake-v1 environment, we need to consider a strategy that balances exploration and exploitation, while also accounting for the stochastic nature of the environment. Given the analysis of the previous episode and the recommendations, we can adjust the action probabilities to encourage more exploration and potentially discover more effective paths.

One common approach is to use an epsilon-greedy strategy, where the agent mostly exploits the best-known action but occasionally explores other actions. Since the agent struggled in the previous episode, we should increase the exploration rate to allow the agent to better understand the environment.

Let's assume an epsilon value of 0.3 for increased exploration. This means that 30% of the time, the agent will choose a random action, and 70% of the time, it will choose the action it currently believes is best. Since we don't have a specific policy indicating which action is currently best, we'll distribute the probabilities evenly among all actions for exploration purposes.

Here's how we can distribute the probabilities:

- With 70% probability, the agent will choose the action it believes is best. Since we don't have a specific best action, we'll distribute this evenly among all actions.
- With 30% probability, the agent will explore by choosing any action randomly.

Given this, the probability distribution for each action can be calculated as follows:

- Exploitation: 70% distributed evenly among 4 actions = 0.70 / 4 = 0.175 for each action.
- Exploration: 30% distributed evenly among 4 actions = 0.30 / 4 = 0.075 for each action.

Adding these together, each action will have a probability of 0.175 + 0.075 = 0.25.

Therefore, the probability distribution for the 4 action explorations is:

```python
{0: 0.25, 1: 0.25, 2: 0.25, 3: 0.25}
```

This distribution encourages exploration by giving equal probability to all actions, allowing the agent to gather more information about the environment and potentially discover more effective paths to the goal."
21,0.0,0.0,0.91684,0.03795288875699043,N/A,N/A
22,0.0,0.0,0.91288,0.018350591883063316,N/A,N/A
23,0.0,0.0,0.90892,0.04474276304244995,N/A,N/A
24,0.0,0.0,0.90496,0.04512467607855797,N/A,N/A
25,0.0,0.0,0.901,0.029182108119130135,"In the last episode of the training process on the FrozenLake-v1 environment, the agent received a total reward of 0.0, indicating that it did not reach the goal state (G) and likely fell into a hole (H) or failed to reach the goal within the episode's time limit. The action sequence extracted at intervals is [1, 3, 1, 1, 0, 0, 0, 0, 3, 2, 0, 2, 0, 3, 2, 0, 2, 3, 0, 0, 2, 2, 2, 2, 2, 2, 0, 0, 2, 1, 0, 3, 2, 2].

### Analysis:

1. **Action Distribution**:
   - The actions taken by the agent are a mix of all possible actions (0, 1, 2, 3), suggesting that the agent is exploring the environment rather than following a specific policy.
   - The sequence shows a tendency towards actions 0 (down) and 2 (up), which might indicate attempts to navigate vertically through the grid.

2. **Transition Dynamics**:
   - Given the slippery nature of the environment, the agent's intended actions may not always result in the expected state transitions. This stochasticity can lead to the agent inadvertently stepping into holes or failing to progress towards the goal.

3. **Exploration vs. Exploitation**:
   - The agent appears to be in an exploration phase, as evidenced by the diverse action sequence. However, the lack of a successful episode suggests that the exploration strategy may not be effectively guiding the agent towards the goal.

4. **Episode Outcome**:
   - The total reward of 0.0 indicates that the agent either fell into a hole or did not reach the goal within the episode's time limit. The absence of a positive reward suggests that the agent needs to improve its strategy to avoid holes and reach the goal more consistently.

### Strategy Recommendations:

1. **Policy Improvement**:
   - Consider implementing a more structured exploration strategy, such as epsilon-greedy, where the agent occasionally exploits known good actions while still exploring new actions. This can help balance exploration and exploitation.

2. **State-Action Value Estimation**:
   - Utilize Q-learning or SARSA to estimate the value of state-action pairs. This can help the agent learn which actions are more likely to lead to the goal and avoid holes.

3. **Reward Shaping**:
   - Introduce intermediate rewards for reaching certain states or avoiding holes to guide the agent more effectively towards the goal.

4. **Environment Modeling**:
   - Develop a model of the environment's transition dynamics to predict the outcomes of actions more accurately. This can help the agent plan its moves better, considering the stochastic nature of the environment.

5. **Increased Training**:
   - Increase the number of training episodes to allow the agent more opportunities to learn from its experiences and refine its policy.

6. **Visualization and Debugging**:
   - Visualize the agent's path and decision-making process to identify patterns or mistakes in its strategy. This can provide insights into areas for improvement.

By implementing these strategies, the agent can improve its performance in the FrozenLake-v1 environment, increasing the likelihood of reaching the goal and achieving a positive reward.","To improve the agent's effectiveness in the FrozenLake-v1 environment, we need to adjust the action selection strategy to balance exploration and exploitation. Given the analysis, the agent is currently exploring but not effectively reaching the goal. Implementing an epsilon-greedy strategy can help in this scenario, where the agent mostly exploits the best-known actions but still explores occasionally.

Assuming we want to start with a moderate level of exploration, we can set an epsilon value (ε) to guide our exploration strategy. Let's choose ε = 0.2, meaning the agent will explore 20% of the time and exploit 80% of the time. 

Given the previous action sequence, the agent seems to have a tendency towards actions 0 (down) and 2 (up). However, to improve task effectiveness, we should encourage a more balanced exploration while still allowing for exploitation of potentially better actions.

Here's how we can distribute the probabilities:

- Exploit the best-known actions (based on previous tendencies or learned Q-values) 80% of the time.
- Explore other actions 20% of the time.

Assuming actions 0 and 2 are currently considered more promising based on the previous sequence, we can distribute the exploitation probability between them. For simplicity, let's assume equal probability for actions 0 and 2 during exploitation.

Here's a possible distribution:

- Exploitation (80%): 
  - Action 0: 40%
  - Action 2: 40%

- Exploration (20%):
  - Action 0: 5%
  - Action 1: 5%
  - Action 2: 5%
  - Action 3: 5%

Combining exploitation and exploration, we get:

- Action 0: 0.40 (exploitation) + 0.05 (exploration) = 0.45
- Action 1: 0.00 (exploitation) + 0.05 (exploration) = 0.05
- Action 2: 0.40 (exploitation) + 0.05 (exploration) = 0.45
- Action 3: 0.00 (exploitation) + 0.05 (exploration) = 0.05

Thus, the probability distribution for the next episode should be:

```python
{0: 0.45, 1: 0.05, 2: 0.45, 3: 0.05}
```

This distribution encourages the agent to exploit actions 0 and 2, which might be more promising, while still allowing for exploration of all actions to discover potentially better strategies."
26,0.0,0.0,0.8970400000000001,0.03751608356833458,N/A,N/A
27,0.0,0.0,0.89308,0.08680880814790726,N/A,N/A
28,0.0,0.0,0.88912,0.01643054187297821,N/A,N/A
29,0.0,0.0,0.88516,0.014507964253425598,N/A,N/A
30,0.0,0.0,0.8812,0.028945639729499817,"In the last episode of the training process on the FrozenLake-v1 environment, the agent received a total reward of 0.0, indicating that it did not successfully reach the goal state (G) and likely fell into a hole (H) or failed to reach the goal within the episode's step limit. The action sequence extracted at intervals is [0, 0, 0, 2], which corresponds to the following actions based on the environment's transition dynamics:

1. **Action 0**: The agent attempted to move down but, due to the slippery nature of the environment, it could have moved left, up, or stayed in the same position.
2. **Action 0**: Again, the agent attempted to move down with the same probabilistic outcomes.
3. **Action 0**: The agent attempted to move down once more, facing the same probabilistic outcomes.
4. **Action 2**: The agent attempted to move up, but it could have moved right, down, or stayed in the same position.

Given this sequence, the agent likely started at the initial state (0) and attempted to move downwards multiple times. However, due to the stochastic nature of the environment, it may have ended up in a hole or failed to reach the goal.

### Analysis:

1. **Stochastic Environment**: The slippery nature of the environment introduces significant uncertainty in the agent's movements. This makes it challenging to follow a deterministic path to the goal.

2. **Action Sequence**: The repeated attempts to move down suggest a strategy focused on reaching the bottom row, but this approach is risky due to the presence of holes.

3. **Lack of Reward**: The total reward of 0.0 indicates that the agent did not reach the goal, possibly due to falling into a hole or being unable to navigate effectively to the goal state.

### Strategy Recommendations:

1. **Exploration Strategy**: Encourage the agent to explore different paths rather than repeatedly attempting to move down. This can be achieved by implementing an exploration strategy such as epsilon-greedy, where the agent occasionally takes random actions to discover new paths.

2. **Value Function Update**: Consider using a reinforcement learning algorithm that updates the value function based on the expected outcomes of actions, such as Q-learning or SARSA. This can help the agent learn the expected rewards of different actions in the stochastic environment.

3. **Policy Improvement**: Implement a policy improvement step where the agent evaluates and updates its policy based on the learned value function. This can help the agent make more informed decisions about which actions to take in each state.

4. **Model-Based Approach**: Consider using a model-based approach where the agent learns a model of the environment's transition dynamics. This can help the agent predict the outcomes of its actions more accurately and plan its path to the goal more effectively.

5. **Reward Shaping**: Introduce intermediate rewards for reaching certain states or avoiding holes to guide the agent towards the goal more effectively.

By incorporating these strategies, the agent can improve its performance in the FrozenLake-v1 environment and increase its chances of successfully reaching the goal state.","To improve the agent's effectiveness in the FrozenLake-v1 environment, we need to adjust the action exploration strategy to encourage more diverse exploration while still allowing for exploitation of known paths that may lead to the goal. Given the stochastic nature of the environment and the previous episode's outcome, a balanced exploration strategy is necessary.

A common approach is to use an epsilon-greedy strategy, where the agent mostly exploits the best-known actions but occasionally explores other actions. Let's assume an epsilon value of 0.2 for exploration, meaning the agent will explore 20% of the time and exploit 80% of the time.

Given the previous action sequence and the need for exploration, we can distribute the probabilities as follows:

- **Action 0 (Down)**: Since the agent previously focused on moving down, we can slightly reduce its probability to encourage exploration of other actions.
- **Action 1 (Right)**: This action can be encouraged as it may lead the agent towards the goal if it avoids holes.
- **Action 2 (Up)**: This action can be given a moderate probability to allow the agent to explore upward paths.
- **Action 3 (Left)**: This action can be given a moderate probability to allow the agent to explore leftward paths.

Here's a suggested probability distribution for the next episode:

```python
{0: 0.25, 1: 0.30, 2: 0.25, 3: 0.20}
```

This distribution encourages the agent to explore moving right more frequently, which might help it avoid holes and reach the goal. The probabilities for moving up and left are balanced to allow exploration, while the probability for moving down is slightly reduced to prevent the agent from repeatedly falling into holes. Adjustments can be made based on further observations of the agent's performance."
31,0.0,0.0,0.87724,0.03639720380306244,N/A,N/A
32,0.0,0.0,0.8732800000000001,0.035987235605716705,N/A,N/A
33,0.0,0.0,0.86932,0.0666157603263855,N/A,N/A
34,0.0,0.0,0.86536,0.031133446842432022,N/A,N/A
35,0.0,0.0,0.8613999999999999,0.06676799058914185,"In the last episode of the training process on the FrozenLake-v1 environment, the agent received a total reward of 0.0, indicating that it did not successfully reach the goal state (G) and likely fell into a hole (H) or failed to make progress toward the goal. The action sequence extracted at intervals was [3, 1], which suggests that the agent attempted to move left (action 3) and then right (action 1) during the episode.

### Analysis:

1. **Action Sequence**: 
   - The action sequence [3, 1] indicates that the agent first attempted to move left and then right. Given the grid layout and the starting position (S at state 0), these actions suggest that the agent might have been trying to navigate through the grid but did not follow a clear path toward the goal.
   
2. **Slippery Dynamics**:
   - The environment's slippery nature means that the agent's intended actions do not always result in the expected movement. For instance, when the agent chose action 3 (move left), it could have ended up moving up, right, or left with equal probability. Similarly, action 1 (move right) could have resulted in moving down, left, or right. This stochasticity increases the difficulty of planning a precise path to the goal.

3. **Reward Outcome**:
   - The total reward of 0.0 suggests that the agent did not reach the goal state. It is possible that the agent fell into a hole or was unable to navigate effectively due to the slippery dynamics.

### Strategy Recommendations:

1. **Exploration Strategy**:
   - Encourage more diverse exploration strategies to help the agent learn the environment's dynamics better. Implementing an epsilon-greedy strategy with a decaying epsilon could balance exploration and exploitation, allowing the agent to explore new paths while gradually focusing on the most promising ones.

2. **State-Action Value Estimation**:
   - Improve the agent's state-action value estimation by using techniques like Q-learning or SARSA. These methods can help the agent learn the expected rewards for each action in each state, allowing it to make more informed decisions despite the stochastic transitions.

3. **Model-Based Approaches**:
   - Consider incorporating a model-based approach where the agent learns a model of the environment's dynamics. This model can be used to simulate potential future states and rewards, helping the agent plan more effectively in the slippery environment.

4. **Reward Shaping**:
   - Introduce intermediate rewards for reaching certain states or making progress toward the goal. This can provide additional guidance and motivation for the agent to explore paths that lead closer to the goal.

5. **Policy Optimization**:
   - Explore policy optimization methods such as policy gradients or actor-critic algorithms. These methods can help the agent learn a policy that directly maps states to actions, potentially improving performance in environments with stochastic dynamics.

By implementing these strategies, the agent may improve its ability to navigate the FrozenLake environment and increase its chances of reaching the goal state successfully.","To improve the agent's effectiveness in the FrozenLake-v1 environment, we need to encourage exploration while considering the stochastic nature of the environment. Given the previous episode's outcome and the analysis, a balanced exploration strategy is essential. An epsilon-greedy approach with a decaying epsilon is a good fit here, where we initially favor exploration to gather more information about the environment.

Let's assume an initial exploration rate (epsilon) of 0.3, meaning there's a 30% chance of choosing a random action (exploration) and a 70% chance of choosing the best-known action (exploitation). Since we don't have a learned policy yet, we'll distribute the exploration probability equally among all actions.

Here's how we can distribute the probabilities for the next episode:

- Exploration probability (random action): 0.3
- Exploitation probability (best-known action): 0.7

Since we don't have a specific best action yet, we'll distribute the exploration probability equally among all actions. Therefore, each action will have an equal chance of being selected during exploration.

The probability distribution for the actions will be:

```python
{
    0: 0.25 * 0.3 + 0.7 / 4,  # Exploration + equal chance for exploitation
    1: 0.25 * 0.3 + 0.7 / 4,
    2: 0.25 * 0.3 + 0.7 / 4,
    3: 0.25 * 0.3 + 0.7 / 4
}
```

Calculating these values:

- Exploration contribution per action: 0.25 * 0.3 = 0.075
- Exploitation contribution per action: 0.7 / 4 = 0.175

Adding these contributions together for each action:

```python
{
    0: 0.075 + 0.175,
    1: 0.075 + 0.175,
    2: 0.075 + 0.175,
    3: 0.075 + 0.175
}
```

This results in:

```python
{
    0: 0.25,
    1: 0.25,
    2: 0.25,
    3: 0.25
}
```

This uniform distribution reflects the initial exploration phase where the agent is encouraged to explore all actions equally due to the lack of a learned policy. As the agent learns, the distribution can be adjusted to favor more promising actions."
36,0.0,0.0,0.85744,0.06984740495681763,N/A,N/A
37,0.0,0.0,0.85348,0.038384340703487396,N/A,N/A
38,0.0,0.0,0.84952,0.03773479163646698,N/A,N/A
39,0.0,0.0,0.84556,0.03843037039041519,N/A,N/A
40,0.0,0.0,0.8416,0.057648271322250366,"In the last episode of the training process on the FrozenLake-v1 task, the agent received a total reward of 0.0, indicating that it did not successfully reach the goal state (G) and likely fell into a hole (H) or failed to reach the goal within the episode's time limit. The action sequence extracted at intervals was [3, 0, 3, 3, 1, 0, 0, 1, 3, 0, 3, 0, 0, 0, 1], which corresponds to the following actions:

- 3: Move left
- 0: Move down
- 1: Move right

Given the slippery nature of the environment, each action has a probabilistic outcome, which means the agent's intended direction might not always be the direction it moves in. This adds complexity to the task, as the agent must account for uncertainty in its movements.

### Analysis:

1. **Action Sequence and State Transitions:**
   - The sequence shows a mix of left, down, and right movements, which suggests the agent is attempting to navigate through the grid.
   - The frequent use of action 0 (move down) indicates an attempt to progress towards the bottom of the grid where the goal is located.
   - The presence of multiple left (3) and right (1) actions suggests the agent is trying to adjust its position horizontally, possibly to avoid holes or to correct its path due to the slippery dynamics.

2. **Outcome:**
   - The total reward of 0.0 suggests the agent either fell into a hole or did not reach the goal. Given the grid layout, it is likely that the agent encountered a hole, as the path to the goal involves navigating around several holes.

3. **Challenges:**
   - The slippery nature of the environment increases the difficulty of precise navigation, as the agent's intended actions may not always result in the expected state transitions.
   - The presence of holes requires careful planning and execution of actions to avoid falling into them.

### Strategy Recommendations:

1. **Improved Exploration:**
   - Encourage more diverse exploration strategies to better understand the environment's dynamics. This could involve varying the initial exploration policy to allow the agent to experience different state transitions and outcomes.

2. **Incorporate Learning from Failures:**
   - Implement a mechanism to learn from episodes where the agent falls into holes. This could involve updating the policy to avoid states that frequently lead to negative outcomes.

3. **Model Uncertainty:**
   - Develop a model that accounts for the probabilistic nature of state transitions. This could involve using techniques like Q-learning with eligibility traces or model-based approaches to better predict and plan for uncertain outcomes.

4. **Reward Shaping:**
   - Consider introducing intermediate rewards for reaching certain states or avoiding holes to guide the agent towards the goal more effectively.

5. **Policy Refinement:**
   - Refine the policy using techniques like policy gradient methods or actor-critic approaches to improve the agent's decision-making under uncertainty.

By implementing these strategies, the agent can potentially improve its performance in navigating the FrozenLake environment and increase its likelihood of reaching the goal state successfully.","To improve the agent's effectiveness in the FrozenLake environment, we need to consider the challenges posed by the slippery nature of the grid and the presence of holes. The agent's previous action sequence indicates a need for better exploration and adaptation to the environment's dynamics. 

Given the analysis and strategy recommendations, we should focus on encouraging exploration while also guiding the agent towards safer paths. Here's how we can distribute the action probabilities:

1. **Encourage Exploration:** Since the agent needs to explore more effectively, we should ensure that all actions have a non-zero probability. This will allow the agent to experience different state transitions and outcomes.

2. **Bias Towards Goal-Oriented Actions:** The goal is located at the bottom-right corner of the grid. Therefore, actions that generally move the agent towards the goal (down and right) should have slightly higher probabilities. However, we must balance this with the need to avoid holes.

3. **Incorporate Learning from Failures:** Given the previous episode's outcome, we should slightly reduce the probability of actions that led to frequent failures (e.g., falling into holes).

4. **Account for Slippery Dynamics:** Since the environment is slippery, the agent's intended actions might not always result in the expected state transitions. Therefore, the distribution should reflect a balance between exploration and exploitation.

Based on these considerations, here's a suggested probability distribution for the actions:

- **Action 0 (Move Down):** This action is generally goal-oriented, so it should have a higher probability.
- **Action 1 (Move Right):** This action also moves the agent towards the goal, so it should have a slightly higher probability.
- **Action 2 (Move Up):** This action is less goal-oriented and should have a lower probability.
- **Action 3 (Move Left):** This action can be useful for avoiding holes or correcting the path, so it should have a moderate probability.

Here's a proposed distribution:

```python
{0: 0.35, 1: 0.35, 2: 0.15, 3: 0.15}
```

This distribution encourages the agent to explore actions that move it towards the goal while maintaining some exploration of other actions to account for the environment's uncertainty and to avoid potential pitfalls."
41,0.0,0.0,0.8376399999999999,0.020006995648145676,N/A,N/A
42,0.0,0.0,0.83368,0.024402625858783722,N/A,N/A
43,0.0,0.2,0.82972,0.03839563950896263,N/A,N/A
44,0.0,0.2,0.82576,0.021945733577013016,N/A,N/A
45,0.0,0.4,0.8218,0.04585547372698784,"In the final episode of the training process on the FrozenLake-v1 environment, the agent received a total reward of 0.0, indicating that it did not successfully reach the goal state (G) and likely fell into a hole (H) or did not reach the goal within the episode's time limit. The action sequence taken by the agent was [3, 2, 0, 2, 0, 3, 2, 0, 3, 3, 2, 1, 0, 3].

### Analysis:

1. **Action Sequence and State Transitions:**
   - The action sequence suggests that the agent attempted various moves, but due to the slippery nature of the environment, the intended actions might not have resulted in the expected state transitions.
   - The sequence of actions indicates a mix of exploratory and potentially random movements, which is common in environments with high stochasticity like FrozenLake.

2. **Slippery Dynamics:**
   - The environment's slippery dynamics mean that the agent's actions do not always lead to the intended direction, making it challenging to navigate towards the goal.
   - The agent's movement is influenced by the probabilistic nature of the transitions, which can lead to unintended outcomes, such as falling into holes or moving away from the goal.

3. **Reward Outcome:**
   - The total reward of 0.0 suggests that the agent either fell into a hole or did not reach the goal within the episode. Given the environment's layout, it is likely that the agent encountered a hole, ending the episode prematurely.

### Strategy Recommendations:

1. **Improved Exploration Strategy:**
   - Implement an exploration strategy that balances exploration and exploitation more effectively. Techniques such as epsilon-greedy with decaying epsilon or using a softmax action selection can help the agent explore the environment more efficiently while gradually focusing on promising actions.

2. **Model-Based Approaches:**
   - Consider using model-based reinforcement learning to better understand the transition dynamics. By modeling the environment's probabilistic transitions, the agent can make more informed decisions about which actions to take.

3. **State-Action Value Function:**
   - Enhance the learning of the state-action value function (Q-values) by using algorithms like Q-learning or SARSA with eligibility traces. This can help the agent learn more robust policies that account for the stochastic nature of the environment.

4. **Reward Shaping:**
   - Introduce reward shaping to provide intermediate rewards for reaching certain states or avoiding holes. This can guide the agent towards the goal more effectively by providing additional incentives for safe navigation.

5. **Environment Familiarization:**
   - Allow the agent to spend more time familiarizing itself with the environment's dynamics through additional training episodes. This can help the agent build a better understanding of the transition probabilities and improve its navigation strategy.

By implementing these strategies, the agent can potentially improve its performance in the FrozenLake-v1 environment, increasing the likelihood of reaching the goal state and achieving a higher total reward.","To improve the agent's performance in the FrozenLake-v1 environment, we need to consider the balance between exploration and exploitation, especially given the stochastic nature of the environment. The agent's previous episode resulted in a total reward of 0.0, indicating that it either fell into a hole or failed to reach the goal. To address this, we can adjust the action selection probabilities to encourage more effective exploration while still allowing for some degree of exploitation.

Given the slippery dynamics and the need for exploration, a common approach is to use an epsilon-greedy strategy where a small probability is assigned to random exploration, and the rest is assigned to exploiting the current knowledge (i.e., selecting the best-known action). However, since we don't have specific Q-values or a policy to exploit, we'll focus on a balanced exploration strategy.

Let's assume we want to encourage exploration with a slight bias towards actions that might lead towards the goal, based on the typical layout of the FrozenLake environment. The goal is located at the bottom-right corner, so actions that generally move the agent down or right might be slightly favored.

Here's a suggested probability distribution for the actions:

- Action 0 (move down): Slightly higher probability due to the goal being at the bottom.
- Action 1 (move right): Slightly higher probability due to the goal being to the right.
- Action 2 (move up): Lower probability as it generally moves the agent away from the goal.
- Action 3 (move left): Lower probability as it generally moves the agent away from the goal.

A possible distribution could be:

```python
{0: 0.35, 1: 0.35, 2: 0.15, 3: 0.15}
```

This distribution favors moving down and right, which are generally more promising directions given the goal's location, while still allowing for some exploration in other directions. This approach should help the agent explore the environment more effectively while gradually focusing on actions that are more likely to lead to the goal."
46,0.0,0.4,0.81784,0.009299836121499538,N/A,N/A
47,0.0,0.0,0.8138799999999999,0.028078671544790268,N/A,N/A
48,0.0,0.0,0.80992,0.06190550699830055,N/A,N/A
49,0.0,0.0,0.80596,0.08381996303796768,N/A,N/A
50,0.0,0.0,0.802,0.07255987823009491,"In the last episode of the training process on the FrozenLake-v1 environment, the agent received a total reward of 0.0, indicating that it did not reach the goal state (G) and likely fell into a hole (H) or remained stuck in a loop without reaching the goal. The action sequence extracted at intervals was [0, 1, 1, 2, 1, 1, 1, 2, 1, 3, 2, 0, 3, 3, 0, 2, 3, 1]. Let's break down this sequence and analyze the agent's behavior:

1. **Initial Actions (0, 1, 1, 2, 1):** 
   - The agent starts at state 0 (S) and attempts to move down (0), right (1), right (1), up (2), and right (1). Given the slippery nature of the environment, these actions may not have resulted in the intended movements, potentially leading the agent to unintended states.

2. **Middle Actions (1, 1, 2, 1, 3, 2):**
   - The agent continues to attempt moving right (1), right (1), up (2), right (1), left (3), and up (2). This sequence suggests the agent might be trying to navigate around obstacles or holes but is likely being redirected due to the stochastic transitions.

3. **Later Actions (0, 3, 3, 0, 2, 3, 1):**
   - The agent attempts to move down (0), left (3), left (3), down (0), up (2), left (3), and right (1). This part of the sequence indicates potential confusion or a lack of a clear strategy, as the agent seems to oscillate between directions.

**Analysis:**
- The agent's actions suggest it is struggling with the stochastic nature of the environment, where intended actions do not always result in expected outcomes.
- The lack of a clear path towards the goal and the absence of a reward indicates the agent may have fallen into a hole or failed to reach the goal within the episode's time limit.

**Strategy Recommendations:**
1. **Improved Exploration Strategy:**
   - Encourage more diverse exploration strategies to better understand the environment's dynamics. Consider using exploration techniques like epsilon-greedy with decay or softmax action selection to balance exploration and exploitation.

2. **Model-based Approaches:**
   - Implement a model-based approach to predict the outcomes of actions more accurately. This can help the agent plan better by simulating potential future states and choosing actions that maximize the likelihood of reaching the goal.

3. **Reward Shaping:**
   - Introduce intermediate rewards for reaching certain states or avoiding holes to guide the agent more effectively towards the goal.

4. **Policy Optimization:**
   - Use policy gradient methods or actor-critic algorithms to optimize the policy directly, which can be more effective in environments with stochastic transitions.

5. **State Value Function:**
   - Enhance the state value function estimation to provide better guidance on the expected long-term rewards from each state, helping the agent make more informed decisions.

By implementing these strategies, the agent can improve its performance in navigating the FrozenLake environment and increase its chances of successfully reaching the goal.","To improve the agent's effectiveness in the FrozenLake-v1 environment, we need to adjust the action exploration strategy to better handle the stochastic nature of the environment and guide the agent towards the goal. Given the analysis of the previous episode, the agent struggled with the slippery dynamics and did not reach the goal. Therefore, a more balanced exploration strategy is needed.

One common approach is to use an epsilon-greedy strategy, where the agent mostly exploits the best-known actions but occasionally explores other actions to gather more information about the environment. However, since we don't have specific Q-values or a policy to exploit, we can start with a more uniform distribution to encourage exploration across all actions, while slightly favoring actions that might lead to progress towards the goal.

Considering the environment's layout and the need for exploration, a reasonable distribution could be slightly biased towards moving right (1) and down (0), as these directions generally lead towards the goal from the starting position. However, we should still allow for exploration in all directions to account for the stochastic transitions.

Here's a suggested probability distribution for the next episode:

```python
{0: 0.25, 1: 0.35, 2: 0.20, 3: 0.20}
```

- **Action 0 (Down):** Probability of 0.25, as moving down can help progress towards the goal, especially from the starting position.
- **Action 1 (Right):** Probability of 0.35, slightly higher to encourage moving towards the goal, which is generally to the right from the starting position.
- **Action 2 (Up):** Probability of 0.20, to allow exploration and potential backtracking if needed.
- **Action 3 (Left):** Probability of 0.20, to explore and potentially avoid obstacles or holes.

This distribution encourages exploration while slightly favoring actions that are more likely to lead towards the goal, given the grid layout. Adjustments can be made based on further observations and learning progress."
51,0.0,0.0,0.7980400000000001,0.03614877536892891,N/A,N/A
52,0.0,0.0,0.79408,0.07403743267059326,N/A,N/A
53,0.0,0.0,0.79012,0.030738268047571182,N/A,N/A
54,0.0,0.0,0.78616,0.0387582927942276,N/A,N/A
55,0.0,0.0,0.7822,0.052332449704408646,"In the final episode of the training process on the FrozenLake-v1 environment, the agent received a total reward of 0.0, indicating that it did not successfully reach the goal state (G) and likely fell into a hole (H) or failed to reach the goal within the episode's time limit. The action sequence extracted at intervals was [1, 3, 2, 1, 3, 3, 3, 2, 0, 0, 2]. Let's analyze this sequence and the potential reasons for the outcome:

### Analysis:

1. **Action Sequence and Transition Dynamics:**
   - The action sequence suggests a variety of movements: right (1), left (3), up (2), and down (0).
   - Due to the slippery nature of the environment, each action has a 1/3 probability of resulting in an unintended direction. This stochasticity can lead to the agent falling into holes or failing to progress towards the goal.

2. **State Transitions:**
   - Without the exact state transitions, it's challenging to pinpoint where the agent might have fallen into a hole. However, given the grid layout and the presence of holes, certain actions likely led the agent into a hole or away from the goal.

3. **Reward Outcome:**
   - The total reward of 0.0 indicates that the agent did not reach the goal. This could be due to falling into a hole or not reaching the goal within the episode's time limit.

### Possible Strategy Recommendations:

1. **Improved Exploration Strategy:**
   - Encourage more systematic exploration to better understand the environment's dynamics. This could involve using exploration strategies like epsilon-greedy with a decaying epsilon to balance exploration and exploitation.

2. **Incorporate Learning from Failures:**
   - Analyze episodes where the agent falls into holes to identify common pitfalls. Use this information to adjust the policy to avoid these states.

3. **Model-Based Approaches:**
   - Consider using model-based reinforcement learning to predict the outcomes of actions more accurately, accounting for the environment's stochastic nature.

4. **Reward Shaping:**
   - Introduce intermediate rewards for reaching certain states that are closer to the goal, which can guide the agent more effectively towards the goal.

5. **Policy Improvements:**
   - Implement policy gradient methods or Q-learning with function approximation to improve the agent's ability to learn optimal policies in the presence of stochastic transitions.

6. **Environment Familiarization:**
   - Allow the agent to spend more time in the environment to learn the effects of the slippery dynamics and adjust its strategy accordingly.

By implementing these strategies, the agent can potentially improve its performance in future episodes, increasing the likelihood of reaching the goal and achieving a higher total reward.","To improve the agent's performance in the FrozenLake-v1 environment, we need to consider a strategy that balances exploration and exploitation, while also accounting for the stochastic nature of the environment. Given the analysis, the agent should focus on systematic exploration and learning from past episodes to avoid pitfalls like holes.

One effective approach is to use an epsilon-greedy strategy, where the agent explores with a small probability and exploits the best-known actions most of the time. However, since we don't have a specific policy or Q-values to guide exploitation, we'll focus on a balanced exploration strategy.

Let's assume an epsilon value of 0.2 for exploration, which means the agent will explore 20% of the time and exploit 80% of the time. Without specific Q-values, we'll distribute the exploration probability evenly across all actions.

Here's a simple distribution that reflects this strategy:

- Exploration probability (epsilon) = 0.2
- Exploitation probability = 1 - epsilon = 0.8
- Since we don't have specific Q-values, we'll distribute the exploitation probability evenly across all actions.

The distribution of actions would be:

- Exploration: 0.2 / 4 = 0.05 for each action
- Exploitation: 0.8 / 4 = 0.2 for each action

Combining exploration and exploitation probabilities:

- Total probability for each action = 0.05 (exploration) + 0.2 (exploitation) = 0.25

Therefore, the action distribution for the next episode would be:

```python
{0: 0.25, 1: 0.25, 2: 0.25, 3: 0.25}
```

This uniform distribution ensures that the agent explores all actions equally, which is suitable when we don't have specific knowledge about which actions are more beneficial. As the agent learns and gathers more information, this distribution can be adjusted to favor actions that lead to better outcomes."
56,0.0,0.0,0.77824,0.06255163252353668,N/A,N/A
57,0.0,0.0,0.77428,0.06646129488945007,N/A,N/A
58,0.0,0.0,0.77032,0.01405230164527893,N/A,N/A
59,0.0,0.0,0.76636,0.03269610553979874,N/A,N/A
60,0.0,0.0,0.7624,0.0662681832909584,"In the last episode of the training process on the FrozenLake-v1 environment, the agent received a total reward of 0.0, indicating that it did not successfully reach the goal state (G) and likely fell into a hole (H) or failed to reach the goal within the episode's time limit. The action sequence extracted at intervals was [2, 0, 2, 1], which corresponds to the following actions:

- Action 2: Attempt to move up, with possible outcomes being up, right, or down.
- Action 0: Attempt to move down, with possible outcomes being down, left, or up.
- Action 2: Attempt to move up again, with possible outcomes being up, right, or down.
- Action 1: Attempt to move right, with possible outcomes being right, down, or left.

Given the slippery nature of the environment, the agent's intended actions may not have resulted in the expected movements due to the stochastic transition dynamics. This unpredictability can lead to the agent inadvertently stepping into a hole or failing to make progress toward the goal.

### Analysis:
1. **Stochastic Transitions**: The agent's actions are subject to randomness, which can lead to unintended movements. This makes it challenging to follow a precise path to the goal.
2. **Action Sequence**: The chosen actions suggest an attempt to navigate upwards and then right, which could be a strategy to move towards the goal. However, the randomness in transitions likely disrupted this plan.
3. **Reward Outcome**: The total reward of 0.0 indicates that the agent either fell into a hole or did not reach the goal within the episode's time limit.

### Strategy Recommendations:
1. **Increased Exploration**: Encourage more exploration to better understand the environment's dynamics. This can be achieved by adjusting exploration parameters, such as increasing the epsilon value in an epsilon-greedy policy, to allow the agent to try different actions and learn from varied experiences.

2. **Policy Improvement**: Consider using a more sophisticated policy that accounts for the stochastic nature of the environment. Techniques such as Q-learning with function approximation or deep reinforcement learning methods (e.g., DQN) can help the agent learn more robust policies.

3. **State-Action Value Estimation**: Improve the estimation of state-action values by increasing the number of episodes or using techniques like eligibility traces (e.g., SARSA(λ)) to better capture the effects of actions over time.

4. **Environment Modeling**: Develop a model of the environment's transition dynamics to predict the outcomes of actions more accurately. This can help the agent plan better by anticipating the effects of its actions.

5. **Reward Shaping**: Introduce intermediate rewards to guide the agent towards the goal. For example, providing small positive rewards for moving closer to the goal or avoiding holes can encourage safer and more goal-directed behavior.

By implementing these strategies, the agent can improve its performance in navigating the FrozenLake environment and increase its chances of successfully reaching the goal state.","To improve the agent's performance in the FrozenLake environment, we need to consider both exploration and exploitation strategies. Given the stochastic nature of the environment and the agent's previous failure to reach the goal, it's important to adjust the action selection strategy to encourage more exploration while still allowing for some level of exploitation of known information.

One common approach is to use an epsilon-greedy strategy, where the agent selects a random action with probability epsilon (to explore) and the best-known action with probability 1-epsilon (to exploit). Since the agent received a total reward of 0.0 in the last episode, it suggests that more exploration might be beneficial to better understand the environment's dynamics.

Let's assume we want to increase exploration by setting epsilon to a relatively high value, such as 0.3. This means the agent will explore 30% of the time and exploit 70% of the time. Without specific knowledge of the current Q-values or policy, we can distribute the exploration probability equally among all actions.

Here's how you can distribute the action probabilities:

- Exploration probability (epsilon): 0.3
- Exploitation probability (1-epsilon): 0.7

Assuming no specific preference for any action during exploitation (since we don't have the Q-values), we can distribute the exploitation probability equally among all actions. Thus, each action will have an equal chance of being selected during exploitation.

The probability distribution for the actions would be:

- Exploration: 0.3 / 4 = 0.075 for each action
- Exploitation: 0.7 / 4 = 0.175 for each action

Combining exploration and exploitation probabilities, the distribution becomes:

```python
{
    0: 0.075 + 0.175,
    1: 0.075 + 0.175,
    2: 0.075 + 0.175,
    3: 0.075 + 0.175
}
```

Simplifying, we get:

```python
{
    0: 0.25,
    1: 0.25,
    2: 0.25,
    3: 0.25
}
```

This distribution reflects a balanced approach, where each action is equally likely to be selected, promoting exploration while still allowing for exploitation if any action is known to be better. This is a reasonable starting point when the agent needs to explore more to learn about the environment."
61,0.0,0.0,0.75844,0.051609642803668976,N/A,N/A
62,0.0,0.0,0.75448,0.019079377874732018,N/A,N/A
63,0.0,0.0,0.75052,0.040632471442222595,N/A,N/A
64,0.0,0.0,0.74656,0.014680759981274605,N/A,N/A
65,0.0,0.0,0.7425999999999999,0.025750963017344475,"In the last episode of the training process on the FrozenLake-v1 environment, the agent received a total reward of 0.0, indicating that it did not successfully reach the goal state (G) and likely fell into a hole (H) or ran out of steps before reaching the goal. The action sequence extracted at intervals was [1, 3, 2, 1, 2, 3, 1, 1, 3, 2, 3, 1, 3, 3, 3, 3, 3, 3, 2, 0, 2, 0, 2, 0, 3, 2, 0, 0, 0, 2, 3, 1, 0].

### Analysis:

1. **Action Distribution**:
   - The actions taken by the agent are distributed among the four possible actions: 0 (down), 1 (right), 2 (up), and 3 (left).
   - The sequence shows a mix of actions, with some actions being repeated consecutively, particularly action 3 (left).

2. **Exploration vs. Exploitation**:
   - The agent appears to be exploring the environment, as indicated by the varied action sequence. However, the lack of a successful episode suggests that the exploration strategy might not be effectively guiding the agent towards the goal.

3. **Slippery Dynamics**:
   - The environment's slippery nature means that the agent's intended actions are not always executed as planned. This stochasticity can lead to the agent falling into holes or failing to reach the goal.

4. **Potential Pitfalls**:
   - The agent might have fallen into a hole, as indicated by the zero reward. The sequence of actions suggests that the agent might have been stuck in a loop or repeatedly taking actions that led it away from the goal.

### Strategy Recommendations:

1. **Improved Exploration Strategy**:
   - Consider implementing an exploration strategy that balances exploration and exploitation more effectively, such as epsilon-greedy with a decaying epsilon or using softmax action selection to encourage more directed exploration.

2. **Learning from Failures**:
   - Analyze episodes where the agent falls into holes to identify common patterns or states that lead to failure. This can help in adjusting the policy to avoid these states.

3. **Incorporate State Value Estimation**:
   - Use value-based methods like Q-learning or SARSA to estimate the value of each state-action pair, helping the agent learn which actions are more likely to lead to the goal.

4. **Model-Based Approaches**:
   - Consider using a model-based approach to simulate the environment's dynamics, allowing the agent to plan its actions more effectively by predicting the outcomes of its actions.

5. **Reward Shaping**:
   - Introduce intermediate rewards for reaching certain states or making progress towards the goal to provide more feedback to the agent and guide its learning process.

6. **Policy Gradient Methods**:
   - Explore policy gradient methods that directly optimize the policy, potentially leading to more robust strategies in environments with stochastic transitions like FrozenLake.

By implementing these strategies, the agent may improve its ability to navigate the FrozenLake environment and increase the likelihood of reaching the goal state successfully.","To improve the agent's effectiveness in the FrozenLake-v1 environment, we need to adjust the action exploration strategy to better balance exploration and exploitation. Given the analysis, the agent should focus on a more directed exploration strategy while still allowing for some randomness due to the slippery nature of the environment.

One effective approach is to use an epsilon-greedy strategy with a decaying epsilon. This means the agent will mostly exploit the best-known actions but occasionally explore other actions to discover potentially better strategies. However, since we are providing a static distribution for the next episode, we can simulate a similar effect by slightly favoring actions that are more likely to lead to progress towards the goal while still allowing for exploration.

Considering the environment's layout and the typical strategies for FrozenLake, we can prioritize moving right (1) and down (0) since these directions generally lead towards the goal from the starting position. However, we should still allow for some probability of moving left (3) and up (2) to account for the need to explore and adapt to the environment's stochastic nature.

Here's a suggested probability distribution for the next episode:

```python
{0: 0.25, 1: 0.35, 2: 0.20, 3: 0.20}
```

- **Action 1 (right)**: Given a higher probability because moving right generally progresses towards the goal.
- **Action 0 (down)**: Also given a relatively high probability as it can help in moving towards the goal.
- **Actions 2 (up) and 3 (left)**: Given lower probabilities but still significant enough to allow exploration and adaptability to the environment's stochastic transitions.

This distribution aims to guide the agent more effectively towards the goal while maintaining the flexibility needed to handle the environment's slippery dynamics."
66,0.0,0.0,0.73864,0.029948001727461815,N/A,N/A
67,0.0,0.0,0.73468,0.03424980491399765,N/A,N/A
68,0.0,0.0,0.73072,0.02560819871723652,N/A,N/A
69,0.0,0.0,0.72676,0.024647347629070282,N/A,N/A
70,0.0,0.0,0.7228,0.028470637276768684,"In the last episode of the training process on the FrozenLake-v1 environment, the agent received a total reward of 0.0, indicating that it did not reach the goal state (G) and likely fell into a hole (H) or ran out of steps before reaching the goal. The action sequence extracted at intervals was [3, 3, 1, 2, 2, 0, 3]. Let's analyze this sequence and provide some strategy recommendations.

### Analysis:

1. **Action Sequence:**
   - **Action 3 (Left):** The agent started by attempting to move left twice. Given the starting position (S) at state 0, moving left would keep the agent in the same position due to the grid's boundary.
   - **Action 1 (Right):** The agent then attempted to move right. This action could potentially move the agent to state 1, but due to the slippery nature of the environment, it might have ended up in a different state.
   - **Action 2 (Up):** The agent attempted to move up twice. Depending on its current position, these actions might have been ineffective if the agent was already at the top row.
   - **Action 0 (Down):** The agent attempted to move down, which could have been a strategic move to progress towards the goal if it was in the upper rows.
   - **Action 3 (Left):** Finally, the agent attempted to move left again, which might have been ineffective if it was already at the leftmost column.

2. **Outcome:**
   - The total reward of 0.0 suggests that the agent either fell into a hole or did not reach the goal within the episode's step limit. The sequence of actions, particularly the repeated attempts to move left, may have contributed to ineffective exploration or getting stuck in a loop.

### Strategy Recommendations:

1. **Improved Exploration:**
   - **Diverse Action Selection:** Encourage the agent to explore a wider variety of actions, especially in the early stages of training. This can be achieved by using an exploration strategy like epsilon-greedy, where the agent occasionally takes random actions to explore new states.
   - **State Awareness:** Implement a mechanism for the agent to better understand its current state and the layout of the grid. This could involve using a more sophisticated state representation or incorporating memory of past states to avoid redundant actions.

2. **Handling Slippery Dynamics:**
   - **Probabilistic Planning:** Train the agent to account for the stochastic nature of the environment. This could involve simulating possible outcomes of actions and choosing those with higher probabilities of success.
   - **Robust Policy Learning:** Use reinforcement learning algorithms that are robust to noise and uncertainty, such as Q-learning with function approximation or policy gradient methods, to help the agent learn effective policies despite the slippery dynamics.

3. **Reward Shaping:**
   - **Intermediate Rewards:** Introduce intermediate rewards for reaching certain states or avoiding holes to guide the agent towards the goal more effectively. This can help the agent learn the value of safer paths and avoid risky actions that lead to holes.

4. **Environment Familiarization:**
   - **Grid Mapping:** Allow the agent to build a mental map of the environment over multiple episodes, which can help it make more informed decisions about which actions to take based on its current position.

By implementing these strategies, the agent can improve its exploration capabilities and increase its chances of successfully reaching the goal in future episodes.","To improve the agent's effectiveness in the FrozenLake-v1 environment, we need to adjust the action exploration strategy to encourage more diverse and effective exploration. Given the analysis, we want to ensure that the agent does not get stuck in loops and has a better chance of reaching the goal. 

A common approach is to use an epsilon-greedy strategy, where the agent mostly exploits the best-known action but occasionally explores other actions. However, since we are focusing on exploration, we will set a higher probability for exploration.

Here's a suggested probability distribution for the actions:

- **Action 0 (Down):** This action can help the agent progress towards the goal, especially if it is in the upper rows. We should encourage this action more.
- **Action 1 (Right):** This action can also help the agent move towards the goal, especially from the starting position. It should be encouraged.
- **Action 2 (Up):** This action is less likely to be beneficial if the agent is already in the top rows, but it can be useful in some situations.
- **Action 3 (Left):** This action should be used cautiously, as it often leads to the agent staying in the same position or moving away from the goal.

Given these considerations, we can propose the following distribution:

```python
{0: 0.35, 1: 0.35, 2: 0.15, 3: 0.15}
```

This distribution gives higher probabilities to actions 0 and 1, which are more likely to help the agent progress towards the goal, while still allowing some exploration with actions 2 and 3. This balance aims to improve the agent's effectiveness in reaching the goal while maintaining some level of exploration to avoid getting stuck in suboptimal paths."
71,0.0,0.0,0.71884,0.021563854068517685,N/A,N/A
72,0.0,0.0,0.71488,0.026587000116705894,N/A,N/A
73,0.0,0.0,0.71092,0.013392827473580837,N/A,N/A
74,0.0,0.0,0.70696,0.01324768178164959,N/A,N/A
75,0.0,0.0,0.7030000000000001,0.02341732196509838,"In the last episode of the training process on the FrozenLake-v1 environment, the agent received a total reward of 0.0, indicating that it did not successfully reach the goal state (G) and likely fell into a hole (H) or failed to reach the goal within the episode's time limit. The action sequence extracted at intervals is [0, 2, 0, 0, 1, 0, 0, 0, 1, 3, 0, 1, 3, 1, 0, 0, 0, 0, 0, 0, 0, 1, 0, 1, 3, 2, 1, 3, 1, 2, 1, 3, 2, 1, 0, 1, 1, 3].

### Analysis:

1. **Action Distribution**: 
   - The actions taken by the agent are distributed as follows:
     - Action 0 (move down): 14 times
     - Action 1 (move right): 11 times
     - Action 2 (move up): 4 times
     - Action 3 (move left): 7 times
   - The agent seems to favor moving down (action 0) and right (action 1), which are generally good strategies for moving towards the goal in the bottom-right corner. However, the high frequency of moving down suggests the agent might be getting stuck in loops or falling into holes.

2. **Transition Dynamics**:
   - The environment's slippery nature means that each action has a 1/3 probability of resulting in an unintended move. This stochasticity can lead to the agent falling into holes or failing to reach the goal, especially if it doesn't have a robust strategy to handle such randomness.

3. **State Transitions**:
   - Without the exact state transitions, it's challenging to pinpoint where the agent might have fallen into a hole. However, given the sequence and the reward of 0.0, it's likely that the agent either fell into a hole or got stuck in a loop without reaching the goal.

### Strategy Recommendations:

1. **Exploration vs. Exploitation**:
   - Ensure the agent has a balanced exploration-exploitation strategy. It might be over-exploring or not exploiting known safe paths effectively. Consider adjusting the exploration rate (epsilon) if using an epsilon-greedy policy.

2. **State-Action Value Updates**:
   - Review the learning rate and discount factor if using Q-learning or a similar algorithm. Ensure that the agent is learning effectively from its experiences and updating its state-action values appropriately.

3. **Handling Stochasticity**:
   - Implement strategies to handle the environment's stochastic nature. This could include:
     - Training the agent to recognize and avoid states with high probabilities of leading to holes.
     - Using a model-based approach to predict and plan for possible outcomes of actions.

4. **Policy Improvement**:
   - Consider using more sophisticated policy improvement techniques, such as SARSA or Dyna-Q, which might better handle the stochastic transitions by updating policies based on actual transitions rather than expected ones.

5. **Reward Shaping**:
   - Introduce intermediate rewards for reaching certain states or avoiding holes to guide the agent more effectively towards the goal.

6. **Environment Visualization**:
   - Visualize the agent's path and state transitions to identify patterns or common failure points. This can provide insights into where the agent is struggling and inform further strategy adjustments.

By implementing these strategies, the agent may improve its performance and increase its chances of successfully reaching the goal in future episodes.","To improve the agent's performance in the FrozenLake-v1 environment, we need to adjust the action selection strategy to better handle the stochastic nature of the environment and guide the agent towards the goal more effectively. Given the analysis, the agent seems to favor moving down (action 0) and right (action 1), which are generally good strategies for moving towards the goal in the bottom-right corner. However, the agent might be getting stuck in loops or falling into holes due to over-reliance on these actions.

To address this, we should consider a more balanced action distribution that encourages exploration of other actions while still favoring the general direction towards the goal. Here's a proposed action distribution:

- **Action 0 (move down)**: This action is generally beneficial for moving towards the goal, but over-reliance can lead to falling into holes. We should slightly reduce its probability to encourage exploration of other actions.
- **Action 1 (move right)**: This action is also beneficial for moving towards the goal. We should maintain a relatively high probability for this action.
- **Action 2 (move up)**: This action is less frequently used but can be useful for avoiding holes or backtracking when necessary. We should increase its probability slightly to encourage exploration.
- **Action 3 (move left)**: This action can help the agent avoid holes or backtrack. We should maintain a moderate probability for this action.

Based on these considerations, here's a proposed probability distribution for the next episode:

```python
{0: 0.30, 1: 0.35, 2: 0.20, 3: 0.15}
```

This distribution slightly reduces the probability of moving down (action 0) while maintaining a high probability for moving right (action 1). It also increases the probability of moving up (action 2) to encourage exploration and maintains a moderate probability for moving left (action 3) to allow for strategic backtracking. This balanced approach should help the agent explore the environment more effectively and increase its chances of reaching the goal."
76,0.0,0.0,0.69904,0.016970397904515266,N/A,N/A
77,0.0,0.0,0.69508,0.017043186351656914,N/A,N/A
78,0.0,0.0,0.69112,0.041068680584430695,N/A,N/A
79,0.0,0.0,0.68716,0.01583605818450451,N/A,N/A
80,0.0,0.0,0.6832,0.010414604097604752,"In the last episode of the training process on the FrozenLake-v1 environment, the agent received a total reward of 0.0, indicating that it did not reach the goal state (G) and likely fell into a hole (H) or failed to reach the goal within the episode's time limit. The action sequence extracted at intervals was [2, 0, 3, 0, 1], which corresponds to the following intended movements based on the action definitions:

- Action 2: Intended to move up, but due to the slippery nature, it could have moved right or down.
- Action 0: Intended to move down, but could have moved left or up.
- Action 3: Intended to move left, but could have moved up or right.
- Action 0: Intended to move down, but could have moved left or up.
- Action 1: Intended to move right, but could have moved down or left.

Given the stochastic nature of the environment, the agent's intended actions may not have resulted in the expected movements, leading to suboptimal navigation and ultimately failing to reach the goal.

### Analysis:
1. **Slippery Dynamics**: The environment's stochastic transitions make it challenging for the agent to reliably execute its intended actions. This can lead to the agent inadvertently stepping into holes or failing to progress towards the goal.

2. **Action Sequence**: The sequence of actions suggests an attempt to navigate through the grid, but the randomness in movement likely disrupted the intended path. The agent's strategy might not be robust enough to handle the uncertainty in transitions.

3. **Reward Outcome**: A total reward of 0.0 indicates that the agent either fell into a hole or did not reach the goal within the episode. This suggests that the current policy may not be effective in navigating the environment successfully.

### Strategy Recommendations:
1. **Policy Improvement**: Consider using a more sophisticated policy that accounts for the stochastic nature of the environment. Techniques such as Q-learning with eligibility traces or SARSA could help the agent learn a more robust policy.

2. **Exploration Strategy**: Implement an exploration strategy that balances exploration and exploitation, such as ε-greedy with decay, to ensure the agent explores the state space effectively while gradually focusing on exploiting known good actions.

3. **State Value Estimation**: Enhance the state value estimation by incorporating function approximation methods like neural networks, which can help in generalizing the value function across similar states and improve decision-making.

4. **Environment Modeling**: Consider modeling the environment's transition dynamics to predict the outcomes of actions better. This can be achieved through techniques like model-based reinforcement learning, where the agent learns a model of the environment and uses it to plan its actions.

5. **Reward Shaping**: Introduce intermediate rewards for reaching certain states or avoiding holes to guide the agent towards the goal more effectively. This can help in providing more informative feedback to the agent during training.

By implementing these strategies, the agent can potentially improve its performance in the FrozenLake environment, increasing the likelihood of reaching the goal and achieving higher rewards in future episodes.","To improve the agent's performance in the FrozenLake-v1 environment, we need to consider a strategy that balances exploration and exploitation while accounting for the stochastic nature of the environment. Given the previous episode's outcome and the analysis, an ε-greedy strategy with a slight bias towards exploration can be beneficial. This approach allows the agent to explore the environment more thoroughly while still exploiting known good actions.

Let's assume an exploration rate (ε) of 0.2 for this scenario. This means that 20% of the time, the agent will explore by selecting a random action, and 80% of the time, it will exploit by selecting the best-known action. Since we don't have specific knowledge of the best action at each state, we'll distribute the exploitation probability equally among all actions for simplicity.

Here's how the action probabilities can be distributed:

- Exploration probability (ε): 0.2
- Exploitation probability (1 - ε): 0.8

Since we don't have a specific preference for any action due to lack of detailed Q-values or policy information, we can distribute the exploitation probability equally among all actions. Therefore, each action will have an equal chance of being selected during exploitation.

The probability distribution for the actions will be:

- Exploration: 0.2 / 4 = 0.05 for each action
- Exploitation: 0.8 / 4 = 0.20 for each action

Combining exploration and exploitation probabilities:

- Total probability for each action = 0.05 (exploration) + 0.20 (exploitation) = 0.25

Thus, the probability distribution for the actions is:

```python
{0: 0.25, 1: 0.25, 2: 0.25, 3: 0.25}
```

This distribution reflects a balanced approach, allowing the agent to explore all actions equally while also exploiting any potential knowledge it might have gained. As the agent learns and updates its policy, these probabilities can be adjusted to reflect more informed action preferences."
81,0.0,0.0,0.6792400000000001,0.012694582343101501,N/A,N/A
82,0.0,0.0,0.67528,0.009574249386787415,N/A,N/A
83,0.0,0.0,0.6713199999999999,0.02185359224677086,N/A,N/A
84,0.0,0.0,0.66736,0.024215510115027428,N/A,N/A
85,0.0,0.0,0.6634,0.006896293256431818,"In the last episode of the training process on the FrozenLake-v1 task, the agent received a total reward of 0.0, indicating that it did not successfully reach the goal state (G) and likely fell into a hole (H) or ran out of steps before reaching the goal. The action sequence extracted at intervals was [2, 3, 2, 0, 0, 3, 0, 2, 3, 0, 1, 0, 1, 3, 2, 3, 1, 3, 2, 0, 2]. Let's analyze this sequence and the potential issues:

### Analysis of the Action Sequence:

1. **Initial Actions (2, 3, 2):** 
   - The agent starts with actions 2 (up), 3 (left), and 2 (up) which are likely attempts to explore the grid. However, due to the slippery nature of the environment, these actions may not have resulted in the intended movement.

2. **Middle Actions (0, 0, 3, 0, 2, 3, 0, 1, 0, 1, 3, 2, 3, 1, 3, 2):**
   - The agent continues with a mix of actions, including 0 (down), 1 (right), 2 (up), and 3 (left). This sequence suggests that the agent is exploring various directions, but the lack of a consistent pattern or strategy indicates possible confusion or random exploration.

3. **Final Actions (0, 2):**
   - The episode ends with actions 0 (down) and 2 (up), which might have been attempts to reach the goal or avoid a hole, but ultimately did not succeed.

### Possible Issues:

- **Slippery Dynamics:** The stochastic nature of the environment means that intended actions often result in unintended movements, making it challenging for the agent to navigate effectively.
  
- **Lack of Strategy:** The action sequence appears random, suggesting that the agent might not have developed a coherent strategy for reaching the goal while avoiding holes.

- **Exploration vs. Exploitation:** The agent may be overly focused on exploration without effectively exploiting known safe paths to the goal.

### Strategy Recommendations:

1. **Increased Exploration with Directional Bias:**
   - Encourage exploration with a bias towards actions that have historically led closer to the goal. This can be achieved by adjusting the exploration policy to favor certain actions based on past successes.

2. **Learning from Failures:**
   - Implement a mechanism to learn from episodes that end in failure (e.g., falling into a hole) by penalizing actions that frequently lead to such outcomes.

3. **State-Action Value Estimation:**
   - Use techniques like Q-learning or SARSA to estimate the value of state-action pairs, allowing the agent to make more informed decisions based on expected future rewards.

4. **Environment Modeling:**
   - Develop a model of the environment's transition dynamics to predict the outcomes of actions more accurately, helping the agent to plan better.

5. **Reward Shaping:**
   - Introduce intermediate rewards for reaching certain states or avoiding holes to guide the agent towards the goal more effectively.

By implementing these strategies, the agent can improve its ability to navigate the FrozenLake environment, increasing the likelihood of reaching the goal and achieving a higher total reward in future episodes.","To improve the agent's performance in the FrozenLake-v1 environment, we need to adjust the action exploration strategy to balance exploration and exploitation while considering the environment's stochastic nature. Given the analysis, we should focus on actions that have a higher likelihood of leading the agent towards the goal while still allowing for exploration to discover new paths.

### Suggested Action Distribution:

1. **Bias Towards Goal-Oriented Actions:**
   - Since the goal (G) is located at the bottom-right corner of the grid, actions that generally move the agent towards this area should be slightly favored. These actions are typically moving down (0) and moving right (1).

2. **Incorporate Exploration:**
   - While favoring certain actions, it's crucial to maintain a level of exploration to avoid local optima and discover potentially better paths.

3. **Consider Slippery Dynamics:**
   - Given the environment's slippery nature, the agent should not overly commit to a single action, as the actual movement may differ from the intended action.

Based on these considerations, here's a proposed distribution for the next episode:

```python
{0: 0.35, 1: 0.35, 2: 0.15, 3: 0.15}
```

### Rationale:

- **Action 0 (Down) and Action 1 (Right):** Both are assigned a higher probability (0.35 each) as they are more likely to move the agent towards the goal, especially from the starting position and given the layout of the grid.

- **Action 2 (Up) and Action 3 (Left):** These actions are assigned a lower probability (0.15 each) as they generally move the agent away from the goal. However, they are still included to ensure exploration and to handle situations where backtracking might be necessary due to the environment's stochastic nature.

This distribution aims to guide the agent more effectively towards the goal while still allowing for exploration to adapt to the environment's dynamics."
86,0.0,0.0,0.65944,0.011003591120243073,N/A,N/A
87,0.0,0.0,0.6554800000000001,0.007958274334669113,N/A,N/A
88,0.0,0.0,0.6515200000000001,0.007220291066914797,N/A,N/A
89,0.0,0.0,0.64756,0.007178647443652153,N/A,N/A
90,0.0,0.0,0.6436,0.007698873523622751,"In the last episode of the training process on the FrozenLake-v1 environment, the agent received a total reward of 0.0, indicating that it did not reach the goal state (G) and likely fell into a hole (H) or failed to reach the goal within the episode's time limit. The action sequence taken by the agent was [3, 2, 0, 2, 0, 0, 0, 0], which corresponds to the following intended movements based on the action mapping:

- Action 3: Move left
- Action 2: Move up
- Action 0: Move down
- Action 2: Move up
- Action 0: Move down
- Action 0: Move down
- Action 0: Move down
- Action 0: Move down

Given the slippery nature of the environment, each action has a 1/3 probability of resulting in one of three possible movements, which means the agent's intended path may not align with its actual path. This stochasticity can lead to the agent falling into holes or failing to reach the goal.

### Analysis:
1. **Action Sequence and State Transitions**: The sequence of actions suggests that the agent attempted to navigate the grid with a mix of upward and downward movements, interspersed with a leftward move at the start. However, due to the stochastic transitions, the agent likely did not follow a direct path to the goal.

2. **Reward Outcome**: The total reward of 0.0 indicates that the agent did not reach the goal. This could be due to falling into a hole or not reaching the goal within the episode's time limit.

3. **Exploration vs. Exploitation**: The agent's strategy might be overly exploratory, given the lack of a successful path to the goal. Alternatively, it might be exploiting a suboptimal policy that doesn't effectively navigate the grid.

### Strategy Recommendations:
1. **Policy Improvement**: Focus on improving the policy by incorporating more sophisticated exploration strategies, such as epsilon-greedy with decay or using a model-based approach to better predict the outcomes of actions.

2. **Value Function Estimation**: Enhance the accuracy of the value function estimation using techniques like Q-learning or SARSA with eligibility traces to better capture the expected rewards of different states and actions.

3. **Increased Exploration**: Consider increasing exploration initially to allow the agent to better understand the environment's dynamics, especially given the stochastic nature of the transitions.

4. **Reward Shaping**: Introduce intermediate rewards for reaching certain states or avoiding holes to guide the agent towards the goal more effectively.

5. **Environment Familiarization**: Allow the agent to spend more time in the environment to learn the effects of the slippery transitions and adapt its strategy accordingly.

6. **State-Action Pair Analysis**: Analyze the state-action pairs that lead to falling into holes or failing to progress towards the goal, and adjust the policy to avoid these pitfalls.

By implementing these strategies, the agent can improve its ability to navigate the FrozenLake environment and increase its chances of reaching the goal successfully.","To improve the agent's effectiveness in the FrozenLake environment, we need to consider a strategy that balances exploration and exploitation while accounting for the stochastic nature of the environment. Given the previous episode's outcome, it seems the agent might benefit from a more exploratory approach initially, allowing it to better understand the environment's dynamics and identify effective paths to the goal.

One common approach is to use an epsilon-greedy strategy, where the agent mostly exploits the current best-known policy but occasionally explores random actions to discover potentially better strategies. In this case, we can start with a higher exploration rate to encourage the agent to explore more of the state space.

Let's assume an initial exploration rate (epsilon) of 0.3, meaning the agent will explore randomly 30% of the time and exploit the best-known action 70% of the time. This exploration rate can be decayed over time as the agent learns more about the environment.

Given this strategy, the action distribution for the next episode could be as follows:

- With probability 0.7, the agent will choose the action that currently seems best according to its policy.
- With probability 0.3, the agent will choose a random action.

Since we don't have the specific policy details here, let's assume a uniform distribution for exploration among all actions when exploring. Therefore, the distribution for the next episode could be:

```python
{
    0: 0.175,  # 0.7 * (1/4) + 0.3 * (1/4)
    1: 0.175,  # 0.7 * (1/4) + 0.3 * (1/4)
    2: 0.175,  # 0.7 * (1/4) + 0.3 * (1/4)
    3: 0.175   # 0.7 * (1/4) + 0.3 * (1/4)
}
```

This distribution assumes that the agent is equally likely to choose any action when exploring. As the agent learns and the policy improves, the exploitation probabilities will adjust to favor actions that lead to higher rewards, and the exploration rate can be gradually reduced."
91,0.0,0.0,0.63964,0.01312321424484253,N/A,N/A
92,0.0,0.0,0.63568,0.007861843332648277,N/A,N/A
93,0.0,0.0,0.6317200000000001,0.003450720338150859,N/A,N/A
94,0.0,0.0,0.62776,0.008933644741773605,N/A,N/A
95,0.0,0.0,0.6238,0.003384112846106291,"In the last episode of the training process on the FrozenLake-v1 environment, the agent received a total reward of 0.0, indicating that it did not reach the goal state (G) and likely fell into a hole (H) or ran out of steps without reaching the goal. The action sequence extracted at intervals was [0, 0, 3, 3, 0, 0, 0, 0, 1, 0, 2, 3, 1, 2, 0, 3, 3, 1, 1]. Let's analyze this sequence and provide some strategy recommendations.

### Analysis:

1. **Initial Actions (0, 0)**:
   - The agent starts at state 0 (S) and attempts to move down twice. Given the slippery nature of the environment, these actions may not have resulted in the intended downward movement, potentially leading the agent to unintended states.

2. **Middle Actions (3, 3, 0, 0, 0, 0, 1, 0)**:
   - The agent attempts to move left twice (action 3), which might have been an attempt to navigate around holes or reposition itself. However, moving left from the starting position would keep the agent in the same state due to the wall.
   - The subsequent actions (0, 0, 0, 0) suggest repeated attempts to move down, possibly indicating a strategy to reach the lower rows where the goal is located. However, the agent's movement could have been affected by the environment's stochastic nature.
   - The action 1 (move right) and another 0 (move down) suggest attempts to navigate towards the goal, but the agent might have been redirected due to the slippery surface.

3. **Final Actions (2, 3, 1, 2, 0, 3, 3, 1, 1)**:
   - The agent's actions become more varied, with attempts to move up, left, right, and down. This suggests a possible lack of a clear strategy or confusion due to the stochastic transitions.
   - The sequence ends without reaching the goal, indicating that the agent either fell into a hole or failed to reach the goal within the episode's step limit.

### Strategy Recommendations:

1. **Improved Exploration Strategy**:
   - Encourage more systematic exploration by incorporating exploration strategies like epsilon-greedy or Boltzmann exploration to balance exploration and exploitation better.
   - Consider using a model-based approach to predict the outcomes of actions, which can help the agent plan its moves more effectively.

2. **Learning from Failures**:
   - Implement a mechanism to learn from episodes where the agent falls into holes. This could involve updating the value function or policy to avoid states that lead to holes.

3. **State Value Estimation**:
   - Enhance the state value estimation by using techniques like Temporal Difference (TD) learning or Monte Carlo methods to improve the agent's understanding of state values and expected rewards.

4. **Incorporate Reward Shaping**:
   - Introduce intermediate rewards for reaching certain states or avoiding holes to guide the agent more effectively towards the goal.

5. **Environment Familiarization**:
   - Allow the agent to spend more time familiarizing itself with the environment's dynamics, possibly through increased training episodes or simulated environments that mimic the stochastic transitions.

By implementing these strategies, the agent can improve its performance in navigating the FrozenLake environment, increasing its chances of reaching the goal state successfully.","To improve the agent's effectiveness in the FrozenLake environment, we need to balance exploration and exploitation while considering the stochastic nature of the environment. Given the previous episode's action sequence and the challenges faced, we can adjust the action selection strategy to encourage more systematic exploration and better navigation towards the goal.

### Proposed Action Distribution:

1. **Encourage Exploration**:
   - Since the agent struggled to reach the goal, we should encourage exploration to discover more effective paths. This can be achieved by slightly favoring actions that lead towards the goal while maintaining a balanced exploration strategy.

2. **Incorporate Epsilon-Greedy Strategy**:
   - Use an epsilon-greedy approach where a small probability is assigned to random exploration, and the rest is distributed among actions based on their potential to lead towards the goal.

3. **Prioritize Downward Movement**:
   - Given that the goal is located at the bottom right of the grid, prioritize actions that can potentially move the agent downward or towards the right.

4. **Avoid Repetitive Actions**:
   - Avoid repeating the same action excessively, as it may not be effective due to the environment's stochastic nature.

Based on these considerations, here is a proposed action distribution for the next episode:

```python
{
    0: 0.35,  # Move down
    1: 0.30,  # Move right
    2: 0.20,  # Move up
    3: 0.15   # Move left
}
```

### Explanation:

- **Action 0 (Move Down)**: Given a higher probability to encourage movement towards the lower rows where the goal is located.
- **Action 1 (Move Right)**: Also given a relatively high probability to facilitate movement towards the goal.
- **Action 2 (Move Up)**: Lower probability as moving up is generally away from the goal.
- **Action 3 (Move Left)**: Lowest probability since moving left from the starting position or other positions may not be beneficial and can lead to repetitive actions against walls.

This distribution aims to guide the agent towards the goal while maintaining a degree of exploration to discover effective paths and avoid pitfalls."
96,0.0,0.0,0.61984,0.005638958886265755,N/A,N/A
97,0.0,0.0,0.61588,0.0037965532392263412,N/A,N/A
98,0.0,0.0,0.61192,0.002417212352156639,N/A,N/A
99,0.0,0.0,0.6079600000000001,0.003313991706818342,N/A,N/A
100,0.0,0.0,0.604,0.0043889665976166725,"In the last episode of the training process on the FrozenLake-v1 environment, the agent received a total reward of 0.0, indicating that it did not successfully reach the goal state (G) and likely fell into a hole (H) or failed to reach the goal within the episode's time limit. The action sequence extracted at intervals was [0, 0, 2, 0], which corresponds to the following movements based on the environment's transition dynamics:

1. **Action 0 (Move Down)**: The agent attempted to move down from its starting position (S). However, due to the slippery nature of the environment, it could have moved left, up, or down with equal probability. This randomness might have caused the agent to deviate from its intended path.

2. **Action 0 (Move Down)**: The agent again attempted to move down. Similar to the first action, the agent's actual movement could have been left, up, or down, further increasing the likelihood of deviation from the intended path.

3. **Action 2 (Move Up)**: The agent attempted to move up. With the slippery dynamics, it could have moved right, down, or up. This action might have been intended to correct its course or explore a different path.

4. **Action 0 (Move Down)**: The agent once more attempted to move down, facing the same probabilistic outcomes as before.

Given the total reward of 0.0, it is likely that the agent either fell into a hole (H) or was unable to reach the goal (G) within the episode's constraints. The sequence suggests that the agent might have been exploring the grid but was unable to navigate effectively due to the environment's stochastic nature.

### Strategy Recommendations:

1. **Increased Exploration**: Encourage the agent to explore more diverse paths by increasing the exploration rate (e.g., epsilon in an epsilon-greedy strategy). This can help the agent discover more successful paths to the goal.

2. **Improved Policy Learning**: Consider using more advanced policy learning techniques, such as Q-learning with function approximation or deep reinforcement learning methods, to better handle the stochastic transitions and learn more robust policies.

3. **Environment Modeling**: Implement a model-based approach where the agent learns a model of the environment's transition dynamics. This can help the agent predict the outcomes of its actions more accurately and plan its moves accordingly.

4. **Reward Shaping**: Introduce intermediate rewards for reaching certain states or avoiding holes to guide the agent more effectively toward the goal.

5. **State Value Estimation**: Use techniques like Monte Carlo or Temporal Difference learning to improve the agent's estimation of state values, helping it make better decisions in uncertain situations.

By adopting these strategies, the agent can potentially improve its performance in navigating the FrozenLake environment and increase its chances of reaching the goal state successfully.","To improve the agent's effectiveness in the FrozenLake environment, we need to consider a balance between exploration and exploitation. Given the stochastic nature of the environment and the previous episode's outcome, increasing exploration can help the agent discover more successful paths to the goal. However, we also want to ensure that the agent can exploit known good actions when appropriate.

A common strategy is to use an epsilon-greedy approach, where the agent selects a random action with probability epsilon and the best-known action with probability 1-epsilon. Since the agent received a total reward of 0.0 in the last episode, it suggests that the agent might benefit from increased exploration to discover better paths.

Let's assume we want to set a relatively high exploration rate to encourage the agent to explore more. We can set epsilon to 0.3, meaning the agent will explore with a probability of 0.3 and exploit with a probability of 0.7. For simplicity, we will assume that the agent currently has no strong preference for any particular action, so we will distribute the exploration probability equally among all actions.

Here's how we can distribute the probabilities:

- Exploration probability (epsilon): 0.3
- Exploitation probability (1-epsilon): 0.7

Since the agent has no strong preference for any action, we can distribute the exploration probability equally among all actions:

- Exploration probability per action: 0.3 / 4 = 0.075

For exploitation, since we don't have a specific action to favor, we'll distribute the exploitation probability equally as well:

- Exploitation probability per action: 0.7 / 4 = 0.175

Thus, the total probability for each action will be the sum of exploration and exploitation probabilities:

- Total probability per action: 0.075 + 0.175 = 0.25

Therefore, the distribution of the 4 action explorations for the next episode is:

```python
{0: 0.25, 1: 0.25, 2: 0.25, 3: 0.25}
```

This distribution reflects a uniform exploration strategy, which is suitable when the agent lacks a strong policy and needs to explore the environment more thoroughly. As the agent learns and develops a better policy, the distribution can be adjusted to favor more promising actions."
101,0.0,0.0,0.6000399999999999,0.006804844830185175,N/A,N/A
102,0.0,0.0,0.59608,0.008697369135916233,N/A,N/A
103,0.0,0.0,0.59212,0.005208753980696201,N/A,N/A
104,0.0,0.0,0.58816,0.004735059104859829,N/A,N/A
105,0.0,0.0,0.5842,0.0059713516384363174,"In the last episode of the training process on the FrozenLake-v1 environment, the agent received a total reward of 0.0, indicating that it did not reach the goal state (G) and likely fell into a hole (H) or ran out of steps. The action sequence extracted at intervals was [3, 3, 2, 3, 0, 3, 0, 3, 0, 0, 0, 3, 0, 0, 2, 0, 2, 1, 3, 3, 3, 3, 2, 0].

### Analysis:

1. **Action Sequence and Movement:**
   - The actions correspond to the following directions:
     - 0: Down
     - 1: Right
     - 2: Up
     - 3: Left
   - The sequence shows a mix of movements in all directions, with a notable number of left (3) and down (0) actions, which might indicate attempts to explore the lower and left parts of the grid.

2. **Slippery Dynamics:**
   - The environment's slippery nature means that the agent's intended actions may not always result in the expected movement. This could lead to unintended transitions, especially when trying to navigate around holes.

3. **Potential Issues:**
   - The agent may have fallen into a hole, as indicated by the total reward of 0.0. This suggests that the agent's exploration strategy might not be effectively avoiding holes.
   - The agent might be getting stuck in loops or failing to make progress towards the goal due to the randomness introduced by the slippery dynamics.

### Strategy Recommendations:

1. **Improved Exploration:**
   - Encourage more systematic exploration strategies, such as using a model-based approach to predict the outcomes of actions and avoid holes.
   - Implement exploration techniques like epsilon-greedy with a decaying epsilon to balance exploration and exploitation.

2. **Learning from Failures:**
   - Use techniques like Q-learning or SARSA to update the value function based on the negative outcomes (falling into holes) to learn to avoid these states.
   - Consider using a reward shaping technique to provide intermediate rewards for reaching certain states, which can guide the agent towards the goal.

3. **Handling Slippery Dynamics:**
   - Train the agent to better handle the stochastic nature of the environment by simulating multiple episodes and learning from the variability in outcomes.
   - Use techniques like policy gradient methods that can better adapt to the stochastic transitions by learning a policy that maximizes expected rewards.

4. **State Representation:**
   - Enhance the state representation to include more information about the environment, such as proximity to holes or the goal, which can help the agent make more informed decisions.

5. **Environment-Specific Strategies:**
   - Develop specific strategies for navigating the FrozenLake environment, such as identifying safe paths that minimize the risk of falling into holes while maximizing the probability of reaching the goal.

By implementing these strategies, the agent can improve its performance in the FrozenLake environment, increasing the likelihood of reaching the goal and achieving a higher total reward in future episodes.","To improve the agent's performance in the FrozenLake environment, we need to consider the current exploration strategy and the challenges posed by the slippery dynamics and the presence of holes. Given the analysis, we should aim for a balanced exploration strategy that encourages the agent to explore effectively while avoiding pitfalls.

### Considerations for Action Distribution:

1. **Balanced Exploration and Exploitation:**
   - Since the agent has been falling into holes, we should encourage exploration to discover safer paths. However, we also need to exploit known safe paths once they are discovered.

2. **Handling Slippery Dynamics:**
   - The stochastic nature of the environment means that even if the agent intends to move in one direction, it might end up moving in another. Therefore, the action distribution should not be overly skewed towards any single action.

3. **Avoiding Holes:**
   - The agent should learn to avoid actions that frequently lead to holes. This can be achieved by adjusting the probabilities based on past experiences.

4. **Encouraging Goal-Oriented Actions:**
   - Actions that have historically led closer to the goal should be slightly favored, but not to the extent that exploration is completely stifled.

### Proposed Action Distribution:

Given these considerations, a reasonable approach is to use an epsilon-greedy strategy where a small probability is assigned to random exploration, and the remaining probability is distributed among actions based on their perceived effectiveness. However, since we are not given specific Q-values or a policy, we will assume a balanced exploration strategy with a slight bias towards actions that seem to have been underexplored or potentially more effective.

Assuming a balanced exploration with a slight bias towards actions that might lead to safer exploration:

```python
{0: 0.25, 1: 0.25, 2: 0.25, 3: 0.25}
```

This distribution reflects an equal probability for each action, which is a good starting point for exploration in a highly stochastic environment like FrozenLake. As the agent learns more about the environment, these probabilities can be adjusted based on the learned policy or value function to favor actions that lead to higher rewards or safer paths."
106,0.0,0.0,0.5802400000000001,0.005320714320987463,N/A,N/A
107,0.0,0.0,0.57628,0.0014320476911962032,N/A,N/A
108,0.0,0.0,0.5723199999999999,0.0020724141504615545,N/A,N/A
109,0.0,0.0,0.56836,0.002194061176851392,N/A,N/A
110,0.0,0.0,0.5644,0.003292273497208953,"In the last episode of the training process on the FrozenLake-v1 environment, the agent received a total reward of 0.0, indicating that it did not reach the goal state (G) and likely fell into a hole (H) or ran out of steps before reaching the goal. The action sequence extracted at intervals is [1, 0, 1], which corresponds to the following actions:

- Action 1: Move right, with possible outcomes being right, down, or left.
- Action 0: Move down, with possible outcomes being down, left, or up.
- Action 1: Move right, with possible outcomes being right, down, or left.

Given the slippery nature of the environment, the agent's intended actions may not have resulted in the expected state transitions due to the stochastic transition dynamics. This randomness can lead to the agent inadvertently stepping into a hole or failing to make progress toward the goal.

### Analysis:

1. **Stochasticity and Slippery Surface**: The environment's stochastic nature means that the agent's actions do not always lead to the intended outcomes. This can make it challenging for the agent to learn an optimal policy, as the same action can lead to different results in different episodes.

2. **Action Sequence**: The action sequence [1, 0, 1] suggests that the agent attempted to move right, then down, and then right again. This sequence might have been intended to navigate around holes, but due to the stochastic transitions, the agent may have ended up in a hole or failed to reach the goal.

3. **Reward Signal**: The total reward of 0.0 indicates that the agent did not reach the goal. This lack of positive reinforcement can make it difficult for the agent to learn which actions lead to success.

### Strategy Recommendations:

1. **Increased Exploration**: Encourage more exploration by adjusting the exploration-exploitation balance. This can be achieved by increasing the exploration rate (e.g., epsilon in epsilon-greedy strategies) to allow the agent to try different actions and discover more successful paths.

2. **Policy Improvement**: Consider using more advanced policy improvement techniques, such as Q-learning with eligibility traces or SARSA, to better handle the stochastic nature of the environment and improve the agent's ability to learn from past experiences.

3. **Reward Shaping**: Introduce intermediate rewards for reaching certain states or making progress toward the goal. This can help guide the agent and provide more frequent feedback, making it easier to learn a successful policy.

4. **State Representation**: Enhance the state representation to include more information about the environment, such as the proximity to holes or the goal. This can help the agent make more informed decisions.

5. **Environment Familiarization**: Allow the agent to run more episodes to become familiar with the environment's dynamics. Over time, the agent may learn to anticipate the effects of the slippery surface and adjust its strategy accordingly.

By implementing these strategies, the agent may improve its ability to navigate the FrozenLake environment and increase its chances of reaching the goal state successfully.","To improve the agent's effectiveness in the FrozenLake environment, we need to adjust the exploration strategy to better handle the stochastic nature of the environment and encourage the agent to explore more effectively. Given the current situation, where the agent received a total reward of 0.0, it is important to increase exploration to discover more successful paths.

One common approach is to use an epsilon-greedy strategy, where the agent selects a random action with probability epsilon and the best-known action with probability 1-epsilon. Since the agent is struggling to reach the goal, we should increase the exploration rate to allow the agent to try different actions and learn more about the environment.

Let's assume we decide to set the exploration rate (epsilon) to 0.3 for the next episode. This means the agent will explore (choose a random action) 30% of the time and exploit (choose the best-known action) 70% of the time. Since we don't have specific information about the learned Q-values or policy, we'll distribute the exploration probability equally among all actions.

Here's how the action distribution would look:

- Exploration (random action): 0.3 probability, distributed equally among the 4 actions.
- Exploitation (best-known action): 0.7 probability, but without specific Q-values, we'll assume equal distribution for simplicity.

Therefore, the distribution of the 4 action explorations for the next episode would be:

```python
{0: 0.25, 1: 0.25, 2: 0.25, 3: 0.25}
```

This distribution reflects an equal probability for each action, encouraging exploration across all possible actions. As the agent learns and updates its policy, the exploitation probability can be adjusted to favor the best-known actions based on the learned Q-values."
111,0.0,0.0,0.56044,0.002293024677783251,N/A,N/A
112,0.0,0.0,0.55648,0.0023280165623873472,N/A,N/A
113,1.0,0.0,0.55252,0.0038603227585554123,N/A,N/A
114,0.0,0.0,0.5485599999999999,0.002968298504129052,N/A,N/A
115,0.0,0.0,0.5446,0.00356720550917089,"In the last episode of the training process on the FrozenLake-v1 environment, the agent received a total reward of 0.0, indicating that it did not successfully reach the goal state (G) and likely fell into a hole (H) or failed to reach the goal within the episode's time limit. The action sequence extracted at intervals was [0, 1, 1, 2, 0, 3]. Let's analyze this sequence and the potential reasons for the outcome:

### Analysis:

1. **Initial State and Actions:**
   - The agent starts at state 0 (S).
   - The first action is 0 (intended to move down), but due to the slippery nature of the environment, the agent could have moved left or up instead.

2. **Subsequent Actions:**
   - The agent then takes two consecutive actions of 1 (intended to move right). However, due to the stochastic transitions, the agent might not have moved right both times.
   - The next action is 2 (intended to move up), which could have resulted in moving right or down instead.
   - The following action is 0 (intended to move down), but again, the agent might have moved left or up.
   - The final action is 3 (intended to move left), which could have resulted in moving up or right.

3. **Outcome:**
   - Given the total reward of 0.0, it is likely that the agent fell into a hole (H) at some point during the episode, as reaching the goal (G) would have resulted in a reward of +1.

### Possible Strategy Recommendations:

1. **Improved Exploration:**
   - Encourage more diverse exploration strategies to better understand the environment's dynamics. This could involve using an epsilon-greedy strategy with a higher epsilon value initially to explore more states.

2. **Model the Environment's Stochasticity:**
   - Incorporate the environment's stochastic nature into the agent's decision-making process. This could involve using algorithms that account for uncertainty, such as Monte Carlo methods or Q-learning with eligibility traces.

3. **State-Action Value Function:**
   - Focus on improving the estimation of the state-action value function (Q-values) to better capture the expected rewards of actions in each state, considering the stochastic transitions.

4. **Policy Improvement:**
   - Use policy improvement techniques to refine the agent's policy based on the learned Q-values. This could involve using a softmax policy or other exploration-exploitation balancing methods.

5. **Reward Shaping:**
   - Consider implementing reward shaping to provide intermediate rewards for reaching certain states, which can guide the agent towards the goal more effectively.

6. **Environment Familiarization:**
   - Allow the agent to spend more time familiarizing itself with the environment's layout and transition dynamics to build a more robust policy.

By implementing these strategies, the agent can potentially improve its performance in future episodes, increasing the likelihood of reaching the goal state and achieving a higher total reward.","To improve the agent's performance in the FrozenLake-v1 environment, we need to consider a strategy that balances exploration and exploitation while accounting for the environment's stochastic nature. Given the previous episode's outcome and the need for better exploration, we can use an epsilon-greedy strategy with a higher epsilon value to encourage more exploration.

Let's assume an epsilon value of 0.3 for exploration, meaning that 30% of the time, the agent will explore by selecting a random action, and 70% of the time, it will exploit by selecting the best-known action. Since we don't have specific Q-values or a learned policy from the previous episode, we will distribute the exploration probability equally among all actions.

Here's how we can distribute the probabilities:

- Exploration (random action): 0.3 / 4 = 0.075 for each action
- Exploitation (best action): 0.7 / 1 = 0.7 for the best action

Since we don't have a specific best action from the previous episode, we will distribute the exploitation probability equally among all actions for this example. This results in a uniform distribution, as we are focusing on exploration.

Therefore, the probability distribution for the 4 action explorations can be given as:

```python
{0: 0.25, 1: 0.25, 2: 0.25, 3: 0.25}
```

This uniform distribution encourages exploration across all actions, allowing the agent to gather more information about the environment and potentially discover more effective strategies for reaching the goal state. As the agent learns and updates its Q-values, the distribution can be adjusted to favor actions with higher expected rewards."
116,0.0,0.4,0.54064,0.003124588169157505,N/A,N/A
117,0.0,0.0,0.53668,0.0012894903775304556,N/A,N/A
118,0.0,0.0,0.5327200000000001,0.0030863783322274685,N/A,N/A
119,0.0,0.0,0.52876,0.0016377967549487948,N/A,N/A
120,0.0,0.1,0.5248,0.0016594900516793132,"In the last episode of the training process on the FrozenLake-v1 environment, the agent received a total reward of 0.0, indicating that it did not successfully reach the goal state (G) and likely fell into a hole (H) or did not reach the goal within the episode's time limit. The action sequence extracted at intervals was [3, 1], which corresponds to the agent attempting to move left and then right.

### Analysis:

1. **Action Sequence**:
   - **Action 3 (Left)**: This action suggests that the agent attempted to move left. Depending on the agent's starting position, this could have been a strategic move to avoid holes or to position itself closer to the goal.
   - **Action 1 (Right)**: Following the left move, the agent attempted to move right. This could indicate a corrective action if the initial left move was not beneficial, or it could be part of a strategy to navigate around obstacles.

2. **Slippery Dynamics**:
   - The environment's slippery nature means that the agent's intended actions do not always result in the expected outcomes. For instance, attempting to move left (action 3) could result in moving up or right due to the stochastic transition dynamics. Similarly, moving right (action 1) could result in moving down or left.
   - The stochastic nature of the environment increases the complexity of planning and requires the agent to adapt to unexpected transitions.

3. **Reward Outcome**:
   - A total reward of 0.0 suggests that the agent either fell into a hole or did not reach the goal within the episode's time limit. Given the action sequence, it is possible that the agent's movements led it into a hole or it was unable to navigate effectively towards the goal.

### Strategy Recommendations:

1. **Improved Exploration**:
   - Encourage more diverse exploration strategies to better understand the environment's dynamics. This could involve using exploration techniques like epsilon-greedy with a decaying epsilon or implementing intrinsic motivation mechanisms to explore less-visited states.

2. **Modeling Transition Dynamics**:
   - Develop a better understanding of the environment's transition dynamics by maintaining a transition model. This model can help predict the outcomes of actions more accurately, allowing the agent to plan more effectively.

3. **Policy Refinement**:
   - Refine the policy by incorporating more robust learning algorithms, such as Q-learning with function approximation or deep reinforcement learning techniques, to handle the stochastic nature of the environment more effectively.

4. **State Value Estimation**:
   - Enhance the estimation of state values to improve decision-making. This can be achieved by using techniques like temporal difference learning to update state values based on observed transitions and rewards.

5. **Risk Management**:
   - Implement strategies to manage the risk of falling into holes. This could involve learning to recognize high-risk states and developing policies that minimize the likelihood of transitioning into these states.

By addressing these areas, the agent can improve its performance in the FrozenLake-v1 environment, increasing the likelihood of reaching the goal state and achieving higher rewards in future episodes.","To improve the agent's effectiveness in the FrozenLake-v1 environment, we need to consider a strategy that balances exploration and exploitation while accounting for the environment's stochastic nature. Given the previous episode's outcome and the need for better exploration, we can use an epsilon-greedy strategy with a focus on exploration. This approach allows the agent to explore the environment more thoroughly, potentially discovering more effective paths to the goal.

Let's assume an epsilon value of 0.3 for exploration, meaning the agent will explore 30% of the time and exploit 70% of the time. The exploitation will be based on the current policy, which we assume is uniform due to the lack of prior knowledge about the optimal actions. Therefore, the probability distribution for the actions can be calculated as follows:

- With probability 0.3, the agent will explore, choosing any action uniformly at random.
- With probability 0.7, the agent will exploit, following the current policy (which is uniform in this case).

The probability distribution for each action is calculated as follows:

- Exploration probability for each action: 0.3 / 4 = 0.075
- Exploitation probability for each action: 0.7 / 4 = 0.175

Thus, the total probability for each action is the sum of exploration and exploitation probabilities:

- Total probability for each action: 0.075 + 0.175 = 0.25

Therefore, the probability distribution for the next episode is:

```python
{0: 0.25, 1: 0.25, 2: 0.25, 3: 0.25}
```

This distribution reflects a balanced approach, allowing the agent to explore all actions equally while still considering the current policy. As the agent learns more about the environment, the policy can be refined to favor more promising actions."
121,0.0,0.0,0.52084,0.0023408490233123302,N/A,N/A
122,0.0,0.6,0.51688,0.002847619354724884,N/A,N/A
